pedido_id,prob_fpd,classe_fpd
1945890,0.090038,0
1945893,0.03764,0
1945895,0.071161,0
1945811,0.016667,0
1945471,0.03764,0
1945275,0.151292,0
1945902,0.03764,0
1945908,0.107884,0
1930011,0.003319,0
1914748,0.003937,0
1945914,0.010432,0
1945917,0.009709,0
1945919,0.010432,0
1939864,0.081197,0
1945922,0.046875,0
1945848,0.0,0
1845196,0.03764,0
1945925,0.015,0
1865894,0.03764,0
1945932,0.010432,0
1944333,0.107884,0
1936923,0.071161,0
1945945,0.03764,0
749998,0.081197,0
1944590,0.016746,0
1945229,0.161698,0
1945955,0.02214,0
1945961,0.081197,0
1945956,0.081197,0
1880217,0.0701,0
1945970,0.03764,0
1945976,0.0,0
1945739,0.02214,0
1944683,0.071161,0
1894643,0.081197,0
1945979,0.254217,0
1945795,0.081197,0
1945963,0.03764,0
1945984,0.071161,0
1945488,0.016667,0
1945989,0.03764,0
1868792,0.090038,0
1945993,0.022222,0
1944924,0.0701,0
1946002,0.003319,0
1946004,0.010432,0
1944963,0.081197,0
1946005,0.016746,0
1945994,0.071161,0
1946007,0.0701,0
1944987,0.071161,0
1946017,0.0,0
1945559,0.0701,0
856693,0.081197,0
1946018,0.0701,0
1946022,0.003319,0
1946023,0.02214,0
1902165,0.071161,0
1946026,0.03764,0
1946027,0.0,0
1845468,0.199067,0
1946035,0.151292,0
1946039,0.081197,0
1945838,0.00885,0
1946042,0.0701,0
1833222,0.161698,0
1892088,0.03764,0
1906022,0.15493,0
1945415,0.090038,0
1945852,0.071161,0
1945724,0.09229,0
1945738,0.010432,0
1945742,0.071161,0
1940927,0.02214,0
1942958,0.071161,0
1726099,0.022222,0
1944671,0.0701,0
1946050,0.009709,0
1945705,0.071161,0
1945924,0.016746,0
1946053,0.016667,0
1853221,0.046875,0
1946055,0.0701,0
1946067,0.03764,0
1944906,0.161698,0
1946054,0.010432,0
1945959,0.016667,0
1941544,0.03764,0
1946071,0.003319,0
1946068,0.016746,0
1946076,0.03764,0
1946072,0.003937,0
1946082,0.0701,0
1946080,0.071161,0
1946084,0.161698,0
1945923,0.010432,0
1946079,0.142857,0
1945515,0.090038,0
1946086,0.0,0
1946094,0.010432,0
1946085,0.03764,0
1946100,0.015,0
1946101,0.081197,0
1946111,0.003319,0
1946103,0.009709,0
1945417,0.003319,0
1936390,0.016667,0
1946121,0.016746,0
1944619,0.08,0
1945982,0.016746,0
1946127,0.199067,0
1946124,0.03764,0
1946120,0.00885,0
1946106,0.071161,0
1945131,0.161698,0
1946122,0.161698,0
1946128,0.010432,0
1945772,0.016746,0
1941897,0.016667,0
1945518,0.0701,0
1946141,0.003319,0
1946140,0.003937,0
1827780,0.0701,0
1946145,0.03764,0
1946144,0.03764,0
1944473,0.03764,0
1946134,0.010432,0
1946015,0.0701,0
1946148,0.046875,0
1946150,0.016667,0
1946104,0.151292,0
1946153,0.071161,0
1946152,0.003319,0
1945958,0.046875,0
1945975,0.046875,0
1903776,0.03764,0
1946160,0.010432,0
1945419,0.0701,0
1902870,0.081197,0
1946164,0.0701,0
1945447,0.071161,0
1946135,0.071161,0
1946168,0.017544,0
1946161,0.0701,0
1946170,0.090038,0
1946143,0.03764,0
1946167,0.090038,0
1891086,0.003937,0
1944895,0.0701,0
1945501,0.015,0
1928302,0.003319,0
1929642,0.071161,0
1946176,0.081197,0
1946178,0.016746,0
1946182,0.03764,0
1946187,0.03764,0
1946189,0.161698,0
1945554,0.151292,0
1946186,0.03764,0
1945278,0.003319,0
1946013,0.046875,0
1945978,0.0701,0
1946197,0.009709,0
1946169,0.071161,0
1946194,0.151292,0
1946200,0.016667,0
1946198,0.016667,0
1945044,0.151292,0
1946207,0.010432,0
1946205,0.071161,0
1946209,0.03764,0
1867169,0.071161,0
1946175,0.016746,0
1940226,0.151292,0
1946221,0.081197,0
1946181,0.016667,0
1946222,0.071161,0
1940479,0.151292,0
1912494,0.016667,0
1946220,0.071161,0
1946217,0.016667,0
1946136,0.0701,0
1946090,0.003937,0
1946233,0.003319,0
1946240,0.003319,0
1944583,0.0,0
1946218,0.010432,0
1908110,0.071161,0
1946248,0.010432,0
1946190,0.010432,0
1946251,0.0701,0
1946257,0.199067,0
1946262,0.017544,0
1946249,0.090038,0
1946260,0.017544,0
1946266,0.0701,0
1946267,0.016667,0
1946268,0.071161,0
1942854,0.0701,0
1945274,0.090038,0
1945856,0.107884,0
1946278,0.015,0
1946078,0.0701,0
1946273,0.090038,0
1946281,0.003319,0
1946199,0.0701,0
1946282,0.071161,0
1934284,0.161698,0
1942744,0.00885,0
1932208,0.03764,0
1946277,0.081197,0
1946211,0.010432,0
1945836,0.071161,0
1946289,0.0701,0
1946283,0.081197,0
1946286,0.090038,0
1945035,0.022222,0
1946298,0.03764,0
1946297,0.0701,0
1946091,0.151292,0
1946279,0.090038,0
1946302,0.00885,0
1942873,0.071161,0
1946074,0.081197,0
1942824,0.00885,0
1946306,0.08,0
1946313,0.016667,0
1946312,0.016746,0
1946311,0.071161,0
1946310,0.071161,0
1946308,0.003937,0
1917624,0.010432,0
1946099,0.090038,0
1946315,0.010432,0
1945968,0.010432,0
1945303,0.090038,0
1946320,0.081197,0
1946327,0.151292,0
1876784,0.0701,0
1946275,0.161698,0
1946329,0.010432,0
1946229,0.015,0
1843170,0.081197,0
1946252,0.03764,0
1946321,0.02214,0
1943634,0.010432,0
1946331,0.071161,0
1946332,0.046875,0
1946330,0.003319,0
1946338,0.010432,0
1945801,0.03764,0
1946340,0.015,0
1946343,0.017544,0
1946344,0.015,0
1946348,0.107884,0
1923170,0.010432,0
1946346,0.090038,0
1943249,0.090038,0
1946349,0.0701,0
1943411,0.010432,0
1945985,0.071161,0
1946347,0.071161,0
1946355,0.0701,0
1946290,0.02214,0
1946341,0.071429,0
1927869,0.0701,0
1944999,0.081197,0
1946366,0.071161,0
1946371,0.015,0
1914436,0.071161,0
1946356,0.010432,0
1923002,0.03764,0
1946375,0.015,0
1946369,0.071161,0
1930725,0.00885,0
1931554,0.016746,0
1946378,0.090038,0
1946373,0.071161,0
1946225,0.151292,0
1946383,0.016667,0
1946241,0.071161,0
1946362,0.090038,0
1946387,0.016746,0
1946386,0.016667,0
1893050,0.046875,0
1946388,0.046875,0
1946391,0.071161,0
1946390,0.0,0
1719191,0.00885,0
1946389,0.071161,0
1901739,0.071161,0
1940307,0.03764,0
1946393,0.0701,0
1946399,0.00885,0
1946402,0.161698,0
1944706,0.016667,0
1918670,0.071161,0
1946407,0.03764,0
1946173,0.151292,0
1946411,0.016746,0
1946413,0.0701,0
1946416,0.03764,0
1845559,0.03764,0
1946424,0.071161,0
1946428,0.016746,0
1941238,0.003319,0
1946123,0.010432,0
1946436,0.03764,0
1946397,0.0701,0
1946204,0.0701,0
1945114,0.090038,0
1946440,0.010432,0
1946441,0.003319,0
1945237,0.161698,0
1946443,0.0701,0
1946445,0.046875,0
1946258,0.046875,0
1946450,0.016667,0
1946453,0.090038,0
1871250,0.0701,0
1946457,0.0701,0
1943458,0.0701,0
1946461,0.199067,0
1946458,0.010432,0
1946459,0.071161,0
1946465,0.003937,0
1946352,0.016667,0
1946455,0.151292,0
1946470,0.003937,0
1903228,0.015,0
1946472,0.016667,0
1946480,0.0701,0
1946477,0.071161,0
1946485,0.010432,0
1946471,0.017544,0
1945962,0.046875,0
1946489,0.03764,0
1946473,0.003319,0
1946497,0.071161,0
1943147,0.03764,0
1946454,0.003319,0
1940654,0.071161,0
1943866,0.090038,0
1946499,0.0701,0
1946488,0.003937,0
1946493,0.016667,0
1946504,0.071161,0
1946506,0.03764,0
1830610,0.0701,0
1946509,0.03764,0
1945910,0.107884,0
1946510,0.161698,0
1946515,0.016667,0
1946519,0.003319,0
1944537,0.0701,0
1946501,0.016746,0
1946516,0.003319,0
1946048,0.016667,0
1946524,0.003319,0
1566509,0.090038,0
1946526,0.081197,0
1946530,0.016746,0
1946531,0.010432,0
1946532,0.02214,0
1945164,0.081197,0
1946539,0.161698,0
1946534,0.03764,0
1946536,0.016746,0
1941998,0.107884,0
1946077,0.0,0
1946557,0.003319,0
1946561,0.02214,0
1946556,0.161698,0
1946562,0.0701,0
1946569,0.03764,0
1946560,0.03764,0
1946559,0.0,0
1946579,0.161698,0
1946568,0.151292,0
1946566,0.022222,0
1946583,0.017544,0
1946595,0.0701,0
1946587,0.0701,0
1946600,0.003319,0
1946598,0.003319,0
1935437,0.071161,0
1946578,0.0701,0
1946607,0.03764,0
1946602,0.015,0
1946608,0.016746,0
1946610,0.016746,0
1946612,0.010432,0
1946603,0.071161,0
1946617,0.016746,0
1946618,0.003319,0
1946582,0.009709,0
1946584,0.010432,0
1946613,0.016667,0
1946594,0.0701,0
1946591,0.151292,0
1946592,0.010432,0
1946637,0.003319,0
1946622,0.02214,0
1946638,0.02214,0
1946621,0.016746,0
1946644,0.016667,0
1946631,0.03764,0
1946653,0.151292,0
1946642,0.010432,0
1946620,0.016746,0
1946640,0.0,0
1946666,0.151292,0
1946649,0.107884,0
1946652,0.071161,0
1946586,0.010432,0
1946656,0.016746,0
1946609,0.151292,0
706709,0.08,0
1946677,0.199593,0
1946665,0.003937,0
1946671,0.03764,0
1946703,0.081197,0
1946664,0.016667,0
1946692,0.151292,0
1946693,0.015,0
1946711,0.016667,0
1946688,0.071161,0
1946634,0.0701,0
1946694,0.010432,0
1946672,0.046875,0
1946708,0.003319,0
1946687,0.151292,0
1946736,0.02214,0
1946650,0.095541,0
1946725,0.016667,0
1946737,0.010432,0
1946697,0.02214,0
1946681,0.009709,0
1946699,0.016667,0
1946683,0.071161,0
586474,0.081197,0
1929926,0.010432,0
1946749,0.022222,0
1946707,0.161698,0
1946732,0.003319,0
1946745,0.0701,0
1946743,0.071161,0
1946752,0.009709,0
1946714,0.022222,0
1946763,0.0,0
1946696,0.046875,0
1946797,0.015,0
1946801,0.0,0
1946770,0.010432,0
1945858,0.081197,0
1946731,0.016746,0
1946792,0.02214,0
1946814,0.081197,0
1946791,0.03764,0
1944502,0.010432,0
1946818,0.015,0
1946821,0.0701,0
1946824,0.151292,0
1946691,0.090038,0
1946299,0.095541,0
1946839,0.00885,0
570431,0.161698,0
1946786,0.02214,0
1946713,0.016746,0
1946719,0.022222,0
1945990,0.107884,0
1946846,0.016746,0
1946835,0.015,0
1946734,0.0701,0
1946724,0.071161,0
1946549,0.009709,0
1946861,0.017544,0
1946868,0.161698,0
1946864,0.090038,0
1946872,0.015,0
1946855,0.03764,0
1946869,0.016746,0
1946879,0.03764,0
1946831,0.003319,0
1946885,0.010432,0
1946882,0.071161,0
1946875,0.010432,0
1946844,0.010432,0
1946474,0.21875,0
1946876,0.003319,0
1946883,0.0701,0
1946848,0.03764,0
1946803,0.090038,0
1946896,0.003937,0
1946898,0.046875,0
1438490,0.161698,0
1946769,0.0701,0
1946909,0.071161,0
1946907,0.00885,0
1946910,0.003319,0
1946873,0.03764,0
1946913,0.022222,0
1946917,0.017544,0
1946859,0.071161,0
1946919,0.090038,0
1946926,0.017544,0
1946925,0.00885,0
1946922,0.0701,0
1940424,0.03764,0
1946930,0.090038,0
1946895,0.00885,0
1946918,0.016667,0
1945776,0.017544,0
1946937,0.161698,0
1946941,0.0,0
1946849,0.0701,0
1826713,0.090038,0
1946924,0.016667,0
1946856,0.010432,0
1946789,0.107884,0
1946235,0.03764,0
1946955,0.03764,0
1946932,0.03764,0
1946958,0.016667,0
1946957,0.010432,0
1946820,0.02214,0
1946961,0.0,0
1946969,0.02214,0
1946971,0.046875,0
1946963,0.00885,0
1941256,0.046875,0
1946973,0.0,0
1946974,0.010432,0
1946978,0.161698,0
1946972,0.003937,0
1911301,0.003937,0
1946977,0.017544,0
1946979,0.010432,0
1946842,0.016667,0
1946565,0.161698,0
1944531,0.016746,0
1946987,0.03764,0
1943185,0.161698,0
1946993,0.003319,0
1946999,0.016746,0
1946573,0.046875,0
1947000,0.03764,0
1943312,0.016746,0
1946564,0.161698,0
1947004,0.003319,0
1946658,0.095541,0
1947012,0.081197,0
1946360,0.071161,0
1902164,0.081197,0
1946216,0.151292,0
1945929,0.071161,0
1947031,0.010432,0
1947034,0.071161,0
1947017,0.161698,0
1945356,0.016667,0
1947036,0.161698,0
1946479,0.090038,0
1946781,0.151292,0
1946940,0.00885,0
1947042,0.071161,0
1947039,0.071161,0
1947037,0.03764,0
1947033,0.090038,0
1941820,0.081197,0
1946756,0.00885,0
1946146,0.022222,0
1947047,0.0701,0
1943821,0.03764,0
1946377,0.017544,0
1947052,0.016746,0
1947059,0.010432,0
1946576,0.071161,0
1943940,0.107884,0
1947057,0.081197,0
1946643,0.0701,0
1946452,0.022222,0
1926189,0.015,0
1946808,0.003319,0
1947053,0.016746,0
1947062,0.0701,0
1946874,0.161698,0
1947072,0.016746,0
1947071,0.03764,0
1947070,0.071161,0
1947088,0.095541,0
1944697,0.03764,0
1947093,0.0,0
1947086,0.03764,0
1946886,0.03764,0
1947008,0.03764,0
1947097,0.071161,0
1947098,0.03764,0
1935423,0.081197,0
1947096,0.022222,0
1903900,0.03764,0
1947010,0.03764,0
1946881,0.151292,0
1947109,0.046875,0
1947110,0.003937,0
1944617,0.046875,0
1947016,0.161698,0
1946800,0.151292,0
1947121,0.016746,0
1946309,0.003319,0
1946336,0.022222,0
1947127,0.090038,0
1946201,0.071161,0
1947129,0.003319,0
1947124,0.161698,0
1913456,0.016746,0
1947132,0.003319,0
1946483,0.199067,0
1947139,0.03764,0
1947150,0.03764,0
1947151,0.016746,0
1936041,0.016667,0
1947162,0.02214,0
1928245,0.03764,0
1947159,0.016746,0
1947165,0.016667,0
1235753,0.151292,0
1947175,0.071161,0
1947178,0.071161,0
1947179,0.003937,0
1947176,0.0,0
1947172,0.016667,0
1947184,0.151292,0
1947186,0.071161,0
1947187,0.00885,0
1947191,0.03764,0
1943651,0.03764,0
1947195,0.071161,0
1947107,0.0,0
1932720,0.015,0
1939765,0.03764,0
1947200,0.03764,0
1947102,0.199593,0
1947204,0.003319,0
1921164,0.090038,0
1760017,0.00885,0
1946889,0.071161,0
1947197,0.199067,0
1947212,0.071161,0
1947214,0.071161,0
1946968,0.003319,0
1947216,0.017544,0
1947203,0.0701,0
1935141,0.02214,0
1947221,0.0,0
1947220,0.016746,0
1947224,0.071161,0
1946525,0.0701,0
1947233,0.071429,0
1905673,0.0,0
1781508,0.071161,0
1947244,0.003319,0
1946138,0.00885,0
1947246,0.016667,0
1947249,0.02214,0
1947252,0.151292,0
1947253,0.03764,0
1946632,0.016667,0
1947106,0.0701,0
1906712,0.071161,0
1946392,0.071161,0
1946667,0.010432,0
1903940,0.071161,0
1946854,0.03764,0
1946599,0.0701,0
1946639,0.015,0
1946701,0.015,0
1943669,0.071161,0
1946540,0.003319,0
1922482,0.003319,0
1946890,0.015,0
1947202,0.199067,0
1819881,0.151292,0
1946574,0.016746,0
1921857,0.0701,0
1947259,0.00885,0
1946116,0.03764,0
1947258,0.071161,0
1947074,0.0,0
1947263,0.022222,0
1945340,0.161698,0
1946729,0.03764,0
1905165,0.071161,0
1946254,0.0701,0
1947091,0.0701,0
720079,0.03764,0
1946394,0.010432,0
1947044,0.081197,0
1947273,0.016746,0
1947281,0.00885,0
1947282,0.010432,0
1947285,0.071161,0
1947280,0.016746,0
1944469,0.03764,0
1947287,0.03764,0
1946663,0.151292,0
1899338,0.03764,0
1947207,0.03764,0
1946680,0.010432,0
1947201,0.010432,0
1947289,0.016667,0
1946214,0.016746,0
1946949,0.0,0
1941825,0.0701,0
1947299,0.161698,0
1947301,0.199067,0
1947300,0.016667,0
1932496,0.081197,0
1947284,0.0701,0
1947304,0.02214,0
1947306,0.03764,0
1944660,0.009709,0
1947309,0.016746,0
1947308,0.0701,0
1528174,0.017544,0
1947090,0.015,0
1947316,0.071161,0
1946825,0.151292,0
1947322,0.003319,0
1947321,0.02214,0
1947318,0.071161,0
1947323,0.046875,0
1947325,0.151292,0
1947320,0.0701,0
1947288,0.071161,0
1947264,0.016746,0
1947324,0.017544,0
1947229,0.071161,0
1947302,0.015,0
1946722,0.003937,0
1946953,0.0701,0
1947223,0.081197,0
1920369,0.010432,0
1947336,0.03764,0
1947340,0.00885,0
1947344,0.03764,0
1947349,0.151292,0
1947354,0.081197,0
1290867,0.009709,0
1947361,0.010979,0
1947329,0.151292,0
1947357,0.017544,0
1903287,0.016667,0
1947364,0.003937,0
1947362,0.0701,0
1947363,0.017544,0
1929019,0.0701,0
1947369,0.003319,0
1946870,0.199593,0
1947367,0.081197,0
1947303,0.010432,0
1947372,0.161698,0
1947353,0.0701,0
1947368,0.071161,0
1947360,0.0701,0
1902625,0.090038,0
1947377,0.03764,0
1947348,0.08,0
1946845,0.0701,0
1945292,0.071161,0
1869535,0.003937,0
1947305,0.03764,0
1946836,0.016667,0
1946952,0.161698,0
1947335,0.0,0
1947385,0.0701,0
1947381,0.192661,0
1947393,0.03764,0
1947389,0.003937,0
1947376,0.003937,0
1947397,0.071161,0
1947394,0.071161,0
1942283,0.00885,0
1109967,0.03764,0
1947382,0.010432,0
1947392,0.016746,0
1928075,0.071161,0
1947391,0.071161,0
1947402,0.015,0
1947192,0.046875,0
1946572,0.03764,0
1935760,0.21875,0
1947410,0.03764,0
1946721,0.090038,0
1947346,0.017544,0
1947415,0.022222,0
1908186,0.199067,0
1947365,0.010432,0
1947153,0.010432,0
1947416,0.010432,0
1947421,0.010432,0
1947371,0.016746,0
1941869,0.0701,0
1947035,0.03764,0
1946635,0.022222,0
1947425,0.046875,0
1877095,0.192661,0
1943255,0.0701,0
1947430,0.003319,0
1947427,0.0701,0
1947432,0.03764,0
1947433,0.081197,0
1944771,0.071161,0
1947423,0.0701,0
1947429,0.003319,0
1947076,0.0,0
1947437,0.016746,0
1947128,0.0701,0
1936637,0.0701,0
1947378,0.03764,0
1901943,0.03764,0
1938435,0.071161,0
1947266,0.071161,0
1947444,0.015,0
1947443,0.071161,0
1932036,0.090038,0
1947138,0.017544,0
1945095,0.03764,0
1947136,0.03764,0
1947384,0.161698,0
1947450,0.015,0
1947330,0.081197,0
1947453,0.003319,0
1947181,0.151292,0
1947395,0.071161,0
1947448,0.03764,0
1946702,0.03764,0
1947435,0.02214,0
1947260,0.00885,0
1947240,0.016746,0
1947341,0.00885,0
1947352,0.016667,0
1859086,0.081197,0
1947418,0.016746,0
1947424,0.03764,0
1941212,0.016746,0
1917365,0.095541,0
1947478,0.081197,0
1947479,0.090038,0
1947482,0.03764,0
1947490,0.003937,0
1947491,0.071161,0
1947497,0.071161,0
1947500,0.010432,0
1947404,0.022222,0
1947483,0.016667,0
1947496,0.016667,0
1947504,0.081197,0
1945926,0.081197,0
1947502,0.03764,0
1947230,0.0,0
1947499,0.0701,0
1947484,0.071161,0
1947509,0.02214,0
1941970,0.03764,0
1947439,0.016746,0
1947513,0.03764,0
1947283,0.02214,0
1947328,0.016746,0
1947521,0.016746,0
1947510,0.071161,0
1947198,0.046875,0
1947370,0.02214,0
1947526,0.071161,0
1947511,0.151292,0
1080252,0.016667,0
1840829,0.022222,0
1947516,0.015,0
1947517,0.03764,0
1947519,0.00885,0
1947523,0.071161,0
1947452,0.161698,0
1947038,0.107884,0
1947514,0.081197,0
1947535,0.003937,0
1947533,0.0701,0
1934667,0.046875,0
1946255,0.0701,0
1947538,0.071161,0
1947467,0.042185,0
1947537,0.016746,0
1947531,0.016667,0
1947536,0.003319,0
1947546,0.0,0
1945853,0.00885,0
1935529,0.081197,0
1554773,0.016746,0
1947554,0.081197,0
1947557,0.016746,0
1839634,0.03764,0
1947547,0.016667,0
1947550,0.090038,0
1947560,0.016746,0
1947563,0.0701,0
1826214,0.071161,0
1947558,0.0701,0
1947143,0.0,0
1947566,0.071161,0
1947569,0.151292,0
1947572,0.022222,0
1947574,0.071161,0
1947568,0.016746,0
1947577,0.003319,0
1947573,0.02214,0
1947539,0.015,0
1947582,0.017544,0
1079717,0.046875,0
1947561,0.003319,0
1947585,0.0701,0
1784251,0.016746,0
1947591,0.010432,0
1899244,0.071161,0
1947586,0.0701,0
1934364,0.090038,0
1946395,0.016746,0
1947111,0.199067,0
1947540,0.046875,0
1947590,0.017544,0
1943617,0.003319,0
1947606,0.003319,0
1947607,0.03764,0
1941557,0.0701,0
1946853,0.090038,0
1947580,0.081197,0
1947599,0.090038,0
1944678,0.0701,0
1947616,0.03764,0
1947614,0.003319,0
1947628,0.02214,0
1947625,0.02214,0
1947630,0.0701,0
1947508,0.02214,0
1947629,0.151292,0
1947621,0.016746,0
1947617,0.199593,0
1947636,0.090038,0
1935933,0.071161,0
1947640,0.016746,0
1947645,0.199067,0
1863321,0.017544,0
1947578,0.010432,0
1947598,0.010432,0
1947611,0.161698,0
1947643,0.071161,0
1947644,0.071161,0
1947651,0.03764,0
1947632,0.03764,0
1937844,0.015,0
1947434,0.003319,0
1946790,0.151292,0
1947665,0.0701,0
1947663,0.003937,0
1947671,0.017544,0
1947667,0.090038,0
1817780,0.0,0
1947673,0.003319,0
1947564,0.010432,0
1947400,0.016667,0
1947678,0.03764,0
1947682,0.03764,0
1947679,0.0701,0
1833347,0.071161,0
1947675,0.003937,0
1947689,0.046875,0
1947692,0.0701,0
1898683,0.107884,0
1947690,0.0,0
1947672,0.016667,0
1947639,0.003319,0
1947637,0.071161,0
1947602,0.03764,0
1947684,0.081197,0
1947633,0.03764,0
1947703,0.046875,0
1947702,0.00885,0
1947717,0.0701,0
1947707,0.016667,0
1947719,0.003937,0
1947135,0.0701,0
1947524,0.010432,0
1947724,0.161698,0
1947723,0.03764,0
1947522,0.151292,0
1922222,0.03764,0
1947712,0.016667,0
1843381,0.016667,0
1947734,0.0701,0
1854634,0.02214,0
1947729,0.03764,0
1941282,0.0,0
1932803,0.00885,0
1947739,0.081197,0
1293539,0.071161,0
1947748,0.016746,0
1947713,0.03764,0
1947745,0.015,0
1947750,0.016746,0
1715909,0.0,0
1947743,0.151292,0
1947757,0.071161,0
1946712,0.03764,0
1947706,0.046875,0
1947471,0.03764,0
1947762,0.022222,0
1947761,0.071161,0
1947736,0.03764,0
1947765,0.071161,0
1941477,0.016904,0
1947709,0.009709,0
1947722,0.107884,0
1947079,0.0701,0
1943740,0.0701,0
1947775,0.046875,0
1947726,0.0701,0
1906889,0.03764,0
1918673,0.0701,0
1946580,0.071161,0
1947247,0.015,0
1947787,0.03764,0
1944828,0.022222,0
1947790,0.071161,0
1947794,0.015,0
1947532,0.03764,0
1947405,0.161698,0
1947731,0.003937,0
1947807,0.046875,0
1947806,0.0,0
1947495,0.0,0
1946976,0.0701,0
1947122,0.071161,0
1947581,0.010432,0
1947817,0.016667,0
1947822,0.199067,0
1946064,0.071161,0
1947823,0.071161,0
1947813,0.0,0
1947265,0.003319,0
1947751,0.151292,0
1947834,0.016667,0
1947831,0.016667,0
1947838,0.02214,0
1947832,0.03764,0
1947808,0.03764,0
1947843,0.010432,0
1947828,0.016746,0
1947837,0.003319,0
1939489,0.03764,0
1947849,0.016746,0
1947555,0.151292,0
1947857,0.071161,0
1947846,0.03764,0
1947859,0.03764,0
1947853,0.0701,0
1906439,0.081197,0
1947861,0.0,0
1710288,0.02214,0
1947860,0.02214,0
1941300,0.161698,0
1947795,0.02214,0
1947809,0.0,0
1947865,0.081197,0
1947866,0.071161,0
1947863,0.003319,0
1947868,0.010432,0
1947870,0.022222,0
1947871,0.03764,0
1947409,0.161698,0
1947732,0.02214,0
1945106,0.02214,0
1927833,0.095541,0
1947331,0.010432,0
1947885,0.0701,0
1947887,0.081197,0
1947480,0.254217,0
1947890,0.107884,0
1947889,0.03764,0
1947735,0.003319,0
1627066,0.016746,0
1947864,0.015,0
1947900,0.071161,0
1947905,0.161698,0
1947782,0.090038,0
1902437,0.016746,0
1947317,0.03764,0
1940886,0.161698,0
1947529,0.0701,0
1947903,0.02214,0
1946799,0.03764,0
1947914,0.022222,0
1947916,0.00885,0
1947918,0.0701,0
1947567,0.003319,0
1947920,0.022222,0
1947921,0.010432,0
1947924,0.010432,0
1947925,0.03764,0
1947804,0.0701,0
1913642,0.016746,0
1947931,0.016667,0
1947933,0.022222,0
1947934,0.089581,0
1947938,0.046875,0
1946558,0.010432,0
1947913,0.0701,0
1947936,0.003319,0
1947941,0.0701,0
1947939,0.071161,0
1931856,0.071161,0
1947835,0.00885,0
1947947,0.022222,0
1947413,0.003937,0
1947949,0.21875,0
1947944,0.00885,0
1943068,0.151292,0
1947779,0.00885,0
1947930,0.016746,0
1946447,0.00885,0
1901683,0.151292,0
1947953,0.071161,0
1947896,0.02214,0
1947951,0.003319,0
1947935,0.081197,0
1939247,0.017544,0
1947959,0.03764,0
1947883,0.107884,0
1947960,0.017544,0
1947966,0.016746,0
1947888,0.0701,0
1947969,0.071161,0
1947972,0.081197,0
1947753,0.151292,0
1941056,0.0701,0
1947980,0.03764,0
1927331,0.090038,0
1947976,0.02214,0
1947852,0.03764,0
1947978,0.03764,0
1946700,0.090038,0
1947986,0.010432,0
1947991,0.02214,0
1947668,0.02214,0
1947992,0.151292,0
1947998,0.010432,0
1694743,0.03764,0
1948000,0.03764,0
1948003,0.142857,0
1947431,0.095541,0
1947460,0.071161,0
1947999,0.016667,0
1948016,0.010432,0
1946158,0.0701,0
1948005,0.00885,0
1947987,0.010432,0
1948013,0.010432,0
1948014,0.00885,0
1948035,0.016746,0
1948036,0.03764,0
1947955,0.03764,0
1948039,0.016667,0
1948030,0.016667,0
1948029,0.010432,0
1948048,0.046875,0
1948045,0.017544,0
1948050,0.02214,0
1948043,0.03764,0
1948051,0.003319,0
1947758,0.02214,0
1947800,0.00885,0
1948061,0.015,0
1946132,0.03764,0
1947662,0.00885,0
1921370,0.003319,0
1947793,0.010432,0
1936034,0.003937,0
1948057,0.071161,0
1946191,0.016667,0
1947512,0.017544,0
1945566,0.0701,0
1947648,0.090038,0
1947737,0.03764,0
1948077,0.003319,0
1947084,0.03764,0
1948081,0.03764,0
1947997,0.016746,0
1947906,0.016667,0
1937041,0.046875,0
1947812,0.03764,0
1947990,0.0701,0
1948059,0.161698,0
1948071,0.161698,0
1948092,0.010432,0
1948098,0.046875,0
1927705,0.046875,0
1947993,0.03764,0
1948101,0.151292,0
1948109,0.0701,0
1946928,0.0701,0
1948110,0.071161,0
1948099,0.151292,0
1948078,0.03764,0
1948115,0.03764,0
1948104,0.03764,0
1948096,0.090038,0
1948117,0.0,0
1948106,0.0701,0
1947544,0.0,0
1948123,0.03764,0
1948128,0.003937,0
1948127,0.161698,0
1948133,0.090038,0
1948138,0.02214,0
1948015,0.0701,0
1948143,0.151292,0
1948066,0.071161,0
1948144,0.016667,0
1948139,0.003319,0
1948142,0.02214,0
1947219,0.071161,0
1947912,0.03764,0
1948145,0.03764,0
1947946,0.010432,0
1946228,0.046875,0
1947587,0.016667,0
1945995,0.161698,0
1948160,0.010432,0
1948166,0.00885,0
1948165,0.010432,0
1948164,0.0701,0
1947891,0.016667,0
1948158,0.016746,0
1947446,0.00885,0
1947351,0.03764,0
1948163,0.03764,0
1946858,0.161698,0
1946826,0.03764,0
1948120,0.009709,0
1948168,0.107884,0
1948155,0.003937,0
1948150,0.046875,0
1948130,0.017544,0
1948180,0.151292,0
1947009,0.107884,0
1948187,0.016667,0
1948185,0.00885,0
1948056,0.016746,0
1948184,0.010432,0
1946624,0.03764,0
1948182,0.161698,0
1948199,0.015,0
1947910,0.010432,0
1944414,0.0,0
1945285,0.016746,0
1948209,0.03764,0
1948201,0.071161,0
1948212,0.090038,0
1948203,0.071161,0
1896704,0.151292,0
1948210,0.151292,0
1948211,0.071161,0
1946611,0.0701,0
1948219,0.016746,0
1948151,0.081197,0
1948221,0.071429,0
1948202,0.090038,0
1948217,0.0701,0
1948214,0.010432,0
1948229,0.017544,0
1948091,0.003937,0
1948218,0.02214,0
1935294,0.010432,0
1948200,0.03764,0
1948233,0.010432,0
1948240,0.0701,0
1948204,0.0,0
1948236,0.0701,0
1948178,0.003937,0
1948054,0.015,0
1948256,0.03764,0
1948231,0.010432,0
1948192,0.0701,0
1948258,0.016746,0
1943315,0.010432,0
1948254,0.0701,0
1948262,0.071161,0
1948278,0.03764,0
1062478,0.016746,0
1948264,0.009709,0
1947796,0.046875,0
1948276,0.0701,0
1948235,0.199067,0
1948281,0.0701,0
1947315,0.0701,0
1948293,0.010432,0
1948230,0.0701,0
1948301,0.161698,0
1948277,0.071161,0
1948309,0.016746,0
1907306,0.071161,0
1948273,0.016746,0
1947619,0.071161,0
1916163,0.071161,0
1948177,0.071161,0
1948325,0.03764,0
1948327,0.071161,0
1948213,0.107884,0
1948341,0.151292,0
1948326,0.010432,0
1948329,0.0701,0
1948247,0.0,0
1948343,0.107884,0
1948306,0.071161,0
1948245,0.071161,0
1948346,0.151292,0
1948349,0.081197,0
1917248,0.010432,0
1948206,0.081197,0
1948118,0.010432,0
1948356,0.0701,0
1947884,0.0701,0
1948355,0.071161,0
1948274,0.161698,0
1942546,0.046875,0
1346508,0.0701,0
1946942,0.0701,0
1948344,0.003937,0
1948363,0.009709,0
1947669,0.046875,0
1948336,0.016746,0
1948369,0.017544,0
1948371,0.016667,0
1948243,0.0701,0
1948375,0.016667,0
1948304,0.016667,0
1948340,0.071161,0
1948379,0.107884,0
1948186,0.017544,0
1948373,0.095541,0
1948394,0.090038,0
1948388,0.0701,0
1948392,0.071161,0
1948365,0.015,0
1948321,0.03764,0
1948398,0.017544,0
1948053,0.071161,0
1948024,0.022222,0
1948332,0.0,0
1948315,0.03764,0
1947897,0.03764,0
1948390,0.0701,0
1947347,0.010432,0
1948402,0.010432,0
1948404,0.003319,0
1948269,0.071161,0
1946606,0.017544,0
1948406,0.003937,0
1945624,0.046875,0
1948414,0.071161,0
1948399,0.071161,0
1948412,0.161698,0
1948407,0.046875,0
1948422,0.017544,0
1948423,0.017544,0
1948419,0.016746,0
1948084,0.071161,0
1937301,0.010432,0
1948432,0.03764,0
1948418,0.03764,0
1948308,0.0,0
1948427,0.003319,0
1914249,0.022222,0
1948434,0.003319,0
1948431,0.151292,0
1766881,0.0,0
1948445,0.071161,0
1948449,0.107884,0
1947089,0.046875,0
1948437,0.016667,0
1948453,0.03764,0
1948448,0.010432,0
1948447,0.010432,0
1948455,0.02214,0
1946903,0.0701,0
1948460,0.151292,0
1948462,0.010432,0
1948468,0.03764,0
1945946,0.017544,0
1948429,0.046875,0
1948381,0.010432,0
1948435,0.151292,0
1948391,0.003319,0
1948334,0.0701,0
1946710,0.21875,0
1948183,0.08,0
1947989,0.071161,0
1948493,0.071161,0
1948495,0.0701,0
1948497,0.199593,0
1948312,0.090038,0
1948141,0.046875,0
1948318,0.016746,0
1948500,0.151292,0
1948498,0.090038,0
1945390,0.017544,0
1948477,0.0,0
1948512,0.0701,0
1946783,0.0701,0
1948504,0.0701,0
1873074,0.161698,0
1939691,0.016667,0
1948479,0.03764,0
1948522,0.071161,0
1948481,0.03764,0
1948515,0.161698,0
1948351,0.022222,0
1948526,0.081197,0
1948523,0.003319,0
1948428,0.010432,0
1948531,0.003319,0
1948530,0.022222,0
1948542,0.090038,0
1948533,0.081197,0
1947506,0.046875,0
1940870,0.03764,0
1948547,0.046875,0
1948543,0.02214,0
1948482,0.081197,0
1947588,0.016667,0
1947177,0.03764,0
1948548,0.071161,0
1866999,0.003319,0
1948557,0.015,0
1948554,0.015,0
1948193,0.03764,0
1948563,0.0701,0
1948564,0.15493,0
1948571,0.0701,0
1948572,0.0701,0
1948484,0.254217,0
1948561,0.0701,0
1948580,0.151292,0
1948382,0.003319,0
1948578,0.0701,0
1948574,0.199067,0
1948588,0.15493,0
1948577,0.016746,0
1948583,0.03764,0
1948478,0.010432,0
1948592,0.0701,0
1746664,0.03764,0
1948590,0.03764,0
1948549,0.016746,0
1948052,0.090038,0
1948601,0.071161,0
1948604,0.081197,0
861985,0.03764,0
1948090,0.046875,0
1948615,0.0,0
1936619,0.03764,0
1947549,0.0701,0
1948622,0.003937,0
1948629,0.03764,0
1929169,0.03764,0
1946183,0.016746,0
1948633,0.0701,0
1947776,0.071161,0
1948640,0.00885,0
1948579,0.015,0
1891304,0.071161,0
1943907,0.016746,0
1948167,0.0,0
1948650,0.010432,0
1948228,0.081197,0
1948644,0.010432,0
1948654,0.016746,0
1948237,0.017544,0
1948393,0.081197,0
1946380,0.199593,0
1948661,0.081197,0
1948658,0.009709,0
1948660,0.046875,0
1931684,0.03764,0
1948666,0.03764,0
1948680,0.010432,0
1948684,0.0701,0
1948682,0.08,0
1948676,0.0701,0
1948671,0.010432,0
1948681,0.161698,0
1948632,0.0701,0
1948686,0.016667,0
1895858,0.022222,0
1936791,0.0,0
1941171,0.015,0
1948647,0.081197,0
1948638,0.003319,0
1948688,0.003319,0
1948701,0.0,0
1946546,0.071161,0
1948613,0.071161,0
1947209,0.03764,0
1946230,0.00885,0
1946244,0.21875,0
1943123,0.03764,0
1948700,0.090038,0
1948705,0.03764,0
1948648,0.0701,0
1948690,0.090038,0
1948710,0.0701,0
1948687,0.0701,0
1948713,0.0701,0
1948711,0.010432,0
1948717,0.02214,0
1948699,0.003319,0
1948646,0.003319,0
1948718,0.03764,0
1948723,0.071161,0
1948714,0.022222,0
1859447,0.015,0
1948716,0.071161,0
1948378,0.03764,0
1924550,0.151292,0
300988,0.022222,0
1948736,0.003319,0
1948729,0.016746,0
1948737,0.071161,0
1948746,0.071161,0
1948738,0.00885,0
1948749,0.022222,0
1948732,0.046875,0
1948424,0.016667,0
1948112,0.161698,0
1948741,0.003319,0
1948754,0.03764,0
1948762,0.003937,0
1948758,0.017544,0
1948757,0.071161,0
1948595,0.161698,0
1948772,0.0701,0
1948751,0.071161,0
1948759,0.046875,0
1948770,0.02214,0
1948763,0.003319,0
1948663,0.00885,0
1948704,0.016746,0
1948779,0.161698,0
1814806,0.016746,0
1948781,0.0701,0
1948786,0.046875,0
1948784,0.003319,0
1947827,0.081197,0
1948794,0.151292,0
1948782,0.071161,0
1948501,0.090038,0
1948161,0.00885,0
1948795,0.071161,0
1947880,0.0701,0
1947783,0.003319,0
1948801,0.015,0
1948802,0.016746,0
1948726,0.0701,0
1948804,0.090038,0
1948809,0.0,0
1948807,0.02214,0
1948401,0.02214,0
1946623,0.071161,0
1948813,0.095541,0
1948812,0.016667,0
1948473,0.071161,0
1867813,0.0701,0
1948740,0.0,0
1924288,0.02214,0
1947895,0.0,0
1948814,0.0701,0
1948587,0.161698,0
1948612,0.081197,0
1938961,0.199593,0
1948709,0.0,0
1947720,0.03764,0
1948819,0.003319,0
1947562,0.02214,0
1935881,0.081197,0
1936273,0.071161,0
1948832,0.010432,0
1948817,0.090038,0
1928318,0.010432,0
1947498,0.046875,0
1948366,0.161698,0
1948845,0.0,0
1948581,0.071161,0
1948570,0.022222,0
1948851,0.02214,0
1948849,0.071161,0
1923779,0.017544,0
1946805,0.0701,0
1948829,0.00885,0
1948859,0.0701,0
1902514,0.081197,0
1948862,0.071161,0
1948865,0.03764,0
1948476,0.017544,0
1948874,0.071161,0
1948827,0.010432,0
1903680,0.081197,0
1948311,0.003937,0
1948839,0.022222,0
1948766,0.071161,0
1948856,0.0701,0
1947291,0.199067,0
1948872,0.161698,0
1948828,0.081197,0
1948883,0.03764,0
1948879,0.0701,0
1948886,0.02214,0
1948887,0.071161,0
1948888,0.0701,0
1948894,0.161698,0
1938697,0.081197,0
1948891,0.0701,0
1946718,0.03764,0
1948876,0.107884,0
1948896,0.022222,0
1948897,0.0701,0
1948898,0.010432,0
1948899,0.0701,0
1948903,0.003319,0
1948908,0.199067,0
1948787,0.090038,0
1948913,0.03764,0
1948870,0.0701,0
1948337,0.010432,0
1944368,0.003937,0
1948920,0.016746,0
1929863,0.010432,0
1948928,0.199067,0
1948234,0.0,0
1948925,0.003937,0
1948922,0.015,0
1948914,0.071161,0
1948915,0.016746,0
1948929,0.009709,0
1947654,0.046875,0
1938709,0.010432,0
1948706,0.0701,0
1948923,0.071161,0
1948932,0.071161,0
1948931,0.071161,0
1948842,0.0701,0
1948937,0.0701,0
1948835,0.071161,0
1948073,0.03764,0
1948945,0.161698,0
1942621,0.161698,0
1948942,0.016746,0
1948946,0.03764,0
1948745,0.010432,0
1948947,0.003319,0
1948954,0.010432,0
1944449,0.071161,0
1943783,0.0701,0
1948963,0.151292,0
1948941,0.0701,0
1933963,0.02214,0
1948322,0.151292,0
1948962,0.151292,0
1948967,0.151292,0
1931788,0.02214,0
1948969,0.016746,0
1948973,0.016746,0
1948971,0.199067,0
1948986,0.016746,0
1935579,0.010432,0
1948921,0.199067,0
1948990,0.010432,0
1948977,0.003319,0
1948996,0.017544,0
1948525,0.03764,0
1946796,0.022222,0
1948297,0.022222,0
1948474,0.02214,0
1948895,0.03764,0
1948919,0.010432,0
1947647,0.015,0
1948241,0.071161,0
1948330,0.107884,0
1948875,0.071161,0
1949008,0.03764,0
1948981,0.03764,0
1947609,0.015,0
1949007,0.00885,0
1947685,0.003937,0
1949006,0.017544,0
1895943,0.00885,0
1949019,0.016746,0
1946983,0.015,0
1948970,0.016667,0
1935889,0.03764,0
1943577,0.090038,0
1948974,0.161698,0
1945794,0.010432,0
1949026,0.03764,0
1916798,0.107884,0
1947784,0.071161,0
1948747,0.017544,0
1634780,0.071161,0
1949037,0.071161,0
1941615,0.095541,0
1935202,0.016746,0
1949024,0.0,0
1949027,0.046875,0
1922552,0.03764,0
1949041,0.0701,0
1944099,0.071161,0
1949049,0.199067,0
1949048,0.151292,0
1948162,0.107884,0
1949047,0.016667,0
1926782,0.015,0
1949056,0.003937,0
1949059,0.151292,0
1949046,0.016746,0
1949063,0.03764,0
1945751,0.071161,0
1949067,0.081197,0
1949021,0.016746,0
1949071,0.046875,0
1949072,0.151292,0
1949074,0.016667,0
1949076,0.071161,0
1949081,0.03764,0
1948902,0.03764,0
1949065,0.003937,0
1949080,0.010432,0
1949052,0.071161,0
1774099,0.02214,0
1949082,0.090038,0
1949086,0.009709,0
1948362,0.016667,0
1949078,0.21875,0
1949033,0.151292,0
1949089,0.071161,0
1923021,0.21875,0
1949062,0.0701,0
1949092,0.03764,0
1949068,0.081197,0
1949094,0.0701,0
1949095,0.02214,0
1949099,0.199067,0
1949098,0.071161,0
1949090,0.08,0
1911992,0.010432,0
1876662,0.090038,0
1947961,0.081197,0
1949102,0.081197,0
1949107,0.0701,0
1949111,0.0701,0
1949100,0.0701,0
1949109,0.046875,0
1949115,0.081197,0
1949119,0.199593,0
1948514,0.0701,0
1949130,0.003319,0
1948665,0.03764,0
1949134,0.081197,0
1946994,0.0701,0
1949083,0.071429,0
1949139,0.016667,0
1949140,0.046875,0
1949138,0.010432,0
1949126,0.010432,0
1949143,0.071161,0
1948826,0.107884,0
1947741,0.016746,0
1949148,0.0,0
1949147,0.010432,0
1949151,0.071161,0
1949128,0.08,0
1949149,0.071161,0
1935181,0.016746,0
1948089,0.010432,0
1949150,0.199067,0
1818507,0.009709,0
1949137,0.016667,0
1949058,0.081197,0
1948972,0.095541,0
1949108,0.071161,0
1949087,0.003937,0
1949159,0.009709,0
1929352,0.161698,0
1949160,0.02214,0
1949164,0.071161,0
1941830,0.016746,0
1949162,0.071161,0
1949171,0.081197,0
1949168,0.071161,0
1949043,0.010432,0
1949174,0.071161,0
1949181,0.0701,0
1949101,0.009709,0
1949172,0.00885,0
1949192,0.090038,0
1946242,0.016746,0
1949186,0.03764,0
1949195,0.010432,0
1947704,0.071161,0
1949199,0.081197,0
1948380,0.071161,0
1949200,0.21875,0
1949212,0.071161,0
1949216,0.107884,0
1949204,0.071161,0
1948086,0.161698,0
1948131,0.151292,0
1947087,0.03764,0
1941041,0.071161,0
1949214,0.199067,0
1948513,0.0701,0
1949224,0.03764,0
1949173,0.151292,0
1949220,0.02214,0
1949219,0.016667,0
1949193,0.081197,0
1949158,0.03764,0
1949177,0.095541,0
1949227,0.071161,0
1949116,0.00885,0
1949230,0.010432,0
1949228,0.016746,0
1949233,0.0701,0
1949234,0.03764,0
1947699,0.015,0
1949237,0.003319,0
1949207,0.0701,0
1949183,0.010432,0
1949240,0.046875,0
1949238,0.090038,0
1949245,0.0701,0
1949250,0.03764,0
1949251,0.003937,0
1949243,0.022222,0
1949256,0.046875,0
1949225,0.016746,0
1949264,0.022222,0
1949261,0.0701,0
1949258,0.21875,0
1948451,0.0701,0
1946659,0.03764,0
1949157,0.071161,0
1949272,0.016667,0
1942733,0.071161,0
1949277,0.071161,0
1949239,0.071161,0
1943837,0.151292,0
1949221,0.010432,0
1949194,0.016746,0
1949289,0.03764,0
1949283,0.071161,0
1949271,0.046875,0
1949295,0.071161,0
1879338,0.071161,0
1949290,0.081197,0
1949297,0.071161,0
1949298,0.192661,0
1949296,0.071161,0
1949303,0.0701,0
1947600,0.21875,0
1949127,0.016746,0
1949163,0.090038,0
1949309,0.071161,0
1949254,0.03764,0
1947965,0.016667,0
1949301,0.017544,0
1949314,0.03764,0
1948995,0.081197,0
1949305,0.071161,0
1948585,0.199593,0
1949327,0.15493,0
1949324,0.0701,0
1949340,0.022222,0
1949343,0.010432,0
1949350,0.0701,0
1949341,0.161698,0
1949333,0.010432,0
1949328,0.0701,0
1949279,0.015,0
1949349,0.081197,0
1949359,0.0701,0
1949373,0.081197,0
1949360,0.010432,0
1949336,0.03764,0
1949346,0.081197,0
1949354,0.00885,0
1949318,0.0701,0
1949372,0.071161,0
1949356,0.071161,0
1949379,0.151292,0
1949365,0.017544,0
1949326,0.071161,0
1949361,0.081197,0
1949384,0.046875,0
1949374,0.151292,0
1949334,0.010432,0
1949383,0.151292,0
1949363,0.015,0
1949386,0.071161,0
1949368,0.016746,0
1949331,0.022222,0
1949319,0.090038,0
1949381,0.02214,0
1949345,0.0701,0
1949329,0.010432,0
1949378,0.0701,0
1949393,0.03764,0
1949347,0.090038,0
1948345,0.003319,0
1949370,0.03764,0
1949355,0.02214,0
1949376,0.081197,0
1949391,0.022222,0
1949352,0.016746,0
1947985,0.199593,0
1949257,0.017544,0
1949397,0.016746,0
1949337,0.03764,0
1949401,0.03764,0
1949377,0.02214,0
1949407,0.016667,0
1949396,0.151292,0
1948810,0.071161,0
1949388,0.03764,0
1949405,0.0701,0
1949344,0.0701,0
1949412,0.107884,0
1949399,0.03764,0
1949421,0.081197,0
1949420,0.016746,0
1949417,0.151292,0
1949414,0.0701,0
1949408,0.017544,0
1949025,0.016746,0
1949409,0.0,0
1949423,0.0,0
1949429,0.071429,0
1948715,0.010432,0
1949390,0.00885,0
1927600,0.071161,0
1663371,0.010432,0
1949433,0.03764,0
1946575,0.081197,0
1949434,0.0701,0
1948966,0.017544,0
1948540,0.046875,0
1949446,0.010432,0
1949447,0.161698,0
1949449,0.071161,0
1948205,0.046875,0
1949453,0.03764,0
1949456,0.009709,0
1949455,0.03764,0
1948616,0.081197,0
1949464,0.0701,0
1949468,0.0701,0
1949459,0.003937,0
1949467,0.151292,0
1949460,0.03764,0
1947080,0.0701,0
1934421,0.071161,0
1947915,0.02214,0
1948884,0.071161,0
1949458,0.151292,0
1949477,0.016746,0
1949330,0.02214,0
1948305,0.010432,0
1948850,0.010432,0
1930662,0.03764,0
1949484,0.0701,0
1949371,0.02214,0
1718060,0.0,0
1949488,0.071161,0
1949500,0.003937,0
1949502,0.081197,0
1949510,0.071161,0
1944663,0.151292,0
1949506,0.071161,0
1949493,0.02214,0
1949504,0.010432,0
1949519,0.016746,0
1949515,0.00885,0
1949520,0.071161,0
1947872,0.016746,0
1949495,0.0701,0
1948065,0.009709,0
1949069,0.016746,0
1949487,0.046875,0
1949508,0.0701,0
1949523,0.010432,0
1949144,0.03764,0
1949491,0.090038,0
1778443,0.161698,0
1949073,0.071161,0
1949535,0.03764,0
1949530,0.010432,0
1934093,0.010432,0
1949478,0.081197,0
1949516,0.0701,0
1949284,0.161698,0
1949547,0.015,0
1948803,0.151292,0
1949146,0.071161,0
1949501,0.046875,0
1949539,0.199067,0
1949550,0.016746,0
1949559,0.03764,0
1949553,0.016746,0
1949474,0.016746,0
1948730,0.010432,0
1949432,0.071161,0
1945915,0.03764,0
1949555,0.03764,0
1949563,0.03764,0
1949579,0.046875,0
1949578,0.016746,0
1949574,0.003319,0
1949569,0.010432,0
1949587,0.010432,0
1949507,0.016746,0
1949584,0.151292,0
1949545,0.010432,0
1949594,0.071161,0
1949600,0.081197,0
1949604,0.0701,0
1949603,0.03764,0
1949596,0.0,0
1949585,0.151292,0
1949616,0.017544,0
1949615,0.03764,0
1949622,0.010432,0
1949582,0.03764,0
1949612,0.0701,0
1949633,0.044653,0
1949631,0.03764,0
1949638,0.095541,0
1949642,0.0,0
1936727,0.03764,0
1949534,0.071161,0
1948333,0.03764,0
1949482,0.0701,0
1949387,0.151292,0
1906032,0.151292,0
1946766,0.071161,0
1949635,0.02214,0
1949129,0.0701,0
1949634,0.03764,0
1947408,0.107884,0
1949668,0.010432,0
1948226,0.0701,0
1949670,0.010432,0
1949671,0.161698,0
1949674,0.0,0
1949665,0.0701,0
1949678,0.0701,0
1949676,0.21875,0
1949666,0.071161,0
1949679,0.0701,0
1949002,0.199067,0
1949672,0.03764,0
1948724,0.016746,0
1949682,0.003319,0
1949514,0.016667,0
1949664,0.071161,0
1949667,0.161698,0
1949689,0.016746,0
1949364,0.107884,0
1949691,0.016667,0
1949684,0.03764,0
1949512,0.161698,0
1949673,0.0701,0
1948765,0.010432,0
1949697,0.03764,0
1949696,0.081197,0
1949702,0.046875,0
1949700,0.151292,0
1948771,0.046875,0
1949686,0.071161,0
1949704,0.107884,0
1949576,0.151292,0
1949687,0.0701,0
1901532,0.0701,0
1949716,0.003937,0
1949683,0.03764,0
1949692,0.03764,0
1949698,0.03764,0
1949424,0.107884,0
1949709,0.0701,0
1949722,0.071161,0
1949725,0.081197,0
1949719,0.0,0
1949730,0.03764,0
1949485,0.003937,0
1922444,0.107884,0
1949720,0.010432,0
1949723,0.03764,0
1949732,0.071429,0
1949734,0.046875,0
1866783,0.0701,0
1949724,0.010432,0
1949731,0.071161,0
1939655,0.0701,0
1949741,0.02214,0
1949737,0.00885,0
1949735,0.090038,0
1949733,0.015,0
1949717,0.151292,0
1949369,0.046875,0
1949736,0.151292,0
1949708,0.0701,0
1949575,0.02214,0
1949650,0.010432,0
1949625,0.016746,0
1946829,0.02214,0
1949705,0.03764,0
1948289,0.010432,0
1949754,0.02214,0
1949739,0.03764,0
1949751,0.081197,0
1638831,0.046875,0
1949749,0.0701,0
1949758,0.199067,0
1915726,0.003937,0
1949762,0.016667,0
1949764,0.010432,0
1949738,0.003319,0
1856439,0.0701,0
1949768,0.0,0
1949772,0.016746,0
1949759,0.0701,0
1947680,0.016667,0
1949767,0.016746,0
1936648,0.090038,0
1936797,0.003319,0
1949788,0.081197,0
1949784,0.071161,0
1949797,0.02214,0
1949695,0.151292,0
1949793,0.0701,0
856359,0.199067,0
1949786,0.02214,0
1949747,0.071161,0
1284466,0.081197,0
1949789,0.046875,0
1946778,0.071161,0
1949802,0.0701,0
1949801,0.00885,0
1949810,0.107884,0
1949811,0.095541,0
1949613,0.016746,0
1949814,0.071161,0
1949808,0.0701,0
1949803,0.003319,0
1949822,0.03764,0
1949824,0.0701,0
1949820,0.161698,0
1949819,0.0701,0
1949827,0.0,0
1949813,0.016667,0
1949339,0.090038,0
1949497,0.0701,0
1949836,0.03764,0
1941222,0.071161,0
1949833,0.151292,0
1949841,0.071161,0
1946817,0.009709,0
1949825,0.071161,0
1948785,0.081197,0
1949850,0.010432,0
1949848,0.016746,0
1949845,0.081197,0
1948994,0.071161,0
1949853,0.03764,0
1944426,0.017544,0
1949838,0.081197,0
1949861,0.03764,0
1949855,0.016746,0
1949854,0.071161,0
1949849,0.015,0
1941572,0.090038,0
1949856,0.03764,0
1929309,0.02214,0
1949870,0.016746,0
1937743,0.081197,0
1949846,0.071161,0
1949877,0.071161,0
1949874,0.03764,0
1936246,0.03764,0
1949875,0.0701,0
1949773,0.03764,0
1949869,0.0701,0
1949879,0.161698,0
1947862,0.00885,0
1786559,0.081197,0
1949890,0.03764,0
1949871,0.016746,0
1949887,0.010432,0
1949883,0.0701,0
1949903,0.017544,0
1949904,0.016746,0
1949900,0.107884,0
1949908,0.003319,0
1949909,0.003319,0
1949915,0.016667,0
1948936,0.016746,0
1949823,0.151292,0
1949914,0.017544,0
1947501,0.046875,0
1853542,0.0,0
1949918,0.017544,0
1949714,0.199067,0
1945296,0.0701,0
1949884,0.016667,0
1949920,0.03764,0
1949795,0.081197,0
1949924,0.003319,0
1946247,0.081197,0
1921626,0.151292,0
1949935,0.016746,0
1944837,0.046875,0
1948968,0.010432,0
1949885,0.071161,0
1949932,0.016746,0
1947083,0.010432,0
1949490,0.03764,0
1949937,0.071161,0
1949948,0.003319,0
1949945,0.00885,0
1872145,0.161698,0
1949922,0.022222,0
1949942,0.017544,0
1949954,0.046875,0
1865928,0.071161,0
1949185,0.071161,0
1949656,0.003319,0
1939411,0.016746,0
1948359,0.0,0
1949949,0.03764,0
1949957,0.161698,0
1949962,0.010432,0
1949959,0.003319,0
1949956,0.071161,0
1949051,0.00885,0
1949960,0.03764,0
1949968,0.015,0
1949906,0.016746,0
1949967,0.016667,0
1947952,0.003937,0
1949892,0.010432,0
1931335,0.010432,0
1949876,0.03764,0
1946965,0.016746,0
1949980,0.071161,0
1844307,0.016746,0
1949986,0.04527,0
1949989,0.0,0
1949990,0.0701,0
1949991,0.107884,0
1949282,0.03764,0
1949994,0.003319,0
1948085,0.107884,0
1941810,0.0701,0
1949993,0.071161,0
1949235,0.081197,0
1950002,0.003319,0
1950001,0.03764,0
1950003,0.0701,0
1949817,0.03764,0
1949872,0.03764,0
1950008,0.090038,0
1950010,0.071161,0
1950007,0.010432,0
1949332,0.071161,0
1935158,0.071161,0
1949893,0.071161,0
1945497,0.016667,0
1944956,0.022222,0
1950012,0.03764,0
1950017,0.016746,0
1810944,0.03764,0
1931396,0.016746,0
1948396,0.015,0
1950023,0.003937,0
1949913,0.0,0
1950042,0.071161,0
1950036,0.151292,0
1950051,0.151292,0
1950039,0.03764,0
1950028,0.161698,0
1950049,0.161698,0
1950041,0.03764,0
1950048,0.02214,0
1950054,0.199593,0
1950063,0.010432,0
1947003,0.0701,0
1950069,0.03764,0
1950045,0.081197,0
1950068,0.0701,0
1950062,0.071161,0
1950026,0.0701,0
1950070,0.107884,0
1950040,0.03764,0
1950065,0.00885,0
1950077,0.022222,0
1950058,0.0,0
1950076,0.010432,0
1950074,0.071161,0
1950078,0.003937,0
1950084,0.161698,0
1950083,0.003937,0
1950046,0.21875,0
1950073,0.03764,0
1950089,0.081197,0
1089790,0.0701,0
1950050,0.081197,0
1949880,0.016746,0
1949837,0.081197,0
1949927,0.010432,0
1950096,0.016746,0
1950081,0.03764,0
1950071,0.151292,0
1949260,0.022222,0
1947493,0.161698,0
1949753,0.016746,0
1950110,0.0701,0
1950091,0.0701,0
1950057,0.03764,0
1949934,0.016667,0
1950108,0.081197,0
1949928,0.02214,0
1950115,0.08,0
1950112,0.0701,0
1825330,0.071161,0
1950111,0.02214,0
1949018,0.016667,0
1948669,0.046875,0
1949857,0.03764,0
1950118,0.161698,0
1950094,0.161698,0
1950125,0.016746,0
1948924,0.03764,0
1950082,0.015,0
1950138,0.151292,0
1917271,0.081197,0
1950137,0.016746,0
1950142,0.00885,0
1950140,0.03764,0
1950144,0.00885,0
1948907,0.081197,0
1950151,0.016746,0
1950134,0.03764,0
1950104,0.010432,0
1950148,0.03764,0
1948395,0.199593,0
1949888,0.0701,0
1950013,0.003937,0
1950160,0.0,0
1950157,0.081197,0
1950016,0.046875,0
1950163,0.0701,0
1949969,0.016746,0
1950167,0.081197,0
1950156,0.009709,0
1950149,0.151292,0
1950169,0.03764,0
1950177,0.151292,0
1950170,0.071161,0
1950171,0.02214,0
1950186,0.03764,0
1950175,0.03764,0
1950095,0.003319,0
1950191,0.02214,0
1950188,0.02214,0
1950193,0.046875,0
1950184,0.0701,0
1950201,0.03764,0
1950067,0.071161,0
1950195,0.142857,0
1950204,0.02214,0
1950196,0.010432,0
1950220,0.0701,0
1950217,0.010432,0
1950227,0.107884,0
1950216,0.095541,0
1950210,0.161698,0
1950218,0.03764,0
1950234,0.010432,0
1950213,0.016746,0
1950209,0.161698,0
1949987,0.016667,0
1950226,0.03764,0
1950233,0.010432,0
1950229,0.03764,0
1950238,0.071161,0
1950222,0.199067,0
1950165,0.109168,0
1950259,0.03764,0
1950240,0.03764,0
1950205,0.03764,0
1950253,0.00885,0
1950243,0.0701,0
1949394,0.21875,0
1944613,0.107884,0
1950257,0.010432,0
1950179,0.010432,0
1950223,0.0701,0
1950254,0.081197,0
1950244,0.016667,0
1950189,0.071161,0
1950267,0.071161,0
1950228,0.03764,0
1946408,0.00885,0
1950251,0.107884,0
1949655,0.161698,0
1919611,0.199593,0
1950268,0.071161,0
1950275,0.017544,0
1950249,0.071161,0
1950280,0.081197,0
1950278,0.03764,0
1950284,0.081197,0
1949852,0.071161,0
1950285,0.02214,0
1950291,0.071161,0
1950286,0.010432,0
1948113,0.071161,0
1950006,0.016746,0
1950318,0.090038,0
1949166,0.02214,0
1950323,0.0,0
1950319,0.03764,0
1921186,0.046875,0
1950322,0.095541,0
1950308,0.161698,0
1950269,0.107884,0
1949286,0.016667,0
1950297,0.090038,0
1950324,0.03764,0
1950335,0.0701,0
1950135,0.016746,0
1950341,0.0,0
1950340,0.0701,0
1950304,0.010432,0
1948107,0.003319,0
1950346,0.071161,0
1948511,0.03764,0
1950283,0.03764,0
1950150,0.03764,0
1950349,0.03764,0
1941877,0.016667,0
1950353,0.090038,0
1943960,0.015,0
1840760,0.03764,0
1948943,0.071161,0
1950333,0.0701,0
1950358,0.0701,0
1950365,0.046875,0
1949348,0.161698,0
1950366,0.03764,0
1949556,0.03764,0
1948179,0.199067,0
1950368,0.046875,0
1950376,0.017544,0
1949313,0.090038,0
1781354,0.161698,0
1949711,0.00885,0
1949912,0.151292,0
1950383,0.03764,0
1950370,0.015,0
1949558,0.081197,0
1949499,0.081197,0
1950392,0.161698,0
1949425,0.00885,0
1950395,0.0701,0
1946867,0.003319,0
1949832,0.03764,0
1950402,0.071161,0
1948255,0.016746,0
1332251,0.03764,0
1948816,0.017544,0
1948672,0.151292,0
1949471,0.016667,0
1950411,0.081197,0
1950415,0.0,0
1950409,0.090038,0
1950418,0.022222,0
1950414,0.016746,0
1950421,0.0701,0
1944910,0.0701,0
1950425,0.00885,0
1950431,0.0701,0
1950432,0.03764,0
1946908,0.071161,0
1950433,0.016746,0
1937603,0.046875,0
1950426,0.016667,0
1950430,0.03764,0
1950443,0.010432,0
1950442,0.016746,0
1948196,0.010432,0
1942503,0.081197,0
1950446,0.016746,0
1949278,0.016667,0
1950450,0.071161,0
1948910,0.151292,0
1302642,0.017544,0
1950447,0.095541,0
1949624,0.016667,0
1950455,0.010432,0
1950458,0.071161,0
1949226,0.0701,0
1950471,0.016667,0
1950467,0.081197,0
1950055,0.02214,0
1950437,0.003937,0
1949265,0.003319,0
1950478,0.03764,0
1950483,0.081197,0
1934651,0.0701,0
1950480,0.03764,0
1950490,0.010432,0
1950479,0.071161,0
1950444,0.016746,0
1950498,0.151292,0
1950465,0.003319,0
1949901,0.15493,0
1950501,0.046875,0
1950493,0.071161,0
1950508,0.02214,0
1950496,0.02214,0
1949524,0.151292,0
1950505,0.03764,0
1946782,0.016667,0
1941111,0.010432,0
1950513,0.015,0
1950448,0.02214,0
1950263,0.0701,0
1950468,0.010432,0
1950527,0.192661,0
1947923,0.161698,0
1950522,0.161698,0
1950532,0.161698,0
1950534,0.090038,0
1950531,0.010432,0
1949489,0.0701,0
1950362,0.017544,0
1950385,0.081197,0
1950543,0.016746,0
1949117,0.081197,0
1950005,0.081197,0
1950549,0.071161,0
1950546,0.016746,0
1950545,0.017544,0
1950548,0.03764,0
1950550,0.03764,0
1947272,0.081197,0
1950553,0.016746,0
1950552,0.08,0
1950554,0.010432,0
1950556,0.010432,0
1945884,0.151292,0
1950563,0.03764,0
1950562,0.0,0
1950477,0.016667,0
1949232,0.003319,0
1945627,0.03764,0
1950565,0.016667,0
1949917,0.0701,0
1950567,0.015,0
1950242,0.009709,0
679140,0.090038,0
1950489,0.0701,0
1949710,0.081197,0
1950019,0.071161,0
1950488,0.03764,0
1949951,0.016667,0
1937427,0.08,0
1950595,0.003937,0
1950603,0.003319,0
1950608,0.016746,0
1950594,0.071161,0
1950445,0.161698,0
1950612,0.016746,0
1950043,0.017544,0
1950624,0.03764,0
1950173,0.0701,0
1934943,0.071161,0
1762823,0.0701,0
1950626,0.0701,0
1950614,0.090038,0
1950386,0.03764,0
1942639,0.016746,0
1849249,0.151292,0
1947507,0.046875,0
1946139,0.02214,0
1950571,0.016746,0
1950635,0.016746,0
1950623,0.03764,0
1950641,0.151292,0
1946345,0.151292,0
1950551,0.071161,0
1950643,0.003937,0
1950100,0.161698,0
1950187,0.016667,0
1950654,0.071161,0
1950650,0.0,0
1949860,0.0701,0
1950651,0.095541,0
1950655,0.03764,0
1950645,0.0701,0
1950663,0.017544,0
1950648,0.071161,0
1948010,0.03764,0
1950664,0.003937,0
1950620,0.017544,0
1929801,0.071161,0
1950667,0.0701,0
1922335,0.00885,0
1948734,0.046875,0
1950673,0.0701,0
1950675,0.071161,0
1948017,0.00885,0
1950560,0.003319,0
1950671,0.046875,0
1950679,0.08,0
1950653,0.003937,0
1776503,0.0701,0
1950674,0.0,0
1950683,0.03764,0
1949640,0.03764,0
1950669,0.081197,0
1950690,0.017544,0
1950691,0.02214,0
1950652,0.03764,0
1950610,0.03764,0
1950540,0.03764,0
1950676,0.010432,0
1950646,0.151292,0
1950696,0.022222,0
1950703,0.016746,0
1950586,0.081197,0
1950697,0.081197,0
1950694,0.015,0
1950710,0.081197,0
1950698,0.00885,0
1950714,0.003319,0
1950713,0.161698,0
1947830,0.0,0
1949763,0.003319,0
1950720,0.095541,0
1950715,0.00885,0
1950093,0.03764,0
1950685,0.071161,0
1950727,0.03764,0
1950724,0.0701,0
1950726,0.03764,0
1949155,0.010432,0
1950722,0.02214,0
1950728,0.0,0
1943612,0.071161,0
1950738,0.081197,0
1897745,0.081197,0
1950733,0.03764,0
1949645,0.071161,0
1950712,0.03764,0
1950741,0.010432,0
1950731,0.0701,0
1950756,0.081197,0
1950516,0.090038,0
1950748,0.009709,0
1950719,0.199067,0
1949526,0.0701,0
1950354,0.0,0
1950472,0.071161,0
1943455,0.010432,0
1949358,0.016746,0
1950631,0.0701,0
1950662,0.02214,0
1950772,0.016667,0
1950759,0.016667,0
1800751,0.016746,0
1950773,0.199067,0
1950097,0.071161,0
1950777,0.03764,0
1950182,0.090038,0
1949206,0.071161,0
1950787,0.071161,0
1950786,0.010432,0
1950618,0.010432,0
1950792,0.0701,0
1949646,0.015,0
1950789,0.071161,0
1950739,0.016667,0
1950799,0.071161,0
1950776,0.071161,0
1950801,0.03764,0
1949800,0.046875,0
1950803,0.03764,0
1950808,0.199067,0
1950793,0.03764,0
1950804,0.00885,0
1950806,0.03764,0
1950811,0.009709,0
1947095,0.016746,0
1950419,0.009709,0
1948285,0.015,0
1950815,0.03764,0
1938701,0.199067,0
1950791,0.0701,0
1857733,0.071161,0
1950809,0.08,0
1950143,0.015,0
1950810,0.0701,0
1950818,0.017544,0
1950822,0.090038,0
1950825,0.151292,0
1950833,0.03764,0
1950820,0.090038,0
1950834,0.071161,0
1950837,0.010432,0
1835176,0.071161,0
1950836,0.03764,0
1949527,0.107884,0
1938890,0.015,0
1950730,0.161698,0
1950845,0.02214,0
1949981,0.015,0
1950752,0.017544,0
1950851,0.161698,0
1949961,0.02214,0
1950656,0.071161,0
1950849,0.0701,0
1950860,0.016746,0
1947876,0.071161,0
1950393,0.071161,0
1950819,0.03764,0
1950866,0.08,0
1950870,0.0701,0
1950784,0.016746,0
1950526,0.02214,0
1950875,0.161698,0
1950642,0.03764,0
1950872,0.199593,0
1950879,0.016746,0
1950867,0.071161,0
1949426,0.071161,0
1950817,0.016667,0
1926660,0.010432,0
1950839,0.010432,0
1950807,0.003937,0
1950885,0.015,0
1950882,0.03764,0
1950886,0.010432,0
1950892,0.081197,0
1836005,0.090038,0
1950898,0.03764,0
1950899,0.081197,0
1950261,0.090038,0
1950537,0.010432,0
1949470,0.0701,0
1943275,0.161698,0
1950901,0.107884,0
1950906,0.03764,0
1950905,0.199593,0
1949452,0.0701,0
1948815,0.071161,0
1950581,0.0701,0
1950896,0.03764,0
1950909,0.016746,0
1950113,0.0701,0
1950780,0.21875,0
1950910,0.03764,0
1950164,0.151292,0
1945261,0.151292,0
1950296,0.151292,0
1950241,0.071161,0
1950902,0.03764,0
1950908,0.003319,0
1950917,0.161698,0
1946590,0.010432,0
1944759,0.016667,0
1950925,0.0,0
1950927,0.081197,0
1950926,0.081197,0
1950929,0.003319,0
1950871,0.03764,0
1950783,0.017544,0
1950938,0.03764,0
1950944,0.03764,0
1950946,0.02214,0
1950948,0.00885,0
1950931,0.081197,0
1950951,0.003937,0
1950399,0.03764,0
1950953,0.016746,0
1950941,0.010432,0
1950945,0.03764,0
1947149,0.016746,0
1950956,0.022222,0
1949562,0.081197,0
1950955,0.016667,0
1950923,0.003319,0
1950958,0.03764,0
1950960,0.046875,0
1931783,0.017544,0
1949253,0.015,0
1942608,0.151292,0
1949428,0.009709,0
1950970,0.081197,0
1950436,0.107884,0
1950982,0.003937,0
1950979,0.0701,0
1950959,0.016667,0
1950387,0.199067,0
1950985,0.0701,0
1950974,0.02214,0
1950986,0.161698,0
1950988,0.161698,0
1946981,0.016667,0
1950372,0.022222,0
1950994,0.016746,0
1950158,0.071161,0
1950954,0.071161,0
1951002,0.015,0
1951006,0.08,0
1950987,0.0701,0
1951007,0.0701,0
1950310,0.003937,0
1950521,0.010432,0
1950934,0.010432,0
1951016,0.02214,0
1951019,0.003319,0
1951021,0.0,0
1950520,0.151292,0
1950599,0.046875,0
1950079,0.00885,0
1950846,0.081197,0
1951005,0.081197,0
1948641,0.03764,0
1252968,0.046875,0
1949652,0.03764,0
1951033,0.081197,0
1950913,0.151292,0
1950765,0.02214,0
1951035,0.0701,0
1951041,0.03764,0
1951045,0.0,0
1951040,0.0701,0
1950950,0.009709,0
1951046,0.071161,0
1951053,0.016667,0
1951057,0.071161,0
1951061,0.03764,0
1951055,0.03764,0
1951062,0.161698,0
1950933,0.071161,0
1950768,0.0701,0
1951071,0.071161,0
1951072,0.090038,0
1951089,0.142857,0
1951106,0.03764,0
1951103,0.010432,0
1951079,0.071161,0
1951075,0.003937,0
1753208,0.02214,0
1951118,0.095541,0
1948426,0.00885,0
1951100,0.010432,0
1951081,0.015,0
1951123,0.016746,0
1951121,0.02214,0
1951128,0.016667,0
1951120,0.003319,0
1951130,0.03764,0
1951124,0.151292,0
1951127,0.015,0
1951132,0.0701,0
1951091,0.010432,0
1951133,0.071161,0
1951142,0.090038,0
1937969,0.151292,0
1951101,0.107884,0
1951150,0.151292,0
1935013,0.081197,0
1951151,0.02214,0
1951152,0.010432,0
1950873,0.010432,0
1951156,0.009709,0
1950969,0.003937,0
1941960,0.02214,0
1945003,0.071161,0
1951137,0.015,0
1951153,0.010432,0
1951162,0.009709,0
1951164,0.0701,0
1950236,0.03764,0
1951122,0.003319,0
1951170,0.016746,0
1951167,0.03764,0
1951179,0.0701,0
1950943,0.017544,0
1950681,0.016667,0
1950971,0.010432,0
1951192,0.151292,0
1950848,0.199067,0
1951201,0.046875,0
1951202,0.071161,0
1951195,0.107884,0
1951208,0.016746,0
1950121,0.071161,0
1951214,0.016746,0
1951172,0.03764,0
1951221,0.090038,0
1951174,0.03764,0
1951207,0.010432,0
1949701,0.009709,0
1951051,0.046875,0
1950316,0.0701,0
1951235,0.03764,0
1951232,0.0701,0
1928578,0.0701,0
1951234,0.010432,0
1951237,0.071161,0
1951220,0.081197,0
1951197,0.010432,0
1951242,0.016667,0
1951250,0.016667,0
1951246,0.00885,0
1951256,0.071161,0
1950743,0.017544,0
1951258,0.02214,0
1951259,0.090038,0
1951255,0.03764,0
1951251,0.017544,0
1557537,0.151292,0
1951261,0.022222,0
1951273,0.0701,0
1951270,0.071161,0
1951275,0.0701,0
1951287,0.00885,0
1951284,0.107884,0
1951274,0.010432,0
1951289,0.016667,0
1951293,0.0701,0
1951292,0.071161,0
1951298,0.003937,0
1951301,0.016667,0
1951305,0.010432,0
1951299,0.161698,0
1950796,0.010432,0
1951315,0.010432,0
1951316,0.0701,0
1951311,0.00885,0
1951317,0.095541,0
1764610,0.046875,0
1951336,0.003319,0
1905186,0.016667,0
1951339,0.107884,0
1951334,0.015,0
1951313,0.015,0
1949821,0.016746,0
1951338,0.02214,0
1951342,0.071161,0
1951326,0.003319,0
1951253,0.016746,0
1951348,0.016746,0
1951355,0.010432,0
1951360,0.010432,0
1951363,0.010432,0
1951364,0.003319,0
1951371,0.046875,0
1951365,0.017544,0
1951369,0.081197,0
1951349,0.0701,0
1951374,0.03764,0
1949982,0.0701,0
1951361,0.010432,0
1951353,0.046875,0
1948350,0.081197,0
1950737,0.046875,0
1951380,0.151292,0
1951377,0.090038,0
1951390,0.022222,0
1951388,0.090038,0
1951384,0.0701,0
1951376,0.003319,0
1951387,0.107884,0
1951392,0.03764,0
1951394,0.016746,0
1951397,0.009709,0
1951401,0.161698,0
1951391,0.161698,0
1951404,0.016667,0
1950466,0.151292,0
1950053,0.199593,0
1951406,0.03764,0
1951247,0.00885,0
1951407,0.003319,0
1951410,0.090038,0
1951413,0.016746,0
1951422,0.02214,0
1951403,0.0701,0
1951423,0.046875,0
1951428,0.090038,0
1951435,0.071161,0
1951425,0.022222,0
1951450,0.081197,0
1951445,0.003937,0
1951458,0.010432,0
1951461,0.015,0
1951462,0.161698,0
1951468,0.090038,0
1951465,0.03764,0
1950666,0.081197,0
1951434,0.161698,0
1951469,0.0701,0
1951472,0.071161,0
1951411,0.071161,0
1951453,0.010432,0
1951396,0.046875,0
1951483,0.003319,0
474888,0.071161,0
1951485,0.010432,0
1951488,0.010432,0
1951487,0.010432,0
1948698,0.010432,0
1951497,0.003937,0
1951494,0.003319,0
1951238,0.0701,0
1951502,0.0,0
1951504,0.0701,0
1951493,0.003319,0
1951503,0.071161,0
1951505,0.095541,0
1951506,0.02214,0
1951512,0.003937,0
1951480,0.161698,0
1951510,0.00885,0
1948461,0.081197,0
1951515,0.016746,0
1951509,0.071161,0
1951522,0.010432,0
1951519,0.03764,0
1951113,0.00885,0
1951529,0.010432,0
1910401,0.071161,0
1951525,0.03764,0
1951541,0.0701,0
1951537,0.02214,0
1951540,0.02214,0
1947788,0.003319,0
1951531,0.016667,0
1951544,0.0701,0
1951538,0.003319,0
1951474,0.015,0
1951546,0.003319,0
1951548,0.03764,0
1951550,0.090038,0
1951553,0.015,0
1951460,0.010432,0
1951536,0.081197,0
1951545,0.071161,0
1951556,0.0,0
1951018,0.022222,0
1951560,0.00885,0
1951559,0.016746,0
1951017,0.03764,0
1951566,0.02214,0
1951571,0.016746,0
1950600,0.03764,0
1951574,0.02214,0
1951576,0.046875,0
1950103,0.0701,0
1951579,0.0,0
1949611,0.016746,0
1951582,0.009709,0
1951584,0.161698,0
1951585,0.071161,0
1951372,0.016746,0
1951590,0.046875,0
1951593,0.21875,0
1951592,0.010432,0
1951577,0.03764,0
1951595,0.00885,0
1950439,0.015,0
1951602,0.071161,0
1951343,0.016746,0
1951609,0.090038,0
1951613,0.022222,0
1951617,0.0701,0
1951498,0.071161,0
1951624,0.010432,0
1951628,0.071161,0
1951631,0.151292,0
1948439,0.016746,0
1951210,0.03764,0
1951633,0.015,0
1951191,0.0701,0
1951620,0.022222,0
1951467,0.03764,0
1951603,0.0,0
1951659,0.016667,0
1951648,0.03764,0
1921830,0.0701,0
1951663,0.0701,0
1951666,0.010432,0
1951668,0.21875,0
1951671,0.010432,0
1951677,0.081197,0
1950208,0.016746,0
1951680,0.0701,0
1951656,0.046875,0
1951683,0.046875,0
1951687,0.090038,0
1951690,0.0701,0
1951692,0.03764,0
1951700,0.0701,0
1951694,0.081197,0
1951697,0.071161,0
1940358,0.0701,0
1951327,0.02214,0
1951514,0.0701,0
1951698,0.003937,0
1951708,0.016667,0
1951706,0.02214,0
1951616,0.010432,0
1951719,0.090038,0
1951721,0.0701,0
1951217,0.02214,0
1949770,0.010432,0
1951723,0.022222,0
1951395,0.161698,0
1951414,0.022222,0
1951733,0.071161,0
1951735,0.0701,0
1951736,0.016746,0
1951734,0.0701,0
1951737,0.0701,0
1951743,0.03764,0
1951738,0.151292,0
1951739,0.009709,0
1951744,0.022222,0
1951696,0.017544,0
1951748,0.017544,0
1951746,0.03764,0
1951749,0.161698,0
1951758,0.02214,0
1951756,0.151292,0
1951759,0.03764,0
1951761,0.071161,0
1951753,0.161698,0
1951770,0.199593,0
1951764,0.0701,0
1435076,0.046875,0
1951776,0.03764,0
1951715,0.046875,0
1951766,0.010432,0
1951340,0.071161,0
1951452,0.095541,0
1951794,0.03764,0
1894392,0.0701,0
1951107,0.151292,0
1951797,0.016667,0
1951804,0.02214,0
1951182,0.016746,0
1951796,0.071161,0
1951337,0.010432,0
1951793,0.090038,0
1951801,0.02214,0
1951815,0.081197,0
696469,0.03764,0
1951799,0.016667,0
1951790,0.095541,0
1951822,0.016746,0
1951827,0.090038,0
1561396,0.090038,0
1951825,0.016667,0
1951426,0.0701,0
1951828,0.009709,0
1951829,0.010432,0
1951834,0.016746,0
1951835,0.015,0
1951819,0.003937,0
1951855,0.0701,0
1941485,0.081197,0
1951857,0.003319,0
1951779,0.03764,0
1951851,0.03764,0
1951859,0.022222,0
1951778,0.03764,0
1951866,0.003319,0
1951854,0.016746,0
1951858,0.0701,0
1951869,0.016667,0
1951875,0.003319,0
1951885,0.0701,0
1951882,0.071161,0
1779099,0.161698,0
1951850,0.010432,0
1951886,0.02214,0
1951867,0.03764,0
1951889,0.003319,0
1951887,0.046875,0
1777121,0.107884,0
1951892,0.03764,0
1951881,0.03764,0
1951389,0.03764,0
1951893,0.071161,0
1951901,0.02214,0
1951243,0.003319,0
1951852,0.081197,0
1951296,0.090038,0
1951864,0.010432,0
1951900,0.0701,0
1951906,0.081197,0
1951899,0.03764,0
1951769,0.02214,0
1951927,0.02214,0
1951916,0.003319,0
1951910,0.081197,0
1951918,0.161698,0
1951913,0.161698,0
1951937,0.071161,0
1951940,0.151292,0
1951909,0.0701,0
1951933,0.0701,0
1951557,0.0701,0
1951912,0.071161,0
1951945,0.015,0
1951926,0.02214,0
1951929,0.0701,0
1951954,0.015,0
1951942,0.017544,0
1951944,0.015,0
1951956,0.03764,0
1951938,0.071161,0
1951042,0.03764,0
1951947,0.081197,0
1951935,0.016667,0
1951960,0.03764,0
1951966,0.081197,0
1951917,0.03764,0
1951922,0.015,0
1951967,0.081197,0
1951970,0.046875,0
1951964,0.003937,0
1951931,0.0,0
1951841,0.071161,0
1951840,0.151292,0
1951987,0.003937,0
1951984,0.090038,0
1951986,0.090038,0
1951993,0.02214,0
1951973,0.00885,0
1951990,0.081197,0
1951995,0.016746,0
1951972,0.081197,0
1951874,0.0701,0
1952001,0.016746,0
1951999,0.017544,0
1952002,0.003319,0
1951998,0.03764,0
1952008,0.161698,0
1952007,0.010432,0
1952004,0.081197,0
1941800,0.02214,0
1952005,0.03764,0
1952014,0.0701,0
1951206,0.03764,0
1952015,0.016667,0
1952018,0.071161,0
1952032,0.017544,0
1952022,0.022222,0
1952023,0.071161,0
1952034,0.090038,0
1952030,0.199067,0
1952020,0.151292,0
1952038,0.151292,0
1952016,0.090038,0
1952045,0.015,0
1952037,0.010432,0
1952041,0.071161,0
1952029,0.090038,0
1952047,0.071161,0
1952051,0.016667,0
1949281,0.010432,0
1952058,0.161698,0
1952060,0.003937,0
1949807,0.03764,0
1952061,0.161698,0
1951941,0.21875,0
1952069,0.03764,0
1952072,0.003937,0
1950511,0.081197,0
1952074,0.010432,0
1952062,0.03764,0
1952077,0.081197,0
1951357,0.03764,0
1926744,0.081197,0
1952075,0.03764,0
1952064,0.010432,0
1952081,0.015,0
1952052,0.016667,0
1952028,0.151292,0
1951125,0.010432,0
1951789,0.081197,0
1951996,0.03764,0
1952090,0.071161,0
1952101,0.017544,0
1952096,0.03764,0
1951095,0.015,0
1952105,0.03764,0
1952010,0.003319,0
1952112,0.02214,0
1739100,0.090038,0
1951650,0.016667,0
1952094,0.003319,0
1952122,0.081197,0
1952123,0.03764,0
1952127,0.003319,0
1952140,0.071161,0
1951861,0.02214,0
1952143,0.016746,0
1952152,0.0701,0
1952158,0.03764,0
1951379,0.071161,0
1952161,0.0701,0
1952164,0.003937,0
1952165,0.003319,0
1952169,0.03764,0
1952117,0.081197,0
1952171,0.081197,0
1952174,0.017544,0
1952033,0.071161,0
1951418,0.071161,0
1952173,0.03764,0
1951934,0.015,0
1952180,0.003319,0
1952166,0.0701,0
1951831,0.081197,0
1952196,0.0701,0
1950700,0.017544,0
1951969,0.03764,0
1952048,0.00885,0
1951277,0.03764,0
1735559,0.107884,0
1951052,0.010432,0
1944649,0.071161,0
1951632,0.016746,0
1952139,0.071161,0
1951003,0.009709,0
1951183,0.00885,0
1951915,0.015,0
1952204,0.081197,0
1951126,0.03764,0
1951567,0.016667,0
1951456,0.071161,0
1952205,0.016667,0
1951205,0.03764,0
1950507,0.071161,0
1951069,0.03764,0
1834253,0.03764,0
1951784,0.017544,0
1951486,0.003319,0
1952144,0.161698,0
1951601,0.016667,0
1951116,0.016746,0
1951112,0.017544,0
1951847,0.095541,0
1952210,0.03764,0
1951085,0.107884,0
1952208,0.010432,0
1952211,0.03764,0
1952212,0.081197,0
1947708,0.016746,0
1952214,0.081197,0
1952224,0.003319,0
1952225,0.003319,0
1951876,0.081197,0
1950705,0.016746,0
1951347,0.03764,0
1952217,0.03764,0
1952227,0.0701,0
1952235,0.03764,0
1952232,0.022222,0
1952238,0.00885,0
1952241,0.02214,0
1952242,0.03764,0
1952246,0.016746,0
1952244,0.03764,0
1952245,0.015,0
1952243,0.00885,0
1895820,0.016746,0
1952248,0.00885,0
1948634,0.010432,0
1952261,0.015,0
1952267,0.00885,0
1952264,0.0701,0
1952270,0.010432,0
1951810,0.010432,0
1952260,0.003937,0
1951816,0.016746,0
1951094,0.016746,0
1952262,0.03764,0
1951067,0.016746,0
1952147,0.017544,0
1952240,0.090038,0
1952266,0.02214,0
1952273,0.03764,0
1952278,0.142857,0
1952280,0.08,0
1952271,0.03764,0
1952275,0.03764,0
1952290,0.071161,0
1952234,0.081197,0
1952297,0.010432,0
1952276,0.009709,0
1952272,0.0701,0
1952254,0.03764,0
1952296,0.0701,0
1952295,0.199067,0
1952289,0.161698,0
1952288,0.03764,0
1952291,0.0701,0
1952308,0.071161,0
1952310,0.016746,0
1952309,0.071161,0
1952274,0.017544,0
1952302,0.03764,0
1952315,0.03764,0
1952317,0.161698,0
1898785,0.0701,0
1943433,0.046875,0
1952318,0.199593,0
1952294,0.046875,0
1952327,0.046875,0
1952314,0.081197,0
1952326,0.016746,0
1952325,0.016746,0
1952316,0.016746,0
1952300,0.046875,0
1952111,0.0701,0
1952305,0.022222,0
1952322,0.0701,0
1950847,0.03764,0
1951443,0.0701,0
1952320,0.046875,0
1952341,0.016746,0
1951324,0.161698,0
1952340,0.03764,0
1952332,0.02214,0
1952345,0.016746,0
1952334,0.010432,0
1952218,0.0701,0
1952344,0.081197,0
1952352,0.081197,0
1952353,0.081197,0
1952354,0.161698,0
1952364,0.071161,0
1952349,0.0701,0
1950454,0.003319,0
1952357,0.03764,0
1952361,0.03764,0
1952373,0.00885,0
1951870,0.03764,0
1952370,0.03764,0
1951781,0.016746,0
1952367,0.081197,0
1952369,0.016667,0
1952383,0.03764,0
1952390,0.009709,0
1952386,0.095541,0
1952387,0.0701,0
1948153,0.161698,0
1952395,0.00885,0
1952372,0.071161,0
1952399,0.022222,0
1952375,0.016667,0
1952303,0.0701,0
1952371,0.090038,0
1952415,0.081197,0
1947470,0.003937,0
1937863,0.081197,0
1952259,0.03764,0
1952421,0.016667,0
1952420,0.071161,0
1952428,0.0701,0
1952422,0.03764,0
1952435,0.046875,0
1952434,0.161698,0
1952431,0.0701,0
1952430,0.107884,0
1952253,0.090038,0
1951050,0.081197,0
1952417,0.03764,0
1952368,0.010432,0
1952441,0.010432,0
1952392,0.015,0
1926374,0.071161,0
1952414,0.046875,0
1952409,0.071161,0
1952408,0.015,0
1952402,0.071161,0
1952440,0.071161,0
1951907,0.0701,0
1952396,0.009709,0
1952091,0.161698,0
1950141,0.107884,0
1952444,0.016667,0
1060433,0.03764,0
1951078,0.02214,0
1952321,0.010432,0
1952447,0.081197,0
1952230,0.0701,0
1951440,0.003937,0
1826469,0.02214,0
1951333,0.022222,0
1952448,0.010432,0
1951368,0.00885,0
1952452,0.03764,0
1952450,0.03764,0
1952176,0.03764,0
1952451,0.016667,0
1952458,0.071161,0
1923398,0.161698,0
1952418,0.0701,0
1952423,0.016746,0
1952356,0.03764,0
1952454,0.161698,0
1893967,0.0701,0
1952468,0.03764,0
1952465,0.022222,0
1951732,0.022222,0
1952471,0.03764,0
1952455,0.010432,0
1952481,0.0701,0
1952479,0.016746,0
1952461,0.02214,0
1948838,0.03764,0
1952486,0.071161,0
1927938,0.090038,0
1952483,0.071161,0
1952490,0.003319,0
1952488,0.00885,0
1952484,0.02214,0
1952311,0.03764,0
1952498,0.151292,0
1952494,0.071161,0
1952480,0.046875,0
1952497,0.0701,0
1952505,0.071161,0
1952487,0.016667,0
1952403,0.017544,0
1952500,0.071161,0
1952476,0.071161,0
1952226,0.010432,0
1952284,0.090038,0
1952499,0.016746,0
1952509,0.03764,0
1952514,0.03764,0
1952511,0.017544,0
1780951,0.161698,0
1952503,0.071161,0
1938940,0.046875,0
1951302,0.071161,0
1951879,0.107884,0
1952496,0.151292,0
1952522,0.107884,0
1950684,0.016746,0
1952528,0.03764,0
1951097,0.03764,0
1952515,0.00885,0
1952380,0.107884,0
1952523,0.03764,0
1952531,0.199067,0
1951610,0.0701,0
1952534,0.016667,0
1951063,0.0701,0
1949438,0.071161,0
1952493,0.03764,0
1952527,0.03764,0
1952546,0.046875,0
1952460,0.02214,0
1952545,0.003319,0
1952436,0.0701,0
1952548,0.03764,0
1952520,0.010432,0
1949419,0.003937,0
1952540,0.03764,0
1952557,0.071161,0
1952562,0.010432,0
1952539,0.03764,0
1952570,0.081197,0
1952462,0.08,0
1952432,0.107884,0
1952567,0.046875,0
1952556,0.151292,0
1952561,0.142857,0
1952116,0.046875,0
1952581,0.071161,0
1952577,0.21875,0
1952587,0.028024,0
1952573,0.161698,0
1952586,0.107884,0
1952277,0.081197,0
1952592,0.03764,0
1952595,0.081197,0
1952593,0.071161,0
1952255,0.0701,0
1952604,0.003319,0
1952590,0.0701,0
1952589,0.02214,0
1952597,0.017544,0
1952596,0.107884,0
1952609,0.199593,0
1951433,0.03764,0
1951902,0.010432,0
1938838,0.017544,0
1952374,0.02214,0
1916361,0.016667,0
1951280,0.00885,0
1952359,0.010432,0
1950858,0.00885,0
1952477,0.0,0
1952603,0.02214,0
1952501,0.071161,0
1947882,0.003937,0
1952413,0.03764,0
1951484,0.016746,0
1952601,0.02214,0
1952424,0.03764,0
1951712,0.081197,0
1952213,0.071161,0
1952608,0.0701,0
1924464,0.016667,0
1952572,0.071161,0
1952626,0.016746,0
481126,0.015,0
1952629,0.03764,0
1952620,0.0701,0
1952635,0.016746,0
1952645,0.071161,0
1952667,0.046875,0
1952636,0.02214,0
1952641,0.0701,0
1952639,0.0701,0
1952668,0.0701,0
1952660,0.00885,0
1952666,0.02214,0
1952606,0.046875,0
1952653,0.071161,0
1952662,0.00885,0
1952646,0.016667,0
1670935,0.081197,0
1952665,0.016746,0
1952671,0.03764,0
1952553,0.010432,0
1952692,0.010432,0
1952502,0.046875,0
1952625,0.03764,0
1952694,0.0701,0
1952677,0.010432,0
1952709,0.010432,0
1952698,0.010432,0
1952703,0.010432,0
1952482,0.090038,0
1952717,0.02214,0
1952685,0.0701,0
1952693,0.017544,0
1952696,0.046875,0
1948125,0.081197,0
1952731,0.009709,0
1952681,0.071161,0
1952638,0.016667,0
1952701,0.071161,0
1952739,0.081197,0
1952103,0.02214,0
1952650,0.0701,0
1952740,0.0701,0
1952732,0.03764,0
1946227,0.016746,0
1952125,0.071161,0
1952702,0.046875,0
1952746,0.0701,0
1952733,0.071161,0
1952735,0.02214,0
1952405,0.21875,0
1952711,0.071161,0
1952727,0.071161,0
1952728,0.010432,0
1952726,0.003319,0
1952768,0.03764,0
1946628,0.03764,0
1951637,0.016746,0
1952475,0.071161,0
1952602,0.03764,0
1952630,0.0701,0
1950435,0.003319,0
1952684,0.0701,0
1952782,0.071161,0
1952783,0.071161,0
1952771,0.016667,0
1952786,0.0701,0
1952610,0.046875,0
1952672,0.03764,0
1952788,0.071161,0
1952612,0.016667,0
1952439,0.016746,0
1952775,0.046875,0
1945001,0.090038,0
1952536,0.016667,0
1952807,0.00885,0
1952806,0.00885,0
1952720,0.016746,0
1952799,0.0701,0
1952787,0.090038,0
1952813,0.03764,0
1952798,0.0701,0
1952824,0.08,0
1952816,0.016667,0
1952831,0.02214,0
1952826,0.081197,0
1952815,0.0701,0
1952360,0.03764,0
1952829,0.017544,0
1952830,0.022222,0
1952820,0.03764,0
1952781,0.071161,0
1812299,0.02214,0
1952689,0.02214,0
1952825,0.03764,0
1946733,0.071161,0
1952675,0.03764,0
1952842,0.071161,0
1951523,0.0701,0
1952837,0.016746,0
1946060,0.010432,0
1952850,0.010432,0
1952758,0.0701,0
1952039,0.017544,0
1952846,0.071161,0
1952761,0.015,0
1864452,0.017544,0
1952854,0.015,0
1952627,0.02214,0
1952851,0.199067,0
1952818,0.0701,0
1951381,0.02214,0
1952863,0.010432,0
1952872,0.15493,0
1952869,0.017544,0
1952855,0.02214,0
1952871,0.071161,0
1934092,0.016746,0
1952874,0.090038,0
1952679,0.016746,0
1952800,0.081197,0
1800274,0.107884,0
1952810,0.161698,0
1952895,0.03764,0
1952889,0.071161,0
1951405,0.161698,0
1952896,0.046875,0
1952883,0.071161,0
1952881,0.107884,0
1952885,0.081197,0
1952605,0.010432,0
1952900,0.015,0
1952886,0.071161,0
1949636,0.00885,0
1952866,0.010432,0
1952892,0.046875,0
1949858,0.03764,0
1948905,0.010432,0
1952904,0.009709,0
1952893,0.03764,0
1952575,0.0701,0
1952911,0.107884,0
1952843,0.03764,0
1952865,0.022222,0
1947698,0.046875,0
1952903,0.03764,0
1952640,0.046875,0
1952858,0.046875,0
1951720,0.0,0
1952879,0.081197,0
1952926,0.046875,0
1952923,0.016667,0
1952905,0.010432,0
1952933,0.003319,0
1952930,0.081197,0
1952894,0.151292,0
1952779,0.03764,0
1952054,0.071161,0
1952939,0.010432,0
1951552,0.046875,0
1952938,0.03764,0
1947746,0.015,0
1952944,0.00885,0
1952955,0.02214,0
1952983,0.03764,0
1952985,0.017544,0
1952773,0.03764,0
1952998,0.010432,0
1952989,0.00885,0
1952977,0.010432,0
1952979,0.003319,0
1952973,0.071161,0
1952921,0.016667,0
1952298,0.081197,0
1952991,0.161698,0
1951599,0.016746,0
1952928,0.161698,0
1953001,0.009709,0
1952974,0.022222,0
1952982,0.022222,0
1953032,0.009709,0
1952990,0.107884,0
1953023,0.003319,0
1953015,0.081197,0
1952780,0.016746,0
1953033,0.151292,0
1953034,0.071161,0
1953042,0.046363,0
1953040,0.015,0
1944017,0.151292,0
1948524,0.03764,0
1953031,0.016746,0
1952584,0.151292,0
1947334,0.016667,0
1935278,0.0701,0
1953051,0.003319,0
1952132,0.071161,0
1953046,0.016667,0
1951108,0.015,0
1952560,0.009709,0
1953050,0.00885,0
1953079,0.02214,0
1952805,0.02214,0
1951351,0.0701,0
1953066,0.071161,0
1953081,0.016746,0
1953086,0.161698,0
1952814,0.00885,0
1953084,0.016667,0
1953082,0.071161,0
1951521,0.071161,0
1953075,0.02214,0
1953078,0.010432,0
1952908,0.016746,0
1950593,0.151292,0
1953090,0.161698,0
1953092,0.010432,0
1953074,0.016746,0
1953083,0.016667,0
1953098,0.017544,0
1953087,0.015,0
1952934,0.161698,0
1953085,0.199067,0
1953105,0.090038,0
1951955,0.02214,0
1952182,0.03764,0
1953104,0.03764,0
1953103,0.0701,0
1905702,0.071161,0
1952956,0.03764,0
1953113,0.003319,0
1952623,0.046875,0
1953108,0.0,0
1951513,0.016667,0
1953111,0.090038,0
1952652,0.03764,0
1953131,0.046875,0
1952588,0.003937,0
1948882,0.090038,0
1952967,0.15493,0
1953130,0.071161,0
1953117,0.161698,0
1953139,0.03764,0
1953146,0.071161,0
1952342,0.107884,0
1952966,0.022222,0
1953128,0.03764,0
1953138,0.0701,0
1953159,0.0701,0
1953161,0.010432,0
1953071,0.00885,0
1951303,0.071161,0
1953172,0.015,0
1953137,0.016746,0
1953166,0.0701,0
1953152,0.00885,0
1952965,0.161698,0
1952472,0.0701,0
1953175,0.151292,0
1952762,0.0,0
1953168,0.107884,0
1953155,0.0701,0
1950491,0.02214,0
1953141,0.161698,0
1951344,0.071161,0
1953171,0.071161,0
1953182,0.03764,0
1953187,0.046875,0
1953183,0.03764,0
1953194,0.00885,0
1952170,0.0701,0
1952086,0.02214,0
1953209,0.0701,0
1953157,0.0701,0
1952929,0.151292,0
1953198,0.046875,0
1953195,0.010432,0
1953203,0.071161,0
1953176,0.03764,0
1953026,0.095541,0
1953206,0.02214,0
1953170,0.090038,0
1953044,0.0701,0
1952811,0.071161,0
1952888,0.010432,0
1953191,0.010432,0
1953199,0.02214,0
1953136,0.0701,0
1953196,0.081197,0
1953226,0.107884,0
1952485,0.016667,0
1951283,0.071161,0
1953237,0.03764,0
1953201,0.03764,0
1953224,0.071161,0
1953223,0.071161,0
1951034,0.00885,0
1953210,0.016746,0
1952922,0.003319,0
1953216,0.071161,0
1953241,0.0701,0
1953233,0.03764,0
1953214,0.03764,0
1953231,0.010432,0
1953212,0.03764,0
1953246,0.0701,0
1953244,0.010432,0
1953248,0.03764,0
1952936,0.081197,0
1953253,0.016667,0
1953256,0.161698,0
1953261,0.199067,0
1953267,0.016667,0
1953268,0.010432,0
1953263,0.046875,0
1953147,0.081197,0
1953273,0.071161,0
1953064,0.0701,0
1953280,0.071161,0
1953259,0.02214,0
1951534,0.081197,0
1953277,0.0701,0
1953279,0.081197,0
1953284,0.03764,0
1952568,0.081197,0
1953283,0.017544,0
1953106,0.0701,0
1952053,0.017544,0
1953053,0.02214,0
1953289,0.090038,0
1953286,0.046875,0
1953297,0.107884,0
1953301,0.081197,0
1953291,0.071161,0
1951568,0.03764,0
1953282,0.071161,0
1953300,0.015,0
1953271,0.071161,0
1953299,0.010432,0
1953319,0.015,0
1952582,0.016746,0
1952600,0.009709,0
1953317,0.071161,0
1953324,0.0701,0
1953321,0.03764,0
1953327,0.02214,0
1953330,0.03764,0
1953221,0.161698,0
1953340,0.071161,0
1951930,0.081197,0
1953102,0.03764,0
1953333,0.071161,0
1953347,0.015,0
1953349,0.071161,0
1953336,0.0701,0
1952579,0.022222,0
1950373,0.081197,0
1953352,0.090038,0
1953331,0.0701,0
1953344,0.151292,0
1953313,0.151292,0
1953359,0.00885,0
1927986,0.071161,0
1953358,0.02214,0
1953353,0.016667,0
1950334,0.016667,0
1944486,0.081197,0
1953351,0.02214,0
1953222,0.022222,0
1952832,0.0701,0
1909564,0.010432,0
1952401,0.016667,0
1953229,0.017544,0
1952011,0.03764,0
1953236,0.03764,0
1953342,0.046875,0
1953383,0.046875,0
1953361,0.151292,0
1950044,0.03764,0
1953003,0.081197,0
1953382,0.010432,0
1953387,0.03764,0
1952304,0.095541,0
1953292,0.151292,0
1953140,0.00885,0
1953169,0.046875,0
1953397,0.015,0
1951684,0.03764,0
1953376,0.03764,0
1952470,0.03764,0
1953400,0.199067,0
1953392,0.00885,0
1953234,0.071161,0
1953088,0.03764,0
1953391,0.081197,0
1953312,0.071161,0
1927159,0.071161,0
1953302,0.107884,0
1951742,0.015,0
1953407,0.071161,0
1952013,0.161698,0
1953410,0.0701,0
1952563,0.046875,0
1953416,0.142857,0
1952971,0.03764,0
1953421,0.03764,0
1953415,0.107884,0
1950061,0.151292,0
1953404,0.016746,0
1953426,0.016746,0
1953365,0.03764,0
1953428,0.03764,0
1952394,0.016667,0
1952504,0.016746,0
1943436,0.081197,0
1952876,0.03764,0
1349004,0.010432,0
1953437,0.03764,0
1953260,0.046875,0
1953439,0.046875,0
1953445,0.071161,0
1953436,0.03764,0
1951979,0.009709,0
1953444,0.192661,0
1953442,0.107884,0
1953446,0.016667,0
1953440,0.161698,0
1953311,0.03764,0
1953379,0.03764,0
1953414,0.071161,0
1953453,0.071161,0
1953239,0.010432,0
1909547,0.0701,0
1953461,0.016667,0
1953449,0.046875,0
1953467,0.017544,0
1951591,0.0701,0
1952849,0.016746,0
1953375,0.081197,0
1953479,0.046875,0
1953472,0.151292,0
1953381,0.016746,0
1953465,0.161698,0
1953477,0.03764,0
1953020,0.017544,0
1953502,0.015,0
1953451,0.071161,0
1953405,0.081197,0
1953503,0.010432,0
1953514,0.081197,0
1791442,0.00885,0
1953515,0.0701,0
1953505,0.003319,0
1953524,0.02214,0
1937238,0.015,0
1953517,0.003937,0
1953533,0.003928,0
1953540,0.090038,0
1953526,0.02214,0
1953537,0.0701,0
1953528,0.03764,0
1953527,0.016746,0
1953513,0.0,0
1953060,0.161698,0
1953266,0.016667,0
1953546,0.071161,0
1953520,0.010432,0
1953544,0.02214,0
1952257,0.03764,0
1953500,0.00885,0
1953549,0.15493,0
1953521,0.015,0
1953550,0.071161,0
1953457,0.00885,0
1951976,0.095541,0
1953250,0.03764,0
1953398,0.022222,0
1953516,0.016667,0
1953408,0.151292,0
1952124,0.071161,0
1952084,0.015,0
1952962,0.016746,0
1953538,0.03764,0
1952853,0.071161,0
1953434,0.016667,0
1952576,0.016746,0
1953563,0.00885,0
1953583,0.016746,0
1953494,0.199067,0
1949881,0.151292,0
1953581,0.016667,0
1952388,0.00885,0
1953458,0.03764,0
1953573,0.003319,0
1953596,0.003319,0
1953599,0.03764,0
1953608,0.046875,0
1953582,0.03764,0
1953611,0.081197,0
1953610,0.161593,0
1953597,0.071161,0
1953462,0.016667,0
1953612,0.08,0
1953616,0.02214,0
1942459,0.151292,0
1953619,0.071161,0
1952682,0.03764,0
1953561,0.017544,0
1953617,0.03764,0
1953622,0.010432,0
1953615,0.009709,0
1953548,0.00885,0
1953497,0.081197,0
1949661,0.046875,0
1953640,0.016667,0
1953631,0.03764,0
1953356,0.015,0
1952916,0.03764,0
1953627,0.0701,0
1953650,0.016667,0
1953638,0.151292,0
1953637,0.017544,0
1953620,0.00885,0
1953658,0.254217,0
1953656,0.151292,0
1953655,0.21875,0
1953498,0.071161,0
1953492,0.071161,0
1953454,0.03764,0
1950327,0.016667,0
1953530,0.015,0
1953667,0.151292,0
1953660,0.03764,0
1953501,0.010432,0
1953669,0.02214,0
1953680,0.081197,0
1951809,0.0701,0
1953303,0.010432,0
1953683,0.071161,0
1953688,0.010432,0
1953665,0.03764,0
1953691,0.081197,0
1953689,0.090038,0
1953690,0.071161,0
1953696,0.010432,0
1953489,0.015,0
1942523,0.0701,0
1953671,0.0701,0
1953699,0.0701,0
1953384,0.022222,0
1953700,0.081197,0
1952179,0.016667,0
1952624,0.03764,0
1953707,0.03764,0
1953675,0.003319,0
1953705,0.090038,0
1953712,0.046875,0
1953413,0.015,0
1953720,0.071161,0
1953721,0.046875,0
1953716,0.071161,0
1953663,0.0701,0
1951614,0.016746,0
1953727,0.00885,0
1953249,0.016667,0
1953728,0.003937,0
1953734,0.03764,0
1952200,0.010432,0
1953708,0.003319,0
1953737,0.03764,0
1953738,0.010432,0
1953595,0.071161,0
1952670,0.046875,0
1694460,0.046875,0
1953739,0.03764,0
1953745,0.0,0
1953584,0.016667,0
1953687,0.161698,0
1953681,0.107884,0
1953746,0.016746,0
1953674,0.00885,0
1953755,0.02214,0
1952793,0.003937,0
1953011,0.010432,0
1953760,0.081197,0
1947620,0.03764,0
1953774,0.0701,0
1953778,0.016746,0
1953784,0.046875,0
1953773,0.016746,0
1953779,0.03764,0
1952878,0.010432,0
1953693,0.081197,0
1952738,0.03764,0
1953143,0.00885,0
1953810,0.046875,0
1945540,0.071161,0
1953793,0.03764,0
1953808,0.071161,0
1953820,0.010432,0
1953756,0.107884,0
1953827,0.003319,0
1953822,0.081197,0
1953835,0.071161,0
1953795,0.03764,0
1950940,0.017544,0
1953840,0.03764,0
1953838,0.016667,0
1953843,0.016746,0
1953764,0.015,0
1953865,0.00885,0
1953856,0.003319,0
1953881,0.071161,0
1952777,0.016667,0
1953750,0.003937,0
1953753,0.016746,0
1953706,0.046875,0
1952898,0.010432,0
1953119,0.010432,0
1952836,0.016746,0
1952186,0.003937,0
1953889,0.010432,0
1953892,0.003319,0
1953872,0.00885,0
1952988,0.107884,0
1880560,0.00885,0
1953900,0.010432,0
1953898,0.016746,0
1953873,0.03764,0
1953906,0.071161,0
1953846,0.071161,0
1953812,0.016746,0
1953893,0.03764,0
1953354,0.003937,0
1953646,0.161698,0
1953913,0.0701,0
1953937,0.071161,0
1953949,0.046875,0
1953935,0.03764,0
1939174,0.0701,0
1953951,0.0701,0
1953902,0.081197,0
1953824,0.010432,0
1953950,0.090038,0
1953698,0.046875,0
1953938,0.090038,0
1953799,0.03764,0
1953896,0.017544,0
1953326,0.161698,0
1950482,0.03764,0
1953486,0.071161,0
1953921,0.02214,0
1953910,0.071161,0
1953766,0.022222,0
1953958,0.010432,0
1953977,0.03764,0
1953969,0.016746,0
1953970,0.090038,0
1952963,0.0701,0
1934467,0.071161,0
1953160,0.071161,0
1953934,0.003937,0
1953861,0.03764,0
1953322,0.071161,0
1953982,0.017544,0
1953976,0.03764,0
1953928,0.02214,0
1954006,0.02214,0
1954004,0.03764,0
1954007,0.0701,0
1954015,0.010432,0
1953997,0.03764,0
1954022,0.071161,0
1954029,0.03764,0
1954020,0.071161,0
1954000,0.03764,0
1954009,0.015,0
1954041,0.003937,0
1953992,0.071161,0
1953335,0.003937,0
1949492,0.081197,0
1954038,0.03764,0
1953878,0.0,0
1954026,0.090038,0
1954017,0.017544,0
1953967,0.010432,0
1954003,0.0701,0
1954069,0.03764,0
1953782,0.016667,0
1954037,0.0701,0
1953927,0.022222,0
1954081,0.016746,0
1954071,0.03764,0
1954082,0.0701,0
1953922,0.016667,0
1952790,0.03764,0
1954097,0.046193,0
1952512,0.081197,0
1952808,0.016746,0
1954066,0.071161,0
1954101,0.03764,0
1954112,0.00885,0
1954108,0.161698,0
1953030,0.03764,0
1954118,0.015,0
1954122,0.071161,0
1954115,0.071161,0
1954124,0.010432,0
1953456,0.046875,0
1561168,0.161698,0
1953961,0.199067,0
1953558,0.0701,0
1954130,0.03764,0
1954127,0.0,0
1954098,0.015,0
1948446,0.0701,0
1954121,0.016746,0
1945603,0.015,0
1951821,0.090038,0
1954106,0.071161,0
1953765,0.090038,0
1954042,0.0701,0
1953929,0.016746,0
1954067,0.03764,0
1954028,0.02214,0
1950408,0.03764,0
1953974,0.02214,0
1951849,0.03764,0
1951432,0.090038,0
1948643,0.017544,0
1954144,0.046875,0
1953867,0.016746,0
1954142,0.016746,0
1944674,0.022222,0
1954151,0.022222,0
1954157,0.046875,0
1950680,0.017544,0
1953866,0.151292,0
1953603,0.00885,0
1954019,0.003319,0
1954159,0.009709,0
1954163,0.010432,0
1953348,0.0701,0
1954168,0.0701,0
1954116,0.010432,0
1528706,0.016746,0
1954137,0.016746,0
1954032,0.0701,0
1954173,0.016746,0
1954150,0.0701,0
1954164,0.03764,0
1932491,0.02214,0
1953654,0.046875,0
1954176,0.081197,0
1954179,0.016746,0
1954182,0.081197,0
1954154,0.071161,0
1953154,0.071161,0
1954147,0.00885,0
1954198,0.022222,0
1953468,0.03764,0
1953406,0.010432,0
1953307,0.03764,0
1952840,0.022222,0
1953788,0.161698,0
1954200,0.0701,0
1954210,0.071161,0
1954206,0.02214,0
1954214,0.095541,0
1954222,0.016746,0
1954197,0.017544,0
1953836,0.095541,0
1954218,0.016746,0
1954103,0.071161,0
1953555,0.016667,0
1954215,0.03764,0
1954205,0.03764,0
1954233,0.003319,0
1954229,0.009709,0
1954246,0.016746,0
1954242,0.016667,0
1953628,0.090038,0
1020991,0.00885,0
1954223,0.0,0
1952828,0.081197,0
1953785,0.161698,0
1954225,0.017544,0
1954253,0.010432,0
1954249,0.0,0
1954257,0.071161,0
1954048,0.071161,0
1952031,0.071161,0
1954270,0.03764,0
1243895,0.03764,0
1940813,0.00885,0
1952961,0.02214,0
1954266,0.0,0
1952628,0.151292,0
1954126,0.02214,0
1954269,0.003319,0
1954274,0.00885,0
1954261,0.016746,0
1940881,0.03764,0
1954281,0.046875,0
1954273,0.03764,0
1953685,0.0701,0
1954290,0.03764,0
1954293,0.03764,0
1954280,0.00885,0
1954284,0.003319,0
1954288,0.022222,0
1954296,0.081197,0
1954275,0.161698,0
1954279,0.016746,0
1954294,0.151292,0
1954278,0.015,0
1954243,0.107884,0
1953363,0.071161,0
1905035,0.0,0
1954234,0.016667,0
1954299,0.046875,0
1952569,0.010432,0
1954305,0.081197,0
1954301,0.010432,0
1954313,0.0701,0
1954300,0.02214,0
1954139,0.003937,0
1954314,0.071161,0
1954315,0.010432,0
1953518,0.016746,0
979048,0.071161,0
1954320,0.081197,0
1954292,0.03764,0
1954318,0.016667,0
1954323,0.0701,0
1954330,0.071161,0
1954331,0.03764,0
1954334,0.046875,0
1954335,0.0701,0
1952960,0.090038,0
1952633,0.003937,0
1954343,0.003319,0
1953389,0.00885,0
1954357,0.016746,0
1952924,0.0701,0
1954344,0.151292,0
1953049,0.046875,0
1954354,0.016667,0
1953579,0.161698,0
1549089,0.081197,0
1954332,0.003319,0
1954365,0.02214,0
1954363,0.010432,0
1954359,0.151292,0
1873857,0.02214,0
1954282,0.071161,0
1952611,0.03764,0
1954337,0.02214,0
1954370,0.071161,0
1954371,0.071161,0
1954235,0.016746,0
1954375,0.15493,0
1952073,0.151292,0
1954376,0.071161,0
1954388,0.03764,0
1953374,0.151292,0
1952804,0.03764,0
1954212,0.0701,0
1732182,0.071161,0
1953686,0.0701,0
1954208,0.071161,0
1954380,0.095541,0
1954213,0.08,0
1954390,0.00885,0
1954389,0.00885,0
1951725,0.017544,0
1954312,0.081197,0
1954374,0.071161,0
1954399,0.02214,0
1954377,0.03764,0
1954398,0.015,0
1954393,0.0701,0
1954333,0.071161,0
1954378,0.095541,0
1954397,0.03764,0
1954402,0.015,0
1954405,0.151292,0
1954404,0.081197,0
1953450,0.071161,0
1954407,0.02214,0
1920482,0.016746,0
1953368,0.151292,0
1953121,0.015,0
1949944,0.0701,0
1954424,0.03764,0
1954408,0.009709,0
1954328,0.071161,0
1954406,0.107884,0
1954428,0.081197,0
1954413,0.090038,0
1954012,0.03764,0
1954435,0.151292,0
1954400,0.03764,0
1954382,0.02214,0
1953508,0.016746,0
1651895,0.010432,0
1954341,0.071161,0
1954353,0.0,0
1954449,0.017544,0
1954204,0.03764,0
1954369,0.010432,0
1954462,0.016667,0
1954217,0.0,0
1953722,0.0,0
1952035,0.095541,0
1954465,0.016746,0
1954470,0.046875,0
1954473,0.02214,0
1954482,0.003319,0
1954459,0.03764,0
1954488,0.199593,0
1954455,0.161698,0
1767115,0.107884,0
1954423,0.010432,0
1954267,0.0,0
1951750,0.003319,0
1939111,0.03764,0
1954486,0.02214,0
1954431,0.009709,0
1954490,0.0701,0
1952987,0.015,0
1947525,0.03764,0
1953179,0.010432,0
1921929,0.046875,0
1954458,0.046875,0
1954505,0.15493,0
1954507,0.071161,0
1954519,0.009709,0
1954516,0.15493,0
1954511,0.010432,0
1954522,0.0701,0
1954171,0.090038,0
1954509,0.071161,0
1948719,0.107884,0
1954528,0.010432,0
1952571,0.02214,0
1954476,0.003319,0
1954538,0.03764,0
1953274,0.071161,0
1954515,0.015,0
1950883,0.03764,0
1954542,0.0701,0
1954523,0.03764,0
1954493,0.0701,0
1954433,0.071161,0
1949466,0.02214,0
1954411,0.081197,0
1952686,0.03764,0
1953936,0.016746,0
1954437,0.02214,0
1954554,0.0701,0
1954018,0.0701,0
1949865,0.071161,0
1954536,0.151292,0
1954170,0.017544,0
1943868,0.199368,0
1954076,0.003937,0
1951572,0.046875,0
1954409,0.00885,0
1948949,0.03764,0
1954541,0.095541,0
1949941,0.151292,0
1954540,0.046875,0
1954567,0.016667,0
1954262,0.03764,0
1954467,0.071161,0
1954432,0.151292,0
1954544,0.0701,0
1954571,0.03764,0
1954569,0.022222,0
1954573,0.151292,0
1951968,0.003319,0
1952526,0.0701,0
1954577,0.010432,0
1954579,0.081197,0
1954117,0.081197,0
1954073,0.03764,0
1954565,0.03764,0
1954562,0.010432,0
1954286,0.199593,0
1952365,0.08,0
1954592,0.03764,0
1954591,0.046875,0
1954260,0.003319,0
1954585,0.010432,0
1954589,0.003319,0
1954595,0.010432,0
1954606,0.151292,0
1954604,0.03764,0
1949404,0.02214,0
1758606,0.095541,0
1952743,0.016746,0
1954178,0.016746,0
1954610,0.071161,0
1952508,0.03764,0
1954084,0.016746,0
1948088,0.090038,0
1954158,0.010432,0
1881352,0.046875,0
1952699,0.03764,0
1954613,0.0,0
1954614,0.02214,0
1954342,0.022222,0
1954564,0.010432,0
1953496,0.0701,0
1954635,0.003319,0
1954165,0.107884,0
1954612,0.003937,0
1954621,0.081197,0
1952741,0.022222,0
1954599,0.016667,0
1954622,0.071161,0
1943116,0.107884,0
1954626,0.090038,0
1954364,0.0701,0
1954623,0.016667,0
1954654,0.022222,0
1954644,0.03764,0
1954661,0.00885,0
1952535,0.071161,0
1954665,0.03764,0
1954581,0.003319,0
1954674,0.03764,0
1953630,0.017544,0
1954346,0.017544,0
1954620,0.003319,0
1954682,0.095541,0
1954685,0.03764,0
1954676,0.00885,0
1953077,0.0701,0
1954401,0.0701,0
1954231,0.016746,0
1954356,0.071429,0
1954678,0.016746,0
1951008,0.071161,0
1954687,0.0,0
1954705,0.0701,0
1954691,0.010432,0
1954707,0.0,0
1954692,0.010432,0
1954709,0.0,0
1953443,0.161698,0
1954708,0.03764,0
1954721,0.010432,0
1954350,0.015,0
1954727,0.010432,0
1954726,0.003319,0
1954718,0.071161,0
1954686,0.03764,0
1954732,0.071161,0
1954723,0.0,0
1954659,0.081197,0
1954736,0.071161,0
1954701,0.090038,0
1954740,0.010432,0
1954743,0.016667,0
1954733,0.016667,0
1954750,0.016746,0
1954671,0.00885,0
1954658,0.03764,0
1954752,0.015,0
1954762,0.071161,0
1954778,0.003319,0
1954764,0.0,0
1954669,0.0701,0
1953757,0.017544,0
1954782,0.071161,0
1953488,0.010432,0
1954720,0.151292,0
1954796,0.0,0
1954783,0.0701,0
1954795,0.016667,0
1954668,0.02214,0
1954512,0.0701,0
1954803,0.017544,0
1941356,0.03764,0
1954637,0.03764,0
1950877,0.03764,0
1954812,0.015,0
1953412,0.0701,0
1954763,0.071161,0
1954813,0.095541,0
1953329,0.03764,0
1954780,0.03764,0
1952335,0.0701,0
1954825,0.015,0
1951843,0.00885,0
1954641,0.016746,0
1954837,0.015,0
1954842,0.00885,0
1951138,0.03764,0
1952867,0.03764,0
1954642,0.03764,0
1954853,0.081197,0
1954855,0.010432,0
1954857,0.08,0
1954792,0.161698,0
1954859,0.071161,0
1954861,0.0701,0
1954355,0.0701,0
1954867,0.161698,0
1954870,0.0701,0
1954385,0.046875,0
1954876,0.081197,0
1954875,0.010432,0
1954880,0.0701,0
1953946,0.010432,0
1954892,0.02214,0
1856736,0.081197,0
1947456,0.016746,0
1954901,0.0701,0
1954908,0.095541,0
1954698,0.046875,0
1954899,0.015,0
1953265,0.016667,0
1954910,0.161698,0
1954321,0.046875,0
1954917,0.0701,0
1952330,0.017544,0
1954183,0.161698,0
1954922,0.016667,0
1954918,0.046875,0
1954912,0.0701,0
1954932,0.016746,0
1954735,0.015,0
1954931,0.081197,0
1954939,0.0701,0
1954958,0.017544,0
1954713,0.003319,0
1954965,0.046875,0
1954963,0.00885,0
1954966,0.009709,0
1954978,0.003319,0
1954904,0.0701,0
1954977,0.003319,0
1954981,0.003319,0
1954979,0.081197,0
1954983,0.016746,0
1058154,0.03764,0
1954902,0.009709,0
1954986,0.071161,0
1954972,0.071161,0
1954997,0.0,0
1954994,0.081197,0
1954940,0.016667,0
1954969,0.071161,0
1955000,0.003937,0
1954936,0.016746,0
1954131,0.071161,0
1952331,0.03764,0
1953017,0.03764,0
1955011,0.0,0
1954187,0.0701,0
1955022,0.010432,0
1954756,0.090038,0
1954990,0.003319,0
1955028,0.071161,0
1955027,0.0701,0
1955032,0.081197,0
1955033,0.010432,0
1955046,0.017544,0
1955039,0.02214,0
1955097,0.03764,0
1955105,0.003319,0
1955035,0.161698,0
1955081,0.017544,0
1955018,0.016746,0
1954220,0.016746,0
1955141,0.071161,0
1955090,0.071161,0
1955142,0.046875,0
1954909,0.00885,0
1955148,0.016667,0
1955150,0.010432,0
1955050,0.02214,0
1955124,0.071161,0
1955170,0.0701,0
1955026,0.015,0
1954715,0.03764,0
1955114,0.090038,0
1955154,0.016667,0
1955167,0.071161,0
1955160,0.071161,0
1955200,0.071161,0
1933959,0.03764,0
1953749,0.03764,0
1955209,0.0701,0
1955143,0.003319,0
1953988,0.107884,0
1955089,0.08,0
1954765,0.095541,0
1955220,0.03764,0
1953055,0.03764,0
1955196,0.071161,0
1952952,0.0701,0
1830851,0.161698,0
1955211,0.015,0
1955116,0.0701,0
1955237,0.0701,0
1955064,0.081197,0
1955260,0.046875,0
1955267,0.010432,0
1955253,0.090038,0
1955235,0.02214,0
1951678,0.071161,0
1955262,0.151292,0
1955214,0.02214,0
1955288,0.003319,0
1955301,0.03764,0
1955161,0.017544,0
1955199,0.071161,0
1955275,0.017544,0
1955273,0.090038,0
1955340,0.02214,0
1954439,0.0701,0
1955381,0.016746,0
1955372,0.016746,0
1955306,0.016667,0
1955424,0.151292,0
1955441,0.015,0
1955121,0.010432,0
1955391,0.0701,0
1955245,0.03764,0
1955370,0.03764,0
1955396,0.071161,0
1955422,0.03764,0
1955439,0.0701,0
1955414,0.151292,0
1955416,0.03764,0
1955255,0.010432,0
1955417,0.090038,0
1955434,0.071161,0
1951229,0.02214,0
1955456,0.016667,0
1955426,0.00885,0
1955484,0.03764,0
1955183,0.03764,0
1952092,0.02214,0
1955447,0.022222,0
1955277,0.00885,0
1955359,0.151292,0
1955208,0.071161,0
1955061,0.090038,0
1955210,0.022222,0
1955324,0.0701,0
1954845,0.03764,0
1955454,0.017544,0
1954277,0.02214,0
1947948,0.046875,0
1955502,0.03764,0
1955433,0.03764,0
1955228,0.03764,0
1955519,0.0,0
1955207,0.015,0
1955513,0.0701,0
1955509,0.046875,0
1955534,0.016667,0
1899510,0.02214,0
1954719,0.071161,0
1955547,0.016746,0
1955543,0.0701,0
1955354,0.02214,0
1955476,0.090038,0
1955488,0.003319,0
1955385,0.03764,0
1954600,0.071161,0
1953920,0.071161,0
1955583,0.02214,0
1955556,0.003937,0
1955579,0.010432,0
1954924,0.003319,0
1955569,0.010432,0
1955566,0.010432,0
1953572,0.0701,0
1952723,0.03764,0
1955646,0.0701,0
1955640,0.0701,0
1954167,0.071161,0
1955683,0.15493,0
1955676,0.02214,0
1882789,0.03764,0
1955686,0.0701,0
1955650,0.0701,0
1955644,0.0701,0
1955679,0.016746,0
1955712,0.0701,0
1955669,0.016667,0
1955729,0.00885,0
1955720,0.081197,0
1955709,0.02214,0
1955678,0.03764,0
1955740,0.071161,0
1955486,0.015,0
1955741,0.017544,0
1955663,0.071161,0
1955758,0.095541,0
1955224,0.02214,0
1955549,0.003937,0
1953828,0.107884,0
1955527,0.010432,0
1955462,0.03764,0
1955322,0.071161,0
1955103,0.151292,0
1955025,0.003319,0
1955530,0.03764,0
1955763,0.071161,0
1955361,0.095541,0
1955641,0.0701,0
1955733,0.071161,0
1954244,0.017544,0
1955751,0.015,0
1955794,0.03764,0
1955815,0.071161,0
1955796,0.010432,0
1955756,0.03764,0
1954226,0.015,0
1955801,0.022222,0
1954360,0.02214,0
1955271,0.161698,0
1954688,0.022222,0
1955661,0.090038,0
1955706,0.046875,0
1955787,0.02214,0
1955858,0.199593,0
1955846,0.003319,0
1876560,0.08,0
1955823,0.03764,0
1952513,0.151292,0
1953464,0.03764,0
1955005,0.071161,0
1955894,0.046875,0
1731374,0.0701,0
1955949,0.016746,0
1955656,0.010432,0
1955848,0.03764,0
1954201,0.003319,0
1944269,0.0701,0
1955554,0.081197,0
1836746,0.071161,0
1955963,0.0,0
1955923,0.071161,0
1955964,0.02214,0
1942434,0.071161,0
1955030,0.02214,0
1955972,0.03764,0
1955966,0.090038,0
1955405,0.03764,0
1955521,0.095541,0
1953000,0.03764,0
1955981,0.151292,0
1955951,0.016746,0
1948944,0.071161,0
1955844,0.016667,0
1955539,0.010432,0
970923,0.151292,0
1956008,0.02214,0
1953903,0.003319,0
1951894,0.071161,0
1956025,0.03764,0
1956019,0.016667,0
1956002,0.02214,0
1956011,0.003319,0
1956015,0.010432,0
1956040,0.081197,0
1955818,0.161698,0
1954952,0.02214,0
1956077,0.016667,0
1956073,0.0701,0
1956060,0.010432,0
1955867,0.081197,0
1955127,0.071161,0
1955717,0.0701,0
1956046,0.0701,0
1956004,0.02214,0
1953536,0.071161,0
1931199,0.03764,0
1956059,0.0701,0
1956089,0.003319,0
1956090,0.0,0
1956113,0.003937,0
1956050,0.03764,0
1956123,0.010432,0
1956106,0.0,0
1956108,0.0701,0
1051952,0.017544,0
1954107,0.03764,0
1290885,0.003319,0
1956083,0.016746,0
1956141,0.02214,0
1956132,0.010432,0
1955901,0.016746,0
1956104,0.0701,0
1955518,0.03764,0
1955764,0.046875,0
1949955,0.161698,0
1954799,0.0,0
1956131,0.071161,0
1956172,0.081197,0
1956175,0.0701,0
1955098,0.016746,0
1956162,0.022222,0
1956176,0.0701,0
1956180,0.071161,0
1955979,0.003937,0
1956187,0.003319,0
1956191,0.003937,0
1947319,0.03764,0
1956196,0.199067,0
1956017,0.03764,0
1953059,0.0701,0
1955684,0.022222,0
1955230,0.107884,0
1956082,0.02214,0
1956194,0.010432,0
1956203,0.0701,0
1956197,0.02214,0
1956173,0.03764,0
1956224,0.151292,0
1956185,0.003937,0
1956100,0.03764,0
1956142,0.015,0
1955006,0.046875,0
1956254,0.010432,0
1956181,0.151292,0
1956267,0.161698,0
1956250,0.0701,0
1944747,0.071161,0
1955668,0.071161,0
1956252,0.0701,0
1956272,0.017544,0
1956271,0.016667,0
1956263,0.00885,0
1953987,0.003937,0
1956261,0.151292,0
1955068,0.03764,0
1956298,0.03764,0
1956303,0.161698,0
1956229,0.03764,0
1956268,0.0701,0
1950128,0.003937,0
1956081,0.199593,0
1956266,0.03764,0
1956273,0.016746,0
1954457,0.071161,0
1955343,0.015,0
1956334,0.071161,0
1955320,0.03764,0
1956335,0.010432,0
1956340,0.03764,0
1956348,0.03764,0
1955063,0.090038,0
1956168,0.090038,0
1953959,0.071161,0
1956352,0.016667,0
1956373,0.03764,0
1956374,0.00885,0
1953832,0.003319,0
1949054,0.21875,0
1904345,0.016746,0
1956375,0.151292,0
1956379,0.151292,0
1956341,0.161698,0
1955830,0.016746,0
1948955,0.071161,0
1955859,0.071161,0
1951477,0.0701,0
1954132,0.081197,0
1955774,0.022222,0
1954475,0.022222,0
1956135,0.003319,0
1953005,0.03764,0
1956105,0.017544,0
1955621,0.016667,0
1954447,0.015,0
1955533,0.03764,0
1954891,0.016746,0
1952999,0.010432,0
1954770,0.00885,0
1955975,0.03764,0
1956189,0.003937,0
1334608,0.02214,0
1954643,0.016667,0
1956424,0.0701,0
1956413,0.00885,0
1956431,0.016746,0
1956417,0.107884,0
1956042,0.0701,0
1956439,0.090038,0
1954827,0.151292,0
1955102,0.081197,0
1956447,0.010432,0
1956437,0.0701,0
1955885,0.03764,0
1956468,0.02214,0
1953587,0.0701,0
1956446,0.046875,0
1956443,0.015,0
1956466,0.016667,0
1704694,0.016746,0
1953864,0.090038,0
1956478,0.03764,0
1954252,0.02214,0
1956158,0.003319,0
1956023,0.046875,0
1956453,0.03764,0
1948692,0.071161,0
1954227,0.016667,0
1956226,0.016746,0
1956325,0.071161,0
1928658,0.03764,0
1956482,0.010432,0
1515155,0.090038,0
1950802,0.03764,0
1956515,0.081197,0
1921430,0.071161,0
1955826,0.090038,0
1955814,0.0701,0
1956529,0.016746,0
1956228,0.199067,0
1956518,0.015,0
1956520,0.010432,0
1956485,0.254217,0
1956533,0.003319,0
1955959,0.0701,0
1956542,0.016746,0
1956550,0.046875,0
1953432,0.071161,0
1956552,0.03764,0
1955834,0.010432,0
1956546,0.03764,0
1956568,0.03764,0
1956572,0.02214,0
1956566,0.02214,0
1956570,0.02214,0
1956554,0.022222,0
1956577,0.0,0
1956575,0.0701,0
1956579,0.0701,0
1956561,0.081197,0
1956581,0.071161,0
1956556,0.016746,0
1956198,0.03764,0
1956585,0.071161,0
1956532,0.03764,0
1956578,0.03764,0
1956499,0.0701,0
1956538,0.107884,0
1956580,0.0701,0
1956588,0.199593,0
1952547,0.02214,0
1956607,0.199593,0
1955682,0.03764,0
1706612,0.003319,0
1954760,0.046875,0
1956619,0.016746,0
1956541,0.046875,0
1956492,0.046875,0
1954506,0.081197,0
1956305,0.151292,0
1956623,0.003937,0
1956638,0.161698,0
1956595,0.010432,0
1956630,0.010432,0
1946288,0.071429,0
1952389,0.015,0
1955004,0.016746,0
1951813,0.0701,0
1954196,0.009709,0
1956649,0.090038,0
1956652,0.00885,0
1955418,0.071161,0
1956648,0.0701,0
1956684,0.0701,0
1956696,0.151292,0
1956653,0.071161,0
1956716,0.151292,0
1956711,0.0701,0
1956726,0.151292,0
1956729,0.151292,0
1956731,0.081197,0
1956718,0.03764,0
1956714,0.016746,0
1956721,0.017544,0
1956243,0.081197,0
1956756,0.016746,0
1956728,0.03764,0
1636226,0.0701,0
1956760,0.151292,0
1956669,0.0701,0
1956727,0.03764,0
1956757,0.010432,0
1954865,0.0701,0
1956688,0.046875,0
1956706,0.010432,0
1952691,0.03764,0
1938888,0.071161,0
1955398,0.161698,0
1956807,0.03764,0
1953789,0.016746,0
1956770,0.046875,0
1956535,0.046875,0
1955319,0.071161,0
1956778,0.0701,0
1956844,0.0701,0
1956836,0.03764,0
1956825,0.02214,0
1956773,0.071161,0
1956569,0.0701,0
1956650,0.0701,0
1955849,0.010432,0
1956866,0.00885,0
1955707,0.016746,0
1955913,0.071161,0
1956855,0.151292,0
1955659,0.017544,0
1956878,0.199067,0
1956286,0.016667,0
1956900,0.090038,0
1954820,0.03764,0
1956193,0.046875,0
1956924,0.010432,0
1956923,0.02214,0
1956905,0.03764,0
1956925,0.071161,0
1956903,0.017544,0
1956893,0.00885,0
1956826,0.0701,0
1956919,0.009709,0
1956895,0.010432,0
1956920,0.090038,0
1956473,0.022222,0
1956911,0.071161,0
1956858,0.0701,0
1956732,0.151292,0
1951447,0.003319,0
1956534,0.03764,0
1956967,0.03764,0
1956989,0.00885,0
1956907,0.161698,0
1956977,0.071161,0
1956939,0.02214,0
1956936,0.080795,0
1956956,0.010432,0
1951952,0.071161,0
1956917,0.03764,0
1955369,0.071161,0
1955052,0.046875,0
1956177,0.03764,0
1957004,0.015,0
1956954,0.003319,0
1956991,0.02214,0
1956961,0.016746,0
1957005,0.142857,0
1952157,0.071161,0
1957012,0.0701,0
1956948,0.02214,0
1957008,0.081197,0
1955497,0.03764,0
1954907,0.00885,0
1957025,0.003319,0
1952167,0.009709,0
1954744,0.017544,0
1956887,0.046875,0
1956995,0.010432,0
1957036,0.016667,0
1955392,0.03764,0
1957019,0.003319,0
1957001,0.071161,0
1956938,0.03764,0
1954776,0.016746,0
1955184,0.071161,0
1957056,0.016746,0
1957023,0.016746,0
1949864,0.081197,0
1957063,0.015,0
1956999,0.016746,0
1957034,0.015,0
1957057,0.03764,0
1955158,0.081197,0
1956916,0.022222,0
1957000,0.003937,0
1954854,0.071161,0
1956633,0.081197,0
1957074,0.03764,0
1957086,0.090038,0
1957099,0.21875,0
1957097,0.022222,0
1956988,0.03764,0
1957102,0.0701,0
1956965,0.02214,0
1957090,0.046875,0
1957078,0.03764,0
1954866,0.095541,0
1957026,0.046875,0
1957112,0.010432,0
1957131,0.016667,0
1955496,0.0701,0
1957137,0.090038,0
1957125,0.0701,0
1957140,0.199067,0
1957162,0.107884,0
1947475,0.03764,0
1957149,0.02214,0
1957146,0.081197,0
1957136,0.00885,0
1956985,0.017544,0
1957171,0.02214,0
1957094,0.03764,0
1957172,0.107884,0
1957179,0.010432,0
1957182,0.010432,0
1957127,0.071161,0
1954801,0.151292,0
1954772,0.003319,0
1957142,0.003937,0
1957173,0.03764,0
1955216,0.046875,0
1956885,0.010432,0
1957039,0.161698,0
1957200,0.071161,0
1955315,0.071161,0
1954800,0.03764,0
1956990,0.199593,0
1956933,0.03764,0
1956974,0.010432,0
1950832,0.03764,0
1957189,0.081197,0
1957144,0.071161,0
1955151,0.046875,0
1957203,0.071161,0
1957228,0.21875,0
1957254,0.03764,0
1957232,0.017544,0
1957185,0.151292,0
1957251,0.151292,0
1956736,0.081197,0
1954086,0.081197,0
1957231,0.151292,0
1957245,0.02214,0
1956170,0.090038,0
1954961,0.016746,0
1957272,0.03764,0
1923584,0.0701,0
1957242,0.151292,0
1957289,0.151292,0
1957304,0.010432,0
1957139,0.00885,0
1954954,0.003937,0
1956202,0.161698,0
1956944,0.02214,0
1956829,0.090038,0
1954451,0.071161,0
1956789,0.0701,0
1957120,0.151292,0
1953869,0.010432,0
1957347,0.015,0
1957270,0.02214,0
1957351,0.071161,0
1957366,0.0,0
1957174,0.003319,0
1957322,0.071161,0
1956557,0.016746,0
1957374,0.02214,0
1955202,0.03764,0
1951345,0.046875,0
1955719,0.0701,0
1957387,0.00885,0
1957390,0.081197,0
1952446,0.151292,0
1957401,0.046875,0
1957411,0.03764,0
1957422,0.071161,0
1957424,0.03764,0
1957425,0.016667,0
1954742,0.010432,0
1956876,0.161698,0
1956589,0.107884,0
1954941,0.003319,0
1957348,0.016746,0
1954886,0.03764,0
1955155,0.022222,0
1957449,0.0701,0
1957440,0.017544,0
1956259,0.0701,0
1957438,0.0701,0
1957463,0.003319,0
1957466,0.010432,0
1957166,0.0701,0
1957323,0.199593,0
1957264,0.081197,0
1953569,0.010432,0
1957501,0.00885,0
1957506,0.046875,0
1957640,0.03764,0
1957520,0.046875,0
1957500,0.0,0
1957559,0.071161,0
1957755,0.151292,0
1957904,0.016667,0
1957528,0.03764,0
1957704,0.016667,0
1957698,0.151292,0
1957521,0.090038,0
1957826,0.03764,0
1957595,0.081197,0
1957550,0.081197,0
1957832,0.016746,0
1957666,0.02214,0
1957553,0.081197,0
1957770,0.107884,0
1957543,0.199067,0
1957563,0.081197,0
1957565,0.03764,0
1957649,0.161698,0
1957650,0.046875,0
1957630,0.090038,0
1957655,0.017544,0
1957589,0.081197,0
1957796,0.199067,0
1957750,0.03764,0
1957818,0.0,0
1957518,0.090038,0
1957827,0.161698,0
1958004,0.016746,0
1957663,0.151292,0
1957957,0.161698,0
1957613,0.151292,0
1957617,0.03764,0
1957576,0.071161,0
1957894,0.016667,0
1957896,0.081197,0
1957732,0.081197,0
1957542,0.071161,0
1957730,0.046875,0
1957548,0.017544,0
1958051,0.151292,0
1957788,0.046875,0
1957806,0.081197,0
1957837,0.010432,0
1956033,0.0701,0
1957517,0.010432,0
1957533,0.0701,0
1957539,0.151292,0
1957875,0.0701,0
1957879,0.046875,0
1958010,0.151292,0
1958355,0.022222,0
1957779,0.046875,0
1957552,0.090038,0
1957671,0.016667,0
1957702,0.02214,0
1957715,0.022222,0
1957728,0.016746,0
1957602,0.161698,0
1957652,0.03764,0
1957712,0.090038,0
1957575,0.090038,0
1957720,0.010432,0
1958002,0.016746,0
1957718,0.199593,0
1957982,0.151292,0
1957971,0.0701,0
1955956,0.02214,0
1957909,0.03764,0
1954808,0.071161,0
1957694,0.199067,0
1957554,0.010432,0
1957626,0.017544,0
1957662,0.081197,0
1957871,0.015,0
1957864,0.03764,0
1958149,0.03764,0
1958081,0.0701,0
1958090,0.046875,0
1957631,0.017544,0
1957527,0.03764,0
1957699,0.03764,0
1958118,0.016746,0
1957664,0.081197,0
1957805,0.071161,0
1957601,0.081197,0
1957765,0.071161,0
1957573,0.151292,0
1957541,0.010432,0
1957677,0.071161,0
1958465,0.090038,0
1957778,0.03764,0
1957561,0.192661,0
1957651,0.010432,0
1957737,0.017544,0
1957560,0.016746,0
1957557,0.03764,0
1957790,0.081197,0
1957549,0.081197,0
1957795,0.016746,0
1957789,0.151292,0
1957697,0.016746,0
1958042,0.071161,0
1957763,0.0701,0
1957761,0.03764,0
1957680,0.090038,0
1957734,0.02214,0
1957571,0.161698,0
1957642,0.081197,0
1957537,0.016667,0
1958115,0.016667,0
1957523,0.161698,0
1958475,0.03764,0
1958088,0.151292,0
1957612,0.03764,0
1954851,0.015,0
1957679,0.015,0
1957997,0.107884,0
1957821,0.03764,0
1957988,0.022222,0
1957594,0.151292,0
1958125,0.081197,0
1958341,0.03764,0
1957768,0.03764,0
1957830,0.095541,0
1957835,0.081197,0
1958163,0.03764,0
1957845,0.022222,0
1957848,0.046875,0
1957850,0.0701,0
1957918,0.03764,0
1958410,0.017544,0
1957799,0.03764,0
1957962,0.081197,0
1958137,0.071161,0
1957644,0.071161,0
1957964,0.02214,0
1957884,0.071161,0
1957921,0.151292,0
1958238,0.03764,0
1958020,0.0701,0
1958022,0.016746,0
1958304,0.151292,0
1957674,0.03764,0
1957661,0.03764,0
1957633,0.081197,0
1958239,0.107884,0
1958190,0.010432,0
1958056,0.016667,0
1957591,0.016746,0
1957791,0.046875,0
1958173,0.017544,0
1957784,0.0701,0
1957582,0.02214,0
1957940,0.016667,0
1957986,0.022222,0
1957989,0.090038,0
1957991,0.071161,0
1958052,0.003319,0
1957861,0.046875,0
1958003,0.03764,0
1957693,0.071161,0
1957785,0.090038,0
1958408,0.03764,0
1957725,0.071161,0
1958230,0.151292,0
1958199,0.081197,0
1958232,0.071161,0
1957673,0.016746,0
1957731,0.071161,0
1957605,0.151292,0
1957606,0.02214,0
1958296,0.00885,0
1958269,0.071161,0
1958471,0.046875,0
1957929,0.010432,0
1958153,0.022222,0
1958298,0.017544,0
1957834,0.071161,0
1957951,0.0701,0
1957953,0.00885,0
1958202,0.00885,0
1957987,0.0701,0
1957992,0.151292,0
1957950,0.107884,0
1958396,0.03764,0
1957776,0.090038,0
1957579,0.016667,0
1958201,0.161698,0
1958016,0.016746,0
1958032,0.016746,0
1957934,0.015,0
1958654,0.0701,0
1958070,0.151292,0
1958112,0.016746,0
1958048,0.02214,0
1957648,0.016667,0
1957886,0.081197,0
1957638,0.071161,0
1957608,0.0701,0
1957665,0.016746,0
1958179,0.090038,0
1952239,0.046875,0
1958188,0.081197,0
1957658,0.016667,0
1958393,0.010432,0
1958117,0.016667,0
1958445,0.016667,0
1957515,0.03764,0
1957736,0.095541,0
1958342,0.017544,0
1958493,0.071161,0
1958555,0.03764,0
1958600,0.016667,0
1958181,0.071161,0
1957647,0.0701,0
1958456,0.081197,0
1957948,0.03764,0
1957659,0.003319,0
1957828,0.107884,0
1957952,0.0701,0
1957714,0.046875,0
1957968,0.02214,0
1957972,0.071161,0
1957981,0.090038,0
1957825,0.03764,0
1957627,0.022222,0
1957876,0.151292,0
1957965,0.161698,0
1957817,0.090038,0
1957819,0.081197,0
1957928,0.046875,0
1957583,0.107884,0
1957922,0.151292,0
1958305,0.02214,0
1957610,0.03764,0
1958072,0.081197,0
1957868,0.0701,0
1957623,0.071161,0
1957994,0.02214,0
1958559,0.0701,0
1958502,0.016667,0
1958500,0.003937,0
1958106,0.02214,0
1958481,0.040605,0
1958398,0.0701,0
1958116,0.03764,0
1958169,0.199067,0
1957869,0.0701,0
1958322,0.071161,0
1958005,0.03764,0
1958359,0.010432,0
1958387,0.03764,0
1958007,0.016667,0
1958186,0.009709,0
1958509,0.046875,0
1957933,0.03764,0
1957646,0.0701,0
1958319,0.010432,0
1957887,0.161698,0
1957635,0.03764,0
1958100,0.02214,0
1958533,0.015,0
1958369,0.003937,0
1958127,0.0701,0
1958323,0.071161,0
1958335,0.015,0
1958164,0.08,0
1958077,0.017544,0
1957544,0.03764,0
1958395,0.015,0
1958399,0.03764,0
1958208,0.022222,0
1958402,0.03764,0
1958404,0.046875,0
1958421,0.071161,0
1958438,0.010432,0
1958314,0.161698,0
1957522,0.046875,0
1958621,0.095541,0
1958491,0.151292,0
1958378,0.071161,0
1957969,0.081197,0
1957628,0.071161,0
1958041,0.015,0
1957866,0.081197,0
1958635,0.02214,0
1958744,0.015,0
1958272,0.0701,0
1958556,0.046875,0
1958564,0.161698,0
1958246,0.090038,0
1958614,0.016746,0
1958675,0.0,0
1958497,0.03764,0
1958611,0.107884,0
1958863,0.090038,0
1958401,0.016667,0
1957898,0.071161,0
1957703,0.03764,0
1957767,0.0701,0
1958708,0.0701,0
1958546,0.03764,0
1958273,0.010432,0
1958659,0.151292,0
1957773,0.081197,0
1957774,0.071161,0
1958080,0.151292,0
1958148,0.090038,0
1957977,0.0701,0
1958579,0.03764,0
1957618,0.046875,0
1957976,0.161698,0
1958587,0.003319,0
1958466,0.0701,0
1958343,0.071161,0
1958774,0.0701,0
1958707,0.03764,0
1958745,0.081197,0
1957781,0.0701,0
1958689,0.016746,0
1957729,0.022222,0
1957710,0.081197,0
1957966,0.02214,0
1957842,0.151292,0
1958451,0.0701,0
1958527,0.016746,0
1957836,0.02214,0
1958679,0.161698,0
1958092,0.0701,0
1958295,0.03764,0
1958419,0.071161,0
1957905,0.016746,0
1958176,0.00885,0
1958759,0.02214,0
1958633,0.046875,0
1957526,0.016746,0
1958078,0.017544,0
1957882,0.071161,0
1958682,0.016746,0
1958075,0.071161,0
1958692,0.107884,0
1957973,0.0701,0
1957657,0.03764,0
1957654,0.015,0
1958695,0.0701,0
1957572,0.046875,0
1958713,0.03764,0
1957741,0.0701,0
1957867,0.090038,0
1958060,0.016746,0
1958124,0.071161,0
1957555,0.0701,0
1958772,0.03764,0
1958550,0.090038,0
1958031,0.0701,0
1958086,0.151292,0
1958837,0.081197,0
1958690,0.0,0
1958625,0.016746,0
1957619,0.03764,0
1958286,0.022222,0
1958965,0.03764,0
1958450,0.010432,0
1958066,0.03764,0
1958430,0.015,0
1958796,0.016746,0
1957525,0.016746,0
1958351,0.0701,0
1958328,0.015,0
1958845,0.071161,0
1958760,0.081197,0
1958287,0.081197,0
1958864,0.081197,0
1958854,0.161698,0
1957919,0.0701,0
1958818,0.199067,0
1958485,0.0701,0
1958518,0.010432,0
1958026,0.02214,0
1958762,0.03764,0
1957668,0.016746,0
1958277,0.071161,0
1958478,0.071161,0
1958487,0.0701,0
1958630,0.03764,0
1958610,0.03764,0
1958777,0.151292,0
1958741,0.010432,0
1958068,0.08,0
1958294,0.03764,0
1957941,0.03764,0
1958366,0.03764,0
1958576,0.03764,0
1958423,0.0701,0
1958473,0.071161,0
1958858,0.017544,0
1958648,0.010432,0
1957620,0.151292,0
1957901,0.161698,0
1958554,0.046875,0
1958096,0.03764,0
1958542,0.08,0
1958236,0.003319,0
1958729,0.010432,0
1957670,0.016746,0
1958589,0.03764,0
1958019,0.015,0
1958260,0.03764,0
1958686,0.010432,0
1958909,0.071161,0
1958906,0.016746,0
1958890,0.016667,0
1958279,0.016746,0
1958405,0.00885,0
1958141,0.107884,0
1959045,0.0701,0
1959118,0.095541,0
1958927,0.02214,0
1957949,0.071161,0
1958824,0.02214,0
1958803,0.016667,0
1959077,0.010432,0
1959180,0.071161,0
1952346,0.151292,0
1958606,0.071161,0
1958671,0.0701,0
1958952,0.016746,0
1958732,0.010432,0
1958035,0.015,0
1958934,0.095541,0
1958846,0.03764,0
1958683,0.081197,0
1958687,0.090038,0
1958067,0.090038,0
1958767,0.071161,0
1959013,0.046875,0
1958699,0.0701,0
1957678,0.090038,0
1957858,0.017544,0
1957653,0.071161,0
1958289,0.03764,0
1958855,0.010432,0
1958057,0.016746,0
1957924,0.151292,0
1957689,0.016746,0
1958231,0.071161,0
1959111,0.00885,0
1958617,0.0701,0
1958037,0.071161,0
1958089,0.046875,0
1957955,0.107884,0
1958264,0.016746,0
1957733,0.016667,0
1958442,0.071161,0
1958826,0.151292,0
1958873,0.071161,0
1958673,0.03764,0
1958771,0.071161,0
1958521,0.071161,0
1958891,0.010432,0
1959081,0.003319,0
1957917,0.0701,0
1958362,0.02214,0
1957643,0.03764,0
1959136,0.046875,0
1959096,0.016746,0
1957857,0.071161,0
1959049,0.046875,0
1957491,0.03764,0
1958976,0.0701,0
1958998,0.081197,0
1958416,0.016746,0
1959025,0.071161,0
1958783,0.010432,0
1958655,0.03764,0
1958367,0.081197,0
1958794,0.046875,0
1959069,0.03764,0
1958361,0.090038,0
1958805,0.03764,0
1958798,0.151292,0
1958929,0.0701,0
1957801,0.081197,0
1958532,0.03764,0
1958514,0.107884,0
1959048,0.03764,0
1958234,0.0701,0
1958868,0.151292,0
1959178,0.03764,0
1959169,0.151292,0
1958144,0.03764,0
1959106,0.03764,0
1958817,0.003319,0
1958892,0.199067,0
1957713,0.081197,0
1958917,0.090038,0
1958967,0.03764,0
1958146,0.071161,0
1957744,0.03764,0
1958523,0.003319,0
1959281,0.03764,0
1959044,0.071161,0
1958603,0.046875,0
1959189,0.010432,0
1959017,0.151292,0
1959010,0.03764,0
1958143,0.0701,0
1959258,0.03764,0
1958996,0.0701,0
1957745,0.03764,0
1958281,0.016746,0
1958498,0.071161,0
1959154,0.03764,0
1958327,0.071161,0
1959126,0.017544,0
1957829,0.009709,0
1959250,0.071161,0
1959220,0.00885,0
1958029,0.046875,0
1958270,0.03764,0
1959020,0.016746,0
1958908,0.022222,0
1958714,0.199593,0
1958986,0.00885,0
1956795,0.0701,0
1957600,0.009709,0
1959240,0.010432,0
1959452,0.081197,0
1959246,0.15493,0
1959217,0.010432,0
1958027,0.03764,0
1959157,0.017544,0
1959159,0.016667,0
1958838,0.095541,0
1959265,0.015,0
1955789,0.03764,0
1956317,0.003319,0
1957872,0.071161,0
1958920,0.010432,0
1957942,0.081197,0
1956981,0.003937,0
1959226,0.081197,0
1959108,0.0701,0
1958525,0.0701,0
1959423,0.010432,0
1958276,0.03764,0
1958756,0.016746,0
1959531,0.151292,0
1958800,0.071429,0
1957751,0.071161,0
1955333,0.016746,0
1958717,0.071161,0
1957777,0.081197,0
1959197,0.071161,0
1959397,0.016746,0
1958316,0.161698,0
1959494,0.071161,0
1958893,0.00885,0
1959145,0.03764,0
1958973,0.081197,0
1958916,0.151292,0
1959373,0.010432,0
1959054,0.151292,0
1958946,0.03764,0
1958318,0.151292,0
1959429,0.090038,0
1959147,0.265217,0
1957998,0.071161,0
1959216,0.016667,0
1956892,0.0701,0
1959210,0.03764,0
1959367,0.081197,0
1958097,0.0701,0
1959445,0.0701,0
1959390,0.161698,0
1958321,0.081197,0
1959402,0.010432,0
1957590,0.151292,0
1959453,0.046875,0
1958300,0.046875,0
1959400,0.090038,0
1956992,0.090038,0
1958902,0.151292,0
1958159,0.071161,0
1959346,0.0701,0
1959343,0.161698,0
1958227,0.151292,0
1957660,0.03764,0
1959148,0.151292,0
1957637,0.071161,0
1959213,0.071161,0
1959162,0.016667,0
1958194,0.02214,0
1959214,0.02214,0
1959386,0.017544,0
1955576,0.03764,0
1959369,0.03764,0
1959063,0.071161,0
1959034,0.081197,0
1958810,0.03764,0
1958218,0.02214,0
1958418,0.090038,0
1959193,0.03764,0
1959468,0.003319,0
1959519,0.03764,0
1959190,0.107884,0
1957915,0.151292,0
1959094,0.0701,0
1958114,0.071161,0
1959620,0.071161,0
1959079,0.199067,0
1957587,0.0701,0
1958301,0.08,0
1959170,0.03764,0
1959261,0.046875,0
1959512,0.02214,0
1959535,0.081197,0
1959185,0.0701,0
1959545,0.0701,0
1959473,0.03764,0
1959613,0.03764,0
1958221,0.071161,0
1959333,0.071161,0
1958469,0.0701,0
1958435,0.0701,0
1959695,0.107884,0
1958787,0.107884,0
1959299,0.071161,0
1959647,0.199067,0
1958748,0.090038,0
1959037,0.02214,0
1957708,0.071161,0
1959338,0.0701,0
1958862,0.071161,0
1958935,0.03764,0
1959662,0.081197,0
1957990,0.016667,0
1959446,0.151292,0
1959630,0.02214,0
1959104,0.02214,0
1834795,0.003319,0
1959707,0.016746,0
1959437,0.0701,0
1959040,0.03764,0
1959649,0.03764,0
1959451,0.095541,0
1958225,0.016667,0
1957914,0.090038,0
1959714,0.151292,0
1958461,0.081197,0
1958382,0.071161,0
1959174,0.022222,0
1959374,0.03764,0
1959078,0.03764,0
1959690,0.02214,0
1959633,0.090038,0
1959342,0.0701,0
1959484,0.003319,0
1959212,0.071161,0
1959605,0.095541,0
1958038,0.03764,0
1959606,0.03764,0
1958931,0.161698,0
1959595,0.03764,0
1959433,0.010432,0
1957820,0.107884,0
1958374,0.0701,0
1959651,0.151292,0
1958907,0.0701,0
1959339,0.046875,0
1959592,0.010432,0
1959640,0.03764,0
1959708,0.015,0
1959603,0.090038,0
1959187,0.151292,0
1959691,0.03764,0
1959504,0.0701,0
1959570,0.010432,0
1959763,0.090038,0
1958552,0.03764,0
1959057,0.0701,0
1959385,0.0701,0
1958358,0.03764,0
1959505,0.081197,0
1959585,0.016746,0
1958229,0.022222,0
1959785,0.017544,0
1958538,0.010432,0
1959848,0.107884,0
1958651,0.081197,0
1959804,0.016667,0
1959840,0.003319,0
1959562,0.016746,0
1959522,0.151292,0
1959866,0.017544,0
1959732,0.046875,0
1958649,0.02214,0
1958639,0.151292,0
1959771,0.03764,0
1958811,0.010432,0
1959631,0.081197,0
1959554,0.0701,0
1959909,0.03764,0
1958512,0.081197,0
1959646,0.03764,0
1959838,0.017544,0
1959753,0.081197,0
1959919,0.003937,0
1959928,0.003937,0
1959982,0.015,0
1959979,0.00885,0
1959879,0.003319,0
1725393,0.071161,0
1959926,0.00885,0
1959871,0.090038,0
1959999,0.00885,0
1957075,0.016746,0
1959853,0.010432,0
1959009,0.03764,0
1960003,0.015,0
1960048,0.010432,0
1958844,0.0701,0
1959911,0.016667,0
1958453,0.071161,0
1959550,0.015,0
1959927,0.00885,0
1958568,0.071161,0
1959893,0.0701,0
1958911,0.161698,0
1959943,0.017544,0
1959855,0.0701,0
1958389,0.151292,0
1959924,0.003937,0
1959947,0.003937,0
1959303,0.107884,0
1960045,0.016667,0
1957681,0.03764,0
1959948,0.161698,0
1959465,0.010432,0
1959674,0.0,0
1958061,0.081197,0
1959964,0.142857,0
1959921,0.095541,0
1958842,0.03764,0
1960064,0.071161,0
1953748,0.161698,0
1959801,0.003937,0
1959937,0.010432,0
1959709,0.081197,0
1958517,0.003937,0
1958336,0.0701,0
1959931,0.016667,0
1959799,0.0701,0
1960179,0.0701,0
1956383,0.199067,0
1949247,0.199067,0
1960087,0.022222,0
1959565,0.090038,0
1960169,0.003937,0
1958489,0.081197,0
1960141,0.03764,0
1960209,0.151292,0
1959951,0.03764,0
1960205,0.161698,0
1960142,0.03764,0
1958156,0.016667,0
1960176,0.016667,0
1959813,0.015,0
1960105,0.016746,0
1960092,0.071161,0
1959523,0.03764,0
1960244,0.0701,0
1956213,0.0701,0
1959821,0.071161,0
1960001,0.0701,0
1959354,0.071161,0
1958191,0.0701,0
1958847,0.017544,0
1959832,0.0701,0
1955902,0.071161,0
1959355,0.010432,0
1959829,0.03764,0
1960336,0.009709,0
1960258,0.03764,0
1960292,0.15493,0
1957947,0.071161,0
1948405,0.046875,0
1958667,0.03764,0
1959684,0.151292,0
1958597,0.090038,0
1959932,0.071161,0
1959778,0.046875,0
1960321,0.017544,0
1960364,0.071161,0
1954140,0.016667,0
1960323,0.00885,0
1960342,0.010432,0
1960371,0.081197,0
1960428,0.010432,0
1959833,0.107884,0
1960412,0.017544,0
1960424,0.022222,0
1960386,0.03764,0
1959349,0.016746,0
1959890,0.0701,0
1958588,0.003319,0
1958452,0.0701,0
1957706,0.0701,0
1957597,0.046875,0
1958545,0.161698,0
1958094,0.095541,0
1957907,0.03764,0
1957214,0.00885,0
1957540,0.010432,0
1957993,0.03764,0
1958894,0.03764,0
1957577,0.0701,0
1959132,0.016667,0
1959117,0.161698,0
1958702,0.03764,0
1958204,0.0701,0
1957849,0.016746,0
1958884,0.00885,0
1957961,0.071161,0
1957853,0.081197,0
1957775,0.151292,0
1959677,0.003319,0
1959576,0.02214,0
1957757,0.017544,0
1958631,0.090038,0
1957686,0.071161,0
1957592,0.071161,0
1957690,0.010432,0
1958329,0.010432,0
1958317,0.03764,0
1958712,0.0701,0
1960402,0.016667,0
1958662,0.151292,0
1958753,0.081197,0
1957808,0.03764,0
1958885,0.00885,0
1958897,0.003319,0
1958923,0.015,0
1958928,0.017544,0
1957212,0.046875,0
1960248,0.151292,0
1958657,0.02214,0
1958694,0.010432,0
1957531,0.03764,0
1958258,0.010432,0
1958290,0.010432,0
1959327,0.107884,0
1957683,0.071161,0
1958132,0.046875,0
1957641,0.0701,0
1958313,0.016746,0
1958138,0.081197,0
1957538,0.046875,0
1957870,0.03764,0
1957911,0.03764,0
1957956,0.010432,0
1958133,0.071161,0
1959221,0.03764,0
1955504,0.010432,0
1958183,0.016667,0
1957722,0.03764,0
1958668,0.046875,0
1958403,0.03764,0
1958392,0.081197,0
1958371,0.151292,0
1959408,0.03764,0
1959090,0.161698,0
1959064,0.022222,0
1959914,0.010432,0
1959615,0.00885,0
1960451,0.0701,0
1959675,0.003937,0
1958780,0.161698,0
1959703,0.107884,0
1958751,0.016746,0
1960446,0.03764,0
1960215,0.02214,0
1960353,0.017544,0
1958177,0.0701,0
1954557,0.071161,0
1960357,0.03764,0
1958688,0.151292,0
1960459,0.03764,0
1959770,0.010432,0
1959283,0.071161,0
1960455,0.071161,0
1960012,0.016746,0
1958140,0.161698,0
1959160,0.081197,0
1956297,0.095541,0
1956315,0.00885,0
1960240,0.0701,0
1956797,0.03764,0
1960425,0.0701,0
1960477,0.003319,0
1959485,0.071161,0
1956834,0.010432,0
1959882,0.161698,0
1958709,0.03764,0
1960500,0.016746,0
1957578,0.010432,0
1959756,0.071161,0
1958508,0.0701,0
1959721,0.08,0
1959300,0.017544,0
1956491,0.03764,0
1960601,0.0701,0
1955059,0.02214,0
1959379,0.081197,0
1960597,0.0,0
1960653,0.071161,0
1957295,0.107884,0
1960665,0.15493,0
1957891,0.071161,0
1960673,0.03764,0
1957588,0.161698,0
1956465,0.016667,0
1960407,0.161698,0
1960136,0.090038,0
1960695,0.071161,0
1960403,0.0,0
1958033,0.0701,0
1960458,0.046875,0
1960657,0.016667,0
1960671,0.03764,0
1960737,0.0,0
1960731,0.046875,0
1959970,0.0701,0
1960747,0.08,0
1960756,0.0701,0
1960777,0.015,0
1958734,0.090038,0
1960727,0.003319,0
1960041,0.003937,0
1960633,0.071161,0
1960368,0.03764,0
1960245,0.015,0
1960791,0.0701,0
1960796,0.003937,0
1956024,0.0701,0
1955611,0.03764,0
1960785,0.016667,0
1959144,0.095541,0
1960783,0.071161,0
1958665,0.010432,0
1959211,0.015,0
1959366,0.071161,0
1957524,0.02214,0
1958971,0.046875,0
1959102,0.03764,0
1958652,0.03764,0
1959830,0.03764,0
1955338,0.090038,0
1959351,0.003319,0
1960234,0.022222,0
1957045,0.0701,0
1956968,0.03764,0
1957645,0.071161,0
1955986,0.03764,0
1959440,0.016746,0
1957315,0.016746,0
1958429,0.017544,0
1958593,0.0701,0
1960075,0.03764,0
1959985,0.071161,0
1960881,0.107884,0
1959945,0.016746,0
1958930,0.151292,0
1960007,0.003937,0
1956249,0.0701,0
1960882,0.071161,0
1959023,0.0701,0
1960119,0.016667,0
1959538,0.03764,0
1959321,0.046875,0
1958629,0.016667,0
1960866,0.071161,0
1958827,0.016667,0
1960828,0.010432,0
1960869,0.02214,0
1960775,0.016667,0
1955825,0.081197,0
1957758,0.161698,0
1959860,0.081197,0
1956346,0.071161,0
1958857,0.016746,0
1960887,0.02214,0
1959854,0.03764,0
1960904,0.0701,0
1956328,0.015,0
1959905,0.016667,0
1960583,0.010432,0
1960920,0.071161,0
1959155,0.0701,0
1960898,0.0701,0
1960922,0.071161,0
1956526,0.0701,0
1960792,0.017544,0
1960921,0.03764,0
1960903,0.03764,0
1958887,0.046875,0
1960909,0.161698,0
1960561,0.016746,0
1960889,0.03764,0
1959509,0.017544,0
1960942,0.010432,0
1959869,0.03764,0
1957017,0.161698,0
1960975,0.04363,0
1960491,0.022222,0
1960974,0.151292,0
1960838,0.02214,0
1960931,0.046875,0
1960962,0.02214,0
1960966,0.071161,0
1953325,0.016667,0
1960957,0.03764,0
1957570,0.151292,0
1958000,0.022222,0
1958180,0.003319,0
1959764,0.016746,0
1960845,0.090038,0
1959908,0.071161,0
1955003,0.010432,0
1960508,0.090038,0
1960985,0.03764,0
1959279,0.0701,0
1959412,0.081197,0
1961003,0.016746,0
1961024,0.016667,0
1961011,0.016667,0
1961006,0.03764,0
1958360,0.003319,0
1960925,0.071161,0
1961036,0.016667,0
1960819,0.0701,0
1961054,0.071161,0
1961043,0.199067,0
1960734,0.151292,0
1960972,0.046875,0
1957695,0.022222,0
1956886,0.081197,0
1959387,0.003319,0
1959005,0.03764,0
1959925,0.03764,0
1961056,0.071161,0
1960725,0.03764,0
1961074,0.0701,0
1961069,0.010432,0
1956744,0.161698,0
1957862,0.0701,0
1959938,0.010432,0
1957609,0.081197,0
1959065,0.016746,0
1961076,0.090038,0
1958205,0.081197,0
1960615,0.017544,0
1959720,0.071161,0
1958515,0.0701,0
1960231,0.081197,0
1959610,0.151292,0
1960778,0.046875,0
1961095,0.071161,0
1955548,0.0701,0
1959819,0.016746,0
1961045,0.071429,0
1959686,0.071161,0
1961098,0.010432,0
1961007,0.0,0
1955600,0.081197,0
1961127,0.199593,0
1961114,0.071161,0
1961121,0.016667,0
1961017,0.03764,0
1952835,0.0,0
1961106,0.009709,0
1951542,0.00885,0
1960970,0.03764,0
1960949,0.161698,0
1961122,0.016746,0
1961137,0.0701,0
1961155,0.009709,0
1961125,0.03764,0
1961058,0.015,0
1961131,0.00885,0
1961129,0.090038,0
1951102,0.016746,0
1961185,0.071161,0
1961132,0.016746,0
1961157,0.016667,0
1958462,0.046875,0
1960452,0.151292,0
1961205,0.022222,0
1961215,0.02214,0
1961173,0.046875,0
1958215,0.071161,0
1960577,0.03764,0
1958104,0.010432,0
1961197,0.010432,0
1961224,0.016746,0
1959528,0.071161,0
1960684,0.0701,0
1958274,0.071161,0
1961161,0.00885,0
1961285,0.003319,0
1961101,0.02214,0
1961244,0.03764,0
1961211,0.071161,0
1958271,0.0701,0
1960732,0.081197,0
1960826,0.046875,0
1957897,0.151292,0
1960897,0.161698,0
1961318,0.03764,0
1961355,0.022222,0
1960892,0.015,0
1955442,0.022222,0
1961332,0.016667,0
1961195,0.161698,0
1961172,0.071161,0
1954944,0.003319,0
1958825,0.151292,0
1961271,0.016746,0
1959902,0.107884,0
1956356,0.010432,0
1961399,0.161698,0
1961439,0.0701,0
1961431,0.03764,0
1957556,0.0701,0
1961177,0.199067,0
1944614,0.046875,0
1952366,0.010432,0
1960490,0.107884,0
1960070,0.03764,0
1961049,0.00885,0
1953337,0.071161,0
1959546,0.107884,0
1959774,0.016667,0
1955229,0.03764,0
1958044,0.081197,0
1957409,0.0701,0
1961241,0.071161,0
1961448,0.02214,0
1961455,0.090038,0
1954702,0.071161,0
1961002,0.016667,0
1957211,0.15493,0
1961430,0.0701,0
1958243,0.090038,0
1958582,0.107884,0
1961398,0.02214,0
1959858,0.010432,0
1959276,0.151292,0
1959859,0.090038,0
1957877,0.016746,0
1961451,0.010432,0
1959750,0.03764,0
1955201,0.090038,0
1961046,0.016746,0
1960072,0.015,0
1955084,0.02214,0
1961500,0.022222,0
1958735,0.03764,0
1961403,0.15493,0
1961517,0.017544,0
1958152,0.21875,0
1955694,0.151292,0
1961512,0.090038,0
1956151,0.00885,0
1959124,0.0701,0
1958684,0.010432,0
1958384,0.08,0
1958288,0.071161,0
1961556,0.03764,0
1960895,0.00885,0
1961518,0.0701,0
1961544,0.0701,0
1961555,0.071161,0
1961543,0.010432,0
1961553,0.015,0
1958432,0.03764,0
1961533,0.090038,0
1957534,0.081197,0
1959806,0.090038,0
1957479,0.03764,0
1960281,0.010432,0
1960794,0.03764,0
1961573,0.0701,0
1961617,0.010432,0
1958185,0.016746,0
1958563,0.03764,0
1954443,0.016667,0
1961587,0.071161,0
1960917,0.03764,0
1955541,0.081197,0
1958640,0.071161,0
1959564,0.03764,0
1959352,0.090038,0
1960907,0.08,0
1961597,0.081197,0
1959748,0.199067,0
1958856,0.161698,0
1961212,0.03764,0
1961364,0.081197,0
1958299,0.081197,0
1957881,0.081197,0
1960390,0.03764,0
1960535,0.107884,0
1956657,0.03764,0
1960453,0.046875,0
1961672,0.016746,0
1958087,0.0701,0
1961582,0.016667,0
1961648,0.107884,0
1961678,0.071161,0
1961684,0.090038,0
1960581,0.03764,0
1961652,0.090038,0
1961683,0.016667,0
1895628,0.161698,0
1960156,0.081197,0
1959637,0.017544,0
1961632,0.003319,0
1961413,0.161698,0
1957908,0.151292,0
1960062,0.03764,0
1950288,0.03764,0
1961736,0.003937,0
1961731,0.003319,0
1961699,0.161698,0
1956767,0.009709,0
1961711,0.0,0
1961735,0.003319,0
1218283,0.010432,0
1960704,0.03764,0
1953740,0.071161,0
1960289,0.02214,0
1617852,0.0,0
1958233,0.03764,0
1961339,0.046875,0
1959012,0.151292,0
1960735,0.03764,0
1961519,0.017544,0
1961762,0.03764,0
1961746,0.071161,0
1958888,0.161698,0
1958938,0.009709,0
1961096,0.00885,0
1961760,0.03764,0
1960485,0.071161,0
1953953,0.03764,0
1961780,0.017544,0
1933968,0.071161,0
1961697,0.0701,0
1957195,0.071161,0
1961809,0.016667,0
1957669,0.071161,0
1961803,0.081197,0
1961819,0.016667,0
1961778,0.03764,0
431885,0.107884,0
1944689,0.016746,0
1959731,0.090038,0
1961317,0.0701,0
1956921,0.03764,0
1931895,0.022222,0
1961817,0.151292,0
1961788,0.003937,0
1919477,0.161698,0
1961841,0.071161,0
1958793,0.016746,0
1059229,0.03764,0
1955695,0.03764,0
1961869,0.107884,0
1958446,0.022222,0
1954291,0.081197,0
1958385,0.071161,0
1956632,0.02214,0
1957218,0.0,0
1959680,0.08,0
1956501,0.02214,0
1957318,0.081197,0
1960996,0.02214,0
1958530,0.016746,0
1961878,0.00885,0
1958574,0.151292,0
1961126,0.081197,0
1961893,0.03764,0
1961796,0.107884,0
1961902,0.03764,0
1961904,0.015,0
1961876,0.010432,0
1961738,0.03764,0
1961585,0.03764,0
1960564,0.010432,0
1961881,0.081197,0
1961889,0.071161,0
1961454,0.03764,0
1961910,0.071161,0
1961765,0.095541,0
1961845,0.03764,0
1961898,0.0701,0
1961874,0.081197,0
1961924,0.00885,0
1961596,0.0701,0
1956210,0.151292,0
1958871,0.095541,0
1961578,0.107884,0
1955558,0.010432,0
1957636,0.21875,0
1961921,0.02214,0
1955290,0.03764,0
1961926,0.071161,0
1958738,0.03764,0
1956188,0.03764,0
1958344,0.017544,0
1957562,0.090038,0
1961784,0.017544,0
1681685,0.03764,0
1956495,0.151292,0
1959409,0.02214,0
1951661,0.081197,0
1959483,0.0,0
1959475,0.081197,0
1955407,0.03764,0
1958544,0.03764,0
1956402,0.0701,0
1956624,0.081197,0
1961956,0.199067,0
1956405,0.071161,0
1961970,0.015,0
1961960,0.03764,0
1961965,0.03764,0
1813360,0.081197,0
1907847,0.046875,0
1961758,0.010432,0
1961865,0.0701,0
1961593,0.03764,0
1957782,0.107884,0
1961883,0.016746,0
1961962,0.03764,0
1955734,0.02214,0
1961681,0.03764,0
1951686,0.03764,0
1960626,0.03764,0
1962011,0.010432,0
1959198,0.010432,0
1962002,0.071161,0
1961963,0.081197,0
1941611,0.071161,0
1957314,0.161698,0
1959326,0.0701,0
1962012,0.003937,0
1956835,0.03764,0
1960103,0.071161,0
1953021,0.107884,0
1961806,0.016746,0
1962001,0.0701,0
1961992,0.003319,0
1949662,0.199593,0
1961984,0.161698,0
1962029,0.081197,0
1961950,0.016746,0
1961894,0.03764,0
1956376,0.107884,0
1962041,0.003937,0
1961870,0.03764,0
1630895,0.081197,0
1957920,0.003937,0
1962047,0.070928,0
1923392,0.010432,0
1961210,0.071161,0
1961631,0.071161,0
1957963,0.03764,0
1956322,0.03764,0
1960527,0.010432,0
1940898,0.010432,0
1961619,0.03764,0
1961851,0.03764,0
1959496,0.046875,0
1958282,0.0701,0
1957481,0.071161,0
1959365,0.151292,0
1955940,0.003319,0
1961354,0.071161,0
1962004,0.016746,0
1961976,0.095541,0
1955225,0.046875,0
1962112,0.151292,0
1960788,0.015,0
1962097,0.010432,0
1962091,0.00885,0
1960571,0.0701,0
1956140,0.071161,0
1957874,0.010432,0
1962092,0.03764,0
1957362,0.095541,0
1958678,0.161698,0
1962137,0.016667,0
1961815,0.016746,0
1962152,0.081197,0
1955898,0.161698,0
1959783,0.015,0
1962102,0.03764,0
1958501,0.151292,0
1961380,0.161698,0
1962067,0.081197,0
1962187,0.142857,0
1958206,0.071161,0
1961985,0.00885,0
1962155,0.081197,0
1957365,0.0701,0
1962190,0.003937,0
1961103,0.00885,0
1962193,0.016667,0
1962213,0.046875,0
1962211,0.161698,0
1960024,0.046875,0
1962192,0.071161,0
1962215,0.071161,0
1954728,0.0701,0
1962208,0.02214,0
1952942,0.071161,0
1962201,0.071161,0
1960271,0.03764,0
1959934,0.071161,0
1961202,0.016667,0
1962230,0.003937,0
1957273,0.090038,0
1962253,0.046875,0
1962246,0.0,0
1960919,0.071161,0
1959733,0.0701,0
1949783,0.017544,0
1957175,0.017544,0
1959161,0.03764,0
1962170,0.010432,0
1947520,0.016746,0
1962241,0.015,0
1962257,0.0701,0
1962267,0.161698,0
1962202,0.0701,0
1956616,0.071161,0
1953181,0.017544,0
1957902,0.003319,0
1959923,0.00885,0
1962008,0.03764,0
1962269,0.010432,0
1957946,0.022222,0
1959098,0.015,0
1962250,0.010432,0
1960782,0.161698,0
1961147,0.161698,0
1958333,0.03764,0
1962265,0.016667,0
1949882,0.02214,0
1961460,0.02214,0
1962280,0.081197,0
1962259,0.161698,0
1962252,0.081197,0
1958880,0.081197,0
1962200,0.013031,0
1959636,0.161698,0
1962287,0.016746,0
1962179,0.0701,0
1962300,0.003319,0
1956976,0.0701,0
1961943,0.151292,0
1961140,0.071161,0
1895043,0.107884,0
1962311,0.02214,0
1960464,0.161698,0
1957684,0.0701,0
1956428,0.161698,0
1957739,0.017544,0
1957111,0.003319,0
1962331,0.03764,0
1962035,0.081197,0
1962036,0.071161,0
1962336,0.03764,0
1958577,0.095541,0
1953355,0.0701,0
1960850,0.151292,0
1952975,0.090038,0
1962346,0.009709,0
1961700,0.046875,0
1962339,0.016667,0
1962376,0.010432,0
1958368,0.0701,0
1957020,0.0701,0
1955234,0.0701,0
1962375,0.0,0
1962310,0.161698,0
1960186,0.081197,0
1962372,0.081197,0
1958736,0.03764,0
1962355,0.0701,0
1962382,0.03764,0
1962383,0.071161,0
1954877,0.095541,0
1962361,0.016667,0
1962231,0.016746,0
1955899,0.081197,0
1962182,0.003319,0
1962136,0.016746,0
1942169,0.00885,0
1956814,0.0701,0
1958309,0.03764,0
1960611,0.071161,0
1962186,0.015,0
1957656,0.022222,0
1954632,0.003319,0
1956548,0.03764,0
1956979,0.090038,0
1955731,0.016746,0
1960667,0.081197,0
1958364,0.0701,0
1959348,0.010432,0
1957293,0.03764,0
1958765,0.151292,0
1962411,0.00885,0
1953924,0.090038,0
1957016,0.151292,0
1962412,0.016667,0
1962423,0.0701,0
1961580,0.03764,0
1961379,0.0701,0
1961386,0.095541,0
1960418,0.03764,0
1962432,0.046875,0
1962427,0.003319,0
1956946,0.081197,0
1958345,0.03764,0
1962441,0.090038,0
1958970,0.071161,0
1961968,0.081197,0
1962297,0.03764,0
1962327,0.081197,0
1962324,0.071161,0
1962476,0.0701,0
1962485,0.016746,0
1958240,0.090038,0
1962484,0.03764,0
1962305,0.016746,0
1962127,0.03764,0
1962473,0.081197,0
1949189,0.010432,0
1955914,0.151292,0
1956958,0.0701,0
1958023,0.03764,0
1959331,0.0701,0
1953323,0.161698,0
1962512,0.151292,0
1962451,0.071161,0
1962520,0.016746,0
1962394,0.071161,0
1962502,0.151292,0
1962527,0.046875,0
1954992,0.161698,0
1962026,0.081197,0
1962421,0.022222,0
1961830,0.02214,0
1958196,0.161698,0
1962516,0.090038,0
1962481,0.161698,0
1962293,0.03764,0
1962509,0.090038,0
1962546,0.081197,0
1962446,0.03764,0
1959586,0.0701,0
1962559,0.071161,0
1962563,0.017544,0
1962564,0.010432,0
1961983,0.03764,0
1962435,0.090038,0
1962603,0.03764,0
1962581,0.03764,0
1958697,0.161698,0
1962541,0.003937,0
1959293,0.090038,0
1949985,0.071161,0
1943809,0.016746,0
1962568,0.022222,0
1958053,0.071161,0
1961561,0.046875,0
1957716,0.03764,0
1958944,0.0701,0
1957581,0.090038,0
1958524,0.071161,0
1961175,0.0701,0
1962637,0.022222,0
1961014,0.090038,0
1947543,0.0701,0
1958259,0.03764,0
1962636,0.151292,0
1962633,0.03764,0
1959767,0.151292,0
1962806,0.046875,0
1962775,0.017544,0
1962705,0.03764,0
1956237,0.08,0
1957954,0.107884,0
1962500,0.0701,0
1956531,0.016746,0
1959491,0.046875,0
1962634,0.161698,0
1962810,0.151292,0
1962822,0.071161,0
1962796,0.071161,0
1962732,0.016746,0
1960741,0.071161,0
1962639,0.0701,0
1956324,0.081197,0
1958915,0.016667,0
1956126,0.090038,0
1962811,0.016667,0
1960750,0.017544,0
1962754,0.071161,0
1954920,0.003319,0
1962739,0.016667,0
1962449,0.199067,0
1962687,0.046875,0
1962646,0.03764,0
1962767,0.095541,0
1958561,0.071161,0
1962667,0.0701,0
1961201,0.017544,0
1961932,0.0701,0
1957786,0.107884,0
1959166,0.090038,0
1962330,0.081197,0
1961395,0.010432,0
1960573,0.046875,0
1962864,0.090038,0
1961978,0.010432,0
1962833,0.03764,0
1958331,0.081197,0
1962615,0.016746,0
1962780,0.03764,0
1958083,0.010432,0
1960967,0.071161,0
1962592,0.0655,0
1962883,0.151292,0
1962621,0.071161,0
1958624,0.151292,0
1960912,0.046875,0
1959470,0.03764,0
1962455,0.151292,0
1962874,0.017544,0
1962817,0.022222,0
1960311,0.03764,0
1960495,0.016667,0
1962053,0.03764,0
1960790,0.081197,0
1962931,0.071161,0
1962683,0.151292,0
1962845,0.071161,0
1962408,0.081197,0
1957535,0.02214,0
1958656,0.0701,0
1962871,0.151292,0
1962580,0.046875,0
1956843,0.071161,0
1962746,0.03764,0
1962958,0.022222,0
1962146,0.03764,0
1962893,0.071161,0
1959184,0.0701,0
1962990,0.03764,0
1959889,0.071161,0
1957164,0.00885,0
1960699,0.0701,0
1962805,0.003937,0
1962948,0.090038,0
1962979,0.161698,0
1962962,0.151292,0
1954949,0.003937,0
1962915,0.03764,0
1963005,0.095541,0
1958768,0.090038,0
1962880,0.0701,0
1962953,0.015,0
1962766,0.081197,0
1962867,0.161698,0
1962966,0.107884,0
1963000,0.0701,0
1956783,0.046875,0
1960906,0.081197,0
1958613,0.151292,0
1956358,0.151292,0
1963014,0.03764,0
1962420,0.046875,0
1963007,0.02214,0
1963006,0.016746,0
1962876,0.015,0
1963022,0.071161,0
1955920,0.022222,0
1959318,0.081197,0
1962968,0.02214,0
1957833,0.151292,0
1960681,0.046875,0
1962993,0.017544,0
1962977,0.03764,0
1963052,0.003937,0
1963041,0.046875,0
1962638,0.016667,0
1962905,0.015,0
1962823,0.03764,0
1960947,0.003319,0
1963027,0.090038,0
1963058,0.003319,0
1963066,0.00885,0
1962938,0.161698,0
1962942,0.003319,0
1962947,0.107884,0
1958968,0.090038,0
1962794,0.071161,0
1962641,0.03764,0
1962642,0.161698,0
1959730,0.090038,0
1962688,0.03764,0
1963004,0.090038,0
1960262,0.03764,0
1962653,0.03764,0
1963096,0.0701,0
1962803,0.016746,0
1962743,0.161698,0
1963088,0.071161,0
1960398,0.00885,0
1963113,0.0701,0
1960958,0.161698,0
1963111,0.016746,0
1961569,0.010432,0
1962984,0.02214,0
1959901,0.03764,0
1962576,0.081197,0
1963123,0.03764,0
1961536,0.071161,0
1963121,0.151292,0
1963050,0.046875,0
1963125,0.03764,0
1963071,0.010432,0
1956500,0.081197,0
1960164,0.090038,0
1962978,0.151292,0
1963054,0.017544,0
1963019,0.010432,0
1961546,0.003319,0
1962991,0.03764,0
1963137,0.161698,0
1962976,0.03764,0
1959891,0.071429,0
1963154,0.00885,0
1963158,0.0701,0
1963155,0.003319,0
1962786,0.022222,0
1963128,0.071161,0
1963167,0.071161,0
1963168,0.02214,0
1963165,0.03764,0
1962816,0.071161,0
1956820,0.046875,0
1958098,0.107884,0
1953592,0.0701,0
1957923,0.095541,0
1959571,0.071161,0
1962402,0.0701,0
1960835,0.016746,0
1957932,0.017544,0
1962650,0.02214,0
1962666,0.003937,0
1963094,0.071161,0
1963196,0.016746,0
1962214,0.003319,0
1958813,0.016746,0
1962664,0.016667,0
1955375,0.017544,0
1958632,0.015,0
1959467,0.071161,0
1339380,0.071161,0
1957798,0.03764,0
1963072,0.046875,0
1963180,0.017544,0
1963201,0.03764,0
1959659,0.016746,0
1963160,0.022222,0
1963139,0.151292,0
1963143,0.0701,0
1963053,0.00885,0
1963222,0.0701,0
1963193,0.015,0
1958128,0.151292,0
1963214,0.003937,0
1958102,0.107884,0
1960997,0.071161,0
1959115,0.03764,0
1963191,0.15493,0
1958168,0.161698,0
1963197,0.016667,0
1963229,0.03764,0
1961756,0.0701,0
1961618,0.003319,0
1963220,0.010432,0
1963237,0.090038,0
1963271,0.02214,0
1958815,0.151292,0
1963277,0.016667,0
1963282,0.015,0
1959296,0.046875,0
1963281,0.016746,0
1963255,0.003319,0
1963274,0.016746,0
1963192,0.0701,0
1963103,0.016746,0
1963284,0.016667,0
1963280,0.016746,0
1963288,0.003319,0
1963272,0.00885,0
1963306,0.003937,0
1963287,0.016667,0
1963286,0.00885,0
1963244,0.010432,0
1963304,0.016746,0
1963292,0.003319,0
1954673,0.071161,0
1963311,0.015,0
1963307,0.010432,0
1958636,0.03764,0
1963317,0.03764,0
1963297,0.017544,0
1963315,0.00885,0
1963322,0.03764,0
1961409,0.095541,0
1963312,0.010432,0
1963296,0.010432,0
1963140,0.071161,0
1961589,0.161698,0
1963310,0.03764,0
1957276,0.046875,0
1962506,0.046875,0
1963235,0.016746,0
1963249,0.151292,0
1963335,0.071161,0
1963331,0.071161,0
1963318,0.03764,0
1960326,0.03764,0
1963323,0.03764,0
1962853,0.071161,0
1963354,0.010432,0
1963342,0.090038,0
1963367,0.02214,0
1963349,0.003319,0
1963293,0.009709,0
1963309,0.003319,0
1963298,0.081197,0
1958984,0.03764,0
1962015,0.046875,0
1962619,0.003937,0
1963230,0.03764,0
1963204,0.003319,0
1955935,0.015,0
1962995,0.0701,0
1963130,0.022222,0
1960522,0.03764,0
1963245,0.192661,0
1963291,0.02214,0
1961162,0.071161,0
1963383,0.03764,0
1962356,0.03764,0
1961421,0.161698,0
1963357,0.03764,0
1962415,0.081197,0
1963507,0.00885,0
1963473,0.071161,0
1963433,0.010432,0
1963316,0.015,0
1963481,0.071161,0
1956663,0.199593,0
1963497,0.015,0
1962491,0.016746,0
1963528,0.03764,0
1960022,0.081197,0
1963533,0.071161,0
1957071,0.016746,0
1961873,0.003319,0
1962147,0.161698,0
1963532,0.016667,0
1960771,0.161698,0
1962973,0.03764,0
1956942,0.0701,0
1963108,0.071161,0
1962477,0.003319,0
1963557,0.071161,0
1957632,0.090038,0
1963585,0.161698,0
1960566,0.03764,0
1960175,0.03764,0
1963546,0.03764,0
1963411,0.010432,0
1957177,0.03764,0
1963618,0.016667,0
1963604,0.010432,0
1963627,0.071161,0
1962596,0.151292,0
1963418,0.081197,0
1963645,0.03764,0
1963650,0.0,0
1961866,0.071161,0
1963667,0.017544,0
1958764,0.03764,0
1779352,0.046875,0
1963676,0.151292,0
1952510,0.081197,0
1963714,0.022222,0
1960558,0.071161,0
1963261,0.003319,0
1958924,0.03764,0
1963748,0.016667,0
1963295,0.016667,0
1963761,0.161698,0
1960484,0.03764,0
1957772,0.042736,0
1963768,0.071161,0
1963746,0.046875,0
1956852,0.016746,0
1962517,0.00885,0
1956118,0.016667,0
1963358,0.0701,0
1958519,0.010432,0
1963812,0.071161,0
1958242,0.0701,0
1960011,0.090038,0
1960194,0.02214,0
1961987,0.010432,0
1962970,0.071161,0
1963851,0.046875,0
1955355,0.016667,0
1963853,0.010432,0
1958214,0.016746,0
1963355,0.03764,0
1963764,0.03764,0
1958013,0.071161,0
1963847,0.016746,0
1958933,0.016746,0
1963844,0.00885,0
1958337,0.03764,0
1963359,0.03764,0
1952659,0.02214,0
1962457,0.046875,0
1963892,0.151292,0
1963890,0.03764,0
1963898,0.03764,0
1958484,0.022222,0
1963900,0.046875,0
1961586,0.081197,0
1963886,0.071161,0
1963910,0.017544,0
1963889,0.03764,0
1953877,0.0701,0
1963911,0.071161,0
1959404,0.161698,0
1963909,0.010432,0
1963901,0.010432,0
1962302,0.02214,0
1963931,0.017544,0
1951623,0.022222,0
1963932,0.0,0
1963930,0.199593,0
1958139,0.03764,0
1959291,0.151292,0
1963279,0.03764,0
1960753,0.071161,0
1963941,0.161698,0
1963942,0.010432,0
1958121,0.151292,0
1959787,0.016667,0
1963824,0.03764,0
1963954,0.0701,0
1954259,0.03764,0
1963771,0.03764,0
1963959,0.016746,0
1963373,0.071161,0
1959897,0.0701,0
1963982,0.071161,0
1963979,0.010432,0
1962368,0.02214,0
1961086,0.161698,0
1957711,0.03764,0
1891010,0.071161,0
1963936,0.151292,0
1963990,0.161698,0
1963015,0.016746,0
1956409,0.03764,0
1957340,0.03764,0
1952721,0.0701,0
1964017,0.00885,0
1958724,0.151292,0
1964001,0.0701,0
1962366,0.016667,0
1934513,0.0,0
1960821,0.03764,0
1954075,0.071161,0
1960603,0.010432,0
1958135,0.00885,0
1964015,0.022222,0
1964048,0.015,0
1964034,0.08,0
1964036,0.081197,0
1964049,0.010432,0
1958637,0.0701,0
1964000,0.03764,0
1958779,0.071161,0
1964058,0.03764,0
1964027,0.03764,0
1963372,0.015,0
1964063,0.00885,0
1960430,0.02214,0
1964070,0.081197,0
1964065,0.151292,0
1962777,0.199067,0
1963194,0.02214,0
1959158,0.016746,0
1964082,0.003319,0
1964067,0.003319,0
1963090,0.199593,0
1957568,0.022222,0
1963273,0.03764,0
1956904,0.016667,0
1959992,0.081197,0
1935182,0.003319,0
1964090,0.0,0
1964083,0.081197,0
1947764,0.071161,0
1963133,0.017544,0
1963891,0.015,0
1960980,0.003319,0
1961656,0.00885,0
1964140,0.15493,0
1960693,0.03764,0
1946892,0.095541,0
1960893,0.090038,0
1964138,0.017544,0
1964136,0.010432,0
1964146,0.03764,0
1964127,0.071161,0
1962558,0.02214,0
1964143,0.016746,0
1964152,0.003937,0
1954415,0.161698,0
1964104,0.00885,0
1964114,0.199593,0
1964123,0.0701,0
1959225,0.046875,0
1963935,0.071161,0
1964003,0.010432,0
1957682,0.071161,0
1964149,0.010432,0
1963394,0.016746,0
1937114,0.00885,0
1964171,0.010432,0
1958245,0.090038,0
1964147,0.003319,0
1962861,0.03764,0
1964180,0.016746,0
1953998,0.199067,0
1964190,0.016746,0
1961549,0.03764,0
1964197,0.0701,0
1964184,0.010432,0
1960009,0.0701,0
1964194,0.081197,0
1964198,0.046875,0
1964196,0.015,0
1964201,0.071161,0
1964192,0.010432,0
1964148,0.03764,0
1964213,0.081197,0
1961040,0.03764,0
1964212,0.02214,0
1961703,0.071161,0
1958945,0.0701,0
1964227,0.015,0
1961112,0.071161,0
1960669,0.046875,0
1964237,0.003319,0
1961093,0.0701,0
1959086,0.151292,0
1955042,0.010432,0
1964216,0.081197,0
1961489,0.0701,0
1964224,0.016746,0
1947979,0.02214,0
1963159,0.017544,0
1939553,0.03764,0
1961732,0.046875,0
1954384,0.016667,0
1962924,0.161698,0
1958878,0.199067,0
1959994,0.015,0
1958644,0.016746,0
1954629,0.046875,0
1962844,0.016746,0
1958895,0.0701,0
1961322,0.071161,0
1943852,0.046875,0
1964222,0.016667,0
1964252,0.071161,0
1964223,0.03764,0
1951709,0.016667,0
1958691,0.017544,0
1964047,0.03764,0
1964266,0.03764,0
1962217,0.071161,0
1964263,0.071161,0
1960543,0.151292,0
1964261,0.010432,0
1961770,0.0701,0
1962504,0.151292,0
1964265,0.03764,0
1964269,0.03764,0
1964267,0.02214,0
1964241,0.00885,0
1958789,0.03764,0
1962840,0.161698,0
1964242,0.010432,0
1961802,0.03764,0
1964279,0.02214,0
1954696,0.03764,0
1959954,0.003319,0
1964186,0.095541,0
1964308,0.071161,0
1959664,0.03764,0
1954738,0.090038,0
1964304,0.03764,0
1957247,0.003319,0
1964225,0.03764,0
1950031,0.03764,0
1964286,0.03764,0
1957204,0.046875,0
1964309,0.151292,0
1962562,0.03764,0
1964319,0.010432,0
1958876,0.0701,0
1960722,0.003319,0
1964335,0.151292,0
1964301,0.0701,0
1964339,0.0701,0
1959018,0.017544,0
1964343,0.003319,0
1959561,0.071161,0
1962203,0.016667,0
1964345,0.046875,0
1958107,0.151292,0
1964355,0.017544,0
1956414,0.0701,0
1879954,0.161698,0
1959088,0.071161,0
1961411,0.081197,0
1957831,0.071161,0
1964191,0.015,0
1962391,0.0701,0
1963980,0.02214,0
1964370,0.03764,0
1634306,0.046875,0
1964390,0.010432,0
1950337,0.03764,0
1964398,0.03764,0
1955545,0.071161,0
1964393,0.010432,0
1964356,0.02214,0
1964406,0.0701,0
1952457,0.003937,0
1964401,0.02214,0
1958740,0.03764,0
1958548,0.03764,0
1960127,0.010432,0
1958110,0.08,0
1964185,0.02214,0
1961862,0.046875,0
1964394,0.0701,0
1964272,0.016746,0
1959307,0.071161,0
1964293,0.017544,0
1964397,0.071161,0
1954628,0.03764,0
1964416,0.03764,0
1964415,0.010432,0
1964106,0.090038,0
1963142,0.03764,0
1961064,0.151292,0
1960928,0.016746,0
1964427,0.016746,0
1964270,0.095541,0
1953357,0.0701,0
1952616,0.071161,0
1964199,0.010432,0
1964423,0.015,0
1964436,0.017544,0
1964425,0.151292,0
1964429,0.0701,0
1964409,0.0701,0
1964336,0.010432,0
1959977,0.03764,0
1964456,0.090038,0
1964440,0.022222,0
1964452,0.02214,0
1964428,0.022222,0
1964446,0.03764,0
1964437,0.151292,0
1958646,0.00885,0
1964445,0.071161,0
1719870,0.010432,0
1960994,0.010432,0
1964463,0.016667,0
1956432,0.090038,0
1964404,0.017544,0
1964276,0.016746,0
1961879,0.071161,0
1961908,0.0701,0
1960108,0.03764,0
1955984,0.0701,0
1964471,0.0701,0
1964469,0.016746,0
1964480,0.161698,0
1960935,0.0701,0
1964487,0.03764,0
1964489,0.03764,0
1964493,0.016667,0
1956870,0.071161,0
1962154,0.071161,0
1964503,0.0,0
1964483,0.010432,0
1964519,0.071161,0
1962498,0.090038,0
1957607,0.071161,0
1961471,0.016746,0
1962262,0.161698,0
1964521,0.03764,0
1964526,0.081197,0
1962703,0.03764,0
1964542,0.151292,0
1959510,0.02214,0
1958849,0.0701,0
1734451,0.010432,0
1964499,0.071161,0
1964546,0.009709,0
1964548,0.081197,0
1964075,0.046875,0
1964168,0.016667,0
1964274,0.003319,0
1964432,0.03764,0
1960123,0.151292,0
1964541,0.090038,0
1964567,0.016667,0
1957073,0.081197,0
1961975,0.0701,0
1964170,0.03764,0
1964439,0.016746,0
1964382,0.03764,0
1958615,0.03764,0
1964589,0.03764,0
1964529,0.090038,0
1964358,0.016746,0
1964586,0.03764,0
1948992,0.081197,0
1964566,0.02214,0
1964594,0.010432,0
1964538,0.161698,0
1964525,0.081197,0
1963922,0.003319,0
1959344,0.0701,0
1960049,0.016667,0
1959466,0.161698,0
1964609,0.0,0
1959706,0.022222,0
1958966,0.081197,0
1962135,0.03764,0
1964512,0.010432,0
1961345,0.016667,0
1958951,0.046875,0
1960829,0.03764,0
1964448,0.03764,0
1964031,0.046875,0
1964347,0.016667,0
1960802,0.08,0
1964497,0.015,0
1964385,0.00885,0
1962779,0.010432,0
1958939,0.0,0
1952558,0.071161,0
1964616,0.02214,0
1964175,0.090038,0
1958025,0.0701,0
1964606,0.03764,0
1962076,0.016746,0
1962309,0.02214,0
1962917,0.071161,0
1963382,0.151292,0
1959875,0.081197,0
1958275,0.071161,0
1959541,0.090038,0
1964490,0.03764,0
1962494,0.016746,0
1964612,0.022222,0
1957743,0.081197,0
1964421,0.016746,0
1964290,0.071161,0
1964588,0.003937,0
1964623,0.022222,0
1964617,0.03764,0
1961833,0.151292,0
1964615,0.151292,0
1964639,0.00885,0
1964644,0.010432,0
1961031,0.03764,0
1964637,0.0701,0
1964648,0.016667,0
1962017,0.003319,0
1960486,0.0701,0
1964535,0.090038,0
1939933,0.016667,0
1955318,0.02214,0
1964661,0.151292,0
1962239,0.0701,0
1964659,0.016746,0
1964662,0.010432,0
1964647,0.0,0
1964665,0.03764,0
1964672,0.03764,0
1962983,0.071161,0
1958363,0.03764,0
1964686,0.071161,0
1964674,0.00885,0
1964683,0.046875,0
1964676,0.016667,0
1964664,0.016667,0
1957312,0.090038,0
1964691,0.161698,0
1964689,0.090038,0
1958507,0.161698,0
1964692,0.090038,0
1135442,0.081197,0
1964563,0.071161,0
1958108,0.016746,0
1959602,0.003319,0
1964701,0.03764,0
1964694,0.046875,0
1961896,0.0701,0
1964531,0.046875,0
1958006,0.03764,0
1958628,0.071161,0
1964518,0.003319,0
1958263,0.003319,0
1961644,0.046875,0
1964681,0.03764,0
1963781,0.161698,0
1964707,0.0701,0
1955950,0.016667,0
1964713,0.0701,0
1964250,0.0701,0
1964704,0.03764,0
1962508,0.161698,0
1964717,0.016746,0
1964720,0.016667,0
1956488,0.03764,0
1963264,0.010432,0
1958867,0.0701,0
1954598,0.199067,0
1964716,0.02214,0
1964583,0.081197,0
1964729,0.003937,0
1964718,0.090038,0
1964614,0.151292,0
1964737,0.016667,0
1964725,0.081197,0
1962802,0.090038,0
1959873,0.0701,0
1964727,0.03764,0
1964091,0.010432,0
1964745,0.03764,0
1964734,0.00885,0
1963363,0.192661,0
1964447,0.0701,0
1961266,0.071161,0
1964744,0.016667,0
1960214,0.081197,0
1964743,0.010432,0
1959844,0.081197,0
1964029,0.0701,0
1964752,0.046875,0
1957346,0.0701,0
1964627,0.071161,0
1963203,0.071161,0
1953601,0.161698,0
1955907,0.046875,0
1964755,0.00885,0
1960531,0.081197,0
1949077,0.010432,0
1959425,0.071161,0
1962908,0.151292,0
1957843,0.016746,0
1960325,0.081197,0
1964587,0.03764,0
1963337,0.003319,0
1964673,0.151292,0
1961791,0.0701,0
1964645,0.0701,0
1964652,0.151292,0
1958612,0.0701,0
1964763,0.151292,0
1964723,0.022222,0
1964773,0.003319,0
1959904,0.00885,0
1964565,0.071161,0
1964764,0.0701,0
1964761,0.071161,0
1956479,0.016746,0
1964775,0.071161,0
1964776,0.090038,0
1960275,0.0701,0
1959208,0.03764,0
1964751,0.03764,0
1964766,0.081197,0
1962440,0.15493,0
1964376,0.03764,0
1964783,0.046875,0
1961030,0.071161,0
1845331,0.071161,0
1964797,0.00885,0
1829711,0.03764,0
1964793,0.0701,0
1956940,0.016667,0
1964084,0.03764,0
1962507,0.017544,0
1964684,0.161698,0
1961951,0.016746,0
1963188,0.071161,0
1957878,0.151292,0
1958566,0.0701,0
1962800,0.046875,0
1958386,0.071161,0
1958030,0.081197,0
1964654,0.03764,0
1964117,0.010432,0
1964794,0.08,0
1964802,0.022199,0
1963177,0.081197,0
1962283,0.010432,0
1959183,0.02214,0
1962495,0.016746,0
1950975,0.071161,0
1964819,0.199067,0
1964833,0.016667,0
1964837,0.03764,0
1956609,0.003937,0
1964790,0.199067,0
1958778,0.016746,0
1964101,0.0701,0
1955435,0.0701,0
1964855,0.0701,0
1964831,0.090038,0
1957792,0.046875,0
1964454,0.016667,0
1964859,0.03764,0
981636,0.0701,0
1964853,0.00885,0
1964803,0.0701,0
1962533,0.071161,0
1962277,0.199593,0
1960437,0.016746,0
1964877,0.071161,0
1963466,0.010432,0
1956487,0.03764,0
1964875,0.009709,0
1961572,0.199067,0
1964874,0.0701,0
1964827,0.010432,0
1964879,0.071161,0
1964886,0.016746,0
1964890,0.161698,0
1964858,0.15493,0
1964746,0.003937,0
1959179,0.0701,0
1964820,0.081197,0
1957802,0.0701,0
1960145,0.03764,0
1961442,0.02214,0
1964844,0.010432,0
1963469,0.071161,0
1964883,0.010432,0
1906969,0.081197,0
1955329,0.016667,0
1964889,0.0,0
1959976,0.03764,0
1438921,0.003937,0
1953435,0.00885,0
1964903,0.071161,0
1964798,0.03764,0
1959995,0.071161,0
1964888,0.016746,0
1955879,0.071161,0
1964782,0.151292,0
1962342,0.03764,0
1960978,0.0701,0
1964919,0.00885,0
1961959,0.0701,0
1964907,0.003937,0
1964894,0.151292,0
1963997,0.010432,0
1954710,0.00885,0
1962787,0.010432,0
1962701,0.071161,0
1964930,0.016667,0
1964935,0.0701,0
1964928,0.03764,0
1959886,0.161698,0
1962095,0.0701,0
1964867,0.003319,0
1959292,0.02214,0
1960475,0.02214,0
1964849,0.081197,0
1957532,0.090038,0
1962761,0.08,0
1964441,0.016667,0
1963012,0.03764,0
1960166,0.03764,0
1963540,0.003937,0
1964396,0.017544,0
1960021,0.107884,0
1296651,0.0701,0
1964943,0.046875,0
1964834,0.071161,0
1962043,0.071161,0
1964941,0.016746,0
1961079,0.081197,0
1951730,0.161698,0
1956471,0.151292,0
1964947,0.022222,0
1955947,0.071161,0
1964948,0.081197,0
1964950,0.071161,0
1957436,0.071161,0
1964961,0.03764,0
1964966,0.071161,0
1964804,0.071161,0
1964968,0.03764,0
1964942,0.016746,0
1964976,0.071161,0
1962359,0.017544,0
1964828,0.0701,0
1964892,0.016667,0
1964077,0.03764,0
1962776,0.015,0
1964924,0.0701,0
1953984,0.071161,0
1957047,0.0701,0
1964983,0.142857,0
1964778,0.071161,0
1964333,0.046875,0
1951604,0.090038,0
1964997,0.022222,0
1964993,0.192661,0
1965010,0.02214,0
1957183,0.017544,0
1794347,0.161698,0
1963539,0.046875,0
1964952,0.03764,0
1961037,0.21875,0
1965022,0.071161,0
1965003,0.02214,0
1961342,0.151292,0
1959666,0.090038,0
1965028,0.071161,0
1956215,0.03764,0
1954438,0.090038,0
1965029,0.071161,0
1965032,0.081197,0
1965034,0.03764,0
1956823,0.095541,0
1955942,0.03764,0
1965038,0.03764,0
1957392,0.03764,0
1965043,0.03764,0
1954265,0.010432,0
1954444,0.161698,0
1955909,0.199067,0
1962700,0.0701,0
1965059,0.0701,0
1964603,0.151292,0
1964624,0.02214,0
1959324,0.081197,0
1950889,0.016746,0
1965009,0.03764,0
1964872,0.02214,0
1964134,0.016667,0
1964505,0.046875,0
1965075,0.003319,0
1965083,0.03764,0
1965087,0.071161,0
1965095,0.016746,0
1965088,0.017544,0
1965110,0.151292,0
1965117,0.03764,0
1955431,0.071161,0
1965118,0.02214,0
1965122,0.016667,0
1965121,0.071161,0
1965125,0.016667,0
1964371,0.090038,0
1964549,0.161698,0
1964862,0.00885,0
1958376,0.090038,0
1965139,0.016746,0
1965143,0.016746,0
1965153,0.046875,0
1965161,0.03764,0
1965158,0.090038,0
1965006,0.03764,0
1965167,0.107884,0
1962337,0.03764,0
1951701,0.009709,0
1951291,0.254217,0
1965115,0.016746,0
1959016,0.0701,0
1955658,0.046875,0
1965182,0.081197,0
1965176,0.090038,0
1956208,0.016746,0
1965190,0.071161,0
1965170,0.02214,0
1962006,0.02214,0
1965203,0.0701,0
1959653,0.046875,0
1965207,0.009709,0
1946110,0.0701,0
1965066,0.03764,0
1965208,0.081197,0
1965178,0.02214,0
1962274,0.046875,0
1431724,0.090038,0
1965197,0.02214,0
1965215,0.016667,0
1965218,0.03764,0
1959741,0.071161,0
1965227,0.090038,0
1965241,0.0701,0
1965240,0.00885,0
1965258,0.0701,0
1959751,0.161698,0
1965245,0.010432,0
1935549,0.003319,0
1965260,0.015,0
1965249,0.003937,0
1896162,0.107884,0
1964234,0.010432,0
1043657,0.016746,0
1965274,0.010432,0
1965265,0.016746,0
1965236,0.090038,0
1963782,0.016667,0
1965270,0.010432,0
1955445,0.0701,0
1965142,0.016667,0
1962686,0.015,0
1965287,0.090038,0
1963352,0.0701,0
1965018,0.010432,0
1965264,0.010432,0
1951382,0.081197,0
1965269,0.016746,0
1958505,0.090038,0
1965300,0.02214,0
1585660,0.081197,0
1965242,0.081197,0
1965301,0.071161,0
1965285,0.02214,0
1965311,0.0701,0
1816924,0.010432,0
1965299,0.081197,0
1965309,0.071161,0
1965266,0.151292,0
1965282,0.017544,0
1965308,0.003319,0
1954617,0.151292,0
1959019,0.046875,0
1705127,0.0701,0
1965254,0.071161,0
1965321,0.003319,0
1964162,0.0701,0
1965328,0.03764,0
1965355,0.161698,0
1965317,0.00885,0
1965263,0.03764,0
1965338,0.03764,0
1965359,0.081197,0
1965342,0.090038,0
1965351,0.161698,0
1965384,0.03764,0
1953609,0.161698,0
1965396,0.003319,0
1965370,0.0701,0
1965380,0.071161,0
1965405,0.003319,0
1965367,0.046875,0
1965408,0.081197,0
1965407,0.016746,0
1965243,0.016667,0
1965382,0.107884,0
1965375,0.00885,0
1946451,0.090038,0
1965124,0.03764,0
1965423,0.015,0
1965348,0.071161,0
1965426,0.003319,0
1961929,0.081197,0
1965422,0.0701,0
1965414,0.0701,0
1965303,0.0701,0
1965257,0.071161,0
1965443,0.199067,0
1965206,0.071161,0
1965406,0.0701,0
1964088,0.010432,0
1965458,0.003937,0
1965460,0.0,0
1954858,0.003937,0
1965455,0.003319,0
1965471,0.03764,0
1965465,0.151292,0
1965456,0.010432,0
1965473,0.03764,0
1965196,0.071161,0
1965478,0.071161,0
1963034,0.090038,0
1965477,0.107884,0
1952695,0.03764,0
1965436,0.071161,0
1965486,0.161698,0
1965500,0.151292,0
1965481,0.00885,0
1965462,0.02214,0
1965509,0.161698,0
1957159,0.071161,0
1965513,0.071161,0
1936399,0.151292,0
1955957,0.022222,0
1964582,0.090038,0
1965545,0.016746,0
1965569,0.107884,0
1965576,0.03764,0
1965538,0.03764,0
1965554,0.046875,0
1965568,0.081197,0
1965532,0.003319,0
1965579,0.009709,0
1965573,0.017544,0
1965530,0.046875,0
1965490,0.0701,0
1965541,0.081197,0
1965611,0.010432,0
1965557,0.010432,0
1965549,0.010432,0
1965553,0.071161,0
1965631,0.0,0
1965454,0.107884,0
1965641,0.03764,0
1945085,0.161698,0
1965643,0.017544,0
1965577,0.03764,0
1965639,0.015,0
1953447,0.02214,0
1965493,0.010432,0
1965652,0.03764,0
1965613,0.03764,0
1964173,0.046875,0
1965001,0.016746,0
1965604,0.016667,0
1965655,0.017544,0
1954956,0.0701,0
1962226,0.081197,0
1965659,0.071161,0
1965669,0.071161,0
1965512,0.071161,0
1964361,0.016667,0
1965676,0.003937,0
1965666,0.151292,0
1965682,0.0701,0
1965686,0.0701,0
1959142,0.03764,0
1965625,0.03764,0
1965683,0.016746,0
1965699,0.016667,0
1965698,0.08,0
1965700,0.003319,0
1965684,0.02214,0
1965585,0.03764,0
1965717,0.010432,0
1965632,0.016667,0
1962384,0.161698,0
1960122,0.0701,0
1965719,0.02214,0
1965714,0.010432,0
1965061,0.02214,0
1964949,0.022222,0
1965713,0.017544,0
1963971,0.071161,0
1965727,0.03764,0
1965605,0.046875,0
1959140,0.022222,0
1965695,0.003319,0
1965732,0.071161,0
1965739,0.090038,0
1965548,0.016667,0
1965751,0.010432,0
1965747,0.003319,0
1965634,0.071161,0
1965756,0.016746,0
1965750,0.090038,0
1965752,0.151292,0
1965761,0.003319,0
1964561,0.107884,0
1965758,0.081197,0
1964868,0.03764,0
1965645,0.016746,0
1965770,0.03764,0
1965654,0.0701,0
1965782,0.090038,0
1965746,0.071161,0
1965411,0.199067,0
1959619,0.009709,0
1965775,0.016746,0
1965809,0.015,0
1964282,0.199067,0
1965818,0.009709,0
1965822,0.022222,0
1965825,0.046875,0
1965785,0.02214,0
1965829,0.0701,0
1965837,0.016746,0
1965836,0.02214,0
1965219,0.010432,0
1965845,0.003937,0
1965662,0.010432,0
1965808,0.015,0
1965849,0.071161,0
1965864,0.071161,0
1965783,0.0701,0
1965860,0.0701,0
1965852,0.016667,0
1965863,0.003319,0
1955911,0.254217,0
1965843,0.010432,0
1965846,0.090038,0
1965731,0.00885,0
1965862,0.016746,0
1965880,0.071161,0
1965857,0.03764,0
1965870,0.03764,0
1965888,0.009709,0
1965868,0.003319,0
1965874,0.017544,0
1960805,0.151292,0
1965887,0.016667,0
1965707,0.046875,0
1965769,0.046875,0
1965895,0.03764,0
1965889,0.0,0
1965897,0.015,0
1965896,0.010432,0
1965898,0.071161,0
1965885,0.02214,0
1965905,0.046875,0
1965910,0.03764,0
1965902,0.010432,0
1965433,0.071161,0
1965609,0.0701,0
1965789,0.015,0
1965923,0.009709,0
1965929,0.161698,0
1965273,0.0701,0
1965931,0.016746,0
1963766,0.03764,0
1965938,0.090038,0
1965928,0.071161,0
1965917,0.03764,0
1964527,0.03764,0
862224,0.15493,0
1965947,0.0701,0
1965958,0.071161,0
1965955,0.090038,0
1962556,0.0,0
1965959,0.03764,0
1965964,0.016667,0
1965935,0.03764,0
1965957,0.0701,0
1965971,0.0701,0
1965921,0.03764,0
1965973,0.071161,0
1958504,0.016746,0
1965974,0.016746,0
1965637,0.010432,0
1965981,0.161698,0
1965970,0.03764,0
1965583,0.151292,0
1965944,0.03764,0
1965967,0.161698,0
1965988,0.081197,0
1965903,0.03764,0
1965989,0.090038,0
1965994,0.02214,0
1963590,0.071161,0
1965992,0.02214,0
1965995,0.03764,0
1965431,0.161698,0
1964731,0.199067,0
1966007,0.03764,0
1966010,0.03764,0
1965987,0.0701,0
1954791,0.022222,0
1966009,0.03764,0
1966019,0.022222,0
1966017,0.003319,0
1966021,0.071161,0
1966025,0.0701,0
1965832,0.010432,0
1952925,0.071161,0
1966023,0.151292,0
1966029,0.0,0
1966036,0.016667,0
1966005,0.151292,0
1966024,0.010432,0
1966037,0.010432,0
1963896,0.090038,0
1965831,0.090038,0
1965533,0.071161,0
1965980,0.071161,0
1963823,0.016667,0
1965344,0.161698,0
1966044,0.0701,0
1963276,0.00885,0
1958972,0.0701,0
1966040,0.010432,0
1965960,0.016746,0
1966060,0.071161,0
1966059,0.00885,0
1965437,0.0,0
1965216,0.010432,0
1963689,0.017544,0
1966032,0.016667,0
1964464,0.02214,0
1964708,0.03764,0
1965448,0.03764,0
1965851,0.151292,0
1965392,0.071161,0
1965503,0.016746,0
1961691,0.071161,0
1964679,0.0701,0
1965661,0.003319,0
1966034,0.003319,0
1954063,0.016746,0
1966094,0.046875,0
1966109,0.003319,0
1966111,0.0701,0
1966110,0.02214,0
1965546,0.03764,0
1965306,0.071161,0
1966125,0.071161,0
1966127,0.071161,0
1965908,0.03764,0
1966130,0.03764,0
1966134,0.022222,0
1966136,0.010432,0
1966132,0.03764,0
1966120,0.017544,0
1965575,0.0701,0
1965986,0.03764,0
1964461,0.046875,0
1966151,0.010432,0
1966156,0.022222,0
1957169,0.016746,0
1966161,0.02214,0
1966146,0.081197,0
1966170,0.00885,0
1966168,0.010432,0
1966173,0.046875,0
1966179,0.03764,0
1966180,0.071161,0
1966184,0.03764,0
1966186,0.03764,0
1965350,0.071161,0
1965790,0.010432,0
1958584,0.016746,0
1965948,0.0701,0
1966183,0.03764,0
1966196,0.016667,0
1966197,0.03764,0
1966198,0.016667,0
1966195,0.03764,0
1932097,0.00885,0
1966193,0.081197,0
1966209,0.015,0
1966085,0.03764,0
1966214,0.199067,0
1945704,0.03764,0
1959219,0.003319,0
1966233,0.095541,0
1965483,0.151292,0
1966206,0.016667,0
1966227,0.0,0
1962629,0.090038,0
1966239,0.107884,0
1965743,0.02214,0
1966248,0.151292,0
1966256,0.03764,0
1966265,0.03764,0
1966260,0.071161,0
1966271,0.0,0
1957855,0.15493,0
1966274,0.0701,0
1966254,0.151292,0
1951598,0.0701,0
1966283,0.071161,0
1965723,0.0701,0
1966289,0.010432,0
1966291,0.0,0
1966296,0.0701,0
1960610,0.071161,0
1966290,0.016667,0
1966268,0.071161,0
1966298,0.015,0
1966305,0.081197,0
1966311,0.071161,0
1965262,0.016746,0
1966303,0.199067,0
1966316,0.03764,0
1964562,0.071161,0
1966313,0.0701,0
1954646,0.0701,0
1966321,0.0701,0
1966324,0.016667,0
1966326,0.017544,0
1966320,0.03764,0
1966325,0.03764,0
1966327,0.151292,0
1966334,0.016667,0
1966345,0.046875,0
1966339,0.02214,0
1966338,0.095541,0
1966337,0.046875,0
1966343,0.016746,0
1966349,0.010432,0
1966366,0.04362,0
1966381,0.00885,0
1966352,0.090038,0
1966356,0.03764,0
1966348,0.010432,0
1966323,0.0701,0
1966378,0.0701,0
1966371,0.081197,0
1966389,0.016746,0
1966350,0.016746,0
1966396,0.0701,0
1966375,0.010432,0
1966403,0.03764,0
1966373,0.016667,0
1947268,0.151292,0
1966380,0.107884,0
1966387,0.016746,0
1951436,0.03764,0
1965404,0.03764,0
1966416,0.03764,0
1966384,0.02214,0
1964260,0.03764,0
1966385,0.02214,0
1317255,0.071161,0
1966430,0.095541,0
1966408,0.003319,0
1966011,0.071161,0
1966295,0.095541,0
1966351,0.151292,0
1966419,0.016746,0
1966440,0.03764,0
1966439,0.0,0
1966442,0.03764,0
1966433,0.046875,0
1726850,0.017544,0
1965976,0.022222,0
1966434,0.03764,0
1966451,0.022222,0
1966470,0.081197,0
1966460,0.071161,0
1954681,0.03764,0
1966471,0.142857,0
1966466,0.161698,0
1966477,0.081197,0
1966357,0.071161,0
1966462,0.016746,0
1966464,0.0701,0
1966478,0.03764,0
1966486,0.046875,0
1966474,0.010432,0
1966118,0.151292,0
1966400,0.046875,0
1966475,0.0701,0
1966235,0.017544,0
1966493,0.003937,0
1966483,0.071161,0
1966494,0.046875,0
1966496,0.090038,0
1966497,0.071161,0
1966468,0.0701,0
1966499,0.02214,0
1966498,0.009709,0
1966341,0.017544,0
1966446,0.0701,0
1966330,0.0701,0
1966512,0.02214,0
1966409,0.02214,0
1727917,0.071161,0
1964779,0.016746,0
1966519,0.107884,0
1966526,0.081197,0
1966500,0.071161,0
1966529,0.003319,0
1966539,0.0701,0
1966542,0.071161,0
1966548,0.081197,0
1966554,0.151292,0
1966540,0.090038,0
1951530,0.071161,0
1966546,0.107884,0
1966557,0.0701,0
1966558,0.071161,0
1966559,0.21875,0
1966567,0.003319,0
1966566,0.03764,0
1966568,0.03764,0
1966553,0.071161,0
1966576,0.071161,0
1966564,0.02214,0
1966570,0.151292,0
1966569,0.03764,0
1966550,0.02214,0
1966556,0.016746,0
1966572,0.15493,0
1966329,0.0701,0
1966582,0.071161,0
1966580,0.090038,0
1966586,0.071161,0
1966069,0.046875,0
1966588,0.0701,0
1966581,0.0701,0
1966443,0.0701,0
1966574,0.0701,0
1966584,0.0701,0
1966594,0.071161,0
1966538,0.016667,0
1966367,0.03764,0
1966490,0.010432,0
1966603,0.016746,0
1966605,0.017544,0
1966551,0.016746,0
1966606,0.016667,0
1963856,0.046875,0
1958145,0.151292,0
1966607,0.02214,0
1962153,0.010432,0
1966621,0.161698,0
1966636,0.08,0
1966626,0.03764,0
1966480,0.107884,0
1966639,0.010432,0
1966645,0.02214,0
1966648,0.003319,0
1966642,0.003319,0
1965780,0.03764,0
1966649,0.161698,0
1966655,0.016746,0
1965826,0.161698,0
1966662,0.010432,0
1966661,0.016667,0
1966665,0.022222,0
1966671,0.03764,0
1964486,0.016746,0
1966686,0.03764,0
1966382,0.0701,0
1966684,0.016746,0
1966673,0.010432,0
1966651,0.003319,0
1334208,0.0701,0
1966690,0.071161,0
1966683,0.010432,0
1965432,0.03764,0
1966693,0.03764,0
1966695,0.003319,0
1966365,0.046875,0
1966703,0.071161,0
1966704,0.010432,0
1966701,0.046875,0
1966714,0.0,0
1965198,0.016746,0
1966666,0.03764,0
1966707,0.161698,0
1961516,0.015,0
1964381,0.016667,0
1966719,0.081197,0
1966723,0.016746,0
1665544,0.00885,0
1756412,0.0701,0
1966469,0.0701,0
1966727,0.015,0
1966729,0.015,0
1966731,0.0,0
1966331,0.016746,0
1966737,0.016667,0
1966687,0.017544,0
1966740,0.003319,0
1966749,0.03764,0
1966232,0.03764,0
1966754,0.071161,0
1965734,0.161698,0
1965861,0.00885,0
1965859,0.022222,0
1965899,0.016667,0
1965875,0.03764,0
1963477,0.0701,0
1958320,0.081197,0
1966511,0.016746,0
1965724,0.017544,0
1965893,0.03764,0
1966000,0.003319,0
1958860,0.151292,0
1965840,0.009709,0
1955076,0.02214,0
1964326,0.010432,0
1966224,0.03764,0
1965229,0.016746,0
1966192,0.0,0
1965823,0.015,0
1965333,0.010432,0
1965296,0.0,0
1966073,0.003319,0
1966213,0.03764,0
1963969,0.016667,0
1965975,0.03764,0
1957598,0.016667,0
1965817,0.016667,0
1963986,0.010432,0
1964711,0.015,0
1966795,0.0701,0
1966781,0.046875,0
1966760,0.016746,0
1966769,0.090038,0
1966765,0.071161,0
1966810,0.081197,0
1966832,0.010432,0
1966764,0.00885,0
1932389,0.071161,0
1966770,0.071161,0
1966802,0.08,0
1966799,0.071161,0
1966772,0.02214,0
1966788,0.071161,0
1966774,0.071161,0
1966800,0.016667,0
1966768,0.081197,0
1966789,0.0701,0
1966820,0.003937,0
1966767,0.017544,0
1726190,0.02214,0
1966818,0.071161,0
1966817,0.0701,0
1966779,0.016746,0
1966762,0.00885,0
1966816,0.015,0
1966835,0.071161,0
1966828,0.151292,0
1966875,0.03764,0
1966811,0.161698,0
1966819,0.071161,0
1461904,0.161698,0
1966783,0.010432,0
1966878,0.003937,0
1966849,0.010432,0
1966881,0.081197,0
1966854,0.081197,0
1966782,0.003937,0
1966914,0.090038,0
1966904,0.03764,0
1966885,0.03764,0
1966809,0.081197,0
1966889,0.0701,0
1966883,0.003319,0
1622618,0.0701,0
1965558,0.010432,0
1959002,0.081197,0
1966917,0.010432,0
1965030,0.081197,0
1966579,0.009709,0
1958254,0.010432,0
1966900,0.016746,0
1966847,0.03764,0
1966905,0.016746,0
1966893,0.010432,0
1966896,0.003937,0
1966880,0.071161,0
1966908,0.071161,0
1966866,0.0701,0
1966629,0.08,0
1966865,0.022222,0
1966941,0.016667,0
1966928,0.016667,0
1678313,0.03764,0
1953825,0.0701,0
1966785,0.010432,0
1966949,0.071161,0
1966918,0.016667,0
1966931,0.071161,0
1966801,0.016746,0
1966936,0.00885,0
1966962,0.03764,0
1966961,0.016746,0
1966952,0.081197,0
1966954,0.017544,0
1966955,0.016667,0
1966978,0.0701,0
1966974,0.071161,0
1966991,0.095541,0
1966989,0.03764,0
1965803,0.03764,0
1966963,0.0701,0
1967021,0.0701,0
1967000,0.016746,0
1965526,0.0701,0
1966990,0.046875,0
1966394,0.03764,0
1967020,0.022222,0
1967032,0.0701,0
1967030,0.03764,0
1966993,0.003319,0
1967040,0.00885,0
1967042,0.071161,0
1966894,0.03764,0
1966879,0.016746,0
1937990,0.071161,0
1966844,0.081197,0
1965567,0.010432,0
1966784,0.016667,0
1965542,0.010432,0
1967006,0.071161,0
1966777,0.010432,0
1966099,0.03764,0
1967049,0.107884,0
1967043,0.010432,0
1967063,0.016746,0
1966999,0.03764,0
1967051,0.03764,0
1966940,0.107884,0
1967035,0.03764,0
1967083,0.009709,0
1967082,0.003319,0
1967001,0.090038,0
1964748,0.095541,0
1967131,0.071161,0
1964786,0.071161,0
1967139,0.016746,0
1964669,0.003319,0
1409412,0.03764,0
1966449,0.015,0
1962378,0.02214,0
1966821,0.016746,0
1967024,0.03764,0
1967140,0.015,0
1967088,0.00885,0
1967068,0.016746,0
1966353,0.016746,0
1965963,0.016667,0
1966986,0.071161,0
1966428,0.016746,0
1966886,0.151292,0
1966826,0.02214,0
1966602,0.016667,0
1965593,0.010432,0
1967151,0.090038,0
1967146,0.071161,0
1966857,0.081197,0
1958560,0.010432,0
1967154,0.010432,0
1966842,0.02214,0
1967145,0.015,0
1967169,0.010432,0
1967153,0.151292,0
1967128,0.003319,0
1967174,0.02214,0
1966053,0.090038,0
1967160,0.0701,0
1967180,0.003937,0
1967158,0.0701,0
1967184,0.081197,0
1967192,0.0701,0
1967162,0.022222,0
1967150,0.022222,0
1967159,0.03764,0
1967111,0.107884,0
1967228,0.00885,0
1967186,0.009709,0
1967235,0.090038,0
1967232,0.071161,0
1966813,0.02214,0
1966699,0.161698,0
1936204,0.071161,0
1719716,0.151292,0
1967238,0.016746,0
1967249,0.016667,0
1967187,0.081197,0
1967219,0.046875,0
1966563,0.003319,0
1967241,0.03764,0
1965801,0.016746,0
1967085,0.003319,0
1967236,0.010432,0
1967221,0.142857,0
1966859,0.081197,0
1965195,0.02214,0
1965660,0.003319,0
1967125,0.016667,0
1962003,0.081197,0
1966658,0.017544,0
1967093,0.003937,0
1967267,0.071161,0
1966944,0.003937,0
1967275,0.0701,0
1967264,0.02214,0
1967244,0.017544,0
1967279,0.192661,0
1966158,0.03764,0
1956563,0.081197,0
1964554,0.00885,0
1967182,0.016746,0
1967293,0.03764,0
1967313,0.03764,0
1967266,0.081197,0
1967303,0.03764,0
1967311,0.00885,0
1967301,0.015,0
1937981,0.071161,0
1967215,0.071161,0
1967094,0.161698,0
1966972,0.003937,0
1967304,0.010432,0
1967239,0.010432,0
1961216,0.0701,0
1967347,0.081197,0
1967319,0.016667,0
1967359,0.081197,0
1947575,0.00885,0
1967352,0.016746,0
1966147,0.003319,0
1956416,0.03764,0
1967284,0.090038,0
1967324,0.0,0
1964982,0.017544,0
1967381,0.010432,0
1689239,0.071161,0
1967080,0.095541,0
1966994,0.016746,0
1941067,0.010432,0
1967078,0.010432,0
1963594,0.0701,0
1966632,0.00885,0
1966733,0.015,0
1967392,0.090038,0
1965429,0.046875,0
1958219,0.03764,0
1935577,0.071161,0
1967276,0.046875,0
1954136,0.046875,0
1967374,0.03764,0
1967399,0.010432,0
1966155,0.071161,0
1967354,0.00885,0
1967412,0.0,0
1967405,0.046875,0
1967394,0.151292,0
1967290,0.003937,0
1964735,0.016667,0
1967314,0.003319,0
1967403,0.003319,0
1966925,0.03764,0
1967435,0.010432,0
1967247,0.071161,0
1967439,0.03764,0
1967058,0.015,0
1967417,0.003319,0
1967431,0.03764,0
1967406,0.016667,0
1895501,0.009709,0
1800490,0.03764,0
1967007,0.0701,0
1967050,0.0701,0
1967494,0.003319,0
1967376,0.003937,0
1967485,0.003937,0
1967472,0.003319,0
1967479,0.0701,0
1967441,0.081197,0
1961782,0.017544,0
1956494,0.0701,0
1967552,0.003319,0
1966047,0.071161,0
1967449,0.046875,0
1967484,0.010432,0
1967297,0.016746,0
1966899,0.090038,0
1967582,0.016746,0
1967322,0.03764,0
1967609,0.071161,0
1967602,0.010432,0
1967530,0.017544,0
1967611,0.017544,0
1967639,0.009709,0
1967588,0.03764,0
1967325,0.003937,0
1965983,0.016746,0
1952736,0.071161,0
1966874,0.02214,0
1965777,0.016667,0
1967223,0.010432,0
1966300,0.071161,0
1966093,0.071161,0
1967645,0.010432,0
1965424,0.015,0
1956475,0.03764,0
1954896,0.016667,0
1967644,0.0701,0
1967695,0.003937,0
1967675,0.003937,0
1967470,0.03764,0
1954463,0.071161,0
1952959,0.016746,0
1966997,0.0701,0
1967704,0.010432,0
1966237,0.03764,0
1967434,0.00885,0
1967584,0.003937,0
1967718,0.0701,0
1967612,0.0701,0
1967250,0.010432,0
1967730,0.071161,0
1967732,0.016746,0
1967747,0.016667,0
1967269,0.081197,0
1963912,0.03764,0
1948136,0.00885,0
1967148,0.107884,0
1965854,0.090038,0
1750668,0.081197,0
1967519,0.010432,0
1967781,0.071161,0
1967773,0.03764,0
1967776,0.00885,0
1967752,0.03764,0
1967768,0.03764,0
1967756,0.00885,0
1967637,0.090038,0
1967782,0.081197,0
1967794,0.016667,0
1967770,0.03764,0
1965877,0.03764,0
1967629,0.081197,0
1967490,0.151292,0
1967426,0.071161,0
1967471,0.010432,0
1965485,0.010432,0
1967617,0.003319,0
1956075,0.265217,0
1967619,0.010432,0
1962234,0.0701,0
1967592,0.090038,0
1967725,0.0701,0
1967427,0.03764,0
1967825,0.016667,0
1967817,0.016667,0
1966771,0.081197,0
1966967,0.071161,0
1967835,0.00885,0
1967832,0.003319,0
1967692,0.071161,0
1967023,0.010432,0
1967831,0.03764,0
1965764,0.010432,0
1962719,0.03764,0
1958377,0.022222,0
1967844,0.010432,0
1961230,0.161698,0
1963329,0.015,0
1967536,0.071161,0
1941751,0.0701,0
1967821,0.090038,0
1967029,0.016667,0
1967849,0.03764,0
1967323,0.090038,0
1967511,0.016746,0
1958609,0.02214,0
1960976,0.095541,0
1966906,0.010432,0
1967876,0.046875,0
1967879,0.046875,0
1967882,0.02214,0
1967607,0.046875,0
1957580,0.090038,0
1967843,0.046875,0
1967869,0.003319,0
1967757,0.016734,0
1967896,0.003319,0
1967870,0.071161,0
1967934,0.03764,0
1967333,0.016667,0
1967925,0.046875,0
1967946,0.0701,0
1965571,0.003319,0
1967924,0.015,0
1957851,0.071161,0
1967954,0.00885,0
1967921,0.003319,0
1967951,0.016667,0
1967972,0.03764,0
1967459,0.009709,0
1967956,0.071161,0
1967880,0.03764,0
1939222,0.03764,0
1967967,0.03764,0
1964621,0.03764,0
1966525,0.03764,0
1498845,0.016746,0
1967987,0.0,0
1967906,0.090038,0
1967968,0.003319,0
1967971,0.009709,0
1965488,0.03764,0
1967991,0.016667,0
1967984,0.090038,0
1967594,0.003319,0
1961282,0.071161,0
1968003,0.010432,0
1967992,0.010432,0
1958808,0.02214,0
1967997,0.003319,0
1968005,0.081197,0
1967986,0.071161,0
1968006,0.017544,0
1965765,0.071161,0
1968010,0.090038,0
1957196,0.010432,0
1968015,0.010432,0
1957764,0.107884,0
1967087,0.010432,0
1967948,0.03764,0
1968028,0.081197,0
1968013,0.03764,0
1952802,0.010432,0
1967979,0.046875,0
1968046,0.03764,0
1968045,0.0701,0
1960307,0.046875,0
1968039,0.081197,0
1958565,0.161698,0
1968042,0.016667,0
1968037,0.0701,0
1968022,0.095541,0
1968043,0.016667,0
1968018,0.081197,0
1968064,0.0701,0
1968065,0.03764,0
1966797,0.02214,0
1968069,0.03764,0
1967380,0.0701,0
1968059,0.016746,0
1968026,0.151292,0
1964321,0.03764,0
1967995,0.016667,0
1968075,0.003319,0
1968092,0.00885,0
1968063,0.0701,0
1968062,0.016746,0
1968090,0.071161,0
1968091,0.03764,0
1949050,0.161698,0
1968095,0.015,0
1968114,0.03764,0
1968112,0.03764,0
1965674,0.03764,0
1966845,0.071161,0
1968101,0.022222,0
1968108,0.03764,0
1968119,0.090038,0
1965930,0.010432,0
1957458,0.03764,0
1968131,0.016746,0
1964009,0.081197,0
1956828,0.071161,0
1962897,0.016746,0
1965329,0.0701,0
1966518,0.010432,0
1958076,0.046875,0
1967905,0.0701,0
1964374,0.03764,0
1968122,0.016667,0
1967198,0.016746,0
1967172,0.009709,0
1967969,0.0701,0
1967841,0.081197,0
1968120,0.016667,0
1967833,0.107884,0
1968132,0.003319,0
1967362,0.015,0
1945179,0.090038,0
1965827,0.03764,0
1967763,0.03764,0
1966226,0.03764,0
1967935,0.02214,0
1967955,0.003937,0
1967689,0.151292,0
1964931,0.016667,0
1958394,0.016667,0
1968134,0.071161,0
1968137,0.071161,0
1967214,0.090038,0
1968138,0.010432,0
1968128,0.03764,0
1967812,0.010432,0
1967966,0.017544,0
1968153,0.0701,0
1968102,0.071161,0
1956891,0.199593,0
1962018,0.003319,0
1964873,0.02214,0
1967409,0.03764,0
1967973,0.071161,0
1967904,0.010432,0
1968130,0.010432,0
1752458,0.0701,0
1968161,0.010432,0
1968125,0.071161,0
1968115,0.03764,0
1968165,0.03764,0
1949110,0.016746,0
1967823,0.090038,0
1964492,0.02214,0
1967260,0.151292,0
1961824,0.081197,0
1967016,0.03764,0
1968193,0.02214,0
1968124,0.003937,0
1966890,0.081197,0
1967097,0.017544,0
1968204,0.016667,0
1430534,0.03764,0
1968197,0.00885,0
1968185,0.010432,0
1967144,0.02214,0
1960333,0.016667,0
1967386,0.095541,0
1949445,0.022222,0
1968192,0.00885,0
1967985,0.090038,0
1968211,0.0701,0
1968208,0.081197,0
1968146,0.009709,0
1968225,0.0701,0
1967640,0.016667,0
1955193,0.0701,0
1968156,0.03764,0
1968216,0.015,0
1968234,0.016667,0
1967977,0.0701,0
1964378,0.016746,0
1958293,0.017544,0
1968056,0.161698,0
1968050,0.0701,0
1968080,0.010432,0
1959438,0.02214,0
1968016,0.02214,0
1964126,0.010432,0
1968021,0.03764,0
1955998,0.071161,0
1968237,0.022222,0
1968242,0.0,0
1968230,0.071161,0
1967119,0.15493,0
1966199,0.107884,0
1967919,0.046875,0
1966106,0.017544,0
561751,0.151292,0
1968257,0.071161,0
1968222,0.161698,0
1968267,0.161698,0
1968203,0.016746,0
1968190,0.107884,0
1968246,0.0,0
1964251,0.03764,0
1968087,0.016746,0
1968260,0.199067,0
1968266,0.016667,0
1968275,0.022222,0
1964677,0.0701,0
1967856,0.0701,0
1968025,0.081197,0
1968276,0.081197,0
1968278,0.0,0
1968236,0.03764,0
1959377,0.081197,0
1968273,0.090038,0
1968305,0.017544,0
1967980,0.0701,0
1968289,0.0701,0
1968227,0.046875,0
1968306,0.03764,0
1966388,0.03764,0
1968084,0.03764,0
1968296,0.03764,0
1968261,0.090038,0
1968287,0.003319,0
1968318,0.046875,0
1962312,0.03764,0
1968283,0.010432,0
1968304,0.010432,0
1966981,0.003319,0
1934443,0.107884,0
1967891,0.071161,0
1968214,0.090038,0
1967890,0.03764,0
1964555,0.151292,0
1966619,0.03764,0
1968321,0.03764,0
1968336,0.03764,0
1968295,0.03764,0
1968202,0.071161,0
1967711,0.02214,0
1968082,0.03764,0
1965779,0.095541,0
1968279,0.00885,0
1967599,0.010432,0
1968330,0.03764,0
1965839,0.199067,0
1967052,0.003319,0
1968340,0.03764,0
1967907,0.081197,0
1967234,0.071161,0
1968352,0.081197,0
1968361,0.071161,0
1968364,0.015,0
1943241,0.03764,0
1966876,0.0701,0
1968312,0.046875,0
1966950,0.03764,0
1968188,0.161698,0
1957113,0.010432,0
1968376,0.017544,0
1968053,0.03764,0
1738582,0.003937,0
1968372,0.016667,0
1968389,0.010432,0
1968390,0.0701,0
1968394,0.151292,0
1966814,0.151292,0
1968392,0.071161,0
1968378,0.0701,0
1968366,0.046875,0
1968369,0.015,0
1966096,0.03764,0
1961107,0.016667,0
1968418,0.0701,0
1936086,0.071161,0
1964650,0.071161,0
1968113,0.02214,0
1967620,0.03764,0
1968268,0.003937,0
1966919,0.081197,0
1968404,0.071161,0
1968395,0.016667,0
1968420,0.0701,0
1968363,0.0701,0
1968406,0.0701,0
1968433,0.017544,0
1968438,0.0701,0
1967720,0.010432,0
1968439,0.0701,0
1968426,0.095541,0
1968435,0.016667,0
1968445,0.03764,0
1968437,0.03764,0
1968458,0.00885,0
1968453,0.095541,0
1968454,0.03764,0
1968449,0.071161,0
1967243,0.017544,0
1968408,0.017544,0
1968381,0.03764,0
1968471,0.0701,0
1968264,0.010432,0
1968472,0.0,0
1968462,0.090038,0
1967964,0.081197,0
1968434,0.015,0
1949479,0.009709,0
1967280,0.0,0
1968474,0.090038,0
1968358,0.003319,0
1968350,0.016667,0
1959946,0.151292,0
1968484,0.022222,0
1968509,0.010432,0
1968534,0.081197,0
1968523,0.022222,0
1968558,0.03764,0
1967808,0.071161,0
1968421,0.03764,0
1962720,0.03764,0
1968298,0.02214,0
1961989,0.03764,0
1968531,0.03764,0
1968385,0.071161,0
1965940,0.046875,0
1968379,0.0,0
1968556,0.02214,0
1968536,0.016746,0
1968554,0.016667,0
1968574,0.00885,0
1968480,0.03764,0
1968477,0.02214,0
1968473,0.081197,0
1968218,0.03764,0
1967847,0.151292,0
1968593,0.016667,0
1968586,0.02214,0
1968515,0.0701,0
1968436,0.0701,0
1968584,0.071161,0
1968535,0.0701,0
1958775,0.017544,0
1951308,0.090038,0
1968557,0.090038,0
1963441,0.03764,0
1962813,0.03764,0
1968604,0.151292,0
1959940,0.009709,0
1968608,0.010432,0
478489,0.03764,0
1950999,0.071161,0
1774691,0.161698,0
1968529,0.015,0
1968618,0.03764,0
1967933,0.003319,0
1968647,0.003937,0
1968650,0.107884,0
1968562,0.003937,0
1968641,0.00885,0
1968089,0.0701,0
1968374,0.03764,0
1968345,0.03764,0
1968656,0.016667,0
1968675,0.02214,0
1968626,0.151292,0
1968510,0.071161,0
1967622,0.03764,0
1968674,0.0701,0
1967224,0.071161,0
1809200,0.016746,0
1964453,0.046875,0
1968652,0.00885,0
1968602,0.095541,0
1967748,0.090038,0
1963862,0.151292,0
1963581,0.0701,0
1968697,0.071161,0
1944222,0.03764,0
1968704,0.016667,0
1951936,0.151292,0
1895114,0.03764,0
1952407,0.016667,0
1968715,0.02214,0
1963199,0.071161,0
1968733,0.016746,0
1967577,0.107884,0
1968706,0.015,0
1959302,0.046875,0
1959477,0.090038,0
1968651,0.003937,0
1963044,0.016667,0
1966827,0.046875,0
1968767,0.010432,0
1963880,0.071161,0
1968736,0.046875,0
1967254,0.015,0
1968797,0.016667,0
1968705,0.071161,0
1968493,0.107884,0
1961217,0.0701,0
1959245,0.090038,0
1968766,0.003319,0
1497134,0.03764,0
1798122,0.081197,0
1963040,0.017544,0
1968734,0.161698,0
1968811,0.090038,0
1968727,0.03764,0
1960263,0.017544,0
1968824,0.071161,0
1955685,0.015,0
1968630,0.0701,0
1968239,0.016746,0
1966255,0.071161,0
1967053,0.0701,0
1957275,0.03764,0
1968814,0.003319,0
1968827,0.03764,0
1968818,0.071161,0
1968838,0.071161,0
1968828,0.016667,0
1968810,0.03764,0
1968845,0.161698,0
1964054,0.016667,0
1965942,0.010432,0
1963881,0.071161,0
1963042,0.046875,0
1968597,0.010432,0
1966792,0.161698,0
1966691,0.071161,0
1934865,0.017544,0
1968479,0.003937,0
1968262,0.071161,0
1968549,0.03764,0
1968569,0.0701,0
1968856,0.016746,0
1968822,0.00885,0
1942685,0.010432,0
1964988,0.003319,0
1968540,0.03764,0
1968163,0.02214,0
1968857,0.0701,0
1968872,0.016746,0
1966102,0.015,0
1967523,0.03764,0
1968800,0.03764,0
1968902,0.016746,0
1968739,0.03764,0
1967777,0.071161,0
1968721,0.017544,0
1968883,0.0,0
1966957,0.009709,0
1947652,0.03764,0
1968916,0.071161,0
1968906,0.107884,0
1967286,0.03764,0
1968861,0.151292,0
1958325,0.0701,0
1968887,0.03764,0
1968666,0.010432,0
1968776,0.0701,0
1967531,0.090038,0
1963330,0.010432,0
1968938,0.03764,0
1968929,0.03764,0
1968850,0.0701,0
1968530,0.016667,0
1968943,0.03764,0
1963589,0.081197,0
1968944,0.016746,0
1968870,0.03764,0
1966243,0.0701,0
1968970,0.00885,0
1968969,0.071161,0
1947420,0.010432,0
1928705,0.016746,0
1937902,0.081197,0
1967289,0.03764,0
1960085,0.015,0
1965297,0.071161,0
1968974,0.022222,0
1968541,0.02214,0
1968693,0.03764,0
1966092,0.02214,0
1968990,0.046875,0
1966003,0.015,0
1966336,0.0701,0
1968725,0.017544,0
1969002,0.003937,0
1968997,0.0701,0
1969009,0.071161,0
1969011,0.022222,0
1969020,0.016746,0
1967845,0.003319,0
1965399,0.022222,0
1969035,0.081197,0
1969038,0.016667,0
1968742,0.02214,0
1964838,0.090038,0
1969066,0.016667,0
1969054,0.016746,0
1969081,0.0701,0
1969079,0.016667,0
1686129,0.161698,0
1969078,0.03764,0
1969102,0.015,0
1969083,0.009709,0
1966080,0.0701,0
1969100,0.016746,0
1966065,0.017544,0
1969110,0.010432,0
1969109,0.016746,0
1959814,0.03764,0
1969084,0.010432,0
1965435,0.161698,0
1969089,0.00885,0
1968646,0.0701,0
1969115,0.003319,0
1969114,0.022222,0
1969040,0.095541,0
1967033,0.08,0
1969062,0.046875,0
1966310,0.0,0
1967942,0.017544,0
1968877,0.015,0
1968594,0.017544,0
1968830,0.00885,0
1969135,0.022222,0
1969130,0.003319,0
1969016,0.03764,0
1957321,0.046875,0
1968057,0.010432,0
1968803,0.022222,0
1967834,0.046875,0
1969142,0.010432,0
1969141,0.071161,0
1965924,0.071161,0
1969136,0.016667,0
1969123,0.022222,0
1968566,0.016667,0
1962706,0.03764,0
1969150,0.016667,0
1966599,0.017544,0
1969107,0.046875,0
1969161,0.071161,0
1966322,0.0701,0
1962142,0.03764,0
1969178,0.016667,0
1969160,0.016746,0
1969175,0.071161,0
1960393,0.095541,0
1853768,0.003937,0
1969197,0.151292,0
1966456,0.010432,0
1969185,0.03764,0
1964509,0.022222,0
1969177,0.071161,0
1968524,0.090038,0
1969223,0.0701,0
1969229,0.071161,0
1969133,0.090038,0
1969237,0.02214,0
1960084,0.003937,0
1969231,0.010432,0
1944163,0.022222,0
1968123,0.016667,0
1969250,0.016667,0
1951329,0.0,0
1967769,0.022222,0
1969164,0.03764,0
1956464,0.107884,0
1969282,0.071161,0
1969065,0.02214,0
1968841,0.016746,0
1969264,0.03764,0
1969266,0.071161,0
1969253,0.003937,0
1968293,0.0,0
1969204,0.00885,0
1969159,0.0701,0
1958170,0.071161,0
1969243,0.0701,0
1969272,0.016746,0
1968391,0.0701,0
1964736,0.03764,0
1969127,0.161698,0
1969188,0.095541,0
1968180,0.0701,0
1969303,0.071161,0
1969196,0.010432,0
1969301,0.03764,0
1967173,0.016746,0
1969318,0.090038,0
1969317,0.016746,0
1964021,0.016667,0
1969283,0.03764,0
1969273,0.151292,0
1969321,0.016746,0
1969326,0.090038,0
1969307,0.016667,0
1969334,0.016667,0
1969338,0.016667,0
1969330,0.022222,0
1968738,0.03764,0
1966565,0.03764,0
1969345,0.010432,0
1969353,0.03764,0
1969235,0.010432,0
1969355,0.017544,0
1967788,0.071161,0
1969368,0.03764,0
1969367,0.017544,0
1945186,0.022222,0
1969379,0.010432,0
1969293,0.081197,0
1969234,0.016746,0
1969391,0.010432,0
1967526,0.081197,0
1968683,0.016746,0
1966164,0.016667,0
1961520,0.071161,0
1966473,0.081197,0
1965193,0.00885,0
1969407,0.010432,0
1969202,0.090038,0
1969277,0.090038,0
1967257,0.161698,0
1969405,0.010432,0
1968905,0.015,0
1969420,0.071161,0
1969315,0.071161,0
1969424,0.0701,0
1969408,0.015,0
1969431,0.016746,0
1968476,0.046875,0
1969430,0.151292,0
1969429,0.071161,0
1969448,0.095541,0
1969464,0.003319,0
1969213,0.03764,0
1965224,0.016746,0
1969440,0.010432,0
1969404,0.022222,0
1968397,0.161698,0
1969423,0.017544,0
1969469,0.0701,0
1969485,0.081197,0
1969519,0.151292,0
1969518,0.071161,0
1969509,0.017544,0
1969494,0.03764,0
1969495,0.003937,0
1967903,0.00885,0
1969556,0.0701,0
1969522,0.017544,0
1969521,0.03764,0
1969536,0.016746,0
1969526,0.03764,0
1969446,0.016746,0
1969564,0.022222,0
1968326,0.010432,0
1968795,0.071161,0
1969560,0.016746,0
1966217,0.0701,0
1969601,0.009709,0
1969598,0.016746,0
1962589,0.015,0
1969585,0.016667,0
1969470,0.046875,0
1969606,0.016746,0
1969596,0.03764,0
1969605,0.071161,0
1969565,0.022222,0
1969611,0.03764,0
1969579,0.03764,0
1969590,0.090038,0
1969320,0.071161,0
1969612,0.0701,0
1969603,0.02214,0
1969618,0.107884,0
1969625,0.046875,0
1968482,0.015,0
1969278,0.003319,0
1969624,0.0701,0
1967098,0.071161,0
1968067,0.03764,0
1969182,0.016746,0
1969461,0.003319,0
1968595,0.107884,0
1968428,0.0701,0
1966261,0.071161,0
1969667,0.009709,0
1969676,0.071161,0
1969674,0.003319,0
1969671,0.00885,0
1969672,0.151292,0
1969489,0.081197,0
1969643,0.017544,0
1969647,0.017544,0
1969651,0.010432,0
1969638,0.015,0
1969589,0.015,0
1969706,0.016667,0
1969425,0.081197,0
1969537,0.016746,0
1945282,0.03764,0
1969116,0.010432,0
1969670,0.016667,0
1968419,0.0701,0
1969768,0.03764,0
1969655,0.016746,0
1969747,0.071161,0
1969779,0.00885,0
1969566,0.151292,0
1969570,0.161698,0
1969764,0.016667,0
1969773,0.071161,0
1969801,0.0701,0
1969770,0.03764,0
1969628,0.161698,0
1969806,0.017544,0
1969785,0.010432,0
1969790,0.151292,0
1969831,0.010432,0
1969767,0.02214,0
1969661,0.071161,0
1969562,0.016667,0
1969640,0.046875,0
1969835,0.03764,0
1969360,0.016746,0
1951641,0.107884,0
1963924,0.017544,0
1967179,0.016746,0
1962728,0.090038,0
1969254,0.0701,0
1969847,0.046875,0
1954829,0.02214,0
1969549,0.151292,0
1969866,0.151292,0
1969863,0.03764,0
1969874,0.003319,0
1968031,0.0701,0
1967796,0.0701,0
1966664,0.03764,0
1969876,0.071161,0
1969865,0.090038,0
1969897,0.0701,0
1969892,0.0701,0
1965715,0.046875,0
1969844,0.003319,0
1969900,0.016667,0
1966873,0.0701,0
1966264,0.010432,0
1969354,0.0701,0
1969609,0.015,0
1969928,0.081197,0
1969917,0.090038,0
1969778,0.02214,0
1960613,0.0701,0
1969936,0.02214,0
1967193,0.151292,0
1969789,0.090038,0
1966285,0.016746,0
1969953,0.071161,0
1969959,0.022222,0
1969954,0.03764,0
1969346,0.022222,0
1969487,0.03764,0
1944064,0.090038,0
1969977,0.010432,0
1969899,0.03764,0
1762703,0.010432,0
1956037,0.03764,0
1968648,0.03764,0
1970001,0.0701,0
1970005,0.03764,0
1969980,0.0701,0
1969903,0.010432,0
1969294,0.071161,0
1966286,0.003937,0
1970008,0.022222,0
1970019,0.046875,0
1970023,0.081197,0
1970012,0.016667,0
1969932,0.071161,0
1970027,0.071161,0
1968024,0.090038,0
1962929,0.0701,0
1970014,0.03764,0
1970032,0.071161,0
1896545,0.081197,0
1970044,0.003319,0
1970037,0.016746,0
1938274,0.046875,0
1970047,0.003319,0
1970017,0.03764,0
1968758,0.0701,0
1968813,0.009709,0
1970040,0.00885,0
1965189,0.022222,0
1970072,0.03764,0
1966786,0.090038,0
1968086,0.081197,0
1970061,0.0701,0
1968926,0.022222,0
1970057,0.016667,0
1961194,0.151292,0
1969930,0.010432,0
1968465,0.03764,0
1970000,0.03764,0
1970068,0.003319,0
1969281,0.00885,0
1970096,0.016746,0
1968094,0.071161,0
1966108,0.0701,0
1970045,0.071161,0
1948040,0.022222,0
1970093,0.03764,0
1712854,0.03764,0
1969975,0.016746,0
1968605,0.016667,0
1968836,0.090038,0
1970100,0.03764,0
1969377,0.0701,0
1970117,0.03764,0
1970125,0.015,0
1969819,0.0701,0
1968664,0.03764,0
1970139,0.03764,0
1970149,0.090038,0
1959203,0.03764,0
1970129,0.071161,0
1956107,0.0,0
1969887,0.0701,0
1970163,0.016667,0
1970165,0.010432,0
1970158,0.03764,0
1970146,0.016746,0
1969577,0.010432,0
1970081,0.010432,0
1970179,0.010432,0
1970136,0.0701,0
1970189,0.03764,0
1969730,0.016667,0
1970169,0.046875,0
1964095,0.03764,0
1970198,0.0701,0
1970191,0.016667,0
1970192,0.046875,0
1970132,0.071161,0
1967657,0.017544,0
1970197,0.010432,0
1964255,0.03764,0
1970204,0.003319,0
1970208,0.0701,0
1968718,0.071161,0
1969898,0.003937,0
1969839,0.015,0
1970236,0.071161,0
1970227,0.03764,0
1969472,0.046875,0
1969501,0.081197,0
1958865,0.03764,0
1679887,0.0701,0
1970240,0.090038,0
1969979,0.003937,0
1962914,0.02214,0
1968865,0.071161,0
1967982,0.016746,0
1968455,0.003319,0
1969649,0.071161,0
1970231,0.009709,0
1957100,0.107884,0
1969808,0.016746,0
1969291,0.03764,0
1676103,0.016667,0
1969923,0.016667,0
1968412,0.010432,0
1970137,0.016746,0
1969832,0.00885,0
1966360,0.016746,0
1969946,0.02214,0
1961755,0.03764,0
1970258,0.0,0
1967673,0.081197,0
1969916,0.02214,0
1970253,0.081197,0
1968141,0.0,0
1969830,0.016667,0
1968259,0.0701,0
1970244,0.016667,0
1970283,0.010432,0
1970216,0.071161,0
1970251,0.02214,0
1970273,0.010432,0
1968882,0.02214,0
1969776,0.022222,0
1964375,0.081197,0
1969940,0.03764,0
1956094,0.161698,0
1970059,0.071161,0
1968937,0.03764,0
1970300,0.02214,0
1969015,0.02214,0
1970295,0.046875,0
1951104,0.016746,0
1968323,0.0,0
1967075,0.03764,0
1861906,0.00885,0
1970311,0.107884,0
1967268,0.071161,0
1970312,0.00885,0
1970285,0.03764,0
1970323,0.071161,0
1969383,0.03764,0
1960700,0.0701,0
1970343,0.071161,0
1958040,0.0701,0
1970276,0.0701,0
1970350,0.02214,0
1966129,0.010432,0
1970319,0.010432,0
1970388,0.015,0
1964871,0.016746,0
1962725,0.0701,0
1969511,0.03764,0
1970351,0.151292,0
1970358,0.03764,0
1968316,0.03764,0
1965966,0.016746,0
1969459,0.016746,0
1968654,0.003319,0
1970228,0.02214,0
1843770,0.0701,0
1969820,0.003937,0
1970347,0.161698,0
1970363,0.016746,0
1970370,0.03764,0
1970317,0.010432,0
1960482,0.022222,0
1460949,0.21875,0
1970348,0.071161,0
1966505,0.03764,0
1968833,0.016667,0
1970393,0.010432,0
1970399,0.081197,0
1970171,0.090038,0
1970413,0.0701,0
1967859,0.161698,0
1967161,0.081197,0
1969569,0.016746,0
1970407,0.071161,0
1966458,0.03764,0
1969137,0.0701,0
1970378,0.03764,0
1961179,0.071161,0
1970446,0.0,0
1970441,0.071161,0
1970444,0.03764,0
1970426,0.016667,0
1960692,0.081197,0
1969439,0.095541,0
1970450,0.151292,0
1952947,0.03764,0
1968219,0.03764,0
1970460,0.0701,0
1970465,0.0701,0
1970452,0.016667,0
1968405,0.00885,0
1970069,0.090038,0
1964457,0.016667,0
1967237,0.03764,0
1970080,0.071161,0
1967026,0.151292,0
1970462,0.03764,0
1970481,0.081197,0
1970489,0.03764,0
1970256,0.010432,0
1953019,0.071161,0
1968993,0.03764,0
1970497,0.016746,0
1970473,0.071161,0
1970259,0.016746,0
1970245,0.022222,0
1969535,0.151292,0
1970488,0.03764,0
1970492,0.017544,0
1970508,0.071161,0
1970510,0.046875,0
1970470,0.00885,0
1970498,0.151292,0
1969840,0.071161,0
1970516,0.0701,0
1970505,0.0701,0
1970328,0.046875,0
1970513,0.046875,0
1953275,0.03764,0
1970511,0.0701,0
1969529,0.03764,0
1970334,0.151292,0
1969795,0.015,0
1970530,0.071161,0
1970535,0.0701,0
1970542,0.081197,0
1970524,0.03764,0
1970537,0.0701,0
1970478,0.010432,0
1969911,0.010432,0
1970534,0.090038,0
1968662,0.107884,0
1970463,0.022222,0
1969527,0.03764,0
1970310,0.03764,0
1970539,0.0,0
1970443,0.02214,0
1967011,0.010432,0
1970509,0.0701,0
1970147,0.010432,0
1959249,0.081197,0
1970367,0.017544,0
1970406,0.071161,0
1969312,0.046875,0
1969041,0.016746,0
1968545,0.081197,0
1968258,0.010432,0
1966840,0.017544,0
1970496,0.010432,0
1970553,0.00885,0
1970475,0.081197,0
1970512,0.095541,0
1970415,0.00885,0
1818417,0.003319,0
1969756,0.107884,0
1969812,0.0701,0
1967706,0.003319,0
1833233,0.0701,0
1967716,0.015,0
1970123,0.016667,0
1970552,0.003319,0
1970563,0.03764,0
1955754,0.090038,0
1970024,0.151292,0
1970584,0.107884,0
1968182,0.015,0
1961154,0.003319,0
1961123,0.016667,0
1970515,0.009709,0
1970386,0.010432,0
1970603,0.081197,0
1945586,0.016667,0
1970503,0.00885,0
1966856,0.03764,0
1958373,0.081197,0
1970612,0.02214,0
1963542,0.071161,0
1966284,0.090038,0
1964297,0.016746,0
1970617,0.02214,0
1949132,0.0701,0
1970556,0.003937,0
1969396,0.003319,0
1970487,0.016746,0
1962322,0.03764,0
859308,0.016746,0
1970479,0.003319,0
1968819,0.071161,0
1970625,0.010432,0
1969221,0.095541,0
1965326,0.081197,0
1970632,0.071161,0
1967575,0.03764,0
1970641,0.071161,0
1936293,0.071161,0
1966189,0.03764,0
1970642,0.00885,0
1970649,0.0,0
1959884,0.046875,0
1969426,0.081197,0
1963704,0.081197,0
1970635,0.003319,0
1970628,0.03764,0
1970643,0.016746,0
1967278,0.151292,0
1966929,0.0701,0
1970654,0.003319,0
1966141,0.00885,0
1970458,0.010432,0
1966909,0.0701,0
1873005,0.00885,0
1970660,0.071161,0
1969669,0.016746,0
1951218,0.02214,0
1970668,0.00885,0
1970666,0.016667,0
1970664,0.03764,0
1969395,0.009709,0
1969422,0.090038,0
1970670,0.071161,0
1970677,0.009709,0
1969648,0.046875,0
1957011,0.081197,0
1969218,0.003319,0
1957903,0.03764,0
1969208,0.03764,0
1970467,0.003937,0
1967851,0.02214,0
1970596,0.003319,0
1970703,0.016746,0
1970304,0.009709,0
1947438,0.022222,0
1970440,0.009709,0
1970587,0.016667,0
1964899,0.081197,0
1968232,0.02214,0
1970715,0.03764,0
1970711,0.022222,0
1970657,0.016667,0
1970723,0.03764,0
1970724,0.0701,0
1964305,0.017544,0
1970675,0.003319,0
1840094,0.016667,0
1967988,0.071161,0
1969147,0.107884,0
1970693,0.022222,0
1970740,0.015,0
1970586,0.071161,0
1970747,0.03764,0
1956897,0.071161,0
1970329,0.046875,0
1970762,0.017544,0
1970760,0.02214,0
1970738,0.046875,0
1970773,0.016746,0
1969530,0.010432,0
1952406,0.071161,0
1970777,0.03764,0
1970795,0.0,0
1968470,0.0701,0
1969641,0.016746,0
1970802,0.003319,0
1970772,0.090038,0
1970796,0.016667,0
1970804,0.02214,0
1970816,0.081197,0
1968880,0.022222,0
1970798,0.010432,0
1970784,0.003937,0
1970812,0.03764,0
1970821,0.081197,0
1968930,0.022222,0
1954663,0.03764,0
1970758,0.0701,0
1933124,0.016746,0
1970142,0.017544,0
1970800,0.0701,0
1966405,0.161698,0
1970854,0.010185,0
1970845,0.071161,0
1970837,0.03764,0
1720187,0.016667,0
1570875,0.081197,0
1970858,0.02214,0
1970855,0.03764,0
1970834,0.02214,0
1968307,0.199067,0
1970835,0.03764,0
1961936,0.016746,0
1970873,0.071161,0
1970425,0.071161,0
1970849,0.02214,0
1970884,0.010432,0
1970869,0.151292,0
1969833,0.090038,0
1968583,0.090038,0
1968478,0.016746,0
1970859,0.016746,0
1968162,0.010432,0
1967305,0.016746,0
1968577,0.071161,0
1970889,0.003319,0
1970903,0.0,0
1969550,0.071161,0
1970856,0.0701,0
1970805,0.022222,0
1970899,0.010432,0
1970910,0.016746,0
1914315,0.003319,0
1969815,0.016667,0
1970201,0.03764,0
1970907,0.0,0
1967910,0.016667,0
1970233,0.016746,0
1970922,0.016746,0
1970927,0.003319,0
1970928,0.015,0
1970926,0.046875,0
1967156,0.03764,0
1970908,0.0701,0
1970941,0.016746,0
1958875,0.090038,0
1970499,0.071161,0
1970935,0.046875,0
1970885,0.0701,0
1969919,0.071161,0
1970932,0.022222,0
1970860,0.010432,0
1968717,0.081197,0
1959459,0.0701,0
1970956,0.0,0
1966743,0.003937,0
1970893,0.00885,0
1970953,0.161698,0
1970957,0.016667,0
1970951,0.010432,0
1970940,0.0701,0
1970962,0.071161,0
1970699,0.071161,0
1970966,0.151292,0
1970972,0.022222,0
1966314,0.02214,0
1967450,0.095541,0
1969594,0.03764,0
1970984,0.03764,0
1969071,0.003319,0
1970987,0.03764,0
1970992,0.010432,0
1969214,0.046875,0
1971002,0.015,0
1970752,0.016746,0
1971007,0.010432,0
1971008,0.071161,0
1971011,0.016667,0
1970672,0.03764,0
1970857,0.016746,0
1971010,0.081197,0
1969180,0.03764,0
1970292,0.090038,0
1970349,0.071161,0
1970904,0.009709,0
1970669,0.071161,0
1971045,0.003319,0
1971044,0.016667,0
1971047,0.081197,0
1970599,0.03764,0
1971058,0.022222,0
1971062,0.0,0
1971063,0.046875,0
1971078,0.0701,0
1971065,0.00885,0
1971072,0.003319,0
1971085,0.010432,0
1960432,0.071161,0
1971056,0.161698,0
1971079,0.016746,0
1842648,0.081197,0
1970550,0.016667,0
1971105,0.071161,0
1969113,0.0701,0
1971067,0.03764,0
1969622,0.010432,0
1970564,0.046875,0
1971089,0.090038,0
1969700,0.0701,0
1971115,0.03764,0
1971125,0.161698,0
1969880,0.02214,0
1971133,0.03764,0
1956333,0.017544,0
1971162,0.00885,0
1971149,0.003937,0
1971153,0.010432,0
1969309,0.095541,0
1971143,0.071161,0
1966415,0.010432,0
1971164,0.016746,0
1963607,0.03764,0
1970780,0.016746,0
1970422,0.071161,0
1971172,0.02214,0
1969053,0.0701,0
1967872,0.090038,0
1962737,0.071161,0
1949325,0.08,0
1957469,0.0701,0
1971188,0.003319,0
1971187,0.003319,0
1971175,0.00885,0
1969388,0.015,0
1971165,0.081197,0
1971215,0.022222,0
1971200,0.0701,0
1969724,0.00885,0
1971199,0.0,0
1969192,0.081197,0
1970909,0.0701,0
1971167,0.090038,0
1971238,0.003319,0
1970346,0.0701,0
1971226,0.03764,0
1971206,0.046875,0
1971253,0.016746,0
1971236,0.046875,0
1971252,0.017544,0
1971243,0.003937,0
1971283,0.016746,0
1971240,0.071161,0
1971277,0.03764,0
1971234,0.107884,0
1971280,0.0,0
1971038,0.022222,0
1971186,0.03764,0
1971211,0.03764,0
1971269,0.095541,0
1970299,0.015,0
1970994,0.03764,0
1971285,0.010432,0
1971304,0.03764,0
1971306,0.010432,0
1957010,0.00885,0
1952754,0.0701,0
1971270,0.03764,0
1971307,0.010432,0
1971288,0.161698,0
1971341,0.003319,0
1971340,0.090038,0
1944539,0.00885,0
1971343,0.010432,0
1971040,0.071161,0
1971229,0.081197,0
1969471,0.03764,0
1971354,0.161698,0
1970235,0.02214,0
1971326,0.003319,0
1971352,0.03764,0
1971349,0.0,0
1971353,0.016746,0
1968740,0.161698,0
1970701,0.071161,0
1970571,0.03764,0
1971370,0.02214,0
1970880,0.03764,0
1971371,0.016667,0
1971389,0.071161,0
1971388,0.003319,0
1967298,0.107884,0
1961090,0.071161,0
1971274,0.016746,0
1971375,0.022222,0
1971223,0.046875,0
1959000,0.0701,0
1971264,0.03764,0
1969169,0.0701,0
1970591,0.015,0
1971401,0.016667,0
1971398,0.03764,0
1920327,0.071161,0
1968144,0.016746,0
1969163,0.071161,0
1971318,0.003937,0
1971404,0.03764,0
1969060,0.016667,0
1970716,0.071161,0
1968692,0.010432,0
1971320,0.016667,0
1971346,0.00885,0
1969443,0.022222,0
1969434,0.03764,0
1966522,0.009709,0
1971411,0.016746,0
1971383,0.03764,0
1970028,0.071161,0
1813962,0.016667,0
1971446,0.02214,0
1971429,0.016667,0
1971444,0.016746,0
1971442,0.017544,0
1971422,0.010432,0
1971350,0.02214,0
1971330,0.081197,0
1969149,0.161698,0
1971449,0.0701,0
1971459,0.016667,0
1971460,0.03764,0
1971469,0.0701,0
1971450,0.03764,0
1971465,0.016667,0
1957122,0.071161,0
1971241,0.0,0
1971468,0.15493,0
1971055,0.071161,0
1967334,0.00885,0
1958791,0.071161,0
1968252,0.00885,0
1971528,0.0,0
1971477,0.0701,0
1971520,0.081197,0
1968233,0.003319,0
1971491,0.015,0
1970915,0.010432,0
1971286,0.03764,0
1971534,0.071161,0
1970262,0.03764,0
1971516,0.0701,0
1971479,0.0701,0
1971399,0.046875,0
1971506,0.016667,0
1969895,0.022222,0
1971496,0.016746,0
1971541,0.071161,0
1968527,0.022222,0
1971552,0.016746,0
1971544,0.090038,0
1970447,0.107884,0
1971554,0.03764,0
1971539,0.15493,0
1971524,0.010432,0
1968359,0.0701,0
1967142,0.0701,0
1971551,0.016667,0
1971560,0.071161,0
1971562,0.151292,0
1971582,0.016746,0
1971580,0.003319,0
1968909,0.003319,0
1971600,0.00885,0
1971585,0.03764,0
1971108,0.03764,0
1970950,0.003319,0
1971603,0.0,0
1971609,0.046875,0
1971615,0.081197,0
1971618,0.0701,0
1970616,0.03764,0
1971616,0.016746,0
1971292,0.017544,0
1969310,0.0701,0
1970656,0.090038,0
1971626,0.003319,0
1970847,0.03764,0
1969179,0.016667,0
1967772,0.02214,0
1971006,0.010432,0
1971453,0.046875,0
1971470,0.016667,0
1967749,0.161698,0
1971632,0.0,0
1971641,0.151292,0
1971623,0.0701,0
1948251,0.009416,0
1971651,0.016746,0
1969187,0.0701,0
1970506,0.022222,0
1971645,0.081197,0
1971652,0.071161,0
1967690,0.081197,0
1969805,0.0701,0
1971648,0.017544,0
1971664,0.017544,0
1971597,0.046875,0
1970554,0.071161,0
1971502,0.0,0
1969952,0.016667,0
1971625,0.00885,0
1971619,0.095541,0
1971684,0.003319,0
1971680,0.071161,0
1971670,0.00885,0
1954616,0.071161,0
1971679,0.071161,0
1971579,0.03764,0
1971705,0.161698,0
1971708,0.016746,0
1971683,0.071161,0
1971706,0.0701,0
1968118,0.016667,0
1915523,0.03764,0
1950729,0.071161,0
1971714,0.003937,0
1971696,0.015,0
1971722,0.017544,0
1832734,0.03764,0
1971564,0.046875,0
1971589,0.151292,0
1971704,0.016746,0
1970911,0.0701,0
1971608,0.0701,0
1767822,0.00885,0
1970394,0.03764,0
1971699,0.071161,0
1956603,0.161698,0
1969969,0.003319,0
1956618,0.03764,0
1971497,0.015,0
1971736,0.046875,0
1970879,0.010432,0
1971754,0.016667,0
1969224,0.03764,0
1970905,0.095541,0
1968413,0.071161,0
1971440,0.03764,0
1971759,0.016746,0
1971748,0.016667,0
1971695,0.03764,0
1969705,0.03764,0
1971743,0.03764,0
1971563,0.016746,0
1971775,0.02214,0
1970353,0.03764,0
1971779,0.071161,0
1969450,0.016746,0
1971752,0.0701,0
1971773,0.016746,0
1971782,0.03764,0
1970156,0.009709,0
1971776,0.0,0
1971678,0.010432,0
1971791,0.009709,0
1971789,0.071161,0
1970257,0.010432,0
1971800,0.071161,0
1971799,0.010432,0
1971709,0.161698,0
1971794,0.071161,0
1971771,0.003319,0
1087159,0.090038,0
1971807,0.03764,0
1971810,0.0701,0
1970157,0.010432,0
1971825,0.010432,0
1971827,0.02214,0
1971841,0.016746,0
1963649,0.199067,0
1970811,0.010432,0
1971831,0.03764,0
1971846,0.0701,0
1971828,0.03764,0
1971823,0.03764,0
1971845,0.015,0
1971854,0.016746,0
1946517,0.00885,0
1877412,0.00885,0
1971853,0.151292,0
1971863,0.071161,0
1971861,0.016746,0
1971864,0.081197,0
1971871,0.0701,0
1966133,0.107884,0
1971873,0.03764,0
1968171,0.161698,0
1971868,0.003319,0
1971867,0.015,0
1971869,0.0701,0
1971875,0.081197,0
1971862,0.090038,0
1970419,0.0701,0
1437445,0.071161,0
1970529,0.03764,0
1971882,0.03764,0
1971886,0.071161,0
1949606,0.016667,0
1971581,0.199067,0
1971586,0.003319,0
1969099,0.095541,0
1971138,0.03764,0
1971753,0.0701,0
1971896,0.010432,0
1968689,0.081197,0
1970064,0.00885,0
1969339,0.081197,0
1971646,0.161698,0
1950343,0.15493,0
1971777,0.003319,0
1971897,0.00885,0
1970717,0.071161,0
1954209,0.02214,0
1971893,0.0701,0
1971611,0.161698,0
1954869,0.081197,0
1971899,0.0701,0
1971790,0.0701,0
1971905,0.081197,0
1971365,0.003937,0
1971909,0.071161,0
1971918,0.03764,0
1971813,0.016746,0
1966308,0.0701,0
1121268,0.00885,0
1971906,0.071161,0
1971921,0.03764,0
1971924,0.022222,0
1971902,0.046875,0
1971622,0.010432,0
1971814,0.02214,0
1953420,0.03764,0
1971940,0.0701,0
1971937,0.03764,0
1971946,0.081197,0
1971942,0.02214,0
1971207,0.03764,0
1969822,0.003319,0
1971947,0.016746,0
1969481,0.071161,0
1971923,0.016746,0
1970193,0.003319,0
1971881,0.017544,0
1969435,0.0701,0
1971965,0.03764,0
1970546,0.071161,0
1958166,0.090038,0
1968349,0.016746,0
1971783,0.03764,0
1951871,0.0701,0
1968106,0.090038,0
1970398,0.0,0
1971954,0.016746,0
1969620,0.046875,0
1971970,0.081197,0
1971977,0.02214,0
1971976,0.03764,0
1971982,0.010432,0
1971972,0.0,0
1970690,0.081197,0
1971975,0.03764,0
1967488,0.016667,0
1971990,0.015824,0
1971992,0.003319,0
1971163,0.03764,0
1971987,0.081197,0
1971993,0.03764,0
1971986,0.071161,0
1971983,0.009709,0
1967455,0.03764,0
1971974,0.003937,0
1971973,0.003937,0
1971945,0.00885,0
1971969,0.0701,0
1972003,0.0,0
1971707,0.016746,0
1971290,0.02214,0
1971847,0.00885,0
1971576,0.03764,0
1972025,0.003319,0
1972020,0.016746,0
1944699,0.046875,0
1971998,0.003319,0
1972024,0.0701,0
1972027,0.022222,0
1968752,0.003319,0
1972031,0.016667,0
1961085,0.016746,0
1971374,0.03764,0
1971961,0.009709,0
1971793,0.016746,0
1968807,0.081197,0
1969945,0.015,0
1972045,0.090038,0
1972053,0.003319,0
1970645,0.151292,0
1964847,0.03764,0
1963100,0.0701,0
1968105,0.03764,0
1971796,0.016746,0
1971935,0.151292,0
1972046,0.03764,0
1971723,0.03764,0
1972041,0.081197,0
1972057,0.095541,0
1972054,0.081197,0
1972058,0.015,0
1968485,0.03764,0
1972073,0.0701,0
1972069,0.02214,0
1972083,0.071161,0
1972066,0.08,0
1964687,0.081197,0
1970757,0.010432,0
1941530,0.199067,0
1972097,0.016746,0
1972100,0.151292,0
1972096,0.071161,0
1970819,0.0701,0
1966319,0.046875,0
1970934,0.0,0
1965234,0.016746,0
1972109,0.015,0
1972015,0.010432,0
1972099,0.016667,0
1968368,0.015,0
1972084,0.071161,0
1942186,0.03764,0
1972115,0.010432,0
1972118,0.090038,0
1967750,0.03764,0
1971675,0.010432,0
1972120,0.016667,0
1970640,0.017544,0
1972114,0.003319,0
1972130,0.151292,0
1966850,0.081197,0
1968500,0.071161,0
1972127,0.046875,0
1972151,0.0701,0
1972134,0.071161,0
1972135,0.016746,0
1972157,0.03764,0
1972186,0.02214,0
1972191,0.03764,0
1969475,0.010432,0
1964607,0.081197,0
1972199,0.00885,0
1972080,0.03764,0
1972208,0.003319,0
1972221,0.003319,0
1969153,0.010432,0
1972172,0.071161,0
1972223,0.016746,0
1972218,0.015,0
1972232,0.010432,0
1972235,0.081197,0
1972213,0.199067,0
1970705,0.090038,0
1970341,0.016667,0
1953076,0.0701,0
1970525,0.071161,0
1972262,0.017544,0
1972201,0.015,0
1972230,0.0701,0
1965534,0.015,0
1972265,0.016667,0
1972222,0.071161,0
1972260,0.022222,0
1972271,0.016746,0
1971533,0.016746,0
1971911,0.071161,0
1972268,0.010432,0
1972273,0.0701,0
1970076,0.03764,0
1972229,0.071161,0
1970532,0.03764,0
1971244,0.03764,0
1972108,0.0701,0
1971693,0.071161,0
1972250,0.010432,0
1972285,0.090038,0
1970212,0.0701,0
1971176,0.071161,0
1966808,0.090038,0
1972111,0.090038,0
1972195,0.016667,0
1972298,0.0701,0
1972184,0.161698,0
1972312,0.0,0
1972299,0.161698,0
1971927,0.03764,0
1968220,0.151292,0
1972306,0.081197,0
1971955,0.151292,0
1969415,0.095541,0
1961181,0.151292,0
1972338,0.00885,0
1966104,0.199593,0
1972316,0.161698,0
1969781,0.081197,0
1969782,0.03764,0
1972356,0.016746,0
1961757,0.151292,0
1972363,0.016746,0
1972021,0.071161,0
1972362,0.003319,0
1971721,0.071161,0
1972371,0.046875,0
1972301,0.003937,0
1972383,0.081197,0
1972378,0.081197,0
1970078,0.046875,0
1972379,0.071161,0
1972347,0.151292,0
1971183,0.046875,0
1972210,0.016667,0
1954836,0.0,0
1972404,0.00885,0
1972211,0.02214,0
1947803,0.071161,0
1972142,0.003319,0
1972252,0.0701,0
1969629,0.090038,0
1972206,0.0701,0
1970844,0.017544,0
1972382,0.046875,0
1971039,0.00885,0
1972381,0.010432,0
1972391,0.03764,0
1972384,0.015,0
1972310,0.071161,0
1972409,0.010432,0
1972322,0.03764,0
1972372,0.010432,0
1972410,0.03764,0
1972307,0.017544,0
1972421,0.003937,0
1972396,0.003937,0
1972438,0.090038,0
1972400,0.071161,0
1972440,0.003937,0
1972374,0.0,0
1885918,0.107884,0
1972456,0.046875,0
1972464,0.016746,0
1972365,0.081197,0
1972441,0.0701,0
1972452,0.016746,0
1972413,0.03764,0
1972458,0.015,0
1972444,0.03764,0
1972468,0.199593,0
1972467,0.081197,0
1972446,0.03764,0
1970783,0.199067,0
1972399,0.0701,0
1972431,0.009709,0
1972293,0.0701,0
1964762,0.0,0
1972433,0.016746,0
1972498,0.003319,0
1972463,0.0701,0
1963095,0.010432,0
1972488,0.03764,0
1972495,0.03764,0
1972492,0.003319,0
1972453,0.071161,0
1972416,0.016667,0
1972392,0.016746,0
1972508,0.03764,0
1972455,0.161698,0
1972415,0.010432,0
1951276,0.03764,0
1972408,0.0701,0
1972535,0.003319,0
1972466,0.0701,0
1964481,0.00885,0
1972544,0.161698,0
1972539,0.03764,0
1972555,0.0701,0
1972541,0.015,0
1972557,0.010432,0
1972560,0.0,0
1972584,0.010432,0
1972525,0.095541,0
1900374,0.010432,0
1972552,0.017544,0
1972565,0.003319,0
1972582,0.151292,0
1972577,0.010432,0
1972048,0.003937,0
1972548,0.016667,0
1972490,0.03764,0
1972617,0.03764,0
1972520,0.003937,0
1972610,0.03764,0
1972602,0.071161,0
1972547,0.016667,0
1972585,0.016746,0
1972588,0.003319,0
1972625,0.046875,0
1972537,0.0701,0
1972551,0.003937,0
1972638,0.071161,0
1972595,0.151292,0
1972628,0.003937,0
1972575,0.017544,0
1972355,0.0701,0
1972283,0.016667,0
1972561,0.0701,0
1972183,0.016746,0
1972624,0.010432,0
1972652,0.0701,0
1972665,0.010432,0
1972564,0.0701,0
1972631,0.016667,0
1972627,0.016667,0
1972645,0.00885,0
1972470,0.071161,0
1972605,0.010432,0
1972696,0.081197,0
1972635,0.03764,0
1972673,0.0701,0
1972611,0.022222,0
1972614,0.0701,0
1972570,0.03764,0
1972679,0.010432,0
1972646,0.003319,0
1972667,0.0701,0
1972641,0.081197,0
1972581,0.017544,0
1972688,0.016667,0
1972654,0.016667,0
1972680,0.0701,0
1972442,0.0701,0
1972637,0.009709,0
1972706,0.015,0
1972613,0.022222,0
1972022,0.016746,0
1972721,0.003319,0
1972609,0.03764,0
1972730,0.003319,0
1972742,0.0701,0
1972593,0.016746,0
1972745,0.010432,0
1972569,0.0701,0
1972683,0.003937,0
1972698,0.151292,0
1972746,0.016746,0
1970943,0.016667,0
1972676,0.00885,0
1972689,0.016667,0
1972737,0.003319,0
1972747,0.046875,0
1972777,0.010432,0
1972598,0.016746,0
1972775,0.03764,0
1972740,0.016746,0
1972760,0.090038,0
1972704,0.0701,0
1972743,0.015,0
1972660,0.03764,0
1972755,0.017544,0
1972701,0.02214,0
1972563,0.0701,0
1972794,0.02214,0
1972811,0.017544,0
1972772,0.016667,0
1972799,0.03764,0
1972788,0.003937,0
1972690,0.03764,0
1969644,0.02214,0
1972797,0.161698,0
1972784,0.199593,0
1972825,0.010432,0
1972608,0.071161,0
1972138,0.046875,0
1972834,0.0701,0
1972814,0.02214,0
1972867,0.046875,0
1972884,0.015,0
1972839,0.199593,0
1972840,0.017544,0
1972878,0.03764,0
1972830,0.03764,0
1972766,0.0701,0
1972875,0.016667,0
1972903,0.016667,0
1972820,0.071161,0
1972831,0.03764,0
1972713,0.010432,0
1972886,0.03764,0
1967624,0.03764,0
1972924,0.03764,0
1972907,0.071161,0
1972482,0.03764,0
1897861,0.015,0
1972967,0.03764,0
1972962,0.016746,0
1972949,0.071161,0
1972976,0.010432,0
1972929,0.016746,0
1972968,0.010432,0
1972974,0.151292,0
1972856,0.016667,0
1970655,0.0701,0
1966051,0.003319,0
1966515,0.02214,0
1972996,0.003937,0
1972950,0.016746,0
1973004,0.0701,0
1972815,0.03764,0
1972927,0.009709,0
1972992,0.003319,0
1973017,0.071161,0
1972955,0.016667,0
1963520,0.071161,0
1973011,0.003319,0
1972979,0.017544,0
1973026,0.016667,0
1971834,0.0701,0
1973023,0.081197,0
1973027,0.003319,0
1973002,0.081197,0
1973024,0.016667,0
1709220,0.15493,0
1973008,0.071161,0
1972435,0.03764,0
1973034,0.03764,0
1973076,0.107884,0
1973091,0.003319,0
1973078,0.03764,0
1973063,0.016667,0
1973049,0.03764,0
1973099,0.0701,0
1973098,0.0701,0
1973142,0.010432,0
1973138,0.003319,0
1973151,0.02214,0
1972516,0.107884,0
1973167,0.003937,0
1973166,0.003319,0
1973174,0.017544,0
1973173,0.02214,0
1973164,0.00885,0
1973150,0.015,0
1972942,0.003319,0
1973093,0.003319,0
1973055,0.015,0
1973204,0.003937,0
1973201,0.003319,0
1973202,0.0701,0
1973210,0.010432,0
1973214,0.03764,0
1973203,0.010432,0
1972412,0.0701,0
1970502,0.0701,0
1972483,0.016667,0
1971325,0.046875,0
1973254,0.015,0
1973260,0.003319,0
1973216,0.0701,0
1973256,0.003319,0
1973281,0.016667,0
1973258,0.015,0
1973176,0.03764,0
1973162,0.016746,0
1972966,0.151292,0
1973277,0.010432,0
1973283,0.003937,0
1972543,0.016746,0
1973285,0.016667,0
1973255,0.03764,0
1973301,0.0701,0
1973269,0.010432,0
1973328,0.090038,0
1973327,0.016746,0
1973334,0.071161,0
1973215,0.009709,0
1973326,0.016667,0
1973339,0.071161,0
1973325,0.0701,0
1087627,0.02214,0
1973338,0.003319,0
1973343,0.151292,0
1973319,0.010432,0
1973361,0.03764,0
1973447,0.00885,0
1973378,0.010432,0
1972451,0.015,0
1973433,0.03764,0
1973379,0.003319,0
1973384,0.046875,0
1973389,0.016667,0
1973396,0.081197,0
1973492,0.02214,0
1973494,0.0701,0
1973437,0.090038,0
1973421,0.090038,0
1973409,0.03764,0
1973428,0.03764,0
1973376,0.151292,0
1973464,0.0701,0
1973375,0.016667,0
1973426,0.0701,0
1973544,0.010432,0
1973475,0.003937,0
1973348,0.08,0
1973517,0.00885,0
1973429,0.016667,0
1973406,0.010432,0
1973488,0.03764,0
1973577,0.151292,0
1973598,0.015,0
1973455,0.03764,0
1973481,0.090038,0
1973498,0.151292,0
1973454,0.03764,0
1973599,0.03764,0
1973547,0.046875,0
1973503,0.00885,0
1973535,0.00885,0
1973501,0.02214,0
1973425,0.151292,0
1973377,0.016746,0
1973441,0.071161,0
1973442,0.010432,0
1973403,0.081197,0
1973430,0.0701,0
1973382,0.016667,0
1973394,0.02214,0
1973418,0.02214,0
1973562,0.071161,0
1973549,0.161698,0
1973508,0.0701,0
1973400,0.03764,0
1973646,0.016746,0
1973602,0.03764,0
1973460,0.016746,0
1973462,0.071161,0
1973619,0.03764,0
1973452,0.081197,0
1973527,0.016746,0
1972994,0.00885,0
1973358,0.009709,0
1973629,0.02214,0
1973401,0.02214,0
1973392,0.0701,0
1973385,0.02214,0
1973557,0.02214,0
1973538,0.0701,0
1973694,0.010432,0
1973459,0.010432,0
1973438,0.03764,0
1973413,0.016746,0
1973510,0.003319,0
1973666,0.003319,0
1973564,0.071161,0
1973551,0.161698,0
1973443,0.017544,0
1973640,0.003319,0
1973710,0.0701,0
1973388,0.0701,0
1973586,0.00885,0
1973559,0.03764,0
1973624,0.03764,0
1972964,0.03764,0
1973605,0.010432,0
1973506,0.095541,0
1973515,0.016667,0
1973448,0.071161,0
1973561,0.016746,0
1973458,0.015,0
1973434,0.071161,0
1973468,0.010432,0
1973696,0.022222,0
1973589,0.016667,0
1973374,0.016667,0
1973518,0.02214,0
1973513,0.016746,0
1973499,0.071161,0
1973511,0.03764,0
1973744,0.081197,0
1973661,0.151292,0
1973663,0.016667,0
1973588,0.071161,0
1973758,0.010432,0
1973672,0.02214,0
1973439,0.0701,0
1973773,0.016667,0
1973560,0.107884,0
1973540,0.003319,0
1973346,0.03764,0
1973039,0.03764,0
1973423,0.016746,0
1973466,0.010432,0
1973490,0.010432,0
1973534,0.015,0
1973732,0.08,0
1973352,0.015,0
1973766,0.00885,0
1973767,0.095541,0
1973721,0.03764,0
1973679,0.003319,0
1973731,0.03764,0
1973801,0.03764,0
1973420,0.016667,0
1973786,0.071161,0
1973774,0.071161,0
1973548,0.016667,0
1973436,0.081197,0
1973522,0.00885,0
1973595,0.046875,0
1973616,0.00885,0
1243634,0.199067,0
1973820,0.02214,0
1973727,0.010432,0
1973575,0.046875,0
1973533,0.071161,0
1973789,0.017544,0
1973571,0.071161,0
1973592,0.0701,0
1973742,0.081197,0
1973752,0.0701,0
1973782,0.017544,0
1973746,0.03764,0
1973330,0.03764,0
1973373,0.081197,0
1973827,0.081197,0
1973724,0.010432,0
1973796,0.046875,0
1973689,0.0701,0
1973815,0.0701,0
1973824,0.03764,0
1973614,0.071161,0
1973542,0.016746,0
1973670,0.071161,0
1973641,0.081197,0
1973580,0.022222,0
1973869,0.016746,0
1973877,0.00885,0
1973371,0.071161,0
1973819,0.0701,0
1973828,0.003937,0
1973504,0.03764,0
1973303,0.010432,0
1973862,0.02214,0
1973839,0.009709,0
1973736,0.071161,0
1973410,0.071161,0
1973622,0.03764,0
1973697,0.081197,0
1973300,0.081197,0
1973903,0.046875,0
1973656,0.016667,0
1973404,0.03764,0
1973783,0.00885,0
1973671,0.015,0
1973858,0.0,0
1973738,0.02214,0
1973759,0.00885,0
1973473,0.090038,0
1973863,0.03764,0
1973889,0.095541,0
1973627,0.071161,0
1973912,0.003319,0
1971999,0.03764,0
1973897,0.003319,0
1973807,0.0701,0
1973482,0.03764,0
1973958,0.0701,0
1973620,0.02214,0
1973507,0.022222,0
1973794,0.0701,0
1966752,0.00885,0
1971092,0.016671,0
1973929,0.00885,0
1973856,0.046875,0
1973669,0.081197,0
1973836,0.03764,0
1973945,0.03764,0
1973908,0.017544,0
1973502,0.081197,0
1973884,0.071161,0
1973324,0.03764,0
1973232,0.016746,0
1973770,0.03764,0
1973973,0.010432,0
1973966,0.03764,0
1973594,0.090038,0
1974026,0.071161,0
1973581,0.010432,0
1974065,0.071161,0
1973479,0.081197,0
1974045,0.010432,0
1971575,0.016667,0
1971416,0.02214,0
1972720,0.03764,0
1973881,0.016746,0
1974054,0.081197,0
1973980,0.016667,0
1969342,0.0701,0
1973304,0.003319,0
1973509,0.071161,0
1973536,0.046875,0
1973756,0.016746,0
1974093,0.0701,0
1973383,0.090038,0
1973857,0.071161,0
1974033,0.015,0
1973928,0.022222,0
1973726,0.02214,0
1973066,0.0701,0
1973907,0.161698,0
1974003,0.0701,0
1973440,0.03764,0
1974006,0.010432,0
1973939,0.03764,0
1973968,0.022222,0
1974008,0.016746,0
1973469,0.071161,0
1974108,0.010432,0
1974043,0.003319,0
1973962,0.009709,0
1974058,0.0701,0
1974084,0.010432,0
1973541,0.03764,0
1973997,0.003937,0
1973999,0.010432,0
1974123,0.010432,0
1973631,0.03764,0
1974106,0.010432,0
1974078,0.009709,0
1972943,0.010432,0
1974114,0.010432,0
1974063,0.107884,0
1974131,0.03764,0
1974032,0.081197,0
1974094,0.071161,0
1974137,0.03764,0
1974136,0.02214,0
1974140,0.010432,0
1974199,0.081197,0
1973808,0.016746,0
1974013,0.03764,0
1973946,0.0701,0
1817394,0.003319,0
1973706,0.03764,0
1971421,0.161698,0
1974071,0.03764,0
1974120,0.003319,0
1974162,0.003319,0
1973530,0.03764,0
1974046,0.016667,0
1973514,0.010432,0
1974169,0.016667,0
1973979,0.010432,0
1973445,0.081197,0
1973965,0.016667,0
1973585,0.08,0
1974204,0.071161,0
1974195,0.003319,0
1974181,0.016667,0
1974170,0.03764,0
1973160,0.010432,0
1973930,0.015,0
1974133,0.090038,0
1974112,0.071161,0
1969807,0.016746,0
1974187,0.009709,0
1974249,0.0701,0
1974155,0.071161,0
1973990,0.015,0
1973033,0.02214,0
1974263,0.090038,0
1973848,0.03764,0
1974161,0.010432,0
1974265,0.090038,0
1973673,0.010432,0
1974234,0.016667,0
1974138,0.046875,0
1973520,0.00885,0
703518,0.071161,0
1974241,0.016667,0
1974319,0.03764,0
1947995,0.081197,0
1974217,0.046875,0
1974266,0.03764,0
1974342,0.003319,0
1973936,0.003319,0
1973408,0.03764,0
1974208,0.03764,0
1974226,0.016746,0
1974311,0.081197,0
1974298,0.00885,0
1974293,0.00885,0
1974324,0.0,0
1974286,0.015,0
1973699,0.016746,0
1972953,0.016667,0
1974297,0.010432,0
1973975,0.022222,0
1974126,0.015,0
1974284,0.151292,0
1973825,0.03764,0
1974326,0.151292,0
1974111,0.03764,0
1972012,0.022222,0
1971857,0.081197,0
1672278,0.071161,0
1974454,0.010432,0
1974351,0.151292,0
1974349,0.199593,0
1973700,0.03764,0
1974422,0.03764,0
1974424,0.071161,0
1066495,0.071161,0
1972486,0.071161,0
1974475,0.081197,0
1974315,0.046875,0
1974440,0.0701,0
1974438,0.071161,0
1974442,0.03764,0
1974444,0.003319,0
1974518,0.016746,0
1974488,0.0701,0
1974476,0.016667,0
1974482,0.071161,0
1974307,0.071161,0
1974507,0.081197,0
1974402,0.03764,0
1972447,0.071161,0
1972556,0.107884,0
1974483,0.03764,0
1974510,0.003319,0
1974412,0.00885,0
1974313,0.081197,0
1974356,0.010432,0
1973785,0.02214,0
1974540,0.03764,0
1974535,0.010432,0
1974467,0.0,0
1974555,0.015,0
1972932,0.151292,0
1970827,0.010432,0
1974392,0.0,0
1973307,0.03764,0
1973944,0.0701,0
1974499,0.03764,0
1971394,0.03764,0
1591052,0.071161,0
1974599,0.046875,0
1973866,0.107884,0
1974372,0.03764,0
1974486,0.003319,0
1974534,0.03764,0
1974527,0.003937,0
1974390,0.016746,0
1974495,0.022222,0
1973695,0.003937,0
1973799,0.0701,0
1972596,0.003937,0
1974377,0.03764,0
1972039,0.016667,0
1974579,0.016746,0
1974616,0.015,0
1974612,0.003319,0
1974606,0.016746,0
1974633,0.022222,0
1961792,0.071161,0
1974548,0.0,0
1969261,0.071161,0
1973853,0.0701,0
1973161,0.010432,0
1973711,0.017544,0
1973686,0.00885,0
1972938,0.003937,0
1973451,0.081197,0
1973465,0.071161,0
1972920,0.00885,0
1973342,0.016746,0
1081697,0.161698,0
1973642,0.003319,0
1974015,0.016746,0
1974132,0.015,0
1974085,0.022222,0
1973583,0.016667,0
1973524,0.03764,0
1974028,0.010432,0
1973603,0.015,0
1970594,0.010432,0
1973537,0.0701,0
1973554,0.00885,0
1973432,0.016746,0
1973634,0.00885,0
1973888,0.03764,0
1974214,0.016746,0
1973474,0.071161,0
1973667,0.003319,0
1969176,0.107884,0
1973926,0.015,0
1973573,0.010432,0
1973556,0.046875,0
1972748,0.016667,0
1973493,0.090038,0
1974713,0.071161,0
1974689,0.003319,0
1074161,0.016667,0
1974250,0.151292,0
1943961,0.02214,0
1974190,0.017544,0
1973053,0.017544,0
1974730,0.02214,0
1974709,0.010432,0
1974669,0.016667,0
1974526,0.03764,0
1974626,0.015,0
1974658,0.003319,0
1974657,0.016667,0
1974710,0.03764,0
1974697,0.003319,0
1973909,0.010432,0
1973187,0.016667,0
1974761,0.016746,0
1974701,0.003937,0
1691619,0.071161,0
1973137,0.0701,0
1973612,0.016746,0
1974196,0.016746,0
1974757,0.010432,0
1973110,0.151292,0
1939127,0.081197,0
1974648,0.03764,0
1974815,0.010432,0
1974770,0.003937,0
1974791,0.00885,0
1972900,0.02214,0
1974824,0.010432,0
1974793,0.02214,0
1972618,0.03764,0
1973972,0.046875,0
1974565,0.00885,0
1974492,0.003319,0
1972302,0.03764,0
1974833,0.016667,0
1974698,0.017544,0
1974724,0.016667,0
1974839,0.03764,0
1974819,0.151292,0
1974742,0.08,0
1970682,0.046875,0
1974787,0.016746,0
1972403,0.010432,0
1973830,0.046875,0
1974840,0.03764,0
1974411,0.016746,0
1974794,0.003319,0
1974817,0.00885,0
1974809,0.015,0
1972957,0.03764,0
1974898,0.003319,0
1972597,0.022222,0
1974637,0.090038,0
1974751,0.016746,0
1974814,0.010432,0
1974820,0.0701,0
1974875,0.03764,0
1974399,0.017544,0
1974870,0.017544,0
1972512,0.0701,0
1974927,0.03764,0
1974866,0.016667,0
1972880,0.016667,0
1974932,0.081197,0
1974908,0.016746,0
1974667,0.046875,0
1974354,0.003319,0
1967310,0.0701,0
1974617,0.071161,0
1973130,0.016667,0
1974949,0.010432,0
1974948,0.02214,0
1974542,0.009709,0
1974795,0.071161,0
1974922,0.02214,0
1974968,0.03764,0
1974940,0.016746,0
1974990,0.046875,0
1973118,0.003937,0
1974950,0.016667,0
1974991,0.017544,0
1974941,0.0701,0
1974962,0.016667,0
1974986,0.00885,0
1973065,0.015,0
1971205,0.03764,0
1975017,0.081197,0
1973832,0.003937,0
1972963,0.199067,0
1975048,0.003319,0
1975024,0.02214,0
1975052,0.090038,0
1972567,0.03764,0
1975016,0.071161,0
1972023,0.03764,0
1974255,0.016746,0
1975073,0.071161,0
1975059,0.081197,0
1714214,0.00885,0
1975047,0.016667,0
1974982,0.003319,0
1973654,0.0,0
1973565,0.081197,0
1974021,0.003319,0
1973772,0.071161,0
1975038,0.010432,0
1974176,0.02214,0
1974274,0.010432,0
1974999,0.003319,0
1974530,0.010432,0
1974572,0.016667,0
1974668,0.010432,0
1975049,0.071161,0
1973444,0.03764,0
1973449,0.015,0
1972913,0.02214,0
1975079,0.161698,0
1974333,0.010432,0
1974977,0.161698,0
1972659,0.081197,0
1973568,0.071161,0
1972419,0.016746,0
1971968,0.0701,0
1974107,0.003319,0
1975100,0.016746,0
1974580,0.016667,0
1974396,0.016667,0
1973718,0.00885,0
1975097,0.03764,0
1975004,0.016746,0
1974954,0.071161,0
1974546,0.003937,0
1968601,0.03764,0
1975090,0.00885,0
1973743,0.02214,0
1975128,0.03764,0
1975101,0.022222,0
1975040,0.0701,0
1974357,0.03764,0
1975111,0.0701,0
1975126,0.003319,0
1973757,0.0701,0
1975071,0.015,0
1975159,0.03764,0
1975146,0.003319,0
1974413,0.02214,0
1975127,0.03764,0
1975051,0.010432,0
1972951,0.010432,0
1975026,0.090038,0
1973812,0.071161,0
1975177,0.016667,0
1975125,0.161698,0
1973322,0.016746,0
1974914,0.071161,0
1968920,0.017544,0
1975142,0.03764,0
712933,0.081197,0
1975022,0.03764,0
1975204,0.022222,0
1974853,0.151292,0
1975195,0.003765,0
1975213,0.010432,0
1975039,0.03764,0
1975095,0.02214,0
1968469,0.151292,0
1972769,0.03764,0
1974521,0.016746,0
1975139,0.010432,0
1969222,0.03764,0
1974850,0.016667,0
1975234,0.081197,0
1975225,0.016746,0
1975200,0.017544,0
1974957,0.022222,0
1974759,0.017544,0
1975260,0.03764,0
1975233,0.02214,0
1975250,0.151292,0
1975257,0.151292,0
1971148,0.081197,0
1975196,0.071161,0
1975270,0.003319,0
1974812,0.010432,0
1974994,0.003319,0
1972978,0.016667,0
1975191,0.161698,0
1975296,0.02214,0
1974892,0.0,0
1975229,0.02214,0
1975197,0.003319,0
1949984,0.071161,0
1975307,0.02214,0
1973949,0.03764,0
1975240,0.017544,0
1975335,0.071161,0
1975263,0.009709,0
1973058,0.010432,0
1973991,0.02214,0
1975336,0.095541,0
1975123,0.03764,0
1974897,0.016746,0
1975302,0.03764,0
1975326,0.199067,0
1975355,0.0701,0
1975342,0.003319,0
1975165,0.02214,0
1975192,0.03764,0
1974037,0.00885,0
1975344,0.02214,0
1974672,0.081197,0
1975309,0.071161,0
1975293,0.010432,0
1975321,0.003937,0
1975340,0.016746,0
1975278,0.016746,0
1975376,0.003319,0
1975353,0.03764,0
1975264,0.071161,0
1975347,0.071161,0
1975329,0.03764,0
1975393,0.003319,0
1973397,0.090038,0
1974702,0.0701,0
1975310,0.003937,0
1975404,0.016746,0
1975433,0.151292,0
1975423,0.015,0
1968081,0.0701,0
1974135,0.03764,0
1975451,0.015,0
692831,0.016667,0
1975467,0.016746,0
1975432,0.003319,0
1975441,0.03764,0
1973947,0.081197,0
1975244,0.02214,0
1975378,0.03764,0
1975478,0.03764,0
1975439,0.003319,0
1974466,0.071161,0
1975176,0.010432,0
1973035,0.00885,0
1964353,0.071161,0
1975140,0.0,0
1975456,0.081197,0
1974571,0.017544,0
1975065,0.081197,0
1512579,0.016746,0
1974904,0.0701,0
1973491,0.0701,0
1975395,0.016667,0
1971900,0.0701,0
1973677,0.0701,0
1974237,0.022222,0
1974930,0.010432,0
1973235,0.03764,0
1974788,0.015,0
1966920,0.071161,0
1975068,0.00885,0
1972848,0.010432,0
1974952,0.003319,0
1975008,0.03764,0
1975466,0.010432,0
1975075,0.03764,0
1974522,0.046875,0
1975454,0.015,0
1975493,0.015,0
1975470,0.081197,0
1975507,0.03764,0
1969678,0.016746,0
1972837,0.03764,0
1724394,0.03764,0
1972649,0.016667,0
1975532,0.015,0
1971784,0.00885,0
1973414,0.03764,0
1975558,0.017544,0
1975510,0.016746,0
1975516,0.071161,0
1975577,0.00885,0
1972622,0.010432,0
1974296,0.03764,0
1975391,0.071334,0
1967134,0.095541,0
1975352,0.071161,0
1975230,0.03764,0
1975483,0.03764,0
1975587,0.010432,0
1975597,0.003319,0
1975581,0.010432,0
1974651,0.071161,0
1975503,0.0701,0
1974652,0.016667,0
1975594,0.010432,0
1975628,0.02214,0
1975181,0.010432,0
1967837,0.016667,0
1975427,0.010432,0
1974577,0.199067,0
1975010,0.081197,0
1975589,0.016667,0
1973347,0.00885,0
1965550,0.03764,0
1975596,0.081197,0
1975544,0.081197,0
1975368,0.0701,0
1975652,0.071161,0
1975615,0.016746,0
1975572,0.010432,0
734754,0.0701,0
1975046,0.016667,0
1975653,0.016746,0
1975388,0.016667,0
1975610,0.016667,0
1974741,0.071161,0
1974714,0.107884,0
1970597,0.090038,0
1975690,0.016667,0
1975686,0.010432,0
1975697,0.022222,0
1975700,0.003937,0
1973196,0.015,0
1975730,0.010432,0
633779,0.08,0
1973873,0.009709,0
1973678,0.03764,0
1975712,0.03764,0
1975717,0.15493,0
1972434,0.071161,0
1975673,0.010432,0
1975644,0.081197,0
1975705,0.046875,0
1975747,0.03764,0
1974703,0.0,0
1975748,0.016667,0
1975541,0.003937,0
1975788,0.016746,0
1973282,0.0701,0
1975413,0.03764,0
1974110,0.03764,0
1974923,0.00885,0
1972632,0.081197,0
1975752,0.081197,0
1973259,0.022222,0
1975765,0.0701,0
1975801,0.03764,0
1975567,0.151292,0
1974393,0.016746,0
1975422,0.003319,0
1975806,0.03764,0
1975849,0.00885,0
1975844,0.010432,0
1975795,0.003319,0
1975536,0.003319,0
1975824,0.016667,0
1975665,0.00885,0
1975492,0.03764,0
1975740,0.017544,0
1968027,0.016746,0
1975851,0.00885,0
1975411,0.03764,0
1975491,0.071161,0
1975410,0.016746,0
1974069,0.151292,0
1975798,0.003319,0
1975855,0.081197,0
1975827,0.03764,0
1975400,0.0,0
1972752,0.016746,0
1975149,0.046875,0
1975791,0.016667,0
1975180,0.010432,0
1975183,0.003937,0
1972791,0.003937,0
1975069,0.03764,0
1975366,0.03764,0
1975561,0.02214,0
1972842,0.009709,0
1975825,0.090038,0
1973486,0.03764,0
1973056,0.00885,0
1975406,0.0,0
1973657,0.016746,0
1975853,0.010432,0
1975612,0.003937,0
1968679,0.03764,0
1973823,0.003319,0
1671070,0.090038,0
1971395,0.010432,0
1974802,0.017544,0
1975707,0.016667,0
1973986,0.010432,0
1975756,0.016746,0
1975878,0.0701,0
1975731,0.016746,0
1765687,0.071161,0
1975861,0.03764,0
1975830,0.03764,0
1975944,0.02214,0
1975876,0.017544,0
1975874,0.071161,0
1975901,0.046875,0
1975892,0.071161,0
1973068,0.081197,0
1975884,0.02214,0
1975937,0.016746,0
1975948,0.010432,0
1972702,0.017544,0
1893999,0.090038,0
1975833,0.016746,0
1975928,0.03764,0
1975969,0.03764,0
1973775,0.071161,0
1975988,0.022222,0
1975995,0.017544,0
1975880,0.071161,0
1975346,0.090038,0
1817676,0.081197,0
1975923,0.010432,0
1975975,0.0701,0
1975979,0.08,0
1975785,0.010432,0
1974935,0.107884,0
1975537,0.08,0
1975805,0.081197,0
1975951,0.081197,0
1975864,0.151292,0
1975053,0.010432,0
1972604,0.03764,0
1975737,0.03764,0
1973337,0.090038,0
1976000,0.151292,0
1975382,0.003319,0
1972603,0.107884,0
1972931,0.071161,0
1972657,0.003319,0
1976034,0.046875,0
1976021,0.081197,0
1973064,0.02214,0
1975684,0.199067,0
1975913,0.010432,0
1976033,0.00885,0
1975773,0.071161,0
1975226,0.071161,0
1976045,0.016746,0
1975241,0.010432,0
1975953,0.03764,0
1975424,0.016667,0
1971966,0.010432,0
1975860,0.02214,0
1976072,0.151292,0
1964954,0.090038,0
1976046,0.071161,0
1976073,0.00885,0
1975593,0.03764,0
1976106,0.02214,0
1975682,0.010432,0
1972940,0.199067,0
1976053,0.010432,0
1976139,0.161698,0
1976126,0.0701,0
1976079,0.0701,0
1976135,0.151292,0
1976113,0.0701,0
1975122,0.016667,0
1976151,0.161698,0
1975964,0.107884,0
1971447,0.017544,0
1976003,0.003319,0
1976152,0.015,0
1972357,0.0701,0
1976023,0.03764,0
1975497,0.071161,0
1556101,0.003319,0
1975631,0.009709,0
1970555,0.151292,0
1973424,0.02214,0
1975674,0.151292,0
1972896,0.02214,0
1971050,0.02214,0
1972644,0.03764,0
1975642,0.00885,0
1974142,0.081197,0
1975796,0.071161,0
1971811,0.071161,0
1975527,0.003319,0
1972832,0.071161,0
1972574,0.071161,0
1975020,0.00885,0
1975611,0.003319,0
1975675,0.071161,0
1974987,0.0,0
1972888,0.016667,0
1976162,0.21875,0
1976036,0.016667,0
1973771,0.016667,0
1976186,0.03764,0
1975284,0.0701,0
1976189,0.02214,0
1976207,0.03764,0
1976165,0.02214,0
1976084,0.081197,0
1973100,0.071161,0
1975212,0.016746,0
1976203,0.071161,0
1976083,0.009709,0
1974153,0.03764,0
1976212,0.03764,0
1976213,0.0701,0
1976217,0.0701,0
1972697,0.03764,0
1976132,0.016667,0
1972550,0.016746,0
1976209,0.0701,0
1976170,0.003319,0
1976202,0.003319,0
1974975,0.003319,0
1976075,0.010432,0
1976239,0.03764,0
1976118,0.022222,0
1976219,0.0701,0
1953815,0.046875,0
1975889,0.003319,0
1976201,0.00885,0
1976226,0.0,0
1736716,0.199067,0
1976221,0.0701,0
1976242,0.090038,0
1883323,0.015,0
1976220,0.00885,0
1975186,0.03764,0
1976230,0.071161,0
1971988,0.071161,0
1975297,0.03764,0
1976266,0.017544,0
1972036,0.016667,0
1976062,0.107884,0
1975460,0.003319,0
1976016,0.0701,0
1976268,0.161698,0
1976313,0.003319,0
1976057,0.0701,0
1972327,0.090038,0
1976175,0.02214,0
1975672,0.016746,0
1973112,0.0701,0
1975001,0.016667,0
1976315,0.003937,0
1964657,0.016667,0
1976307,0.161698,0
1976318,0.017544,0
1976316,0.003319,0
1974192,0.00885,0
1969748,0.003319,0
1976090,0.046875,0
1976314,0.090038,0
1976190,0.046875,0
1970384,0.00885,0
1973398,0.071161,0
1976205,0.0701,0
1976215,0.003319,0
1975625,0.017544,0
1976354,0.016667,0
1975965,0.03764,0
1976341,0.0701,0
1973262,0.010432,0
1976355,0.107884,0
1974197,0.071161,0
1969896,0.03764,0
1976329,0.0701,0
1976369,0.00885,0
1976327,0.003319,0
1976112,0.010432,0
1925134,0.0701,0
1976278,0.0,0
1974309,0.090038,0
1976393,0.016667,0
1976409,0.017544,0
1972369,0.03764,0
1976284,0.0,0
1976373,0.003319,0
1975657,0.03764,0
1957333,0.0701,0
1973308,0.003319,0
1976420,0.017544,0
1976429,0.036707,0
1976262,0.00885,0
1976372,0.03764,0
1976360,0.081197,0
1976124,0.081197,0
1976424,0.003319,0
1976437,0.0701,0
1976433,0.010432,0
1974441,0.016746,0
1976376,0.0701,0
1975656,0.090038,0
1971501,0.151292,0
1974159,0.081197,0
1976392,0.02214,0
1973293,0.03764,0
1975416,0.016746,0
1976447,0.02214,0
1976459,0.016667,0
1976345,0.02214,0
1970010,0.03764,0
1976460,0.010432,0
1976419,0.03764,0
1973638,0.016667,0
1614772,0.03764,0
1976454,0.071161,0
1970662,0.0701,0
1976416,0.081197,0
1976356,0.046875,0
1972465,0.081197,0
1976474,0.003937,0
1976344,0.016746,0
1975614,0.02214,0
1976074,0.017544,0
1976367,0.151292,0
1976492,0.03764,0
1973495,0.081197,0
1974408,0.003319,0
1975074,0.02214,0
1976054,0.071161,0
1970997,0.003937,0
1972751,0.016667,0
1972883,0.071161,0
1972724,0.03764,0
1975929,0.00885,0
1976462,0.010432,0
1953394,0.016746,0
1976494,0.0,0
1976478,0.03764,0
1976508,0.003319,0
1976484,0.03764,0
1974971,0.003319,0
1969673,0.015,0
1975920,0.003937,0
1972647,0.02214,0
1976526,0.071161,0
1976511,0.03764,0
1976286,0.046875,0
1976471,0.071161,0
1976490,0.016746,0
1976535,0.046875,0
1947694,0.017544,0
1976501,0.046875,0
1974976,0.016746,0
1970052,0.03764,0
1976544,0.010432,0
1976541,0.02214,0
1962121,0.00885,0
1976136,0.081197,0
1972493,0.071161,0
1976401,0.02214,0
1976103,0.151292,0
1975816,0.016667,0
1976512,0.015,0
1976476,0.03764,0
1973018,0.03764,0
1976455,0.010432,0
1975994,0.022222,0
1306050,0.016667,0
1975461,0.03764,0
1976572,0.090038,0
1976293,0.03764,0
1976517,0.003319,0
1976553,0.015,0
1976550,0.016667,0
1976522,0.081197,0
1971761,0.016667,0
1976432,0.071161,0
1976590,0.016746,0
1976561,0.016746,0
1976600,0.015,0
1976577,0.00885,0
1975539,0.00885,0
1973921,0.03764,0
1971456,0.016667,0
1972546,0.142857,0
1976498,0.015,0
1976415,0.016746,0
1976597,0.02214,0
1967810,0.03764,0
1976547,0.016667,0
1976631,0.071161,0
1976588,0.010432,0
1976579,0.081197,0
1939152,0.03764,0
1976573,0.107884,0
1976632,0.009709,0
1976164,0.03764,0
1976598,0.016667,0
1976633,0.071161,0
1976188,0.010432,0
1976375,0.02214,0
1976613,0.016667,0
1976660,0.02214,0
1966194,0.071161,0
1976574,0.016667,0
1976332,0.03764,0
1972977,0.046875,0
1976012,0.03764,0
1976642,0.003319,0
1976651,0.003319,0
1976662,0.081197,0
1974766,0.03764,0
1976618,0.017544,0
1976668,0.071161,0
1975959,0.03764,0
1976319,0.00885,0
1976568,0.081197,0
1976659,0.003937,0
1976583,0.02214,0
1976687,0.03764,0
1976548,0.003937,0
1975459,0.00885,0
1976671,0.071161,0
1965504,0.081197,0
1976265,0.071161,0
1976701,0.010432,0
1976560,0.071161,0
1973140,0.03764,0
1975443,0.017544,0
1976663,0.022222,0
1976639,0.071161,0
1976698,0.00885,0
1976675,0.016746,0
1976569,0.071161,0
1976539,0.03764,0
1976712,0.010432,0
1976719,0.010432,0
1976725,0.016667,0
1971818,0.0701,0
1976609,0.017544,0
1976483,0.151292,0
1976706,0.071161,0
1722043,0.00885,0
1976676,0.090038,0
1976738,0.02214,0
1976713,0.003319,0
1975255,0.017544,0
1976669,0.0701,0
1976513,0.016667,0
1967962,0.016746,0
1972188,0.161698,0
1976742,0.010432,0
1976721,0.016667,0
1976519,0.02214,0
1976716,0.046875,0
1976754,0.010432,0
1975318,0.00885,0
1974712,0.00885,0
1966245,0.151292,0
1720205,0.02214,0
1976751,0.010432,0
558363,0.081197,0
1976711,0.017544,0
1976643,0.017544,0
1976718,0.03764,0
1976771,0.022222,0
1974746,0.0701,0
1975469,0.016667,0
1976758,0.00885,0
1974175,0.017544,0
1976783,0.03764,0
1976726,0.03764,0
1976693,0.02214,0
1976724,0.010432,0
1920768,0.081197,0
1976776,0.00885,0
1976799,0.161698,0
1976731,0.03764,0
1976781,0.010432,0
1976734,0.010432,0
1971860,0.03764,0
1976801,0.022222,0
1976792,0.071161,0
1976181,0.015,0
1976774,0.071161,0
1976812,0.00885,0
1975116,0.010432,0
1976685,0.022222,0
1976832,0.081197,0
1971407,0.016746,0
1976820,0.081197,0
1976204,0.03764,0
1971858,0.016746,0
1976784,0.016746,0
1976619,0.010432,0
1975238,0.016746,0
1976686,0.003319,0
1976825,0.016746,0
1976847,0.02214,0
1970274,0.015,0
1976705,0.016667,0
1976828,0.090038,0
1968169,0.161698,0
1976876,0.00885,0
1976881,0.003319,0
1976806,0.03764,0
1976794,0.022222,0
1976857,0.095541,0
1974718,0.016746,0
1975668,0.071161,0
1973025,0.090038,0
1976870,0.010432,0
1972946,0.0701,0
1976491,0.03764,0
1975258,0.010432,0
1973868,0.071161,0
1976835,0.003937,0
1976932,0.090038,0
1976887,0.03764,0
1976911,0.010432,0
1976967,0.0701,0
1976933,0.015,0
1976936,0.016746,0
1976924,0.199067,0
1971933,0.03764,0
1976874,0.010432,0
1976954,0.0701,0
1974728,0.0701,0
1975220,0.010432,0
1976816,0.03764,0
1972042,0.151292,0
1976989,0.015,0
1976974,0.016667,0
1976937,0.003319,0
1975719,0.0701,0
1974764,0.03764,0
1965069,0.107884,0
1976996,0.003319,0
1898402,0.010432,0
1976005,0.003937,0
1976947,0.071161,0
1972626,0.071161,0
1969462,0.03764,0
1973351,0.010432,0
1976944,0.071161,0
1974874,0.03764,0
1973061,0.151292,0
1975221,0.0701,0
1976439,0.003319,0
1975640,0.016746,0
1976235,0.010432,0
1976080,0.0701,0
1972960,0.00885,0
1975012,0.0701,0
1964618,0.016746,0
1806273,0.015,0
1976271,0.03764,0
1976987,0.009709,0
1976592,0.0701,0
1974166,0.046875,0
1976630,0.046155,0
1975362,0.03764,0
1976923,0.010432,0
1971483,0.03764,0
1971488,0.071161,0
1975643,0.095541,0
1974758,0.0701,0
1976428,0.016746,0
1976554,0.003319,0
1975916,0.003319,0
1240845,0.016746,0
1976915,0.003319,0
1975088,0.015,0
1967057,0.03764,0
1972236,0.03764,0
1975766,0.03764,0
1976140,0.003319,0
1951961,0.03764,0
1946705,0.016746,0
1976957,0.03764,0
1976968,0.016667,0
1974818,0.081197,0
1976981,0.071161,0
1976921,0.0701,0
1976791,0.071161,0
1972143,0.254217,0
1976963,0.016746,0
1972648,0.016667,0
1976955,0.016746,0
1977000,0.03764,0
1975526,0.03764,0
1977008,0.03764,0
1977031,0.03764,0
1976976,0.017544,0
1977046,0.090038,0
1977039,0.071161,0
1975792,0.090038,0
1976795,0.03764,0
1976894,0.016746,0
855095,0.071161,0
1956403,0.03764,0
1976040,0.081197,0
1977051,0.010432,0
1977040,0.00885,0
694131,0.015,0
1973953,0.151292,0
1977052,0.003319,0
1977081,0.081197,0
1974227,0.03764,0
1976381,0.071161,0
1970814,0.0,0
1976966,0.03764,0
854043,0.015,0
1977076,0.151292,0
1933541,0.010432,0
1977098,0.03764,0
1977061,0.090038,0
1976945,0.0701,0
1966225,0.081197,0
1976975,0.010432,0
1965969,0.00885,0
1976267,0.0701,0
1965725,0.0701,0
1977097,0.0701,0
1974798,0.03764,0
1965675,0.081197,0
1976736,0.046875,0
1977043,0.0701,0
1977111,0.010432,0
1974614,0.003319,0
1977092,0.022222,0
1976901,0.199593,0
1977134,0.022222,0
1977118,0.00885,0
1977128,0.009709,0
1975617,0.003319,0
1975763,0.095541,0
1977131,0.003319,0
1976807,0.071161,0
1977033,0.081197,0
1976599,0.0701,0
1977148,0.016667,0
1974860,0.03764,0
1977056,0.015,0
1977129,0.081197,0
1976469,0.071161,0
1974781,0.010432,0
1977160,0.071161,0
1969555,0.071161,0
1977180,0.03764,0
1977149,0.003319,0
1976463,0.199067,0
1977200,0.016667,0
1977170,0.03764,0
1581751,0.161698,0
1977139,0.016746,0
1977195,0.03764,0
1977197,0.151292,0
1977116,0.0701,0
1974185,0.151292,0
1977219,0.02214,0
1977171,0.010432,0
1971717,0.02214,0
1976440,0.00885,0
1977184,0.03764,0
1975290,0.03764,0
1976100,0.071161,0
1976506,0.03764,0
1976994,0.071161,0
1976908,0.003319,0
1976320,0.017544,0
1973662,0.016667,0
1976025,0.03764,0
1974737,0.003937,0
1975735,0.017544,0
1974825,0.010432,0
1977049,0.03764,0
1974102,0.017544,0
1974453,0.03764,0
1976740,0.010432,0
1976798,0.010432,0
1974559,0.03764,0
1973497,0.03764,0
1977225,0.0701,0
1977238,0.08,0
1972670,0.02214,0
1976958,0.003319,0
1976458,0.0701,0
1977230,0.071161,0
1763445,0.00885,0
1976603,0.071161,0
1972534,0.02214,0
1977181,0.03764,0
1977254,0.016746,0
1977014,0.081197,0
1977229,0.03764,0
1977057,0.016667,0
1977248,0.02214,0
1977165,0.003937,0
1972835,0.046875,0
1977257,0.21875,0
1977273,0.010432,0
1944604,0.016746,0
1951621,0.0701,0
1966167,0.081197,0
1977287,0.071161,0
1977264,0.03764,0
1776344,0.071161,0
1971434,0.071161,0
1976666,0.03764,0
1976128,0.071161,0
1970944,0.071161,0
1977268,0.046875,0
1977189,0.03764,0
1974586,0.046875,0
1977187,0.010432,0
1977218,0.03764,0
1977290,0.003319,0
1974716,0.003319,0
1938101,0.0701,0
1972621,0.161698,0
1956314,0.090038,0
1973225,0.046875,0
1977054,0.071161,0
1974220,0.081197,0
1975394,0.016746,0
1977308,0.046875,0
1973261,0.03764,0
1971710,0.010432,0
1976166,0.071161,0
1977298,0.022222,0
1975037,0.02214,0
1977239,0.02214,0
1977322,0.016746,0
1977321,0.010432,0
1977327,0.00885,0
1973739,0.03764,0
1976496,0.0701,0
1977301,0.02214,0
1977244,0.003319,0
1977267,0.003319,0
1977053,0.003937,0
1976101,0.071161,0
1977335,0.017544,0
1972921,0.0701,0
1977270,0.010432,0
1973779,0.03764,0
1974177,0.081197,0
1977360,0.03764,0
1975743,0.03764,0
1976762,0.003319,0
1977106,0.009709,0
1976530,0.03764,0
1964758,0.0701,0
1976379,0.010432,0
1972578,0.016746,0
1977231,0.03764,0
1977203,0.03764,0
1977325,0.0701,0
1977351,0.003319,0
1977362,0.009709,0
1977390,0.016746,0
1975556,0.031313,0
1977365,0.03764,0
1975201,0.03764,0
1977376,0.0701,0
1977348,0.03764,0
1976109,0.03764,0
1977347,0.022222,0
1977078,0.010432,0
1977356,0.010432,0
1977252,0.03764,0
1976836,0.016667,0
1977392,0.016667,0
1977406,0.016667,0
1977370,0.003319,0
1976752,0.046875,0
1977409,0.151292,0
1975341,0.21875,0
1967842,0.016746,0
1968282,0.015,0
1976406,0.0701,0
1971150,0.046875,0
1977242,0.003319,0
1977087,0.03764,0
1977015,0.016667,0
1972549,0.0701,0
1977028,0.010432,0
1977164,0.010432,0
1973702,0.03764,0
1973597,0.022222,0
1974224,0.010432,0
1976405,0.016746,0
1977415,0.03764,0
1977003,0.03764,0
1974202,0.017544,0
1977359,0.016746,0
1977442,0.03764,0
1977434,0.161698,0
1977369,0.010432,0
1976108,0.015,0
1977363,0.00885,0
1977459,0.161698,0
1974496,0.03764,0
1977396,0.009709,0
1977418,0.016667,0
1977464,0.016667,0
1977438,0.010432,0
1973074,0.071161,0
1975092,0.0701,0
1976310,0.081197,0
1972716,0.016667,0
1977469,0.02214,0
1972669,0.017544,0
1976246,0.022222,0
1977497,0.016746,0
1977484,0.0,0
1974569,0.046875,0
1977481,0.010432,0
1977492,0.00885,0
1977305,0.017544,0
1973563,0.003937,0
1977498,0.016667,0
1973372,0.107884,0
1977477,0.081197,0
1977514,0.02214,0
1973545,0.071161,0
1977501,0.003319,0
1977474,0.003319,0
1977518,0.0701,0
1971018,0.071161,0
1977531,0.02214,0
1975808,0.081197,0
1977538,0.010432,0
1977493,0.010432,0
1977368,0.003319,0
1899238,0.010432,0
1965828,0.071161,0
1976753,0.016667,0
1977553,0.022222,0
1977546,0.02214,0
1960885,0.151292,0
1977545,0.071161,0
1973496,0.0701,0
1977382,0.081197,0
1977505,0.071161,0
1977554,0.046875,0
1974670,0.016667,0
1977585,0.081197,0
1977579,0.016746,0
1973693,0.03764,0
1976683,0.015,0
1951064,0.071161,0
1977320,0.046875,0
980484,0.0701,0
1977591,0.071161,0
1972664,0.02214,0
1977595,0.03764,0
1977185,0.016667,0
1977584,0.071161,0
1976627,0.015,0
1977589,0.010432,0
1977571,0.016667,0
1977603,0.151292,0
1973350,0.071161,0
1977621,0.016746,0
1977282,0.00885,0
1974783,0.03764,0
1975506,0.016746,0
1977452,0.015,0
1977012,0.151292,0
1973543,0.03764,0
1977281,0.016746,0
1976422,0.03764,0
1976089,0.003319,0
1976602,0.016746,0
1953475,0.015,0
1977311,0.016746,0
1971173,0.081197,0
1966075,0.015,0
1974493,0.00885,0
1973850,0.02214,0
1972185,0.016746,0
1977632,0.010432,0
1977540,0.0701,0
1977271,0.03764,0
1976860,0.081197,0
1977634,0.03764,0
1977614,0.0701,0
1977630,0.03764,0
1977120,0.016667,0
1977565,0.03764,0
1977560,0.071161,0
1977600,0.003319,0
1977590,0.03764,0
1977650,0.046875,0
1943970,0.081197,0
1977413,0.003319,0
1972776,0.071161,0
1977660,0.0,0
1972749,0.151292,0
1977667,0.016667,0
1976305,0.03764,0
1894046,0.02214,0
1977289,0.03764,0
1977422,0.03764,0
1976051,0.081197,0
1976222,0.03764,0
1974943,0.095541,0
1970234,0.016746,0
1977192,0.016667,0
1977624,0.02214,0
1977670,0.02214,0
1973776,0.0701,0
1975962,0.003319,0
1977038,0.071161,0
1977666,0.081197,0
1974219,0.016667,0
1977692,0.00885,0
1977539,0.010432,0
1972655,0.0701,0
1977050,0.03764,0
1976129,0.03764,0
1977686,0.03764,0
1977558,0.016746,0
1977551,0.03764,0
1976745,0.03764,0
1977718,0.010432,0
1972427,0.016746,0
1977709,0.090038,0
1967911,0.03764,0
1977668,0.151292,0
1977704,0.003937,0
1977734,0.03764,0
1977724,0.151292,0
1977741,0.03764,0
1977778,0.010432,0
1975455,0.00885,0
1977725,0.00885,0
1977760,0.010432,0
1977774,0.003937,0
1977751,0.03764,0
1977763,0.016667,0
1977756,0.02214,0
1977875,0.095541,0
1977916,0.081197,0
1977810,0.081197,0
1977867,0.016746,0
1977781,0.071161,0
1977812,0.022222,0
1977783,0.107884,0
1977927,0.03764,0
1978029,0.090038,0
1978063,0.010432,0
1977815,0.016746,0
1977955,0.016746,0
1977894,0.016746,0
1977878,0.081197,0
1977856,0.015,0
1977768,0.017544,0
1978148,0.010432,0
1977886,0.02214,0
1977837,0.081197,0
1977543,0.03764,0
1977829,0.03764,0
1977809,0.0701,0
1978102,0.046875,0
1977755,0.003319,0
1977775,0.151292,0
1977861,0.046875,0
1977761,0.03764,0
1978072,0.081197,0
1977762,0.003937,0
1978071,0.03764,0
1977888,0.03764,0
1978089,0.016667,0
1977807,0.003937,0
1977808,0.010432,0
1977987,0.03764,0
1977906,0.081197,0
1978030,0.003319,0
1977931,0.017544,0
1977769,0.03764,0
1977805,0.071161,0
1978065,0.00885,0
1977766,0.016667,0
1978182,0.0701,0
1977744,0.071161,0
1978017,0.071161,0
1977845,0.03764,0
1978093,0.090038,0
1978081,0.010432,0
1977785,0.010432,0
1977935,0.02214,0
1977828,0.03764,0
1977974,0.016746,0
1977885,0.03764,0
1977821,0.010432,0
1977985,0.003319,0
1977908,0.161698,0
1977844,0.071161,0
1977813,0.009709,0
1977870,0.071161,0
1978126,0.081197,0
1978216,0.00885,0
1977851,0.010432,0
1977992,0.071161,0
1977991,0.03764,0
1978045,0.016746,0
1977881,0.161698,0
1978200,0.00885,0
1977795,0.03764,0
1978064,0.016667,0
1977923,0.081197,0
1978001,0.071161,0
1978243,0.071161,0
1977915,0.003937,0
1978155,0.010432,0
1977900,0.081197,0
1977950,0.02214,0
1134431,0.009709,0
1978018,0.017544,0
1978203,0.016667,0
1978040,0.090038,0
1977868,0.03764,0
1977839,0.081197,0
1978020,0.090038,0
1978049,0.02214,0
1978186,0.046875,0
1977824,0.010432,0
1977820,0.0701,0
1977956,0.010432,0
1977879,0.009709,0
1977948,0.009709,0
1977838,0.016746,0
1978139,0.010432,0
1978003,0.081197,0
1973703,0.071161,0
1978122,0.00885,0
1978268,0.016746,0
1977739,0.151292,0
1978066,0.0701,0
1978033,0.081197,0
1978192,0.03764,0
1977847,0.016667,0
1977989,0.03764,0
1978117,0.090038,0
1978080,0.03764,0
1977938,0.071161,0
1978167,0.071161,0
1978257,0.03764,0
1977427,0.0701,0
1978223,0.03764,0
1977905,0.003937,0
1978300,0.090038,0
1977939,0.017544,0
1978183,0.071161,0
1978121,0.016746,0
1977826,0.161698,0
1978251,0.016746,0
1977976,0.03764,0
1977983,0.017544,0
1978010,0.016746,0
1977799,0.03764,0
1977864,0.071161,0
1978096,0.046875,0
1978077,0.017544,0
1977776,0.015,0
1978289,0.03764,0
1685941,0.015,0
1977786,0.03764,0
1978238,0.046875,0
1977971,0.010432,0
1978242,0.02214,0
1977903,0.03764,0
1977887,0.071161,0
1977949,0.081197,0
1978171,0.071161,0
1978207,0.016746,0
1977814,0.017544,0
1977963,0.016746,0
1978248,0.010432,0
1978227,0.090038,0
1977862,0.03764,0
1978042,0.003937,0
1978260,0.151292,0
1947855,0.015,0
1978316,0.010432,0
1978177,0.03764,0
1978371,0.003937,0
1978110,0.02214,0
1977747,0.00885,0
1978067,0.016746,0
1978341,0.03764,0
1978025,0.016667,0
1977907,0.03764,0
1978087,0.03764,0
1978237,0.081197,0
1978312,0.071161,0
1978174,0.015,0
1977806,0.02214,0
1978256,0.00885,0
1977951,0.022222,0
1978327,0.081197,0
1978044,0.016667,0
1978221,0.071161,0
1978222,0.090038,0
1977836,0.010432,0
1977986,0.0701,0
1978002,0.0701,0
1978109,0.02214,0
1978430,0.003319,0
1978036,0.081197,0
1978106,0.010432,0
1978039,0.017544,0
1978156,0.046875,0
1978303,0.00885,0
1978305,0.161698,0
1978440,0.03764,0
1978485,0.010432,0
1978334,0.016667,0
1977840,0.090038,0
1978170,0.107884,0
1976114,0.016667,0
1978328,0.015,0
1978247,0.046875,0
1978154,0.016746,0
1973955,0.0701,0
1978297,0.081197,0
1978218,0.03764,0
1978263,0.02214,0
1978118,0.081197,0
1978565,0.010432,0
1978069,0.010432,0
1978060,0.010432,0
1978125,0.010432,0
1978208,0.022222,0
1977740,0.015,0
1977759,0.016746,0
1978011,0.03764,0
1978204,0.03764,0
1978456,0.02214,0
1978434,0.017544,0
1978271,0.071161,0
1978474,0.071161,0
1978307,0.0701,0
1978387,0.010432,0
1978092,0.022222,0
1978373,0.010432,0
1978590,0.003937,0
1978255,0.003319,0
1978058,0.081197,0
1978132,0.03764,0
1978484,0.03764,0
1978267,0.00885,0
1978048,0.03764,0
1978038,0.03764,0
1978431,0.071161,0
1978504,0.0701,0
1978317,0.02214,0
1978611,0.022222,0
1978294,0.016746,0
1978084,0.0701,0
1978264,0.071161,0
1977804,0.090038,0
1978503,0.0701,0
1978462,0.095541,0
1978594,0.03764,0
1978233,0.090038,0
1977921,0.016746,0
1978054,0.016667,0
1978055,0.071161,0
1977899,0.071161,0
1978052,0.016667,0
1978245,0.0701,0
1978517,0.016746,0
1978535,0.071161,0
1978099,0.003319,0
1978418,0.016746,0
1978421,0.016667,0
1978225,0.016667,0
1978457,0.03764,0
1976159,0.071161,0
1978313,0.00885,0
1978368,0.071161,0
1978632,0.199067,0
1977917,0.071161,0
1978542,0.016746,0
1978637,0.003319,0
1978528,0.017544,0
1978283,0.03764,0
1978379,0.016667,0
1978024,0.046875,0
1977853,0.015,0
1977920,0.161698,0
1978034,0.016746,0
1976324,0.071161,0
1978378,0.0701,0
1978571,0.199067,0
1978498,0.02214,0
1978198,0.02214,0
1978502,0.071161,0
1978443,0.0701,0
1978413,0.090038,0
1974238,0.0701,0
1978441,0.03764,0
1978321,0.003937,0
1972789,0.03764,0
1978239,0.003319,0
1978432,0.081197,0
1978545,0.071161,0
1978043,0.199067,0
1978119,0.071161,0
1977943,0.016746,0
1978229,0.0701,0
1978453,0.081197,0
1977893,0.010432,0
1978452,0.00885,0
1978159,0.071429,0
1978472,0.0701,0
1978164,0.03764,0
1978290,0.0701,0
1978650,0.161698,0
1978460,0.010432,0
1978389,0.022222,0
1978627,0.010432,0
1978147,0.03764,0
1978046,0.090038,0
1978347,0.03764,0
1978343,0.03764,0
1978581,0.081197,0
1978626,0.071161,0
1978136,0.071161,0
1978423,0.010432,0
1978623,0.161698,0
1978335,0.016746,0
1977816,0.0701,0
1978108,0.00885,0
1973472,0.015,0
1972993,0.199067,0
1978330,0.017544,0
1978449,0.016667,0
1978173,0.010432,0
1975736,0.010432,0
1978671,0.02214,0
1978652,0.010432,0
1978083,0.015,0
1973723,0.016746,0
1977412,0.02214,0
1977735,0.071161,0
1978551,0.081197,0
1978385,0.107884,0
1978359,0.015,0
1977613,0.022222,0
1978633,0.15493,0
1978041,0.071161,0
1978674,0.03764,0
1978506,0.016746,0
1976426,0.010432,0
1973290,0.03764,0
1978694,0.003319,0
1978673,0.017544,0
1978465,0.071161,0
1978628,0.046875,0
1969921,0.015,0
1978288,0.03764,0
1977566,0.00885,0
1977933,0.015,0
1976211,0.016746,0
1978438,0.03764,0
1973665,0.161698,0
1978187,0.161698,0
1978580,0.016667,0
1978369,0.03764,0
1977788,0.090038,0
1978682,0.016667,0
1978455,0.071161,0
1978698,0.010432,0
1978486,0.016746,0
1978477,0.081197,0
1978533,0.010432,0
1978419,0.010432,0
1978697,0.016746,0
1978609,0.0701,0
1978713,0.03764,0
1978429,0.0701,0
1978442,0.02214,0
1978356,0.010432,0
1978635,0.010432,0
1978478,0.03764,0
1978274,0.095541,0
1978676,0.0701,0
1977997,0.090038,0
1978408,0.0701,0
1978094,0.15493,0
1978492,0.0701,0
1978615,0.03764,0
1978399,0.081197,0
1978521,0.03764,0
1978743,0.090038,0
1978153,0.107884,0
1978510,0.016746,0
1978234,0.0701,0
1978232,0.03764,0
1977146,0.03764,0
1978691,0.081197,0
1945997,0.02214,0
1978180,0.0701,0
1977914,0.0701,0
1978428,0.161698,0
1978372,0.081197,0
1842326,0.081197,0
1978791,0.010432,0
1978765,0.090038,0
1978772,0.02214,0
1977925,0.081197,0
1978680,0.016746,0
1976853,0.010432,0
1977737,0.022222,0
1978728,0.03764,0
1978600,0.016746,0
1977869,0.016746,0
1978754,0.095541,0
1978668,0.090038,0
1978624,0.03764,0
1978027,0.017544,0
1978792,0.010432,0
1969026,0.090038,0
1978240,0.016667,0
1975372,0.03764,0
1949946,0.071161,0
1978086,0.02214,0
1978815,0.046875,0
1978734,0.016746,0
1978622,0.071161,0
1978746,0.003319,0
1978730,0.017544,0
1978166,0.016746,0
1978801,0.071161,0
1978386,0.03764,0
1978768,0.02214,0
1978302,0.016746,0
1978789,0.046875,0
1978364,0.161698,0
1975560,0.071161,0
1977445,0.03764,0
1978827,0.03764,0
1978219,0.0701,0
711945,0.016746,0
1978659,0.03764,0
1975442,0.0,0
1978531,0.03764,0
1978384,0.03764,0
1978857,0.03764,0
1978620,0.081197,0
1978829,0.003319,0
1977970,0.046875,0
1978292,0.010432,0
1974834,0.016746,0
562709,0.010432,0
1978781,0.0701,0
1973079,0.009709,0
1978853,0.003319,0
1978820,0.03764,0
1975254,0.016667,0
1978723,0.02214,0
1978837,0.03764,0
1971740,0.03764,0
1978822,0.02214,0
1977672,0.003319,0
1978700,0.010432,0
1978745,0.003319,0
1977013,0.010432,0
1977843,0.0701,0
1977201,0.081197,0
1978568,0.016746,0
1978903,0.03764,0
1977977,0.010432,0
1975914,0.161698,0
1978749,0.016667,0
1978917,0.081197,0
1978873,0.016667,0
1978866,0.090038,0
1976993,0.03764,0
1977954,0.03764,0
1978835,0.090038,0
1978859,0.010432,0
1782409,0.016746,0
1974034,0.03764,0
1966915,0.071161,0
1978436,0.010432,0
1978855,0.003937,0
1973894,0.15493,0
1978161,0.0701,0
1977865,0.199593,0
1965901,0.0701,0
1978889,0.03764,0
1978921,0.071161,0
1978913,0.03764,0
1978774,0.016746,0
1737760,0.010432,0
1978939,0.016667,0
1978013,0.010432,0
1978613,0.016746,0
1965833,0.081197,0
1977913,0.02214,0
1978748,0.016746,0
1978949,0.071161,0
1978916,0.0701,0
1978407,0.017544,0
1978929,0.003319,0
1978529,0.095541,0
1978935,0.010432,0
1974082,0.0701,0
1974549,0.08,0
1978942,0.02214,0
1977437,0.0701,0
1978890,0.016746,0
1975034,0.010432,0
1974368,0.03764,0
1978914,0.016667,0
1978887,0.090038,0
1978936,0.071161,0
1977500,0.03764,0
1974993,0.071161,0
1978450,0.0701,0
1978319,0.022222,0
1978952,0.00885,0
1978892,0.009709,0
1977468,0.02214,0
1978988,0.046875,0
1978964,0.015,0
1978907,0.03764,0
1978596,0.016746,0
1978966,0.010432,0
1978924,0.161698,0
1978960,0.003319,0
1977966,0.010432,0
1975645,0.03764,0
1978403,0.151292,0
1978755,0.03764,0
1978980,0.010432,0
1978028,0.022222,0
1973841,0.0701,0
1978669,0.107884,0
1978900,0.016667,0
1978948,0.017544,0
1978133,0.016746,0
1978078,0.017544,0
1536687,0.015,0
1978800,0.016746,0
1978897,0.03764,0
1978996,0.003319,0
1978831,0.151292,0
1978847,0.009709,0
1970572,0.151292,0
1979035,0.095541,0
1979034,0.016746,0
1972708,0.016667,0
1978961,0.016746,0
1978707,0.071161,0
1900776,0.003319,0
1979045,0.016746,0
1972568,0.03764,0
1979063,0.199067,0
1978967,0.090038,0
1979080,0.022222,0
1978982,0.009709,0
1978992,0.010432,0
1978570,0.003319,0
1978586,0.0,0
1978750,0.016746,0
1978677,0.016746,0
1978990,0.003319,0
1978974,0.017544,0
1977665,0.03764,0
1979003,0.016746,0
1978716,0.071161,0
1978904,0.081197,0
1979071,0.046875,0
1979074,0.003937,0
1979096,0.016746,0
1971420,0.00885,0
1978116,0.08,0
1978539,0.03764,0
1979059,0.003937,0
1977910,0.071161,0
1978520,0.016667,0
1979128,0.03764,0
1978710,0.00885,0
1979135,0.016746,0
1979146,0.03764,0
1974690,0.046875,0
1977980,0.009709,0
1979107,0.03764,0
1977780,0.03764,0
1978057,0.003937,0
1977981,0.071161,0
1978358,0.081197,0
1977771,0.016746,0
1979110,0.00885,0
1978176,0.03764,0
1979147,0.02214,0
1978114,0.010432,0
1979155,0.016746,0
1978999,0.03764,0
1978113,0.081197,0
1978111,0.009709,0
1977849,0.017544,0
1978140,0.03764,0
1978585,0.016746,0
1978146,0.0701,0
1978404,0.03764,0
1978845,0.071161,0
1977794,0.03764,0
1979137,0.016667,0
1978721,0.0701,0
1977877,0.003319,0
1979018,0.03764,0
1977932,0.0701,0
1978272,0.016746,0
1978323,0.016746,0
1978382,0.090038,0
1978258,0.03764,0
1978665,0.003319,0
1978201,0.016746,0
1979094,0.003319,0
1978810,0.081197,0
1977764,0.081197,0
1977942,0.03764,0
1977872,0.016667,0
1977860,0.03764,0
1978337,0.071161,0
1977902,0.03764,0
1978144,0.151292,0
1978329,0.03764,0
1979151,0.010432,0
1979148,0.046875,0
1979134,0.081197,0
1978558,0.02214,0
1979130,0.03764,0
1978993,0.071161,0
1978483,0.0701,0
1979175,0.016667,0
1978199,0.161698,0
1978986,0.071161,0
1979204,0.016746,0
1979117,0.071161,0
1978304,0.0701,0
1978767,0.03764,0
1979208,0.0,0
1979256,0.142857,0
1977373,0.003319,0
1971094,0.046875,0
1979189,0.010432,0
1971414,0.199067,0
1817890,0.016746,0
1978476,0.151292,0
1969872,0.03764,0
1978437,0.016746,0
1979222,0.081197,0
1973713,0.071161,0
1979150,0.081197,0
1979239,0.016746,0
1978687,0.00885,0
1979263,0.0,0
1978391,0.071161,0
1979289,0.0701,0
1979305,0.022222,0
1977586,0.010432,0
1979237,0.0701,0
1978648,0.016746,0
1979037,0.0701,0
1976173,0.010432,0
1979118,0.010432,0
1979209,0.090038,0
1979214,0.010432,0
1979121,0.015,0
1965844,0.03764,0
1979167,0.151292,0
1979288,0.003319,0
1974388,0.009709,0
1972912,0.022222,0
1971123,0.03764,0
1773537,0.0701,0
1979255,0.046875,0
1978752,0.003937,0
1979199,0.081197,0
1975807,0.016746,0
1979087,0.003319,0
1972342,0.003319,0
1979192,0.015,0
1972800,0.010432,0
1979215,0.090038,0
1976150,0.017544,0
1979341,0.010432,0
1979336,0.071161,0
1978742,0.016667,0
1978035,0.0701,0
1979334,0.03764,0
1979356,0.010432,0
1459687,0.071161,0
1979144,0.017544,0
1979296,0.090038,0
1979358,0.161698,0
1979338,0.0701,0
1974016,0.071161,0
1979371,0.017544,0
1646400,0.010432,0
1978776,0.03764,0
1979406,0.016667,0
1978224,0.03764,0
1978655,0.017544,0
1979422,0.015,0
1978825,0.071161,0
1979317,0.016746,0
678122,0.016746,0
1979378,0.071161,0
1976620,0.03764,0
1979404,0.095541,0
1979437,0.03764,0
1972401,0.003937,0
1974299,0.003937,0
1979391,0.016667,0
1979252,0.03764,0
1979421,0.03764,0
1979281,0.015,0
1979072,0.0,0
1979424,0.02214,0
1976893,0.00885,0
1971744,0.03764,0
1977284,0.0701,0
1977089,0.071161,0
1979419,0.015,0
1979271,0.0,0
1979447,0.010432,0
1979025,0.022222,0
1979418,0.015,0
1978861,0.071161,0
1976905,0.010432,0
1979486,0.010432,0
1979161,0.02214,0
1979460,0.010432,0
1978736,0.015,0
1978351,0.015,0
1979171,0.016746,0
1972043,0.016746,0
1963290,0.03764,0
1979463,0.081197,0
1973086,0.03764,0
1979440,0.016667,0
1979325,0.017544,0
1979191,0.009709,0
1977607,0.016667,0
1973314,0.151292,0
1977911,0.071161,0
1976027,0.00885,0
1979243,0.017544,0
1978617,0.016667,0
1978661,0.016667,0
1978299,0.081197,0
1972898,0.003937,0
1938841,0.016746,0
1977680,0.016667,0
1974280,0.010432,0
1978883,0.00885,0
1974767,0.00885,0
1979038,0.02214,0
1979015,0.03764,0
1978439,0.03764,0
1979079,0.016746,0
1978451,0.016746,0
1973664,0.010432,0
1979510,0.199067,0
1978862,0.03764,0
1978970,0.03764,0
1978951,0.003319,0
1978388,0.03764,0
1974039,0.017544,0
1975064,0.022222,0
1971005,0.071161,0
1978019,0.151292,0
1979481,0.016746,0
1979008,0.016746,0
1978006,0.022222,0
1979254,0.00885,0
1974784,0.0,0
1971660,0.016746,0
1979476,0.022222,0
1979538,0.161698,0
1979543,0.010432,0
1901089,0.016667,0
1978339,0.016746,0
1977819,0.199067,0
1979524,0.016746,0
1976859,0.03764,0
1973288,0.03764,0
1979561,0.010432,0
1979574,0.03764,0
1971658,0.016667,0
1979484,0.016746,0
1979537,0.071161,0
1979532,0.010432,0
1979544,0.003319,0
1979536,0.151292,0
1976048,0.071161,0
1979571,0.010432,0
1979428,0.03764,0
1979528,0.016746,0
1979572,0.046875,0
1979468,0.016667,0
1979525,0.03764,0
1979556,0.081197,0
1979588,0.010432,0
1977823,0.0701,0
1963403,0.0701,0
1973834,0.071161,0
1979570,0.03764,0
1976714,0.010432,0
1979602,0.199067,0
1969765,0.0701,0
1979596,0.003319,0
1979605,0.016667,0
1979600,0.0701,0
1979611,0.090038,0
1979569,0.016746,0
1974215,0.016667,0
1974173,0.0701,0
1979617,0.00885,0
1979597,0.003319,0
1979609,0.090038,0
1977276,0.071161,0
1978969,0.016746,0
1979513,0.017544,0
1977162,0.016667,0
1972296,0.081197,0
1979630,0.016746,0
1979582,0.017544,0
1979650,0.046875,0
1977096,0.010432,0
1978244,0.071161,0
1979156,0.0701,0
1979212,0.071429,0
1979259,0.03764,0
1973090,0.022222,0
1979321,0.016667,0
1979639,0.151292,0
1977047,0.151292,0
1942168,0.03764,0
1976499,0.010432,0
1977023,0.0701,0
1979676,0.015,0
1978493,0.03764,0
1979109,0.016667,0
1979185,0.0701,0
1971147,0.03764,0
1974747,0.03764,0
1977784,0.016667,0
1976298,0.03764,0
1973900,0.016746,0
1979684,0.03764,0
1979099,0.016667,0
1975472,0.03764,0
1979690,0.00885,0
1971891,0.02214,0
1888248,0.0701,0
1979708,0.010432,0
1979705,0.071161,0
1979651,0.022222,0
1979696,0.02214,0
1979712,0.046875,0
1979716,0.0701,0
1979464,0.071161,0
1978719,0.071161,0
1741421,0.161698,0
1979732,0.02214,0
1972139,0.046875,0
1979740,0.010432,0
1979741,0.003937,0
1976763,0.016746,0
1979757,0.071161,0
1979758,0.015,0
1974750,0.071161,0
1979760,0.071161,0
1977156,0.107884,0
1979773,0.071161,0
1974775,0.00885,0
1979778,0.015,0
1973630,0.071161,0
1979790,0.016667,0
1979793,0.016746,0
1979803,0.00885,0
1979697,0.010432,0
1975938,0.02214,0
1979797,0.010432,0
1973880,0.003319,0
1978908,0.016667,0
1979806,0.010432,0
1979788,0.010432,0
1978885,0.02214,0
1979812,0.03764,0
1979810,0.010432,0
1979780,0.02214,0
1978729,0.016667,0
1952080,0.046875,0
1724968,0.03764,0
1979836,0.003319,0
1977576,0.03764,0
1977859,0.081197,0
1972304,0.199067,0
1972398,0.015,0
1973184,0.016746,0
1974449,0.016746,0
1978380,0.0701,0
1979807,0.02214,0
1966293,0.03764,0
1977904,0.017544,0
1972616,0.015,0
1979867,0.0701,0
1975118,0.071161,0
1979786,0.017544,0
1979743,0.02214,0
1973252,0.0701,0
1975905,0.03764,0
1979849,0.071161,0
1973969,0.071161,0
1979888,0.010432,0
1979883,0.046875,0
1978424,0.03764,0
1976653,0.003319,0
1979848,0.071161,0
1976644,0.010432,0
1977530,0.003319,0
1977803,0.161698,0
1972908,0.016746,0
1978509,0.071161,0
1979904,0.071161,0
1979906,0.0701,0
1978074,0.090038,0
1979913,0.010432,0
1979919,0.0,0
1965559,0.03764,0
1978158,0.016667,0
1977827,0.010432,0
1975789,0.003319,0
1977707,0.010432,0
1979228,0.03764,0
1979954,0.016746,0
1973790,0.071161,0
1973362,0.081197,0
1972167,0.046875,0
1979958,0.016746,0
1979950,0.016667,0
1973816,0.151292,0
1979938,0.010432,0
1980017,0.071161,0
1979990,0.0701,0
1977846,0.081197,0
1977058,0.016746,0
1973212,0.010432,0
1980041,0.003937,0
1979694,0.071161,0
1974608,0.199067,0
1979903,0.161698,0
1980062,0.0701,0
1980045,0.017544,0
1978311,0.071161,0
1980068,0.003319,0
1980082,0.015,0
1980075,0.151292,0
1975548,0.0701,0
1980102,0.016667,0
1980001,0.003319,0
1975818,0.016667,0
1980122,0.010432,0
1980016,0.03764,0
1980137,0.003937,0
688740,0.0701,0
1977237,0.003319,0
1980029,0.015,0
1971296,0.090038,0
1979915,0.03764,0
1979491,0.081197,0
1980184,0.016746,0
1968568,0.003319,0
1977433,0.03764,0
1961917,0.107884,0
1976249,0.00885,0
1980191,0.003319,0
1974439,0.071161,0
1979846,0.046875,0
1974650,0.02214,0
1973719,0.003319,0
1978210,0.095541,0
1974827,0.071161,0
1949263,0.071161,0
1980011,0.107884,0
1979176,0.0701,0
1980223,0.016746,0
1980225,0.071161,0
1944438,0.03764,0
1980085,0.0701,0
1980144,0.017544,0
1980222,0.016746,0
1980230,0.03764,0
1978306,0.022222,0
1972323,0.090038,0
1976248,0.016746,0
1980251,0.095541,0
1980260,0.003319,0
1980264,0.016667,0
1972261,0.08,0
1980141,0.0701,0
1970589,0.010432,0
1976085,0.015,0
1957838,0.199067,0
1980268,0.016746,0
1980247,0.015,0
1976813,0.071161,0
1975042,0.03764,0
1980259,0.03764,0
1979102,0.0701,0
1972948,0.081197,0
1980295,0.02214,0
1980302,0.003319,0
1980238,0.0701,0
1980312,0.071161,0
1980175,0.010432,0
1980311,0.003937,0
1980308,0.010432,0
1980284,0.016746,0
1974846,0.02214,0
1980305,0.0,0
1976451,0.161698,0
1980338,0.081197,0
1979813,0.00885,0
1974907,0.00885,0
1979417,0.071161,0
1973083,0.02214,0
1980304,0.0701,0
1974154,0.090038,0
1980044,0.03764,0
1978480,0.042671,0
1977678,0.003319,0
1980317,0.03764,0
1970620,0.010432,0
1976567,0.090038,0
1980372,0.016746,0
1974938,0.0701,0
1980332,0.009709,0
1980392,0.0701,0
1973088,0.00885,0
1980289,0.016746,0
1974210,0.022222,0
1980375,0.03764,0
1980409,0.003319,0
1980327,0.03764,0
1980391,0.0701,0
1979642,0.009709,0
1980404,0.03764,0
1975535,0.010432,0
1980410,0.0701,0
1974145,0.071161,0
1980412,0.016667,0
1980297,0.03764,0
1973648,0.03764,0
1980383,0.03764,0
1980104,0.003937,0
1933584,0.03764,0
1980342,0.022222,0
1980430,0.010432,0
1980369,0.016667,0
1980276,0.03764,0
1976770,0.071161,0
1974379,0.010432,0
1980399,0.016746,0
1980433,0.016746,0
1951471,0.003319,0
1978185,0.03764,0
1977779,0.161698,0
1974341,0.03764,0
1977729,0.095541,0
1978647,0.015,0
1975584,0.046875,0
1979643,0.016667,0
1973579,0.0701,0
1980047,0.016746,0
1977990,0.03764,0
1980456,0.003937,0
1980157,0.015,0
1971334,0.03764,0
1980468,0.151292,0
1980425,0.016746,0
1979551,0.071161,0
1946149,0.017544,0
1973712,0.016667,0
1980467,0.0701,0
1980423,0.022222,0
1946325,0.046875,0
1980206,0.046875,0
1977628,0.071161,0
1979331,0.03764,0
1980439,0.03764,0
1980485,0.015,0
1980459,0.02214,0
1324057,0.071161,0
1980470,0.03764,0
1980486,0.003937,0
1980483,0.081197,0
1973904,0.016746,0
1614695,0.009709,0
1980407,0.016667,0
1979894,0.015,0
1980493,0.016667,0
1980159,0.016746,0
1978977,0.08,0
1980360,0.046875,0
1980507,0.015,0
1980335,0.090038,0
1980511,0.03764,0
1980403,0.03764,0
1980503,0.016667,0
1980531,0.010432,0
1975091,0.03764,0
1980505,0.016746,0
1980424,0.03764,0
1980413,0.071161,0
1980522,0.003319,0
1980351,0.015,0
1980190,0.010432,0
1979878,0.071161,0
1980506,0.015,0
1971584,0.199067,0
1980529,0.071161,0
1974113,0.0701,0
1979866,0.00885,0
1969324,0.015,0
1980535,0.046875,0
1980490,0.010432,0
1977715,0.010432,0
1979828,0.010432,0
1980553,0.03764,0
1977654,0.071161,0
1980560,0.090038,0
1979075,0.003937,0
1978672,0.0701,0
1980035,0.022222,0
1980482,0.03764,0
1973435,0.0701,0
1980510,0.03764,0
1976942,0.02214,0
1975553,0.081197,0
1975102,0.161698,0
1979626,0.151292,0
1980546,0.0701,0
1975850,0.02214,0
1980555,0.016667,0
1980598,0.151292,0
1980589,0.00885,0
1974221,0.010432,0
1980565,0.010432,0
1980480,0.03764,0
1980597,0.016667,0
1975219,0.03764,0
1974655,0.016746,0
1972879,0.071161,0
1980610,0.010432,0
1980616,0.015,0
1980583,0.090038,0
1980615,0.15493,0
1973822,0.016746,0
1980588,0.016746,0
1980491,0.02214,0
1974207,0.071161,0
1980607,0.03764,0
1980249,0.03764,0
1967448,0.03764,0
1973275,0.161698,0
1980573,0.071161,0
1980631,0.03764,0
1980367,0.0701,0
1980644,0.046875,0
1980576,0.003937,0
1980645,0.010432,0
1980473,0.003319,0
1979989,0.00885,0
1977880,0.08,0
1980036,0.016667,0
1980648,0.071161,0
1980627,0.071161,0
1980647,0.003319,0
1978735,0.081197,0
1980669,0.022222,0
1980663,0.02214,0
1980547,0.081197,0
1980628,0.022222,0
1980673,0.003319,0
1980617,0.03764,0
1979066,0.0,0
1980642,0.00885,0
1976309,0.0701,0
1979693,0.0701,0
1980143,0.071161,0
1978068,0.02214,0
1846318,0.081197,0
1980365,0.017544,0
1978572,0.022222,0
1976193,0.071161,0
1980474,0.003937,0
1973539,0.010432,0
1967360,0.071161,0
1975398,0.015,0
1980667,0.016667,0
1972004,0.0701,0
1972685,0.046875,0
1978598,0.0701,0
1980633,0.071161,0
1980581,0.03764,0
1978103,0.21875,0
1980674,0.090038,0
1968826,0.08,0
1980569,0.03764,0
1979685,0.010432,0
1973525,0.003319,0
1980620,0.015,0
1974631,0.016746,0
1979898,0.010432,0
1979593,0.071161,0
1445068,0.0701,0
1980723,0.071161,0
1090650,0.151292,0
1980621,0.046875,0
1980707,0.071161,0
1980187,0.02214,0
1980715,0.015,0
1980688,0.03764,0
1980701,0.02214,0
1430145,0.016667,0
1980719,0.0701,0
1980698,0.02214,0
1980514,0.03764,0
1980377,0.010432,0
1978573,0.0701,0
1975380,0.02214,0
1980718,0.016746,0
1979785,0.071161,0
1980743,0.03764,0
1980087,0.0701,0
1977323,0.02214,0
1979580,0.081197,0
1980738,0.003319,0
1968927,0.03764,0
1973037,0.00885,0
1980774,0.090038,0
1977387,0.017544,0
1980766,0.016667,0
1977791,0.0701,0
1980058,0.015,0
1980797,0.010432,0
1954013,0.00885,0
1980795,0.003937,0
1975753,0.071161,0
1979320,0.03764,0
1980798,0.003319,0
1972790,0.151292,0
1980782,0.010432,0
1977622,0.090038,0
1972193,0.0701,0
1973959,0.03764,0
1980804,0.03764,0
1980815,0.071161,0
1980834,0.0,0
1980813,0.010432,0
1972829,0.0,0
1980671,0.03764,0
1980843,0.02214,0
1980722,0.010432,0
1978298,0.161698,0
1972095,0.016667,0
1979024,0.017544,0
1979567,0.071161,0
1944441,0.090038,0
1980876,0.017544,0
1980850,0.003319,0
1980846,0.046875,0
1980851,0.0701,0
1969878,0.017544,0
1980869,0.022222,0
1977697,0.016746,0
1971345,0.015,0
1980849,0.017544,0
1980900,0.015,0
1980840,0.071161,0
1975132,0.046875,0
1980602,0.02214,0
1980887,0.015,0
1980525,0.0,0
1980809,0.009709,0
1980810,0.022222,0
1974343,0.02214,0
1974671,0.003319,0
1980570,0.046875,0
1980853,0.010432,0
1974359,0.016667,0
1980676,0.095541,0
1980871,0.003319,0
1956860,0.0701,0
1976641,0.071161,0
1977717,0.03764,0
1980799,0.03764,0
1974961,0.03764,0
1980888,0.017544,0
1980915,0.03764,0
1980759,0.071161,0
1975154,0.0701,0
1976161,0.0701,0
1944477,0.016746,0
1980814,0.003319,0
1980816,0.003319,0
1980765,0.016667,0
1979952,0.081197,0
1980918,0.071161,0
1980884,0.003319,0
1980904,0.00885,0
1949156,0.03764,0
1980940,0.02214,0
1980896,0.016746,0
1980907,0.022222,0
1980805,0.003319,0
1980239,0.015,0
1980941,0.016667,0
1980929,0.00885,0
1980868,0.0701,0
1943645,0.003937,0
1980953,0.03764,0
1978325,0.010432,0
1980944,0.022222,0
1980951,0.010432,0
1978957,0.071161,0
1980950,0.010432,0
1976872,0.107884,0
1980973,0.081197,0
1980716,0.071161,0
1980634,0.015,0
1973229,0.095541,0
1979188,0.090038,0
1977401,0.151292,0
1980966,0.010432,0
1980956,0.02214,0
1978308,0.010432,0
1980957,0.071161,0
1980983,0.161698,0
1980508,0.08,0
1951716,0.151292,0
1975915,0.161698,0
1975997,0.21875,0
1980769,0.009709,0
1975569,0.02214,0
1973887,0.017544,0
1980975,0.03764,0
1980450,0.071161,0
1980764,0.03764,0
1976236,0.03764,0
1974152,0.0701,0
1980895,0.046875,0
1980749,0.010432,0
1980635,0.010432,0
1980540,0.022222,0
1977010,0.046875,0
1978101,0.016667,0
1973895,0.003319,0
1978397,0.015,0
1981054,0.010432,0
1979407,0.081197,0
1981052,0.071161,0
1980034,0.02214,0
1978838,0.015,0
1977777,0.071161,0
1271464,0.090038,0
1981077,0.016667,0
1975603,0.00885,0
1981005,0.151292,0
1981092,0.03764,0
1981075,0.090038,0
1980649,0.003319,0
1251394,0.016667,0
1981082,0.003937,0
1980690,0.010432,0
1975306,0.0701,0
1981071,0.03764,0
1980863,0.003319,0
1980477,0.02214,0
1980577,0.016746,0
1980196,0.03764,0
1981059,0.0701,0
1981081,0.151292,0
1981105,0.016667,0
1981104,0.0701,0
1981096,0.071161,0
1981095,0.003319,0
1966992,0.03764,0
1976468,0.02214,0
1981121,0.016746,0
1981078,0.03764,0
1977714,0.03764,0
1981083,0.016746,0
1979142,0.0701,0
1981125,0.015,0
661976,0.03764,0
1977616,0.00885,0
1978365,0.071161,0
1981106,0.095541,0
1974888,0.071161,0
1979666,0.03764,0
1981120,0.015,0
1981131,0.003937,0
1980475,0.071161,0
1981046,0.003937,0
1981111,0.03764,0
1979754,0.016746,0
1981156,0.010432,0
1980444,0.016746,0
1964682,0.142857,0
1981133,0.015,0
1981166,0.03764,0
1977961,0.016746,0
1973077,0.151292,0
1981134,0.071161,0
1968576,0.003319,0
1981172,0.016746,0
1981176,0.010432,0
978140,0.016746,0
1981033,0.009709,0
1974436,0.081197,0
1973707,0.03764,0
1981153,0.03764,0
1981170,0.090038,0
1973407,0.03764,0
1972291,0.016667,0
1981144,0.003937,0
1980819,0.016667,0
1981117,0.03764,0
1974515,0.0701,0
1976273,0.161698,0
1981174,0.095541,0
1981184,0.02214,0
1980186,0.016667,0
1975096,0.0701,0
1973500,0.00885,0
1973264,0.00885,0
1974088,0.03764,0
1971820,0.03764,0
1980998,0.0701,0
1973652,0.00885,0
1981151,0.071161,0
1977432,0.03764,0
1981150,0.02214,0
1975863,0.03764,0
1974325,0.0701,0
1980226,0.003319,0
1973675,0.071161,0
1974924,0.071161,0
1979671,0.03764,0
1981029,0.015,0
1962145,0.151292,0
1981233,0.161698,0
1981218,0.03764,0
1951441,0.03764,0
1981229,0.081197,0
1981241,0.016746,0
1981239,0.0701,0
1981243,0.003319,0
1981226,0.151292,0
1952202,0.095541,0
1968567,0.0701,0
1980917,0.015,0
1972047,0.003319,0
1981258,0.003937,0
1981261,0.010432,0
1981248,0.02214,0
1979578,0.081197,0
1981211,0.151292,0
1980982,0.03764,0
1981263,0.090038,0
1981235,0.003319,0
1981207,0.016667,0
1981276,0.016667,0
1981289,0.0701,0
1978276,0.090038,0
1981179,0.03764,0
1974755,0.090038,0
1976295,0.03764,0
1976518,0.02214,0
1981284,0.016667,0
1975228,0.071161,0
1981272,0.016746,0
1973273,0.071161,0
1980932,0.03764,0
1596304,0.016746,0
1972642,0.003319,0
1981138,0.03764,0
1981314,0.003319,0
1981252,0.003319,0
1957184,0.081197,0
1972989,0.022222,0
1981318,0.090038,0
1980112,0.199067,0
1981155,0.003319,0
1981322,0.03764,0
1981225,0.003319,0
1981004,0.03764,0
1979702,0.003319,0
1981326,0.081197,0
1979868,0.071161,0
1979333,0.003937,0
1727417,0.15493,0
1981349,0.03764,0
1981313,0.0,0
1981316,0.016667,0
1980880,0.016746,0
1981245,0.00885,0
1981332,0.022222,0
1981260,0.010432,0
1981325,0.03764,0
1981364,0.016667,0
1981353,0.071161,0
1929535,0.010432,0
1898282,0.003937,0
1979007,0.010432,0
1981343,0.161698,0
1976240,0.0701,0
1981107,0.090038,0
1981365,0.02214,0
1981308,0.03764,0
1967867,0.03764,0
1981340,0.016667,0
1981328,0.046875,0
1981368,0.03764,0
1981389,0.022222,0
1978564,0.090038,0
1981390,0.016746,0
1981387,0.016746,0
1978794,0.016746,0
1981336,0.022222,0
1973876,0.0701,0
1980147,0.03764,0
1981338,0.022222,0
1981253,0.0701,0
1981399,0.03764,0
1981375,0.022222,0
1981410,0.161698,0
1981403,0.010432,0
1981422,0.017544,0
1981347,0.03764,0
1981418,0.046875,0
1981254,0.016746,0
1981380,0.015,0
1970062,0.107884,0
1973050,0.0701,0
1981415,0.010432,0
1981405,0.003937,0
1981430,0.00885,0
1979504,0.016746,0
1981417,0.071161,0
1977312,0.017544,0
1980683,0.03764,0
1972700,0.046875,0
1979658,0.015,0
1981423,0.081197,0
1980828,0.003937,0
1976814,0.010432,0
1981450,0.016746,0
1981437,0.071161,0
1981425,0.090038,0
1981443,0.095541,0
1979550,0.02214,0
1980515,0.081197,0
1981453,0.095541,0
1980655,0.016667,0
1972844,0.00885,0
1981452,0.0701,0
1981428,0.016746,0
1981473,0.071161,0
1981476,0.071161,0
1981431,0.0701,0
1978543,0.151292,0
1975562,0.003319,0
1973918,0.090038,0
1981469,0.003937,0
1978841,0.017544,0
1968332,0.071161,0
1981465,0.010432,0
1981486,0.016746,0
1981480,0.003319,0
1979555,0.015,0
1981459,0.03764,0
1981457,0.022222,0
1981494,0.017544,0
1945445,0.0701,0
1981514,0.046875,0
1955982,0.071161,0
1981463,0.00885,0
1974151,0.016746,0
1981503,0.003319,0
1975253,0.0701,0
1980156,0.016667,0
1944810,0.00885,0
1981202,0.010432,0
1981495,0.071161,0
1978741,0.016667,0
1980899,0.010432,0
1981215,0.0,0
1979655,0.03764,0
1978519,0.046875,0
1974589,0.071161,0
1976594,0.151292,0
1981163,0.00885,0
1981066,0.022222,0
1972876,0.00885,0
1981032,0.0,0
1981265,0.161698,0
1980534,0.017544,0
1981031,0.010432,0
584936,0.010432,0
1981200,0.016746,0
1981366,0.015,0
1975099,0.022222,0
1979624,0.003319,0
1980385,0.010432,0
1981192,0.016746,0
1980333,0.016746,0
1977403,0.016667,0
1981145,0.009709,0
1978261,0.0701,0
1978918,0.016667,0
1978398,0.015,0
1981026,0.02214,0
1977752,0.02214,0
1980708,0.03764,0
1981477,0.015,0
1973047,0.016667,0
1981491,0.03764,0
1973910,0.016746,0
1977471,0.016746,0
1981527,0.046875,0
1981544,0.199067,0
1981550,0.009709,0
1976385,0.016746,0
1975055,0.03764,0
1977004,0.03764,0
1977223,0.016746,0
1981464,0.010432,0
1973649,0.081197,0
1981543,0.010432,0
1981402,0.090038,0
1981562,0.02214,0
1981085,0.0701,0
1978037,0.003319,0
1981154,0.090038,0
1981569,0.081197,0
1981548,0.010432,0
1981553,0.081197,0
1981566,0.081197,0
1981484,0.016746,0
1981529,0.010432,0
1979564,0.151292,0
1975392,0.03764,0
1979554,0.03764,0
1981585,0.03764,0
1979902,0.090038,0
1977132,0.081197,0
1981582,0.071161,0
1981568,0.003319,0
1978813,0.03764,0
1981591,0.071161,0
1980105,0.071161,0
1981581,0.071161,0
1979201,0.022222,0
1981559,0.016667,0
1981573,0.00885,0
1981180,0.0701,0
1981610,0.08,0
1678788,0.071161,0
1981611,0.003319,0
1981091,0.02214,0
1981354,0.090038,0
1981504,0.015,0
1979595,0.010432,0
1981605,0.003319,0
1979613,0.03764,0
1981447,0.003937,0
1972909,0.0701,0
1726404,0.022222,0
1979837,0.03764,0
1973628,0.071161,0
1950840,0.016667,0
1977924,0.081197,0
1979023,0.0701,0
1981587,0.071161,0
1975783,0.02214,0
1981628,0.071161,0
1965738,0.016746,0
1971583,0.003937,0
1981627,0.003319,0
1981620,0.03764,0
1981538,0.010432,0
1981633,0.03764,0
1976680,0.0701,0
1972623,0.016746,0
1981664,0.071161,0
1981649,0.00885,0
1981660,0.016667,0
1978684,0.0701,0
1973705,0.071161,0
1981307,0.090038,0
1981653,0.00885,0
1978357,0.081197,0
1981327,0.03764,0
1981606,0.003319,0
1981679,0.071161,0
1981675,0.046875,0
1981251,0.046875,0
1981657,0.046875,0
1981676,0.00885,0
1981334,0.022222,0
1976919,0.016667,0
1978309,0.199067,0
1976708,0.046875,0
1981671,0.016667,0
1981683,0.0701,0
1981545,0.02214,0
1979436,0.02214,0
1981705,0.0701,0
1981680,0.010432,0
1981080,0.0701,0
1981682,0.016746,0
1981678,0.090038,0
1981686,0.010432,0
1978608,0.016746,0
1977629,0.071161,0
1981460,0.022222,0
1976621,0.03764,0
1974369,0.03764,0
1980931,0.010432,0
1981376,0.009709,0
1981222,0.010432,0
1977926,0.03764,0
1981451,0.03764,0
1978912,0.010432,0
1981177,0.016746,0
1973964,0.02214,0
1979644,0.081197,0
691531,0.090038,0
1975209,0.03764,0
1977260,0.0701,0
1981661,0.016746,0
1972919,0.010432,0
1981704,0.0701,0
1981102,0.046875,0
1981498,0.00885,0
1981703,0.21875,0
1979912,0.009709,0
1940477,0.015,0
1981710,0.081197,0
1972911,0.161698,0
1980019,0.003319,0
1977993,0.081197,0
1978753,0.03764,0
1981681,0.016746,0
1958580,0.03764,0
1978764,0.08,0
1980682,0.081197,0
1974806,0.03764,0
1981723,0.016667,0
1981607,0.071161,0
1981249,0.016746,0
1973457,0.090038,0
1981696,0.0701,0
1981537,0.010432,0
1981700,0.046875,0
1981743,0.010432,0
1980032,0.0701,0
1981337,0.03764,0
1981751,0.0,0
1975331,0.107884,0
1981708,0.02214,0
1979329,0.071161,0
1981749,0.0701,0
1980903,0.016746,0
1966863,0.0701,0
1981736,0.016667,0
1981768,0.016746,0
1979196,0.015,0
1981757,0.03764,0
1980629,0.003937,0
1981616,0.151292,0
1981770,0.00885,0
1981755,0.0701,0
1981771,0.0701,0
1981747,0.003937,0
1981534,0.151292,0
1974786,0.071161,0
1980858,0.010432,0
1974810,0.0701,0
1981765,0.016746,0
1981641,0.151292,0
1975543,0.010432,0
1981773,0.03764,0
1973046,0.151292,0
1977135,0.0,0
1981789,0.046875,0
1978363,0.071161,0
1981586,0.03764,0
1981786,0.151292,0
1981701,0.0,0
1980905,0.016746,0
1968596,0.151292,0
1974387,0.151292,0
1981798,0.016746,0
1981801,0.071161,0
1975031,0.0701,0
1981036,0.022222,0
1981825,0.090038,0
1981829,0.151292,0
1976591,0.003319,0
1981808,0.016667,0
1981444,0.017544,0
1981820,0.046875,0
1981638,0.071161,0
1981835,0.015,0
1981837,0.151292,0
1972228,0.016746,0
1975530,0.003319,0
1981823,0.03764,0
1975858,0.010432,0
1980352,0.017544,0
1971948,0.016667,0
1981479,0.010432,0
1979166,0.016667,0
1979542,0.00885,0
1974200,0.03764,0
1981828,0.016667,0
1976940,0.03764,0
1979360,0.02214,0
1975552,0.02214,0
1981640,0.0701,0
1978137,0.071161,0
1975174,0.010432,0
1981822,0.010432,0
1981571,0.090038,0
1981735,0.046875,0
1978409,0.016746,0
1981309,0.090038,0
1981488,0.0701,0
1980242,0.02214,0
1973052,0.010432,0
1974653,0.02214,0
1981860,0.03764,0
1981674,0.003937,0
1981861,0.015,0
1981867,0.03764,0
1980252,0.02214,0
1981865,0.0701,0
1981868,0.0701,0
1973984,0.010432,0
1981842,0.0701,0
1981878,0.00885,0
1981086,0.016667,0
1981792,0.016746,0
1970134,0.010432,0
1981870,0.003319,0
1981826,0.081197,0
1979490,0.071161,0
1979145,0.090038,0
1972726,0.022222,0
1977074,0.016667,0
1979586,0.00885,0
1980340,0.003319,0
1981894,0.003319,0
1981345,0.03764,0
1978787,0.046875,0
1981897,0.016667,0
1981295,0.003319,0
1981905,0.0701,0
1981617,0.016746,0
1966148,0.046875,0
1968157,0.081197,0
1981927,0.046875,0
1976148,0.016667,0
1981920,0.03764,0
1981926,0.046875,0
1981944,0.03764,0
1981933,0.046875,0
1980579,0.046875,0
1977790,0.071161,0
1981791,0.107884,0
1981924,0.003319,0
1981928,0.009709,0
1981565,0.081197,0
1980593,0.016746,0
1980128,0.017544,0
1978796,0.0701,0
1981919,0.003319,0
1977152,0.03764,0
1976998,0.081197,0
1981652,0.046875,0
1980864,0.010432,0
1981948,0.0,0
1980758,0.016667,0
1978578,0.090038,0
1975632,0.0701,0
1973957,0.003937,0
1981939,0.016667,0
1981887,0.107884,0
1981556,0.071161,0
1981961,0.010432,0
1981953,0.0701,0
1981955,0.009709,0
1981969,0.010432,0
1981964,0.02214,0
1975847,0.0701,0
1967437,0.03764,0
1981967,0.0,0
1981802,0.016746,0
1981311,0.00885,0
1971950,0.090038,0
1981838,0.107884,0
1973387,0.03764,0
1973230,0.151292,0
1981980,0.016667,0
1981971,0.046875,0
1982003,0.071161,0
1981760,0.015,0
1978644,0.015,0
1973526,0.016746,0
1976411,0.016746,0
1975774,0.08,0
1981693,0.0701,0
1973175,0.0701,0
1980889,0.02214,0
1981982,0.03764,0
1981752,0.00885,0
1975886,0.0701,0
1978761,0.03764,0
1981088,0.010432,0
1964663,0.071161,0
1981991,0.022222,0
1974899,0.161698,0
1981881,0.107884,0
1981986,0.016667,0
1981857,0.016667,0
1978026,0.081197,0
1981972,0.016667,0
1980026,0.071161,0
1817774,0.081197,0
1981438,0.081197,0
1981978,0.022222,0
1981487,0.071161,0
1982028,0.010432,0
1980354,0.00885,0
1982000,0.010432,0
1982017,0.010432,0
1982014,0.090038,0
1978850,0.015,0
1947464,0.0701,0
1982005,0.016667,0
1982051,0.0701,0
1977682,0.03764,0
1972805,0.022222,0
1982052,0.02214,0
1972658,0.017544,0
1982057,0.010432,0
1973073,0.254217,0
1982066,0.016746,0
1974998,0.03764,0
1981994,0.046875,0
1982079,0.161698,0
1968707,0.0701,0
1975957,0.046875,0
1976831,0.081197,0
1982073,0.071161,0
1980906,0.016667,0
1978489,0.03764,0
1978143,0.151292,0
1982091,0.03764,0
1970861,0.107884,0
1982053,0.016667,0
1979172,0.03764,0
1981020,0.071161,0
1982103,0.00885,0
1982049,0.003937,0
1576367,0.010432,0
1975409,0.003319,0
1977030,0.071161,0
1975887,0.00885,0
1979921,0.03764,0
1977597,0.02214,0
1982114,0.010432,0
1982104,0.016667,0
1982107,0.107884,0
1982116,0.010432,0
1976078,0.03764,0
1975418,0.003319,0
1982125,0.03764,0
1972251,0.016746,0
1978318,0.081197,0
1978202,0.08,0
1977060,0.00885,0
1979964,0.00885,0
1975810,0.010432,0
1979081,0.0701,0
1975831,0.071161,0
1981957,0.022222,0
1974739,0.017544,0
1980650,0.0701,0
1975646,0.03764,0
1975619,0.016746,0
1982151,0.03764,0
1982154,0.010432,0
1981734,0.107884,0
1980873,0.016667,0
1980825,0.00885,0
1982159,0.016746,0
1974127,0.010432,0
1982117,0.071161,0
1978332,0.081197,0
1974837,0.081197,0
1982158,0.003319,0
1979162,0.016746,0
1982137,0.071161,0
1979871,0.02214,0
1981067,0.046875,0
1982136,0.00885,0
1980776,0.03764,0
1982146,0.081197,0
1972719,0.003319,0
1982139,0.016746,0
1979847,0.161698,0
1975148,0.03764,0
1981540,0.071161,0
1982121,0.071161,0
1982188,0.016667,0
1968940,0.022222,0
1981970,0.016746,0
1982203,0.081197,0
1975021,0.003319,0
1982211,0.090038,0
1976852,0.071161,0
1977647,0.016667,0
1974878,0.090038,0
1982213,0.016746,0
1981946,0.017544,0
1981690,0.010432,0
1978956,0.015,0
1975033,0.071161,0
1982113,0.017544,0
1982183,0.00885,0
1976122,0.003319,0
1980210,0.03764,0
1979173,0.071161,0
1789290,0.081197,0
1981501,0.015,0
1934410,0.03764,0
1982245,0.046875,0
1981788,0.010432,0
1981213,0.0701,0
1982020,0.03764,0
1974338,0.03764,0
1971053,0.090038,0
1982258,0.02214,0
1982268,0.016746,0
1981992,0.046875,0
1960874,0.071161,0
1982277,0.017544,0
1982267,0.016746,0
1982264,0.071161,0
1977246,0.03764,0
1982273,0.010432,0
1973270,0.016667,0
1982195,0.02214,0
1981552,0.081197,0
1982288,0.03764,0
1982295,0.009709,0
1982278,0.090038,0
1974149,0.03764,0
1973223,0.151292,0
1974967,0.003319,0
1981785,0.016746,0
1982152,0.03764,0
1981629,0.016746,0
1977338,0.0,0
1980178,0.0701,0
1981539,0.046875,0
1982186,0.016667,0
1982281,0.017544,0
1981917,0.016667,0
1982297,0.010432,0
1392000,0.090038,0
1969055,0.0701,0
1982301,0.022222,0
1977999,0.03764,0
1975199,0.017544,0
1982129,0.010432,0
1981714,0.00885,0
1981995,0.03764,0
1978589,0.03764,0
1982300,0.010432,0
1982323,0.010432,0
1982275,0.0701,0
1975056,0.03764,0
1982224,0.003319,0
1982219,0.003319,0
1982324,0.016667,0
1974057,0.010432,0
1982335,0.022222,0
1980705,0.010432,0
1981817,0.015,0
1982315,0.090038,0
1982337,0.010432,0
1980704,0.071161,0
1982290,0.03764,0
1972910,0.010432,0
1982343,0.015,0
1982339,0.03764,0
1982356,0.03764,0
1982247,0.090038,0
1972828,0.046875,0
1982102,0.071161,0
1982230,0.016746,0
1982355,0.017544,0
1974641,0.016746,0
1971540,0.071161,0
1974068,0.02214,0
1980585,0.03764,0
1977482,0.071161,0
1970013,0.161698,0
1982333,0.03764,0
1976503,0.010432,0
1979993,0.03764,0
1971997,0.151292,0
1683345,0.0701,0
1979616,0.02214,0
1982369,0.003319,0
1982386,0.046875,0
1982225,0.03764,0
1982228,0.0701,0
1982370,0.03764,0
1982380,0.016746,0
1982336,0.016746,0
1982352,0.016746,0
1979392,0.081197,0
1961427,0.003319,0
1975305,0.095541,0
1982392,0.003319,0
1975794,0.016746,0
1982391,0.016667,0
1982376,0.00885,0
1982378,0.02214,0
1980595,0.071161,0
1976300,0.071161,0
1973246,0.090038,0
1939002,0.02214,0
1982226,0.010432,0
1982243,0.0701,0
1979387,0.016667,0
1978348,0.151292,0
1982402,0.00885,0
1982289,0.02214,0
1982276,0.016667,0
1950850,0.03764,0
1977133,0.016746,0
1979737,0.03764,0
1981973,0.010432,0
1979068,0.009709,0
1981985,0.022222,0
1976657,0.022222,0
1975922,0.046875,0
1979292,0.010432,0
857807,0.03764,0
1982435,0.010432,0
1978603,0.016667,0
1982429,0.0701,0
1982433,0.00885,0
1982436,0.0701,0
1976850,0.071161,0
1982418,0.017544,0
1982231,0.022222,0
1978070,0.0701,0
1982394,0.0701,0
1978567,0.095541,0
1564426,0.071161,0
1979755,0.03764,0
1956545,0.016746,0
1969775,0.010432,0
1982452,0.03764,0
1980115,0.071161,0
1982458,0.016667,0
1982439,0.010432,0
1982282,0.046875,0
1982441,0.03764,0
1982455,0.02214,0
1982469,0.016667,0
1970727,0.00885,0
1982467,0.010432,0
1979403,0.010432,0
1981908,0.022153,0
1982478,0.081197,0
1982255,0.016667,0
1966340,0.161698,0
1982432,0.003937,0
1982479,0.003937,0
848375,0.0701,0
1981362,0.071161,0
1976941,0.003319,0
1982440,0.03764,0
1982468,0.02214,0
1976214,0.046875,0
1981089,0.03764,0
1982483,0.016667,0
1979673,0.00885,0
1979379,0.016746,0
1982372,0.016667,0
1977094,0.03764,0
1982377,0.022222,0
1982397,0.010432,0
1982459,0.003937,0
1970881,0.010432,0
1979751,0.03764,0
1898131,0.0701,0
1982481,0.003319,0
1982477,0.00885,0
1976061,0.03764,0
1982407,0.142857,0
1980283,0.03764,0
1979083,0.151292,0
1982471,0.081197,0
1982464,0.010432,0
1980632,0.015,0
1967468,0.0701,0
1981043,0.161698,0
1982510,0.02214,0
1972849,0.03764,0
1982509,0.009709,0
1982498,0.00885,0
1982508,0.009709,0
1974780,0.017544,0
1982517,0.02214,0
1976867,0.03764,0
1981648,0.046875,0
1982521,0.071161,0
1982501,0.003319,0
1982522,0.016746,0
1982516,0.00885,0
1982399,0.022222,0
1982520,0.010432,0
1977643,0.0701,0
1982511,0.0701,0
1974978,0.071161,0
1982530,0.016746,0
1982528,0.0701,0
1982546,0.016746,0
1980859,0.081197,0
1982555,0.00885,0
1982556,0.071161,0
1979722,0.016746,0
1981614,0.071161,0
1982566,0.009709,0
1980665,0.090038,0
1982568,0.022222,0
1981759,0.003319,0
1982588,0.010432,0
1980961,0.071161,0
1980613,0.03764,0
1974421,0.017544,0
1980176,0.0701,0
1982592,0.03764,0
1982594,0.046875,0
1974198,0.071161,0
1751530,0.03764,0
1982597,0.03764,0
1981603,0.090038,0
1982609,0.03764,0
1968249,0.0701,0
1982612,0.03764,0
1844177,0.071161,0
1980894,0.010432,0
1961905,0.046875,0
1323222,0.016746,0
1979859,0.015,0
1974678,0.03764,0
1982619,0.03764,0
1982628,0.010432,0
1981455,0.003319,0
1971856,0.081197,0
1981065,0.081197,0
1970218,0.151292,0
1982631,0.03764,0
1981363,0.015,0
1976514,0.022222,0
1980784,0.071161,0
1982632,0.02214,0
1982643,0.016746,0
1982729,0.02214,0
1982712,0.003937,0
1982676,0.003319,0
1982711,0.010432,0
1982700,0.0701,0
1982681,0.003937,0
1982679,0.003937,0
1980142,0.071161,0
1982682,0.003937,0
1982674,0.003319,0
1982716,0.016746,0
1982735,0.010432,0
1982678,0.016746,0
1982760,0.03764,0
1982768,0.010432,0
1982705,0.015,0
1982701,0.00885,0
1979363,0.003937,0
1982677,0.0701,0
1982687,0.010432,0
1982750,0.015,0
1982720,0.03764,0
1982737,0.010432,0
1982659,0.071161,0
1982828,0.010432,0
1982834,0.00885,0
1982755,0.010432,0
1982696,0.016746,0
828025,0.010432,0
1966681,0.016667,0
1982740,0.003319,0
1982758,0.003319,0
1982792,0.0,0
1982743,0.015,0
1982827,0.015,0
1982878,0.003319,0
1981990,0.071161,0
1982838,0.003319,0
1981762,0.003319,0
1957452,0.071161,0
1982726,0.03764,0
1971109,0.016667,0
1982706,0.00885,0
1982861,0.003937,0
1982903,0.199067,0
1982928,0.00885,0
1982870,0.016746,0
1982438,0.090038,0
1982120,0.003319,0
1982941,0.161698,0
1982946,0.03764,0
1982894,0.016746,0
1982862,0.03764,0
1982899,0.003937,0
1972606,0.107884,0
1982694,0.015,0
1982931,0.161698,0
1982815,0.015,0
1982717,0.03764,0
1982979,0.010432,0
1982950,0.003319,0
1978927,0.03764,0
1982765,0.017544,0
1978532,0.016667,0
1982992,0.010432,0
1982968,0.010432,0
1982904,0.02214,0
1983008,0.0701,0
1983001,0.016667,0
1982314,0.0701,0
1981019,0.071161,0
1982772,0.0,0
1983012,0.0,0
1982956,0.03764,0
1983009,0.071161,0
1982986,0.071161,0
1977306,0.010432,0
1983049,0.003319,0
1983066,0.003319,0
1982852,0.03764,0
1983037,0.015,0
1983076,0.02214,0
1983082,0.015,0
1983050,0.010432,0
1983063,0.017544,0
1983098,0.046875,0
1981551,0.107884,0
1981440,0.03764,0
1983085,0.095541,0
1610633,0.015,0
1980891,0.071161,0
1979628,0.081197,0
1983101,0.071161,0
1983111,0.016667,0
1982598,0.03764,0
1983090,0.016746,0
1983096,0.003319,0
1983150,0.071161,0
1983129,0.009709,0
1957248,0.192661,0
1982699,0.022222,0
1982756,0.016746,0
1442393,0.03764,0
1983145,0.071161,0
1982584,0.016667,0
1983132,0.010432,0
1982456,0.00885,0
1983157,0.03764,0
1983155,0.003319,0
1983113,0.00885,0
1979159,0.016667,0
1981764,0.016746,0
1817699,0.046875,0
1983168,0.016746,0
1983189,0.02214,0
1982739,0.010432,0
1983199,0.00885,0
1983184,0.010432,0
1983188,0.016667,0
1983209,0.016746,0
1982430,0.016667,0
1979932,0.071161,0
1977247,0.02214,0
1982199,0.046875,0
1983142,0.0701,0
1983228,0.016746,0
1982330,0.071161,0
1983218,0.016746,0
1973446,0.0701,0
1983239,0.0,0
1982274,0.071161,0
1979745,0.046875,0
1980463,0.081197,0
1983250,0.03764,0
1981022,0.03764,0
1983181,0.010432,0
1982780,0.00885,0
1980733,0.003319,0
1975272,0.015,0
1978471,0.010432,0
1983269,0.071161,0
1983284,0.071161,0
1983287,0.071161,0
1978464,0.071161,0
1983068,0.010432,0
1982412,0.071161,0
1983286,0.015,0
1983290,0.010432,0
1983275,0.003937,0
1983314,0.0701,0
1983313,0.151292,0
1983266,0.0701,0
1983304,0.010432,0
1983276,0.017544,0
1983322,0.081197,0
1983325,0.02214,0
1983345,0.071161,0
1980272,0.016667,0
1983347,0.046875,0
1977757,0.0701,0
1952177,0.009709,0
1983318,0.071161,0
1982033,0.016746,0
1983306,0.010432,0
1983282,0.03764,0
1983363,0.03764,0
1983367,0.046875,0
1983388,0.03764,0
1983350,0.0701,0
1982976,0.003319,0
1971510,0.015,0
1979608,0.016746,0
1978499,0.015,0
1983386,0.016746,0
1983371,0.009709,0
1983404,0.015,0
1983246,0.071161,0
1977241,0.016746,0
1976030,0.090038,0
1958836,0.046875,0
1973306,0.03764,0
1981072,0.016746,0
1983417,0.107884,0
1983429,0.071161,0
1978922,0.016667,0
1981267,0.022222,0
1980487,0.071161,0
1983431,0.016667,0
1983443,0.071161,0
1980205,0.03764,0
1983444,0.0701,0
1983353,0.016746,0
1978864,0.071161,0
1983020,0.010432,0
1983463,0.0701,0
1981037,0.00885,0
1966229,0.010432,0
1981800,0.090038,0
1983471,0.199067,0
1983495,0.016746,0
1983458,0.016667,0
1975166,0.03764,0
1983485,0.03764,0
1983474,0.071161,0
1983507,0.010432,0
1983505,0.010432,0
1983528,0.071161,0
1954916,0.016746,0
1983532,0.046875,0
1983537,0.071161,0
1983513,0.017544,0
1983527,0.00885,0
1981281,0.03764,0
1983543,0.009709,0
1983112,0.0701,0
1983433,0.022222,0
1982428,0.03764,0
1979152,0.03764,0
1982354,0.071161,0
1980063,0.022222,0
1968424,0.071161,0
1983541,0.046875,0
1983570,0.08,0
1980373,0.0701,0
1983589,0.0701,0
1976670,0.016746,0
1982774,0.003319,0
1977398,0.016746,0
1981597,0.161698,0
1983437,0.107884,0
1983568,0.03764,0
1983594,0.00885,0
1983575,0.003937,0
1979833,0.003937,0
1983592,0.015,0
1982239,0.010432,0
1976224,0.003319,0
1983583,0.0701,0
1972117,0.016667,0
1983596,0.016667,0
1983604,0.03764,0
1983603,0.151292,0
1983620,0.010432,0
1982794,0.010432,0
1973071,0.071161,0
1983611,0.010432,0
1983577,0.016667,0
1983605,0.151292,0
1983619,0.0701,0
1982913,0.003937,0
1965420,0.0701,0
1977833,0.03764,0
1979450,0.010432,0
1983613,0.071161,0
1819825,0.00885,0
1983660,0.010432,0
1968953,0.010432,0
1975030,0.017544,0
1982453,0.010432,0
1983656,0.016667,0
1983674,0.003937,0
1899642,0.016746,0
1983670,0.02214,0
1975775,0.016746,0
1981713,0.015,0
1983673,0.03764,0
1982149,0.00885,0
1981396,0.03764,0
1975954,0.081197,0
1978566,0.02214,0
1967038,0.081197,0
1982565,0.016746,0
1983691,0.151292,0
1983509,0.016746,0
1983214,0.0701,0
1983694,0.03764,0
1983700,0.081197,0
1983707,0.0701,0
1980030,0.00885,0
1981923,0.010432,0
1983709,0.03764,0
1977448,0.022222,0
1983698,0.02214,0
1983467,0.0,0
1983720,0.016746,0
1983730,0.016746,0
1975239,0.016746,0
1983717,0.03764,0
1983649,0.022222,0
1983738,0.016746,0
1983741,0.151292,0
1983743,0.015,0
1983618,0.003937,0
1969265,0.03764,0
1983734,0.015,0
1980117,0.151292,0
1975822,0.010432,0
1983662,0.003937,0
1983740,0.02214,0
1983750,0.016746,0
1982845,0.003319,0
1983775,0.03764,0
1983773,0.016746,0
1983774,0.03764,0
1983784,0.010432,0
1983497,0.016667,0
1980263,0.02214,0
1966413,0.071161,0
1983788,0.03764,0
1975635,0.03764,0
1931022,0.017544,0
1981358,0.03764,0
1983440,0.071161,0
1983814,0.003319,0
1982061,0.03764,0
1983816,0.010432,0
1983802,0.03764,0
1983827,0.02214,0
1983791,0.0,0
1983792,0.046875,0
1983794,0.010432,0
1978505,0.02214,0
1983852,0.0701,0
1982012,0.016746,0
1983861,0.03764,0
1983860,0.015,0
1983853,0.003319,0
1983826,0.016746,0
1980996,0.016667,0
1983805,0.081197,0
1983782,0.02214,0
1983621,0.00885,0
1983870,0.016667,0
1983874,0.161698,0
1983545,0.017544,0
1983880,0.071161,0
1983011,0.03764,0
1981639,0.00885,0
1982570,0.003319,0
1983888,0.010432,0
958364,0.0701,0
1867754,0.081197,0
1983868,0.016746,0
1983798,0.081197,0
1983909,0.046875,0
1983877,0.010432,0
1983835,0.151292,0
1983905,0.00885,0
1983686,0.016746,0
1978540,0.017544,0
1973268,0.016746,0
1975751,0.017544,0
1977528,0.015,0
1977344,0.016746,0
1983901,0.016667,0
1983767,0.090038,0
1983920,0.0701,0
1983817,0.02214,0
1983529,0.03764,0
1983648,0.02214,0
1983712,0.003937,0
1983934,0.081197,0
1795861,0.016667,0
1982475,0.016746,0
1982320,0.03764,0
1983183,0.016746,0
1983939,0.00885,0
1975834,0.02214,0
1983942,0.03764,0
1981015,0.090038,0
1983885,0.03764,0
1976404,0.081197,0
1983699,0.03764,0
1983950,0.003319,0
1720534,0.071161,0
1983754,0.016746,0
1983966,0.016667,0
1983957,0.016746,0
1983974,0.071161,0
1966016,0.010432,0
1982329,0.095541,0
1983863,0.03764,0
1983894,0.00885,0
1983948,0.010432,0
1983965,0.003319,0
1975179,0.046875,0
1983951,0.010432,0
1983984,0.015,0
1983576,0.0701,0
1983830,0.0701,0
1983961,0.016746,0
1983959,0.02214,0
536323,0.081197,0
1983964,0.010432,0
1982448,0.071161,0
1984012,0.016667,0
1983445,0.0,0
1982821,0.022222,0
1984001,0.016746,0
1977342,0.03764,0
1983971,0.03764,0
1982602,0.071161,0
1984003,0.017544,0
1981298,0.003319,0
1984023,0.003937,0
1984039,0.003319,0
1974235,0.010432,0
1977588,0.010432,0
1965371,0.03764,0
1982068,0.0701,0
1984043,0.00885,0
1982233,0.03764,0
1984047,0.010432,0
1983976,0.016667,0
1983890,0.016746,0
1984037,0.0701,0
1973320,0.071161,0
1984065,0.003937,0
1930316,0.016667,0
1983928,0.02214,0
1983993,0.016746,0
1978511,0.071161,0
1980258,0.016746,0
1984045,0.010432,0
1979784,0.03764,0
1984076,0.071161,0
1973013,0.095541,0
1984007,0.046875,0
1984081,0.071161,0
1983912,0.017544,0
1983997,0.016746,0
1984066,0.00885,0
1984082,0.003319,0
1984022,0.03764,0
1979670,0.016667,0
1984053,0.010432,0
1984068,0.010432,0
1984088,0.003937,0
1984093,0.015,0
1984086,0.016746,0
1977395,0.003319,0
1984120,0.016667,0
1984114,0.03764,0
1984101,0.03764,0
1974879,0.015,0
1977631,0.071161,0
1984079,0.046875,0
1984095,0.03764,0
1984117,0.161698,0
1984100,0.03764,0
1984112,0.02214,0
1984020,0.015,0
1984107,0.03764,0
1984115,0.03764,0
1980097,0.016746,0
1983866,0.0,0
1970275,0.02214,0
1981896,0.03764,0
1984155,0.090038,0
1984148,0.009709,0
1975501,0.016667,0
1984144,0.081197,0
1984147,0.010432,0
1984152,0.010432,0
1984162,0.03764,0
1984011,0.071161,0
1984143,0.071161,0
1984166,0.071161,0
1983973,0.090038,0
1984149,0.003319,0
1982591,0.071161,0
1980435,0.003937,0
1984156,0.081197,0
1983677,0.0701,0
1984175,0.017544,0
1970294,0.071161,0
1984157,0.071161,0
1984132,0.010432,0
1984161,0.02214,0
1984050,0.081197,0
1974239,0.081197,0
1983969,0.0701,0
1984176,0.071161,0
1984130,0.003319,0
1982692,0.03764,0
1984182,0.03764,0
1983812,0.071161,0
1981715,0.016746,0
1984190,0.010432,0
1980772,0.071161,0
1984183,0.0701,0
1984211,0.03764,0
1960986,0.046875,0
1984207,0.016746,0
475601,0.081197,0
1984070,0.03764,0
1768199,0.03764,0
1981462,0.046875,0
1984218,0.003319,0
1984169,0.199067,0
1984198,0.071161,0
1960018,0.003937,0
1984230,0.071161,0
1984052,0.03764,0
1984237,0.151292,0
1984234,0.022222,0
1981424,0.071161,0
1980411,0.03764,0
1984255,0.016667,0
1983534,0.090038,0
1983900,0.161698,0
1984248,0.151292,0
1984185,0.00885,0
1982138,0.016746,0
1979748,0.081197,0
1984243,0.009709,0
1968425,0.071161,0
1983837,0.016746,0
1974782,0.016746,0
1978651,0.016667,0
1984275,0.016667,0
1984278,0.03764,0
1979664,0.022222,0
1975540,0.090038,0
1983926,0.03764,0
1984269,0.107884,0
1984016,0.071161,0
1984285,0.003319,0
1976210,0.071161,0
1885347,0.199067,0
1984286,0.03764,0
1984272,0.046875,0
1984233,0.022222,0
1984284,0.00885,0
1984287,0.016667,0
1983915,0.03764,0
1980779,0.022222,0
1984279,0.009709,0
1984299,0.00885,0
1984266,0.0701,0
1984131,0.03764,0
1984307,0.009709,0
1973340,0.03764,0
1984265,0.003319,0
1981304,0.016667,0
1984317,0.0701,0
1984186,0.016746,0
561485,0.03764,0
1984340,0.03764,0
1968914,0.03764,0
1984349,0.016746,0
1981592,0.009709,0
1982550,0.010432,0
1984358,0.017544,0
1984364,0.02214,0
1984345,0.081197,0
1982536,0.003319,0
1984347,0.199067,0
1329218,0.03764,0
1984226,0.151292,0
1984371,0.161698,0
1984343,0.003937,0
1984335,0.02214,0
1984383,0.00885,0
1984360,0.010432,0
1976339,0.016667,0
1984369,0.161698,0
1984381,0.107884,0
1984392,0.046875,0
1984379,0.02214,0
1984396,0.015,0
1984387,0.0,0
1979456,0.00885,0
1984399,0.0,0
1984060,0.016746,0
1969931,0.003319,0
1984407,0.046875,0
1984408,0.016667,0
1982465,0.161698,0
1984414,0.010432,0
1983994,0.03764,0
1976604,0.003319,0
1984413,0.03764,0
1984316,0.03764,0
1972432,0.046875,0
1562878,0.016746,0
1984217,0.071161,0
1984431,0.0701,0
1981654,0.0701,0
1980587,0.015,0
1984447,0.046875,0
1983383,0.003319,0
1981859,0.009709,0
1984441,0.199067,0
1973070,0.071161,0
1953888,0.095541,0
1984464,0.003937,0
1979459,0.016746,0
1984455,0.016746,0
1972678,0.046875,0
1977578,0.022222,0
1984470,0.015,0
1984468,0.03764,0
1984481,0.02214,0
1984463,0.016667,0
1984475,0.0,0
1984473,0.0,0
1984483,0.017544,0
1984429,0.016746,0
1984482,0.00885,0
1984467,0.03764,0
1984502,0.03764,0
1984492,0.003937,0
1978606,0.0701,0
1984484,0.003319,0
1984325,0.071161,0
1984087,0.071161,0
1970609,0.016667,0
1979020,0.081197,0
1982445,0.03764,0
1984488,0.00885,0
1984133,0.010432,0
1983227,0.016667,0
1984509,0.15493,0
1984518,0.0,0
1984500,0.00885,0
1962072,0.003319,0
1984477,0.016667,0
1984229,0.03764,0
1984503,0.0701,0
1981732,0.010432,0
1981360,0.0701,0
1984538,0.081197,0
1968333,0.151292,0
1984541,0.03764,0
1983572,0.003319,0
1984561,0.010432,0
1980679,0.081197,0
1984466,0.010432,0
1984563,0.0701,0
1980946,0.003319,0
1982868,0.03764,0
1982847,0.010432,0
1982937,0.009709,0
1980739,0.00885,0
1982697,0.00885,0
1974894,0.03764,0
1984581,0.003319,0
1984420,0.046875,0
1982470,0.016746,0
1418831,0.071161,0
1984590,0.03764,0
1983580,0.022222,0
1984597,0.015,0
1984591,0.0,0
1984606,0.02214,0
1984609,0.009709,0
1983032,0.00885,0
1982806,0.151292,0
1978909,0.022222,0
1979217,0.016746,0
1973323,0.010432,0
1984573,0.015,0
1984629,0.071161,0
1966527,0.016746,0
1980202,0.03764,0
1974532,0.071161,0
1984633,0.017544,0
1977337,0.161698,0
1984118,0.0701,0
1984055,0.017544,0
1984635,0.0701,0
1980689,0.003319,0
1984642,0.071161,0
1984599,0.010432,0
1983119,0.003319,0
1954856,0.02214,0
1984647,0.022222,0
1979874,0.0701,0
1984474,0.0,0
1980398,0.016667,0
1984649,0.003937,0
1984668,0.017544,0
1983867,0.003319,0
1984667,0.00885,0
1984662,0.046875,0
1983598,0.00885,0
1984663,0.02214,0
1984671,0.0701,0
1981382,0.03764,0
1984664,0.090038,0
1978211,0.071161,0
1984686,0.016667,0
1984689,0.03764,0
1950973,0.0701,0
1984695,0.00885,0
1983906,0.0701,0
1968387,0.071161,0
1984264,0.010432,0
1972207,0.071161,0
1982642,0.071161,0
1976331,0.151292,0
1973927,0.0701,0
1982321,0.016667,0
1984685,0.107884,0
1984731,0.010432,0
1984733,0.03764,0
1984739,0.02214,0
686958,0.161698,0
1984740,0.071161,0
1984745,0.03764,0
1974659,0.003319,0
1984749,0.003319,0
1976142,0.0701,0
1984748,0.016667,0
1984790,0.022222,0
1982016,0.090038,0
1984734,0.0701,0
1984773,0.003319,0
1984803,0.010432,0
1975793,0.03764,0
1984460,0.0701,0
1976417,0.0701,0
1975145,0.016667,0
1984380,0.0701,0
1984813,0.0701,0
1984789,0.00885,0
1984828,0.081197,0
1978195,0.046875,0
1984833,0.003319,0
1978715,0.192661,0
1972059,0.003319,0
1984843,0.081197,0
1984850,0.03764,0
1984747,0.017544,0
1984860,0.03764,0
1984862,0.03764,0
1966041,0.046875,0
1984880,0.016746,0
1984855,0.071161,0
1984807,0.071161,0
1984893,0.0,0
1984861,0.022222,0
1984598,0.016746,0
1969394,0.010432,0
1984894,0.016746,0
1984902,0.016746,0
1984858,0.090038,0
1984920,0.015,0
1984903,0.02214,0
1984905,0.071161,0
1984928,0.016746,0
1984845,0.003319,0
1974375,0.0701,0
1984810,0.003319,0
1960894,0.081197,0
1984923,0.03764,0
1984933,0.016667,0
1984281,0.071161,0
1971767,0.003319,0
1983956,0.107884,0
1984950,0.010432,0
1968440,0.161698,0
1984835,0.003319,0
1984955,0.161698,0
1984961,0.107884,0
1969410,0.03764,0
1984957,0.095541,0
1984964,0.003319,0
1984963,0.016746,0
1984694,0.161698,0
1984917,0.016746,0
1979527,0.071161,0
1984982,0.00885,0
1982148,0.015,0
1984886,0.016667,0
1981797,0.016746,0
1984235,0.02214,0
1984988,0.016746,0
1984997,0.03764,0
1984998,0.090038,0
1984974,0.003937,0
1985005,0.03764,0
1985002,0.016667,0
1895462,0.010432,0
1984995,0.03764,0
1984805,0.010432,0
1984263,0.016667,0
1985004,0.071161,0
1985011,0.003319,0
1985003,0.071161,0
1982523,0.016746,0
1983780,0.03764,0
1985034,0.03764,0
1985035,0.03764,0
1985036,0.02214,0
1985038,0.071429,0
1985039,0.151292,0
1983756,0.003319,0
1980672,0.071161,0
1981841,0.046875,0
1985040,0.071161,0
1980658,0.03764,0
1985046,0.010432,0
1985027,0.017544,0
1982460,0.00885,0
1983324,0.010432,0
1985050,0.03764,0
1982784,0.081197,0
1981361,0.009709,0
1983277,0.016746,0
1985058,0.016746,0
1984937,0.071161,0
1977125,0.071161,0
1984763,0.081197,0
1985033,0.151292,0
1985048,0.02214,0
1985063,0.016746,0
1979163,0.010432,0
1983610,0.003319,0
1897218,0.016746,0
1985080,0.090038,0
1985091,0.00885,0
1985049,0.107884,0
1976338,0.003319,0
1985107,0.107884,0
1985105,0.046875,0
1983725,0.010432,0
1985115,0.046875,0
1749287,0.016667,0
1983064,0.161698,0
1979197,0.03764,0
1978004,0.0701,0
1985120,0.090038,0
1985109,0.071161,0
1311849,0.046875,0
1985106,0.017544,0
1985060,0.03764,0
1985128,0.0701,0
1985131,0.071161,0
1983824,0.003319,0
1985116,0.010432,0
1982341,0.02214,0
1983550,0.03764,0
1985139,0.161698,0
1985137,0.03764,0
1974623,0.071161,0
1985140,0.090038,0
1985103,0.03764,0
1985149,0.016667,0
1985133,0.00885,0
1985154,0.151292,0
1933530,0.016667,0
1985151,0.090038,0
1985167,0.03764,0
1985166,0.003937,0
1985129,0.046875,0
1948537,0.03764,0
1985159,0.02214,0
1985158,0.003319,0
1985144,0.03764,0
1985171,0.016746,0
1985186,0.00885,0
1985188,0.010432,0
1985178,0.071161,0
1985146,0.046875,0
1985194,0.003937,0
1985196,0.016746,0
1970155,0.00885,0
1979182,0.071161,0
1985189,0.010432,0
1985211,0.016746,0
1984614,0.003319,0
1985143,0.08,0
1985226,0.199593,0
1985224,0.00885,0
1974105,0.015,0
1985221,0.03764,0
1985220,0.010432,0
1925548,0.00885,0
1969525,0.010432,0
1985239,0.015,0
1985237,0.010432,0
1985238,0.090038,0
1985232,0.081197,0
1985240,0.010432,0
1985241,0.107884,0
1985192,0.003319,0
1971944,0.071161,0
1985225,0.0701,0
1983234,0.010432,0
1985231,0.017544,0
1975971,0.010432,0
1985259,0.003319,0
1985265,0.081197,0
1982059,0.010432,0
1985250,0.010432,0
1985258,0.0701,0
1985253,0.071161,0
1985207,0.03764,0
1985251,0.151292,0
1985269,0.016667,0
1985248,0.016746,0
1985246,0.161698,0
1985277,0.02214,0
1984524,0.081197,0
1975989,0.151292,0
1985276,0.010432,0
1985283,0.010432,0
1984611,0.02214,0
1985264,0.071161,0
1978760,0.017544,0
1970210,0.0701,0
1985132,0.090038,0
1984406,0.02214,0
1985299,0.03764,0
1985295,0.03764,0
1985305,0.0701,0
1984306,0.02214,0
1985308,0.010432,0
1985279,0.046875,0
1924011,0.03764,0
1985311,0.015,0
1985314,0.015,0
1983904,0.003937,0
1985293,0.071161,0
1985324,0.0701,0
1983018,0.046875,0
1985325,0.081197,0
1985327,0.03764,0
1985340,0.03764,0
1985337,0.0701,0
1985322,0.00885,0
1985353,0.090038,0
1985330,0.03764,0
1985329,0.016667,0
1985326,0.071161,0
1985271,0.016746,0
1985335,0.03764,0
1985304,0.02214,0
1985328,0.046875,0
1985333,0.03764,0
1967443,0.017544,0
1985334,0.03764,0
1985348,0.21875,0
1985370,0.016746,0
1985358,0.010432,0
1985359,0.03764,0
1985300,0.03764,0
1985356,0.03764,0
1985357,0.161698,0
1985371,0.071161,0
1985372,0.010432,0
1985346,0.0701,0
1985315,0.071161,0
1953576,0.03764,0
1985379,0.199067,0
1984993,0.003319,0
1985210,0.090038,0
1984418,0.016667,0
1985364,0.081197,0
1985205,0.02214,0
1975906,0.03764,0
1985090,0.071161,0
1981937,0.081197,0
1984954,0.0701,0
1985362,0.016667,0
1985354,0.071161,0
1985382,0.015,0
1985301,0.02214,0
1985384,0.107884,0
1985388,0.016667,0
1983735,0.161698,0
1985373,0.151292,0
1985381,0.0701,0
1984106,0.107884,0
1985410,0.03764,0
1985399,0.010432,0
1985355,0.081197,0
1985130,0.016667,0
1972587,0.016667,0
1969656,0.015,0
1132613,0.016746,0
1984778,0.03764,0
737858,0.0701,0
1985008,0.003319,0
1985417,0.107884,0
1985193,0.015,0
1985385,0.015,0
1980362,0.016667,0
1985056,0.071161,0
1985425,0.016746,0
1985411,0.003319,0
1985436,0.03764,0
1670409,0.161698,0
1985369,0.0701,0
1985428,0.015,0
1985453,0.161698,0
1985440,0.010432,0
1985446,0.003319,0
1985456,0.010432,0
1985387,0.016667,0
1985447,0.0701,0
1985421,0.0701,0
1985457,0.03764,0
1978527,0.071161,0
1981400,0.016746,0
1972171,0.071161,0
1985449,0.071161,0
1985471,0.010432,0
943560,0.081197,0
1985475,0.0,0
1985216,0.016667,0
1985451,0.003937,0
1985468,0.016667,0
1985485,0.090038,0
1978780,0.03764,0
1985070,0.003937,0
1985491,0.071161,0
1985218,0.081197,0
1985412,0.00885,0
1985494,0.016746,0
1985492,0.016667,0
1985313,0.003937,0
1985501,0.107884,0
1975231,0.107884,0
1985511,0.02214,0
1985510,0.022222,0
1985493,0.015,0
1985516,0.046875,0
1967361,0.010432,0
1985526,0.03764,0
1984910,0.016746,0
1985525,0.016746,0
1981891,0.090038,0
1985527,0.03764,0
1984785,0.03764,0
1985536,0.02214,0
1985427,0.0701,0
1985174,0.081197,0
1985539,0.010432,0
1985584,0.0701,0
1985532,0.003319,0
1985541,0.03764,0
1985555,0.03764,0
1985572,0.090038,0
1984869,0.00885,0
1951464,0.095541,0
1985620,0.08,0
1985616,0.010432,0
1985580,0.00885,0
1985618,0.02214,0
1985624,0.03764,0
1985219,0.03764,0
1985645,0.003319,0
1985641,0.016667,0
1985625,0.03764,0
1985646,0.010432,0
1985652,0.00885,0
1985659,0.03764,0
1983135,0.016667,0
1983681,0.022222,0
1985669,0.081197,0
1978833,0.015,0
1985676,0.0,0
1979518,0.0701,0
1984476,0.016667,0
1985609,0.0,0
1985656,0.015,0
1969791,0.017544,0
1982907,0.02214,0
1985696,0.03764,0
1985702,0.015,0
1985610,0.016746,0
1985679,0.016667,0
1975639,0.016746,0
1977661,0.03764,0
1985705,0.090038,0
1984959,0.00885,0
1974660,0.08,0
1969926,0.003937,0
1967940,0.071161,0
1985722,0.015,0
1985726,0.010432,0
1985592,0.016667,0
1981839,0.071161,0
1985611,0.090038,0
1984457,0.02214,0
1985738,0.071161,0
1985745,0.0701,0
1985714,0.010432,0
1985395,0.009709,0
1985758,0.0,0
1977646,0.0701,0
1985658,0.081197,0
1985768,0.03764,0
1985135,0.0701,0
1975371,0.0701,0
1958578,0.071161,0
1984784,0.03764,0
1985752,0.016746,0
1985523,0.017544,0
1984567,0.016746,0
1985737,0.016746,0
1985780,0.03764,0
1985790,0.010432,0
1985681,0.046875,0
1984612,0.010432,0
1970091,0.00885,0
1985791,0.003319,0
1985750,0.009709,0
1985782,0.016746,0
1985794,0.003319,0
1985777,0.015,0
1985455,0.00885,0
1985792,0.0,0
1985797,0.016746,0
1985801,0.090038,0
1984302,0.010432,0
1985811,0.010432,0
1985821,0.090038,0
1985814,0.003319,0
1985803,0.090038,0
1972129,0.0701,0
1985817,0.015,0
1985170,0.071161,0
1985826,0.0,0
1979111,0.151292,0
1985838,0.003937,0
1985832,0.03764,0
1985839,0.107884,0
1985828,0.016667,0
1984900,0.016746,0
1985830,0.03764,0
1983573,0.017544,0
1982886,0.03764,0
1985856,0.02214,0
1984419,0.071161,0
1973309,0.016667,0
1984443,0.02214,0
1981697,0.016667,0
1985868,0.107884,0
1985573,0.022222,0
1976160,0.03764,0
1985872,0.071161,0
1983556,0.071161,0
1985880,0.0701,0
1969858,0.00885,0
1985893,0.02214,0
1981392,0.010432,0
1984707,0.015,0
1977858,0.046875,0
1982312,0.022222,0
1977480,0.03764,0
1984952,0.015,0
1982633,0.02214,0
1981502,0.03764,0
1983083,0.017544,0
1985706,0.015,0
1983697,0.02214,0
1983319,0.00885,0
1980881,0.00885,0
1981795,0.003319,0
1980544,0.017544,0
1984494,0.009709,0
1972672,0.016667,0
1981168,0.071161,0
1980454,0.071161,0
1984206,0.071161,0
1983092,0.010432,0
1983154,0.010432,0
1983016,0.016746,0
1983015,0.03764,0
1983922,0.151292,0
1985262,0.0,0
1983844,0.00885,0
1984208,0.022222,0
1984219,0.009709,0
1982142,0.03764,0
1973278,0.017544,0
1982962,0.009709,0
1985342,0.022222,0
1980735,0.003319,0
1972941,0.02214,0
1984865,0.0701,0
1984875,0.003319,0
1979663,0.03764,0
1972284,0.081197,0
1985672,0.00885,0
1975337,0.016667,0
1391173,0.081197,0
1983772,0.009709,0
1985352,0.142857,0
1979393,0.03764,0
1977224,0.010432,0
1974317,0.046875,0
1979975,0.016667,0
1983061,0.0,0
1982048,0.00885,0
1982911,0.0,0
1984844,0.0,0
1984028,0.003319,0
1965250,0.02214,0
1983859,0.022222,0
1983231,0.016746,0
1985024,0.03764,0
1983615,0.03764,0
1985680,0.016746,0
1985694,0.02214,0
1985019,0.00885,0
1985535,0.016746,0
1930311,0.107884,0
1985422,0.0701,0
1985376,0.02214,0
1985286,0.046875,0
1985010,0.017544,0
1983420,0.003937,0
1974330,0.010432,0
1976041,0.02214,0
1985715,0.003319,0
1974970,0.022222,0
1985853,0.03764,0
1985912,0.016667,0
1985918,0.003937,0
1973075,0.071161,0
1985507,0.03764,0
1983571,0.071161,0
1985477,0.016667,0
1982915,0.0701,0
1983285,0.03764,0
1985852,0.02214,0
1984061,0.003937,0
1985076,0.03764,0
1985908,0.071161,0
1982126,0.071161,0
1981702,0.071161,0
1983566,0.00885,0
1983953,0.015,0
1983714,0.03764,0
1985416,0.02214,0
1983695,0.02214,0
1436481,0.0701,0
1982596,0.081197,0
1985933,0.043088,0
1977582,0.0701,0
1985936,0.00885,0
1983684,0.046875,0
1985943,0.03764,0
1979225,0.046875,0
1978050,0.161698,0
1985959,0.016667,0
1985020,0.03764,0
1985413,0.0701,0
1985833,0.0701,0
1985956,0.016667,0
1983737,0.142857,0
1983281,0.03764,0
1985966,0.010432,0
1985173,0.03764,0
1812127,0.016667,0
1977743,0.071161,0
1984374,0.010432,0
1982291,0.03764,0
1985725,0.016667,0
1982144,0.016746,0
1982844,0.00885,0
1980835,0.010432,0
1985255,0.107884,0
1984800,0.071161,0
1978458,0.03764,0
1981519,0.016746,0
1969838,0.03764,0
1985948,0.0701,0
1985977,0.081197,0
1985419,0.010432,0
1973604,0.071161,0
1973489,0.090038,0
1984008,0.016667,0
1979309,0.071161,0
1951658,0.081197,0
1984212,0.017544,0
1985993,0.015,0
1983713,0.0701,0
1985515,0.081197,0
1985974,0.071161,0
1979926,0.071161,0
1974871,0.090038,0
1986010,0.071161,0
1984496,0.016746,0
1986007,0.02214,0
1986006,0.090038,0
1972998,0.022222,0
1986014,0.003319,0
1986017,0.081197,0
1986011,0.071161,0
1980054,0.095541,0
1984639,0.015,0
1985697,0.016746,0
1986000,0.090038,0
1986009,0.016667,0
1981278,0.015,0
1985179,0.010432,0
1974288,0.015,0
1978821,0.03764,0
1985415,0.00885,0
1984032,0.02214,0
1978518,0.03764,0
1984142,0.081197,0
1983097,0.022222,0
1941405,0.016667,0
1980420,0.03764,0
1985368,0.0701,0
1981902,0.00885,0
1979767,0.0,0
1968019,0.095541,0
1969042,0.015,0
1979581,0.010432,0
1986028,0.010432,0
1985753,0.016746,0
1981572,0.010432,0
1986034,0.03764,0
1986044,0.03764,0
1975868,0.090038,0
1985717,0.016746,0
1979818,0.081197,0
1986054,0.016667,0
1972947,0.00885,0
1984885,0.0701,0
1969483,0.010432,0
1986039,0.015,0
1986062,0.151292,0
1975109,0.046875,0
1975440,0.0701,0
1985866,0.016667,0
1986069,0.03764,0
1986076,0.0701,0
1985565,0.0701,0
1983067,0.016746,0
1983095,0.081197,0
1983408,0.02214,0
1981393,0.0701,0
1973123,0.081197,0
1979962,0.071161,0
1986087,0.03764,0
1986058,0.009709,0
1986077,0.016746,0
1985111,0.017544,0
1986088,0.081197,0
1981259,0.010432,0
1985390,0.046875,0
1982223,0.015,0
1986093,0.003937,0
1957210,0.161698,0
1985284,0.046875,0
1984757,0.016746,0
1986101,0.151292,0
1982360,0.03764,0
1985568,0.071161,0
1985660,0.071161,0
1986103,0.161698,0
1981862,0.090038,0
1977375,0.016746,0
1985127,0.015,0
1985278,0.017544,0
1982389,0.0,0
1984021,0.03764,0
1986074,0.03764,0
1177042,0.010432,0
1977258,0.03764,0
1986117,0.03764,0
1947975,0.161698,0
1986106,0.016667,0
1943639,0.016746,0
1970055,0.08,0
1984947,0.010432,0
1986120,0.016746,0
1986118,0.010432,0
1976873,0.003319,0
1986140,0.046875,0
1171225,0.016667,0
1923500,0.03764,0
1986104,0.071161,0
1983459,0.0701,0
1986152,0.03764,0
1986138,0.010432,0
1980781,0.081197,0
1986166,0.03764,0
1986129,0.00885,0
1986148,0.003937,0
1974855,0.03764,0
1986178,0.071161,0
1986130,0.0,0
1986179,0.03764,0
1946589,0.081197,0
1986167,0.022222,0
1983931,0.0701,0
1985622,0.016746,0
1986128,0.03764,0
1985252,0.010432,0
1982201,0.003937,0
1985312,0.003319,0
1978599,0.03764,0
1983726,0.071161,0
1974663,0.015,0
1984832,0.071161,0
1984705,0.046875,0
1964068,0.071161,0
1981589,0.016667,0
1982451,0.071161,0
1978762,0.03764,0
1965393,0.151292,0
1986215,0.010432,0
1986220,0.161698,0
1984786,0.003937,0
1972367,0.0701,0
1986185,0.010432,0
1986210,0.03764,0
1986214,0.02214,0
1986236,0.003319,0
1986229,0.151292,0
1976004,0.081197,0
1986233,0.192661,0
1983206,0.010432,0
1984127,0.161698,0
1986228,0.02214,0
1986241,0.081197,0
1986221,0.03764,0
1986240,0.016667,0
1985180,0.161698,0
1982293,0.016667,0
1974913,0.081197,0
1972173,0.081197,0
1973639,0.03764,0
1868575,0.161698,0
1986250,0.151292,0
1978595,0.016746,0
1969675,0.016746,0
1986272,0.016746,0
1986279,0.071161,0
1972705,0.016746,0
1984353,0.071161,0
1960694,0.03764,0
1973974,0.161698,0
1986281,0.017544,0
1983176,0.016746,0
1853459,0.010432,0
1979210,0.151292,0
1986288,0.016667,0
1983310,0.010432,0
1977789,0.015,0
1984735,0.016746,0
1983254,0.081197,0
1983362,0.010432,0
1986159,0.017544,0
1965812,0.016746,0
1985795,0.009709,0
1985420,0.03764,0
1977890,0.016746,0
1977044,0.016667,0
1986297,0.015,0
1975348,0.046875,0
1965527,0.071161,0
1976056,0.046875,0
1982880,0.00885,0
1980790,0.0701,0
1986212,0.151292,0
1986303,0.016746,0
1954843,0.003937,0
1986301,0.046875,0
1985267,0.0,0
1440063,0.095541,0
1986190,0.016746,0
1935068,0.0701,0
1981411,0.046875,0
1986314,0.016667,0
1954879,0.03764,0
1986302,0.010432,0
1986333,0.192661,0
1984273,0.022222,0
1986347,0.03764,0
1986351,0.071161,0
1986336,0.016667,0
1986354,0.017544,0
1986356,0.016667,0
1986026,0.081197,0
1986371,0.016746,0
1986377,0.00885,0
1982221,0.00885,0
1985942,0.071161,0
1985955,0.016746,0
1986369,0.010432,0
1986198,0.003319,0
1986278,0.0701,0
1983895,0.0701,0
1976466,0.03764,0
1986329,0.071161,0
1980207,0.0,0
1980728,0.022222,0
1986419,0.015,0
1986391,0.046875,0
1986389,0.03764,0
1986143,0.071161,0
1973316,0.03764,0
1468150,0.046875,0
1963871,0.010432,0
1976505,0.071161,0
1986404,0.03764,0
1983727,0.016667,0
1978888,0.00885,0
1985013,0.046875,0
1984440,0.016667,0
1968915,0.010432,0
1986234,0.003319,0
1983086,0.015,0
1984915,0.015,0
1982625,0.081197,0
1974942,0.071161,0
1986443,0.151292,0
735472,0.095541,0
1950686,0.095541,0
1965510,0.045927,0
1985288,0.003319,0
1985772,0.0701,0
1985521,0.015,0
1986292,0.022222,0
1952459,0.03764,0
1971737,0.071161,0
1985769,0.016746,0
1985126,0.03764,0
1986307,0.046875,0
1986309,0.00885,0
1981910,0.03764,0
1984658,0.003319,0
1986472,0.016667,0
1986466,0.02214,0
1986470,0.010432,0
1971293,0.0701,0
1972158,0.090038,0
1246663,0.022222,0
1986415,0.02214,0
1986482,0.03764,0
1986401,0.071161,0
1986157,0.081197,0
1986430,0.016746,0
1986495,0.0701,0
1986486,0.090038,0
1986498,0.0701,0
1986501,0.0701,0
1985695,0.161698,0
687278,0.00885,0
1958222,0.015,0
1971439,0.016667,0
1986380,0.017544,0
1986513,0.03764,0
1986494,0.00885,0
1978874,0.010432,0
1986505,0.016667,0
1981331,0.03764,0
1986516,0.022222,0
1972970,0.015,0
1984604,0.03764,0
1986191,0.071161,0
1986525,0.03764,0
1986524,0.071161,0
1986254,0.010432,0
1986227,0.081197,0
1979104,0.0701,0
1986406,0.010432,0
1986542,0.095541,0
1986540,0.071161,0
1986461,0.0701,0
1886683,0.022222,0
1986546,0.00885,0
1954358,0.071161,0
1986526,0.071161,0
1974662,0.03764,0
1986183,0.03764,0
1983954,0.016667,0
1985547,0.02214,0
1543513,0.0701,0
1986552,0.03764,0
1986553,0.081197,0
1986558,0.010432,0
1986563,0.003319,0
1986126,0.015,0
1986543,0.071161,0
1986458,0.02214,0
1986452,0.009709,0
1986559,0.071161,0
1986459,0.0701,0
1972675,0.016667,0
1980165,0.071161,0
1986562,0.003319,0
1986576,0.071161,0
1986163,0.016746,0
1972987,0.022222,0
1984840,0.00885,0
1983614,0.016667,0
1979577,0.090038,0
1986595,0.03764,0
1986579,0.081197,0
1986023,0.00885,0
1986594,0.003319,0
1986520,0.03764,0
1986556,0.016667,0
1986583,0.0701,0
1986601,0.02214,0
1986610,0.0701,0
1977366,0.161698,0
1986548,0.016746,0
1986599,0.016667,0
1976412,0.02214,0
1983369,0.016746,0
1986624,0.010432,0
1986122,0.017544,0
1982381,0.016667,0
1975345,0.016746,0
1986604,0.0701,0
1985480,0.010432,0
1978664,0.017544,0
1986620,0.21875,0
1980516,0.022222,0
1986640,0.046875,0
1986633,0.00885,0
1986335,0.0701,0
1986041,0.0701,0
1986602,0.010432,0
1986635,0.016746,0
1974346,0.03764,0
1986652,0.016667,0
1986649,0.0,0
1971455,0.151292,0
1980140,0.03764,0
1986656,0.03764,0
1986661,0.0701,0
1986657,0.003319,0
1986528,0.046875,0
1976029,0.161698,0
1975776,0.071161,0
1986648,0.010432,0
1986685,0.081197,0
1974362,0.00885,0
1986531,0.00885,0
1967975,0.090038,0
1986660,0.0701,0
1986662,0.003937,0
1986689,0.0701,0
1986698,0.016667,0
1986598,0.03764,0
1983629,0.003319,0
1986711,0.03764,0
1986675,0.161698,0
1986706,0.003937,0
1986666,0.016746,0
984925,0.151292,0
1986668,0.046875,0
1986682,0.016667,0
1985051,0.022222,0
1986158,0.009709,0
1985458,0.017544,0
1982912,0.03764,0
1986721,0.0,0
1986258,0.03764,0
1986697,0.016667,0
1986672,0.03764,0
1979474,0.016667,0
1986725,0.0,0
1985533,0.081197,0
1983777,0.010432,0
1981167,0.03764,0
1966773,0.03764,0
1986650,0.199067,0
1986745,0.009709,0
1836919,0.010432,0
1986365,0.03764,0
1986763,0.016746,0
1324875,0.016667,0
1986755,0.071161,0
1985784,0.03764,0
1986752,0.0701,0
1986757,0.071161,0
1986743,0.016746,0
1986769,0.016667,0
1986776,0.00885,0
1981310,0.151292,0
1978574,0.02214,0
1986738,0.161698,0
1986782,0.0701,0
1986759,0.03764,0
1986778,0.015,0
1976907,0.03764,0
1966663,0.015,0
1986589,0.010432,0
1986636,0.071161,0
1976097,0.03764,0
1983801,0.010432,0
1986793,0.010432,0
1981846,0.016746,0
1986397,0.071161,0
1967292,0.016667,0
1986442,0.03764,0
1986408,0.0701,0
1982807,0.010432,0
1985169,0.0701,0
1986612,0.046875,0
1983559,0.0701,0
1975961,0.15493,0
1986200,0.0701,0
1972318,0.0701,0
1986787,0.090038,0
1975289,0.03764,0
1986098,0.0701,0
1986422,0.151292,0
1976991,0.003937,0
1986659,0.03764,0
1980368,0.03764,0
1986799,0.017544,0
1972350,0.03764,0
1986777,0.0701,0
1642627,0.010432,0
1986796,0.071161,0
1986753,0.0,0
1982162,0.071161,0
1986765,0.081197,0
1241107,0.0701,0
1986741,0.010432,0
1981561,0.071161,0
1981238,0.03764,0
1984953,0.071161,0
1986775,0.016667,0
1977245,0.00885,0
1984699,0.071161,0
1986783,0.03764,0
1986823,0.010432,0
1986839,0.071429,0
1979674,0.03764,0
1986454,0.107884,0
1986108,0.071161,0
1986846,0.046875,0
1986836,0.015,0
1985870,0.016667,0
1974900,0.03764,0
1986817,0.010432,0
1986868,0.010432,0
1983768,0.071161,0
1986825,0.090038,0
1986866,0.03764,0
1986858,0.03764,0
1986850,0.03764,0
1986869,0.010432,0
1983148,0.016746,0
1986717,0.03764,0
1986872,0.03764,0
1986880,0.00885,0
1986890,0.03764,0
1984395,0.016746,0
1986876,0.02214,0
1986888,0.02214,0
1985320,0.161698,0
1986517,0.090038,0
1986889,0.03764,0
1986863,0.071161,0
1986901,0.151292,0
1984966,0.071429,0
1981367,0.016746,0
1985851,0.046875,0
1984640,0.071161,0
1945246,0.090038,0
1986895,0.03764,0
1986471,0.03764,0
1986822,0.071161,0
1986004,0.071161,0
1986784,0.03764,0
1986567,0.03764,0
1986723,0.02214,0
1983000,0.003937,0
1981904,0.010432,0
1986286,0.00885,0
1986735,0.003319,0
1986884,0.010432,0
1986898,0.046875,0
1984556,0.161698,0
1986663,0.03764,0
1983402,0.010432,0
1986861,0.016667,0
1986900,0.03764,0
1961971,0.03764,0
1986902,0.071161,0
1986920,0.017544,0
1986907,0.03764,0
1986357,0.009709,0
1986933,0.00885,0
1985285,0.0701,0
1984341,0.0701,0
1986566,0.0701,0
1968642,0.0,0
1986253,0.071161,0
1977912,0.022222,0
1976523,0.016746,0
1986944,0.010432,0
1974613,0.016746,0
1986949,0.016746,0
1983781,0.016746,0
1986958,0.03764,0
1983998,0.02214,0
1986966,0.017544,0
1986967,0.003319,0
1986971,0.010432,0
1986970,0.081197,0
1979482,0.03764,0
1986957,0.022222,0
1978131,0.03764,0
1986980,0.095541,0
1986950,0.009709,0
1810363,0.08,0
1986989,0.003937,0
1986981,0.0701,0
1986959,0.081197,0
1986587,0.071161,0
1986954,0.151292,0
1986875,0.017544,0
1986964,0.010432,0
1986987,0.010432,0
1983947,0.03764,0
1975770,0.071161,0
1986993,0.016746,0
1986877,0.016667,0
1984365,0.016746,0
1986909,0.010432,0
1986758,0.03764,0
1986992,0.0701,0
1986996,0.03764,0
1986968,0.015,0
1961270,0.015,0
734308,0.046875,0
1977142,0.00885,0
1987000,0.00885,0
1983370,0.017544,0
1975222,0.016667,0
1987002,0.03764,0
1987004,0.017544,0
1987009,0.003319,0
1986998,0.071161,0
1987019,0.016667,0
1987013,0.022222,0
1987026,0.017544,0
1986821,0.016746,0
1986570,0.003937,0
1985088,0.03764,0
1986549,0.015,0
1987030,0.016667,0
1987047,0.090038,0
1984173,0.02214,0
1987031,0.003937,0
1986012,0.151292,0
1951417,0.010432,0
1986438,0.090038,0
1987034,0.046875,0
1581340,0.081197,0
1987042,0.03764,0
1679592,0.071161,0
1987048,0.003937,0
1295815,0.016746,0
1987059,0.08,0
1973107,0.016746,0
1987053,0.0,0
1977036,0.0701,0
1984981,0.0701,0
1987044,0.081197,0
1983137,0.003937,0
1986749,0.00885,0
1973211,0.151292,0
1987076,0.0701,0
1982363,0.016667,0
1978978,0.016667,0
1987078,0.016667,0
1986840,0.010432,0
1987074,0.03764,0
1987032,0.003319,0
1979852,0.010432,0
1987090,0.022222,0
1975269,0.017544,0
1987080,0.015,0
1987067,0.046875,0
1987073,0.071161,0
1986881,0.016746,0
1976197,0.071161,0
1953880,0.071161,0
1975512,0.107884,0
1981547,0.0701,0
1986999,0.03764,0
1982423,0.03764,0
1986791,0.016746,0
1980025,0.0701,0
1973186,0.0701,0
1986935,0.016667,0
1986988,0.010432,0
1987111,0.02214,0
1985774,0.015,0
1987099,0.00885,0
1987110,0.015,0
1972812,0.03764,0
1981746,0.071161,0
1987113,0.003319,0
1987109,0.071161,0
1987103,0.0701,0
1987121,0.015,0
1977641,0.010432,0
1987128,0.003319,0
1987129,0.02214,0
1987135,0.010432,0
1976815,0.0701,0
1987092,0.003937,0
1984587,0.010432,0
1987138,0.02214,0
1987140,0.003319,0
1978576,0.03764,0
1981045,0.010432,0
1092973,0.046875,0
1983548,0.071161,0
1987142,0.016746,0
1987146,0.003319,0
1987107,0.0,0
974738,0.08,0
1968160,0.095541,0
1986621,0.003937,0
1987157,0.010432,0
1986090,0.081197,0
1972653,0.03764,0
1987169,0.071161,0
1987162,0.161698,0
1987132,0.009709,0
1987126,0.03764,0
1987156,0.016667,0
1983914,0.071161,0
1987119,0.017544,0
1987149,0.0701,0
1987160,0.016746,0
1947877,0.151292,0
1976500,0.071161,0
1987170,0.009709,0
1987165,0.046875,0
1987164,0.071161,0
1985538,0.009709,0
1987192,0.022222,0
1987173,0.03764,0
1987177,0.090038,0
1987131,0.016667,0
1987150,0.0701,0
1975086,0.016667,0
1985716,0.016667,0
1346264,0.022222,0
1987190,0.03764,0
1980927,0.009709,0
1987203,0.003937,0
1977143,0.015,0
1987139,0.046875,0
1987187,0.03764,0
1987178,0.009709,0
1987198,0.046875,0
1986780,0.0701,0
1987017,0.016667,0
1987147,0.00885,0
1978235,0.151292,0
1987206,0.03764,0
1986925,0.003319,0
1987220,0.107884,0
1977723,0.046875,0
1985502,0.02214,0
1987214,0.010432,0
1987014,0.03764,0
1976044,0.010432,0
1986716,0.015,0
1985183,0.010432,0
1897141,0.03764,0
1987105,0.003319,0
1968308,0.071161,0
1987223,0.03764,0
1969488,0.03764,0
1982484,0.0701,0
1987230,0.0,0
1987189,0.003319,0
1987233,0.003319,0
1982279,0.016746,0
1987208,0.161698,0
1986833,0.0701,0
1972806,0.03764,0
1983354,0.03764,0
1985816,0.003319,0
1987265,0.03764,0
1987256,0.02214,0
1987254,0.02214,0
1984636,0.022222,0
1987215,0.016746,0
1986815,0.010432,0
1974316,0.090038,0
1987269,0.0,0
1985950,0.071161,0
1987159,0.010432,0
1973081,0.03764,0
1987293,0.010432,0
1987184,0.016746,0
1987296,0.0701,0
1987196,0.003319,0
1985142,0.161698,0
1975823,0.161698,0
1970575,0.151292,0
1987312,0.071161,0
1986936,0.161698,0
1987278,0.010432,0
1987249,0.003319,0
1987305,0.015,0
1987281,0.0701,0
1979279,0.016746,0
1981321,0.016746,0
1979055,0.090038,0
1987330,0.010432,0
1987315,0.016746,0
1987311,0.016667,0
1973574,0.03764,0
1987319,0.02214,0
1987355,0.022222,0
1983815,0.081197,0
1972971,0.081197,0
1987277,0.03764,0
1987339,0.071161,0
1987272,0.010432,0
1975565,0.15493,0
1987379,0.02214,0
1987341,0.017544,0
1982058,0.00885,0
1985287,0.151292,0
1985303,0.03764,0
1987264,0.003937,0
1984184,0.151292,0
1987384,0.0701,0
1987400,0.03764,0
1987386,0.02214,0
1976435,0.03764,0
1987314,0.046875,0
1987350,0.0701,0
1987404,0.03764,0
1987411,0.071161,0
1987422,0.016667,0
1986737,0.003319,0
1987325,0.003937,0
1987287,0.081197,0
1981774,0.0701,0
1985383,0.199593,0
1963029,0.003937,0
1865752,0.016667,0
1984404,0.010432,0
1986383,0.02214,0
1984529,0.017544,0
1981730,0.071161,0
1975429,0.071161,0
1977178,0.08,0
1987435,0.016667,0
1987426,0.081197,0
1987413,0.03764,0
1982615,0.003937,0
1987348,0.017544,0
1987415,0.015,0
1987313,0.016746,0
1986426,0.0,0
1987443,0.071161,0
1982595,0.046875,0
1987434,0.009709,0
1978082,0.015,0
1987460,0.071161,0
1987364,0.016667,0
1985298,0.016667,0
1987451,0.003319,0
1986865,0.016746,0
1987390,0.03764,0
1987385,0.016746,0
1972476,0.009709,0
1987557,0.03764,0
1987596,0.00885,0
1987403,0.03764,0
1987636,0.0701,0
1970374,0.003319,0
1976082,0.016746,0
1987552,0.017544,0
1983907,0.03764,0
1987493,0.071161,0
1987496,0.02214,0
1987520,0.016667,0
1987540,0.016746,0
1987655,0.03764,0
1987541,0.003937,0
1987463,0.016746,0
1987500,0.02214,0
1987533,0.0701,0
1987660,0.03764,0
1987488,0.0,0
1987746,0.016667,0
1987476,0.071161,0
1987610,0.016667,0
1987498,0.003319,0
1987703,0.016667,0
1987593,0.016667,0
1987453,0.254217,0
1987571,0.00885,0
1987631,0.016746,0
1987517,0.00885,0
1987585,0.0701,0
1987736,0.009709,0
1987652,0.015,0
1987565,0.0701,0
1987558,0.02214,0
1987553,0.003319,0
1987549,0.071161,0
1987522,0.003319,0
1689675,0.03764,0
1969704,0.03764,0
1987550,0.038868,0
1987634,0.0701,0
1987584,0.017544,0
1987492,0.0701,0
1987772,0.016746,0
1987730,0.016746,0
1987461,0.081197,0
1987638,0.0701,0
1987649,0.071161,0
1984755,0.015,0
1981034,0.071161,0
1987783,0.03764,0
1985529,0.003319,0
1987519,0.003937,0
1987583,0.00885,0
1987683,0.016667,0
1987691,0.003937,0
1987802,0.02214,0
1987645,0.071161,0
1987514,0.017544,0
1984311,0.0701,0
1987734,0.071161,0
1987751,0.017544,0
1987790,0.010432,0
1978394,0.071161,0
1987743,0.010432,0
1987768,0.03764,0
1987642,0.03764,0
1987714,0.046875,0
1987455,0.003319,0
1987559,0.071161,0
1987793,0.03764,0
1987481,0.016667,0
1987669,0.016746,0
1987712,0.03764,0
1987835,0.03764,0
1987821,0.015,0
1987732,0.016746,0
1987334,0.071161,0
1987704,0.017544,0
1987850,0.00885,0
1987847,0.015,0
1987721,0.046875,0
1987654,0.046875,0
1987864,0.010432,0
1987548,0.009709,0
1973450,0.199067,0
1972983,0.016667,0
1987858,0.046875,0
1987855,0.0701,0
1987867,0.0,0
1987845,0.0701,0
1987072,0.151292,0
1985083,0.071161,0
1987774,0.016746,0
1987884,0.015,0
1986547,0.003937,0
1987750,0.015,0
1986521,0.016746,0
1987792,0.016667,0
1986440,0.03764,0
1987804,0.010432,0
1987888,0.03764,0
1987900,0.00885,0
1987894,0.0701,0
1987477,0.03764,0
1987898,0.010432,0
1987337,0.003319,0
1987346,0.071161,0
1972785,0.016667,0
1985522,0.016667,0
1987279,0.161698,0
1987749,0.022222,0
1982317,0.161698,0
1987414,0.02214,0
1987765,0.0701,0
1987913,0.081197,0
1987902,0.03764,0
1987919,0.02214,0
1986724,0.010432,0
1987844,0.010432,0
1987914,0.0701,0
1973967,0.02214,0
1987166,0.0701,0
1987924,0.010432,0
1984884,0.03764,0
1987356,0.0701,0
1987298,0.003319,0
1987949,0.003319,0
1976917,0.071161,0
1987616,0.00885,0
1986448,0.071161,0
1987934,0.03764,0
1987941,0.016746,0
1977177,0.03764,0
1987953,0.010432,0
1987925,0.016667,0
1987535,0.016667,0
1972871,0.046875,0
1987954,0.003319,0
1974517,0.0701,0
1984405,0.016746,0
1987972,0.081197,0
1983630,0.016667,0
1807874,0.022222,0
1987969,0.046875,0
1607075,0.071161,0
1987986,0.0701,0
1987690,0.016746,0
1986492,0.016667,0
1987985,0.03764,0
1983279,0.046875,0
1987950,0.02214,0
1975167,0.017544,0
1987992,0.0701,0
1987698,0.009709,0
1987930,0.00885,0
1987929,0.03764,0
1987613,0.016667,0
1987999,0.095541,0
1987982,0.00885,0
1973132,0.071161,0
1987456,0.03764,0
1433405,0.016746,0
1987788,0.010432,0
1922804,0.003319,0
1987317,0.003937,0
1988006,0.015,0
1988015,0.071161,0
1988012,0.03764,0
1987979,0.046875,0
1988021,0.017544,0
1988019,0.010432,0
1972817,0.161698,0
1988025,0.003319,0
1988027,0.107884,0
1984104,0.081197,0
1981767,0.071161,0
1988040,0.016667,0
1988042,0.003319,0
1981250,0.0701,0
1970583,0.0701,0
1988047,0.03764,0
1988051,0.016746,0
1987367,0.0701,0
1988063,0.016667,0
1974164,0.0701,0
1986134,0.02214,0
1976363,0.010432,0
1988065,0.03764,0
1953272,0.03764,0
1985208,0.00885,0
1987430,0.0,0
1986703,0.03764,0
1987327,0.015,0
1985995,0.161698,0
1985988,0.03764,0
1986832,0.03764,0
1985564,0.071161,0
1987068,0.010432,0
1980209,0.010432,0
1988088,0.00885,0
1975894,0.071161,0
1263145,0.017544,0
1986226,0.0701,0
1983349,0.03764,0
1986294,0.046875,0
1983389,0.016746,0
1985991,0.0701,0
1673141,0.016746,0
1981416,0.003319,0
1981073,0.010432,0
1988105,0.016667,0
1972712,0.0701,0
1987439,0.071161,0
1981583,0.016667,0
1986916,0.003319,0
1988121,0.151292,0
1976047,0.151292,0
1988104,0.010432,0
1970588,0.0701,0
1988124,0.151292,0
1986696,0.010432,0
1988028,0.010432,0
1987227,0.046875,0
1988115,0.081197,0
1986080,0.003319,0
1962171,0.095541,0
1988129,0.046875,0
1979960,0.0701,0
1988144,0.03764,0
1988155,0.03764,0
1987235,0.016746,0
1988134,0.016746,0
1983854,0.161698,0
1988151,0.071161,0
1988140,0.009709,0
1988158,0.022222,0
1859918,0.081197,0
1988102,0.03764,0
1987880,0.017544,0
1982657,0.0701,0
1971152,0.003937,0
1835047,0.03764,0
1986873,0.009709,0
1977443,0.010432,0
1988192,0.003319,0
1988201,0.0701,0
1956848,0.0701,0
1628655,0.071161,0
1983807,0.0,0
1966868,0.016746,0
1975370,0.016667,0
1983806,0.081197,0
1971844,0.03764,0
1988215,0.081197,0
1972802,0.03764,0
1987328,0.003319,0
1987243,0.0701,0
1972961,0.046875,0
1973778,0.03764,0
1988226,0.010432,0
1978926,0.016746,0
1988208,0.010432,0
1988231,0.00885,0
1984897,0.010432,0
1978688,0.071161,0
1986568,0.081197,0
1986063,0.095541,0
1988240,0.161698,0
1988244,0.081197,0
1988230,0.03764,0
1988236,0.03764,0
1783126,0.00885,0
1988245,0.151292,0
1988257,0.010432,0
1988259,0.00885,0
1988247,0.00885,0
1978315,0.015,0
1977009,0.017544,0
1988256,0.016746,0
1790000,0.03764,0
1986487,0.0701,0
1972959,0.081197,0
1955015,0.016667,0
1988277,0.00885,0
1954648,0.010432,0
1988272,0.0,0
1819250,0.009709,0
1988291,0.016746,0
1988293,0.0701,0
1988280,0.010432,0
1988251,0.03764,0
1988276,0.00885,0
1968103,0.016667,0
1987432,0.0701,0
1988322,0.0701,0
1988287,0.00885,0
1973219,0.00885,0
1983963,0.03764,0
1988333,0.003937,0
1978469,0.02214,0
1988296,0.010432,0
1988329,0.003937,0
1988355,0.00885,0
1988321,0.03764,0
664235,0.03764,0
1986541,0.00885,0
1081671,0.046875,0
1983828,0.151292,0
1988313,0.03764,0
1988341,0.02214,0
1987815,0.071161,0
1975784,0.071161,0
1988362,0.03764,0
1987041,0.071161,0
1987580,0.003319,0
1988390,0.016746,0
1988397,0.046875,0
1987167,0.03764,0
1988398,0.016667,0
1972164,0.016746,0
1987387,0.00885,0
1986972,0.010432,0
1972315,0.161698,0
1988414,0.017544,0
1981852,0.071161,0
1988378,0.010432,0
1988435,0.022222,0
1670871,0.090038,0
1988300,0.022222,0
1978205,0.046875,0
1988210,0.003319,0
1988391,0.03764,0
1988396,0.022222,0
1988443,0.071161,0
1988380,0.0,0
1988445,0.046875,0
1988468,0.046875,0
1988472,0.00885,0
1988439,0.03764,0
1983488,0.03764,0
1988463,0.071161,0
1988478,0.016746,0
1988485,0.003319,0
1988359,0.016667,0
1986732,0.016667,0
1986042,0.02214,0
1980865,0.071161,0
1988212,0.03764,0
1979779,0.010432,0
1988347,0.046875,0
1988479,0.003319,0
1988490,0.017544,0
1980727,0.02214,0
1988508,0.0,0
1988501,0.003319,0
1988518,0.016746,0
1986519,0.199593,0
1985682,0.03764,0
1969758,0.081197,0
1969692,0.03764,0
1988504,0.003319,0
1987707,0.03764,0
1988497,0.02214,0
1976434,0.0701,0
1988538,0.0,0
1988548,0.0701,0
1974790,0.046875,0
1987428,0.0701,0
1988557,0.0701,0
1988442,0.010432,0
1979973,0.003319,0
1988177,0.071161,0
1988413,0.03764,0
1988570,0.0701,0
1988560,0.071161,0
1988579,0.02214,0
1987210,0.016667,0
1988429,0.00885,0
1984205,0.017544,0
1986467,0.090038,0
1988585,0.03764,0
1988024,0.003937,0
1988599,0.0701,0
1887386,0.0701,0
1988587,0.022222,0
1988565,0.02214,0
1980395,0.016746,0
1988616,0.081197,0
1988608,0.010432,0
1988612,0.010432,0
1988617,0.071161,0
1987810,0.003319,0
1974461,0.151292,0
1976834,0.010432,0
1986550,0.010432,0
1986628,0.016667,0
1987064,0.0701,0
1988369,0.046875,0
1988339,0.0,0
1988622,0.03764,0
1988606,0.003937,0
1986125,0.016746,0
1988626,0.107884,0
1987431,0.003319,0
1988653,0.071429,0
1963236,0.02214,0
1988648,0.016746,0
1764222,0.0701,0
1986772,0.0701,0
1988660,0.016667,0
1983034,0.00885,0
1988658,0.016746,0
1968150,0.0701,0
1988620,0.03764,0
1988663,0.046875,0
1986646,0.016746,0
1988406,0.03764,0
1988316,0.071429,0
1987859,0.022222,0
1986475,0.010432,0
1988666,0.02214,0
1988627,0.03764,0
1988665,0.03764,0
1988519,0.071161,0
1987970,0.015,0
1988682,0.03764,0
1987916,0.107884,0
1987829,0.003319,0
1979434,0.151292,0
1988053,0.03764,0
1988677,0.010432,0
1941071,0.03764,0
1988697,0.00885,0
1988180,0.0701,0
1988701,0.0,0
1980228,0.017544,0
1988668,0.071161,0
1988690,0.081197,0
1988523,0.003319,0
1988709,0.03764,0
1988642,0.02214,0
1982309,0.0701,0
1988713,0.010432,0
1988707,0.0701,0
1988728,0.161698,0
1988705,0.016667,0
1988698,0.016746,0
1988716,0.009709,0
1988706,0.0701,0
1987425,0.016746,0
1964721,0.02214,0
1981496,0.03764,0
1968852,0.003937,0
1987112,0.046875,0
1988710,0.071161,0
1988715,0.0701,0
1988555,0.016667,0
1988729,0.010432,0
1988712,0.03764,0
1988723,0.03764,0
1985222,0.046875,0
1988733,0.03764,0
1988739,0.02214,0
1988751,0.03764,0
1987058,0.081197,0
1988702,0.02214,0
1968170,0.016746,0
1976899,0.071161,0
1988270,0.010432,0
1988747,0.016746,0
1988762,0.0701,0
1988737,0.016746,0
1986398,0.03764,0
1988767,0.003319,0
1988772,0.046875,0
1988765,0.151292,0
1988795,0.081197,0
1988787,0.003319,0
1988695,0.00885,0
1988806,0.071161,0
1986824,0.015,0
1988803,0.010432,0
1988217,0.02214,0
564493,0.03764,0
1970115,0.046875,0
1978236,0.016746,0
1988558,0.016746,0
1988817,0.0701,0
1988515,0.016667,0
1988821,0.0701,0
1988681,0.003937,0
1988807,0.02214,0
1987809,0.010432,0
1988838,0.095541,0
1986116,0.016746,0
1988678,0.016746,0
1988842,0.081197,0
1987885,0.02214,0
1986730,0.071161,0
1988830,0.016667,0
1988825,0.00885,0
1988848,0.03764,0
1988451,0.0701,0
1988786,0.016667,0
1988840,0.03764,0
1988853,0.00885,0
1988793,0.016667,0
1988863,0.016746,0
1988858,0.00885,0
1986201,0.0701,0
1988864,0.046875,0
1988850,0.00885,0
1988243,0.03764,0
1988855,0.071161,0
1988870,0.090038,0
1987082,0.00885,0
1981042,0.02214,0
1988869,0.016746,0
1987458,0.010432,0
1988866,0.010432,0
1987033,0.010432,0
1988875,0.081197,0
1988911,0.081197,0
1979354,0.15493,0
1988893,0.003319,0
1988148,0.016746,0
1988937,0.0701,0
1988921,0.0701,0
1988822,0.071161,0
1986627,0.016746,0
1983818,0.03764,0
1988927,0.015,0
1988930,0.00885,0
1988629,0.003319,0
1988824,0.071161,0
1988961,0.0701,0
1971995,0.03764,0
1981040,0.046875,0
1988949,0.015,0
1988951,0.0701,0
1984452,0.00885,0
1988967,0.016746,0
1988908,0.017544,0
1988919,0.003937,0
1988932,0.0701,0
1988033,0.00885,0
1988936,0.0701,0
1981301,0.071161,0
1988968,0.081197,0
1988966,0.00885,0
1978805,0.00885,0
1988985,0.03764,0
1988976,0.03764,0
1988854,0.017544,0
1988916,0.02214,0
1988989,0.095541,0
1986499,0.071161,0
1987651,0.03764,0
1973146,0.081197,0
1988994,0.046875,0
1988964,0.017544,0
1971665,0.090038,0
1988982,0.071161,0
1969905,0.02214,0
1988820,0.151292,0
1987193,0.010432,0
1970967,0.015,0
1989013,0.02214,0
1985630,0.003319,0
1981093,0.046875,0
1988676,0.03764,0
1964629,0.016667,0
1988860,0.003319,0
1986686,0.03764,0
1989026,0.0,0
1988990,0.010432,0
1947032,0.161698,0
1971492,0.046875,0
1987834,0.015,0
1989021,0.199067,0
1988999,0.0701,0
1989031,0.022222,0
1989027,0.03764,0
1939906,0.0701,0
1989052,0.081197,0
1989041,0.00885,0
1988343,0.081197,0
1989040,0.016746,0
1989032,0.02214,0
1981796,0.03764,0
1988894,0.071161,0
1988810,0.071161,0
1987373,0.071161,0
1984565,0.03764,0
1988913,0.151292,0
1989043,0.003319,0
1989068,0.017544,0
1989057,0.015,0
1989059,0.017544,0
1988566,0.003319,0
1987362,0.071161,0
1989085,0.00885,0
1975445,0.016667,0
1985973,0.003319,0
1989098,0.0701,0
1989073,0.071161,0
1989035,0.151292,0
1989089,0.003319,0
1989091,0.02214,0
1989005,0.071161,0
1989069,0.010432,0
1988754,0.081197,0
1989097,0.016667,0
1989011,0.03764,0
1988998,0.071161,0
1988889,0.151292,0
1988906,0.010432,0
1988314,0.0701,0
1918064,0.03764,0
1988841,0.090038,0
1988965,0.046875,0
1989099,0.009709,0
1989100,0.00885,0
1989107,0.022222,0
1980543,0.03764,0
1988948,0.02214,0
1988720,0.017544,0
1986658,0.022222,0
1988971,0.003319,0
1988254,0.00885,0
1987673,0.010432,0
1981575,0.010432,0
1989087,0.02214,0
1988934,0.010432,0
1987326,0.0701,0
1982879,0.071161,0
1989126,0.003319,0
1982388,0.03764,0
700002,0.081197,0
1984180,0.00885,0
1977705,0.0701,0
1987789,0.0701,0
1989015,0.095541,0
1989034,0.016667,0
1989133,0.016667,0
1988996,0.0701,0
1988959,0.016746,0
1988941,0.003319,0
1988956,0.03764,0
1989131,0.003937,0
1989135,0.009709,0
1971317,0.03764,0
1986046,0.081197,0
1988433,0.071161,0
1989140,0.010432,0
1989144,0.161698,0
1975431,0.0701,0
1989149,0.016746,0
1988568,0.00885,0
1989156,0.016667,0
1989174,0.0701,0
1989124,0.016667,0
1989148,0.010432,0
1989141,0.010432,0
1976624,0.08,0
1984595,0.010432,0
1988691,0.0701,0
1986262,0.081197,0
1987392,0.022222,0
1986399,0.00885,0
1989197,0.010432,0
1989064,0.03764,0
1974592,0.03764,0
1988857,0.016667,0
1986762,0.081197,0
1986841,0.010432,0
1989136,0.03764,0
1989142,0.003937,0
1989168,0.071161,0
1989202,0.03764,0
1978653,0.016746,0
1989181,0.017544,0
1989082,0.010432,0
1986177,0.0701,0
1989189,0.017544,0
1989182,0.03764,0
1989178,0.03764,0
1989175,0.016667,0
1989163,0.010432,0
1989155,0.010432,0
1989153,0.03764,0
1975236,0.02214,0
1989146,0.016667,0
1988512,0.017544,0
1984711,0.015,0
1989216,0.071161,0
1989213,0.016746,0
1989056,0.016746,0
1989198,0.03764,0
1976431,0.015,0
1989207,0.016746,0
1978783,0.02214,0
1989214,0.0701,0
1989208,0.010432,0
1989221,0.046875,0
1988475,0.017544,0
1989219,0.016667,0
1989193,0.010432,0
1989051,0.0701,0
1980990,0.010432,0
1986370,0.03764,0
1981536,0.003319,0
1989200,0.081197,0
1989236,0.015,0
1989137,0.016667,0
1970215,0.016746,0
1989246,0.046875,0
1986802,0.02214,0
1985965,0.071161,0
1989247,0.010432,0
1732499,0.0701,0
1982118,0.151292,0
1972305,0.071161,0
1981983,0.003319,0
1987958,0.016746,0
1985848,0.151292,0
1987323,0.046875,0
1988815,0.016746,0
1719658,0.071161,0
1834247,0.016667,0
1989251,0.010432,0
1989159,0.00885,0
1989253,0.03764,0
1989275,0.010432,0
1974796,0.015,0
1987745,0.03764,0
1989288,0.010432,0
1988778,0.095541,0
1989220,0.0,0
1988186,0.0,0
1989272,0.015,0
1988735,0.016746,0
1987637,0.02214,0
1989273,0.016667,0
1989315,0.02214,0
1989092,0.03764,0
1975677,0.151292,0
1987423,0.03764,0
1988365,0.0701,0
1988536,0.010432,0
1987101,0.017544,0
1989312,0.010432,0
1989169,0.081197,0
1989324,0.107884,0
1988218,0.010432,0
1989166,0.016746,0
1978500,0.016667,0
1987136,0.00885,0
1989319,0.095541,0
1989132,0.03764,0
1974816,0.0701,0
1565423,0.016746,0
1989327,0.015,0
1989339,0.003937,0
1989338,0.017544,0
1989307,0.0701,0
1989317,0.071161,0
1989262,0.016667,0
1989284,0.00885,0
1989350,0.090038,0
1989336,0.016667,0
1989326,0.081197,0
1982514,0.010432,0
1989352,0.00885,0
1989353,0.00885,0
1944297,0.016667,0
1987144,0.03764,0
1984708,0.081197,0
1989245,0.017544,0
1975160,0.071161,0
1971826,0.0701,0
1974378,0.0701,0
1989226,0.016746,0
1981016,0.03764,0
1023937,0.022222,0
1951294,0.0701,0
1988246,0.090038,0
1989297,0.03764,0
1989378,0.022222,0
1987118,0.016746,0
1989075,0.016667,0
1954021,0.03764,0
1984572,0.003319,0
1989369,0.003319,0
1989376,0.151292,0
1989227,0.03764,0
1979178,0.161698,0
1987259,0.081197,0
1985903,0.046875,0
1989396,0.0701,0
1987349,0.010432,0
1989414,0.009709,0
1989050,0.016667,0
1988808,0.046875,0
1989373,0.15493,0
1989405,0.03764,0
1980428,0.095541,0
1984653,0.015,0
1254205,0.081197,0
1979122,0.02214,0
1989417,0.016746,0
1984522,0.0701,0
1989423,0.016746,0
1985201,0.016746,0
1989375,0.03764,0
1984669,0.010432,0
1989429,0.016667,0
1989295,0.016746,0
1980659,0.081197,0
1924306,0.009709,0
1987740,0.02214,0
1975764,0.0701,0
1988473,0.03764,0
1951755,0.071161,0
1989228,0.095541,0
1989444,0.017544,0
1989045,0.161698,0
1988895,0.161698,0
1986789,0.161698,0
1987800,0.03764,0
1989440,0.090038,0
1989442,0.03764,0
1989420,0.010432,0
1988607,0.0701,0
1972538,0.010432,0
1989453,0.03764,0
1985904,0.071161,0
1989400,0.016746,0
1989471,0.009709,0
1979963,0.081197,0
1969824,0.071161,0
1989472,0.03764,0
1978241,0.03764,0
1982222,0.071161,0
1989437,0.03764,0
1989479,0.017544,0
1988741,0.151292,0
1987861,0.071161,0
1981706,0.0701,0
1989464,0.017544,0
1989473,0.02214,0
1989454,0.00885,0
1988938,0.03764,0
1989419,0.03764,0
1979127,0.016746,0
1989498,0.016667,0
1978703,0.016746,0
1984432,0.017544,0
1989468,0.010432,0
1980561,0.016746,0
1989466,0.0,0
1989192,0.071161,0
1989527,0.071161,0
1979667,0.071161,0
1989480,0.015,0
1989530,0.0701,0
1989106,0.02214,0
1989507,0.02214,0
1989505,0.03764,0
1989493,0.03764,0
1989514,0.010432,0
1986733,0.081197,0
1989511,0.017544,0
1987819,0.010432,0
1977835,0.071161,0
1988392,0.010432,0
1983728,0.00885,0
1989546,0.03764,0
1982306,0.03764,0
1989528,0.0701,0
1989508,0.016667,0
1989460,0.081197,0
1989533,0.071161,0
1981449,0.016746,0
1989183,0.046875,0
1978562,0.02214,0
1989554,0.151292,0
1989127,0.081197,0
1978473,0.03764,0
1987988,0.010432,0
1989566,0.015,0
1989549,0.0,0
1989548,0.003319,0
1989463,0.046875,0
1978683,0.03764,0
1988904,0.03764,0
1989541,0.015,0
1985917,0.022222,0
1979294,0.03764,0
1989576,0.016667,0
1987335,0.016746,0
1989569,0.016746,0
1986350,0.03764,0
1989564,0.046875,0
1987263,0.0701,0
1979515,0.0701,0
1989565,0.02214,0
1989467,0.0701,0
1989613,0.017544,0
1981499,0.010432,0
1989592,0.03764,0
1989615,0.02214,0
1977897,0.016746,0
1370223,0.016667,0
1987767,0.03764,0
1989614,0.03764,0
1989618,0.00885,0
1966411,0.046875,0
1989365,0.02214,0
1980382,0.016746,0
1986707,0.017544,0
1989555,0.016667,0
1989491,0.03764,0
1989619,0.03764,0
1988258,0.015,0
1989623,0.016667,0
1979891,0.071161,0
1982634,0.0701,0
1989597,0.0701,0
1989422,0.016667,0
1989415,0.03764,0
1989523,0.016746,0
1979942,0.071161,0
1982476,0.016746,0
1989524,0.015,0
1989660,0.010432,0
1988220,0.071161,0
1988050,0.016667,0
1989643,0.046875,0
1987554,0.016667,0
1989500,0.00885,0
1989585,0.010432,0
1989663,0.0,0
1989644,0.010432,0
1989680,0.071161,0
1989645,0.03764,0
1989610,0.003319,0
1989655,0.003937,0
1989675,0.003937,0
1979713,0.090038,0
1989646,0.003319,0
1980922,0.00885,0
1989595,0.0,0
1989688,0.010432,0
1989661,0.010432,0
1989697,0.015,0
1989659,0.0,0
1989693,0.016746,0
1986805,0.016746,0
1989689,0.00885,0
1989699,0.071161,0
1989243,0.071161,0
1989599,0.016667,0
1989678,0.003319,0
1989733,0.016746,0
1989671,0.010432,0
1989719,0.010432,0
1989458,0.0701,0
1989668,0.0701,0
1989729,0.015,0
1989739,0.003319,0
1509508,0.090038,0
1972586,0.010432,0
1989605,0.003319,0
1987662,0.046875,0
1986024,0.016667,0
1989776,0.010432,0
1989715,0.003319,0
1989752,0.016746,0
1978660,0.03764,0
1989791,0.003319,0
1988488,0.003319,0
1989756,0.03764,0
1989742,0.003319,0
1989743,0.003319,0
1989439,0.016667,0
1989757,0.003319,0
1989748,0.003319,0
1983330,0.010432,0
1989769,0.010432,0
1989686,0.046875,0
1989770,0.03764,0
1989763,0.071161,0
1989793,0.00885,0
1989786,0.010432,0
1989787,0.010432,0
1989815,0.016667,0
1989687,0.081197,0
1989735,0.003319,0
1989745,0.003937,0
1989862,0.00885,0
1989765,0.0701,0
1989721,0.003319,0
1988954,0.081197,0
1989747,0.010432,0
1989705,0.017544,0
1989730,0.003319,0
1989764,0.016746,0
1989820,0.03764,0
1979160,0.02214,0
1989789,0.03764,0
1989698,0.022222,0
1989727,0.003319,0
1989829,0.003319,0
1978454,0.02214,0
1982181,0.03764,0
1989740,0.003319,0
1989634,0.010432,0
1986882,0.081197,0
1989861,0.003319,0
1989830,0.0701,0
1978808,0.071161,0
1989891,0.00885,0
1989845,0.010432,0
1989859,0.003319,0
1787421,0.081197,0
1989009,0.016746,0
1989563,0.0701,0
1989725,0.022222,0
1989886,0.022222,0
1989908,0.02214,0
1978495,0.03764,0
1989844,0.0701,0
1989885,0.016746,0
1989914,0.016746,0
1989823,0.03764,0
1989907,0.0701,0
1989924,0.016746,0
1978152,0.081197,0
1977922,0.046875,0
1985952,0.016746,0
1989868,0.046875,0
1984872,0.03764,0
1979808,0.010432,0
1985445,0.0701,0
1989684,0.010432,0
1989858,0.0,0
1963210,0.02214,0
1979480,0.010432,0
1989798,0.003937,0
1989933,0.003937,0
1989932,0.022222,0
1986947,0.071161,0
1989945,0.016746,0
1927535,0.151292,0
1985764,0.017544,0
1987239,0.03764,0
1989929,0.016667,0
1989775,0.003319,0
1989492,0.090038,0
1989882,0.009709,0
1989965,0.003319,0
1988805,0.071161,0
1989976,0.071161,0
1989906,0.003319,0
1989957,0.03764,0
1989822,0.0,0
1989962,0.016746,0
1989963,0.016667,0
1989980,0.071161,0
1989904,0.046875,0
1989572,0.0,0
1989758,0.003319,0
1987174,0.03764,0
1989968,0.03764,0
1989985,0.03764,0
1977796,0.016746,0
1989425,0.0701,0
1989392,0.00885,0
1989979,0.00885,0
1989987,0.016746,0
1989956,0.161698,0
1988833,0.046875,0
1990030,0.016746,0
1990000,0.003319,0
1990008,0.095541,0
1983447,0.016746,0
1989927,0.010432,0
1990015,0.009709,0
1990025,0.00885,0
1990011,0.071161,0
1990032,0.03764,0
1986586,0.016746,0
1990060,0.016746,0
1990039,0.003319,0
1988458,0.016746,0
1989941,0.03764,0
1990042,0.015,0
1990010,0.016667,0
1990019,0.0701,0
1990035,0.003937,0
1989973,0.010432,0
1989970,0.022222,0
1990054,0.03764,0
1989865,0.015,0
1981317,0.03764,0
1990081,0.010432,0
1979725,0.03764,0
1990018,0.095541,0
1039129,0.151292,0
1990076,0.016746,0
1989681,0.0701,0
1990057,0.016667,0
1989993,0.071161,0
1990074,0.016667,0
1990009,0.071161,0
1990068,0.0701,0
1990079,0.016667,0
1990002,0.03764,0
1990109,0.0,0
1989077,0.081197,0
1978228,0.02214,0
1990105,0.071161,0
1990106,0.016667,0
1990078,0.016667,0
1986892,0.016667,0
1987452,0.003319,0
1989913,0.009709,0
1990021,0.071161,0
1985157,0.022222,0
1990064,0.02214,0
1976292,0.016746,0
1978882,0.02214,0
1981744,0.003319,0
1910002,0.03764,0
1990111,0.010432,0
1990115,0.071161,0
1990093,0.016667,0
1985708,0.03764,0
1990113,0.0701,0
1990127,0.003319,0
1987036,0.010432,0
1989233,0.03764,0
1979774,0.071161,0
1990134,0.010432,0
1990117,0.03764,0
1990142,0.071161,0
1990108,0.003319,0
1983473,0.0701,0
1990150,0.015,0
1990152,0.003937,0
1990148,0.090038,0
1989774,0.003319,0
1989518,0.010432,0
1989790,0.003319,0
1986712,0.016746,0
1989889,0.071161,0
1989801,0.00885,0
1989873,0.010432,0
1989581,0.00885,0
1987291,0.010432,0
1989961,0.009709,0
1978602,0.02214,0
1989939,0.003319,0
1989807,0.016667,0
1989780,0.003319,0
1987115,0.0701,0
1990149,0.0,0
1989103,0.016746,0
1990163,0.03764,0
1990170,0.003319,0
1990164,0.02214,0
1988431,0.03764,0
1990179,0.016667,0
1990185,0.03764,0
1975583,0.081197,0
1987401,0.071161,0
1990104,0.003319,0
1986973,0.0701,0
1990180,0.071161,0
1990033,0.003319,0
1989119,0.03764,0
1990186,0.0701,0
1983955,0.081197,0
1990062,0.010432,0
1990155,0.016746,0
1990088,0.003319,0
1980590,0.0701,0
1990208,0.003319,0
1980974,0.017544,0
1990189,0.017544,0
1990200,0.0,0
1990226,0.016746,0
1990237,0.003937,0
1990225,0.03764,0
1944919,0.017544,0
1978544,0.0701,0
1990230,0.010432,0
1990220,0.010432,0
1985272,0.016746,0
1990239,0.00885,0
1988418,0.03764,0
1989872,0.010432,0
1990238,0.03764,0
1986740,0.0701,0
1990212,0.03764,0
1990214,0.003319,0
1985949,0.071161,0
1989920,0.003319,0
1989928,0.003319,0
1990166,0.016667,0
1989833,0.003319,0
1989191,0.016667,0
1990229,0.003319,0
1989724,0.003319,0
1990050,0.015,0
1990087,0.016667,0
1990258,0.02214,0
1990271,0.010432,0
1990250,0.0701,0
1990277,0.017544,0
1990282,0.0701,0
1990204,0.010432,0
1989832,0.0701,0
1990242,0.0701,0
1989587,0.254217,0
1989573,0.03764,0
1990281,0.003937,0
1989436,0.081197,0
1989408,0.03764,0
1989393,0.0701,0
1990286,0.071161,0
1978537,0.02214,0
1989381,0.003319,0
1989372,0.0701,0
1990283,0.071161,0
1989367,0.016667,0
1990288,0.03764,0
1989361,0.016667,0
1990292,0.03764,0
1989335,0.081197,0
1627456,0.03764,0
1985989,0.016746,0
1989330,0.199593,0
1989358,0.071161,0
1988837,0.03764,0
1989357,0.081197,0
1989348,0.046875,0
1989347,0.017544,0
1986695,0.081197,0
1989329,0.199067,0
1990280,0.016746,0
1989340,0.03764,0
1990297,0.016667,0
1990287,0.015,0
1990310,0.003937,0
1986449,0.03764,0
1990307,0.017544,0
1990312,0.03764,0
1988987,0.081197,0
1989510,0.016667,0
1989915,0.03764,0
1990324,0.02214,0
1932748,0.090038,0
1990336,0.071161,0
1988912,0.010432,0
1985910,0.0701,0
1985488,0.010432,0
1986295,0.090038,0
1990356,0.010432,0
1989875,0.003319,0
1987060,0.016746,0
1988931,0.010432,0
1990360,0.003937,0
1990367,0.03764,0
1989911,0.03764,0
1935557,0.090038,0
1990373,0.017544,0
1990279,0.016746,0
1989080,0.03764,0
1990309,0.003319,0
1989867,0.015,0
1990377,0.071161,0
1990378,0.151292,0
1990400,0.010432,0
1990392,0.0701,0
1989700,0.010432,0
1990390,0.016667,0
1975843,0.071161,0
1990398,0.015,0
1990145,0.010432,0
1990051,0.03764,0
1990420,0.071161,0
1971715,0.02214,0
1990434,0.010432,0
1987370,0.016746,0
1986141,0.03764,0
1990432,0.003319,0
1990348,0.016667,0
1989800,0.003319,0
1989925,0.022222,0
1990439,0.003319,0
1990456,0.090038,0
1989229,0.00885,0
1990207,0.081197,0
1990196,0.016667,0
1988686,0.071161,0
1990477,0.017544,0
1970945,0.003937,0
1989494,0.071161,0
1990460,0.046875,0
1990487,0.03764,0
1987322,0.0701,0
1990490,0.016667,0
1990494,0.0701,0
1990496,0.095541,0
1989234,0.071161,0
1990515,0.003319,0
1990497,0.003319,0
1752787,0.151292,0
1971848,0.017544,0
1989497,0.00885,0
1990510,0.071161,0
1990531,0.03764,0
1990483,0.003319,0
1990545,0.090038,0
1990512,0.0701,0
1990567,0.03764,0
1990529,0.0701,0
1990569,0.016667,0
1990559,0.02214,0
1990555,0.0701,0
1988386,0.016746,0
1990505,0.010432,0
1990598,0.003937,0
1990553,0.010432,0
1990607,0.010432,0
1986977,0.016746,0
1990293,0.022222,0
1990538,0.03764,0
1990514,0.003319,0
1497575,0.090038,0
1743847,0.010432,0
1990509,0.015,0
1990590,0.02214,0
1990520,0.016236,0
1977202,0.009709,0
1989629,0.003319,0
1990638,0.071161,0
1990618,0.0701,0
1988621,0.03764,0
1990536,0.03764,0
1986771,0.003319,0
1990359,0.02214,0
1990633,0.003319,0
1990568,0.071161,0
1990621,0.010432,0
1990636,0.003319,0
1990547,0.0701,0
1990643,0.010432,0
1990586,0.010432,0
1990653,0.016667,0
1990102,0.017544,0
1989263,0.016746,0
1990696,0.095541,0
1990703,0.003319,0
1990679,0.0701,0
1990699,0.010432,0
1990354,0.010432,0
1990710,0.107884,0
1956331,0.03764,0
1990701,0.010432,0
1819900,0.095541,0
1990361,0.003319,0
1990096,0.010432,0
1990720,0.016667,0
1990717,0.03764,0
1982398,0.03764,0
1990716,0.022222,0
1990724,0.0,0
1990671,0.016667,0
1989531,0.016746,0
1987347,0.0701,0
1990737,0.022222,0
1990736,0.003937,0
1990745,0.0701,0
1990689,0.010432,0
1990733,0.0701,0
1956865,0.161698,0
1990676,0.046875,0
1990768,0.090038,0
1990773,0.016746,0
1986147,0.02214,0
1983783,0.071161,0
1990738,0.016746,0
1969848,0.010432,0
1990777,0.016667,0
1990542,0.02214,0
1990740,0.016746,0
1989501,0.0701,0
1593017,0.016667,0
1974849,0.071161,0
1989841,0.016667,0
1990387,0.016667,0
1990789,0.090038,0
1969614,0.017544,0
1988117,0.016746,0
1982145,0.03764,0
1990576,0.016746,0
1989601,0.046875,0
1990072,0.00885,0
1990478,0.010432,0
1716602,0.071161,0
1990748,0.03764,0
1990765,0.071161,0
1990783,0.022222,0
1988290,0.15493,0
1990818,0.016667,0
1989648,0.010432,0
1990798,0.071161,0
1990797,0.010432,0
1990753,0.016667,0
1990819,0.017544,0
1990793,0.107884,0
1988802,0.00885,0
1987910,0.003937,0
1989707,0.015,0
1988852,0.03764,0
1988262,0.010432,0
1990685,0.081197,0
1988103,0.016746,0
1990830,0.015,0
1990682,0.03764,0
1990743,0.03764,0
1990820,0.0701,0
1989509,0.016667,0
1989438,0.003319,0
1990831,0.03764,0
1990782,0.010432,0
1990868,0.090038,0
1990869,0.003937,0
1990808,0.010432,0
1990666,0.03764,0
1990817,0.010432,0
1990877,0.016667,0
1988248,0.071161,0
1990840,0.016746,0
1954597,0.081197,0
1975973,0.015,0
1989289,0.161698,0
1990908,0.03764,0
1932007,0.03764,0
1987984,0.003319,0
1990904,0.003937,0
1990898,0.00885,0
1990905,0.02214,0
1990910,0.03764,0
1990750,0.03764,0
1989762,0.003319,0
1990752,0.010432,0
1990915,0.015,0
1990948,0.151292,0
1990920,0.071161,0
1990122,0.03764,0
1990345,0.0701,0
1983375,0.0,0
1990919,0.00885,0
1990056,0.0701,0
1990943,0.095541,0
1989593,0.03764,0
1990947,0.010432,0
1989550,0.016667,0
1990963,0.03764,0
1990937,0.046875,0
1990881,0.003937,0
1609128,0.02214,0
1990795,0.016667,0
1990988,0.016667,0
1990895,0.016746,0
1990100,0.010432,0
1990578,0.03764,0
1990592,0.0701,0
1976747,0.03764,0
1990067,0.010432,0
1990686,0.009709,0
1990981,0.010432,0
1957895,0.071161,0
1987420,0.003319,0
1989461,0.03764,0
1990300,0.010432,0
1984992,0.003937,0
1978991,0.010432,0
1990660,0.010432,0
1990741,0.071161,0
1990223,0.003937,0
1990841,0.046875,0
1991000,0.071161,0
1990977,0.016746,0
1990976,0.010432,0
1991019,0.03764,0
1991022,0.071161,0
1989540,0.046875,0
1990930,0.03764,0
1985086,0.003937,0
1990968,0.02214,0
1991011,0.03764,0
1991046,0.03764,0
1991065,0.02214,0
1990990,0.199067,0
1765420,0.081197,0
1988483,0.095541,0
1978848,0.022222,0
1990801,0.0701,0
1990347,0.0701,0
1991056,0.003937,0
1990970,0.017544,0
1991029,0.0701,0
1991060,0.016746,0
1972264,0.00885,0
1990771,0.046875,0
1991088,0.161698,0
1990708,0.003319,0
1986298,0.071161,0
1990760,0.081197,0
1991127,0.003319,0
1987191,0.03764,0
1991041,0.003937,0
1990965,0.016746,0
1991123,0.003319,0
1991125,0.081197,0
1991128,0.003319,0
1991147,0.00885,0
1990887,0.03764,0
1991101,0.071161,0
1991097,0.03764,0
1990936,0.00885,0
1988271,0.010432,0
1989959,0.017544,0
1990747,0.016667,0
1991165,0.010432,0
1990889,0.071161,0
1990158,0.003937,0
1991138,0.003937,0
1991151,0.00885,0
1989761,0.003319,0
1991170,0.0701,0
1991176,0.03764,0
1991030,0.081197,0
1990996,0.199593,0
1991168,0.017544,0
1976823,0.071161,0
1991012,0.03764,0
1991177,0.016667,0
1989732,0.003319,0
1988509,0.03764,0
1968890,0.003319,0
1990802,0.071161,0
1991158,0.081197,0
1978763,0.03764,0
1989382,0.081197,0
1991195,0.016746,0
1991104,0.016667,0
1987043,0.081197,0
1990121,0.003319,0
1989459,0.003937,0
1979466,0.0701,0
1991167,0.016746,0
1991081,0.015,0
1989617,0.071161,0
1991105,0.016746,0
1991203,0.016746,0
1991225,0.03764,0
1990850,0.090038,0
1991196,0.071161,0
1991152,0.003319,0
1990640,0.02214,0
1989270,0.071161,0
1976570,0.08,0
1991248,0.017544,0
1990518,0.003937,0
1988142,0.081197,0
1991229,0.003319,0
1991268,0.090038,0
1991274,0.003937,0
1991232,0.03764,0
1990422,0.0,0
1991313,0.199067,0
1991302,0.010432,0
1988641,0.016746,0
1978197,0.016667,0
1991317,0.015,0
1991184,0.151292,0
1991235,0.071161,0
1989044,0.003937,0
1991182,0.071161,0
1991314,0.071161,0
1984422,0.016746,0
1991335,0.03764,0
1988611,0.016746,0
1982100,0.03764,0
1991345,0.0701,0
1991240,0.009709,0
1989383,0.016667,0
1990451,0.010432,0
1988816,0.017544,0
1990599,0.071161,0
1991334,0.00885,0
1990995,0.02214,0
1991074,0.003937,0
1990757,0.03764,0
1987297,0.015,0
1990822,0.151292,0
1984289,0.0701,0
1991111,0.016667,0
1991159,0.0,0
1991291,0.003937,0
1989802,0.003319,0
1987877,0.03764,0
1991359,0.009709,0
1987475,0.010432,0
1991364,0.03764,0
1991245,0.016667,0
1937188,0.090038,0
1646187,0.010432,0
1986867,0.016667,0
1991082,0.0701,0
1988407,0.03764,0
1983752,0.071161,0
1985845,0.016746,0
1991328,0.03764,0
1991387,0.071161,0
1990903,0.03764,0
1991411,0.090038,0
1991272,0.0701,0
1986289,0.016746,0
1968051,0.016667,0
1987271,0.161698,0
1991385,0.03764,0
1975135,0.017544,0
1991413,0.071161,0
1991429,0.03764,0
1991416,0.010432,0
1991412,0.015,0
1991382,0.00885,0
1988773,0.016746,0
1991083,0.022222,0
1989720,0.003319,0
1991408,0.00885,0
1972571,0.071161,0
1991433,0.00885,0
1991419,0.022222,0
1991445,0.03764,0
1991375,0.003937,0
1991428,0.0701,0
1991449,0.0701,0
1991452,0.090038,0
1991438,0.00885,0
1988403,0.016746,0
1991460,0.003319,0
1991389,0.0701,0
1990294,0.015,0
1990095,0.017544,0
1991483,0.151292,0
1991468,0.003319,0
1991436,0.0701,0
1989255,0.016746,0
1991482,0.016746,0
1989824,0.003937,0
1990615,0.071161,0
1991059,0.009709,0
1968310,0.03764,0
1991517,0.03764,0
1988532,0.03764,0
1985945,0.090038,0
1988757,0.046875,0
1989711,0.00885,0
1991519,0.02214,0
1991530,0.107884,0
1991499,0.016746,0
1991495,0.199067,0
1991420,0.00885,0
1991534,0.071161,0
1991513,0.199067,0
1988846,0.151292,0
1991515,0.003937,0
1968251,0.095541,0
1988402,0.010432,0
1991532,0.03764,0
1990549,0.010432,0
1977288,0.010432,0
1991547,0.00885,0
1991518,0.151292,0
1991545,0.017544,0
1991554,0.010432,0
1991562,0.0701,0
1986067,0.015,0
1991289,0.003937,0
1989809,0.00885,0
1991572,0.0701,0
1991559,0.016746,0
1991556,0.081197,0
1989983,0.016746,0
1991561,0.02214,0
1991581,0.003937,0
1991042,0.003319,0
1991553,0.016746,0
1989096,0.02214,0
1991577,0.0701,0
1991290,0.03764,0
1991454,0.016746,0
1991018,0.107884,0
1991330,0.081197,0
1990845,0.016746,0
1991395,0.151292,0
1991605,0.03764,0
1991592,0.0701,0
1988441,0.010432,0
1991615,0.03764,0
1964373,0.071161,0
1990143,0.017544,0
1991618,0.0701,0
1991593,0.016667,0
1991590,0.003319,0
1982384,0.0701,0
1991455,0.03764,0
1991632,0.00885,0
1980736,0.015,0
1991619,0.016746,0
1991640,0.0701,0
1991633,0.0701,0
1991646,0.03764,0
1991651,0.03764,0
1991440,0.0701,0
1975108,0.046875,0
1991675,0.015,0
1991588,0.003937,0
1991461,0.003937,0
1991622,0.015,0
1984618,0.016667,0
1991644,0.03764,0
1991671,0.003319,0
1991616,0.081197,0
1989612,0.03764,0
1991691,0.03764,0
1991705,0.151292,0
1990221,0.081197,0
1991687,0.017544,0
1961895,0.071161,0
1990668,0.071161,0
1991733,0.016746,0
1986271,0.071161,0
1099449,0.071161,0
1991718,0.010432,0
1991714,0.003937,0
1991715,0.010432,0
1742756,0.0701,0
1991414,0.107884,0
1991727,0.02214,0
1991695,0.081197,0
1991740,0.071161,0
1991576,0.081197,0
1989061,0.081197,0
1991728,0.016746,0
1989333,0.00885,0
1991756,0.00885,0
1991298,0.03764,0
1985386,0.009709,0
1991751,0.016667,0
1991627,0.015,0
1991785,0.010432,0
1991776,0.071161,0
1857330,0.02214,0
1991765,0.081197,0
1986203,0.00885,0
1991696,0.0701,0
1991771,0.161698,0
1991745,0.016667,0
1991801,0.016667,0
1991793,0.071161,0
1986623,0.151292,0
1991804,0.017544,0
1991790,0.046875,0
1991795,0.010432,0
1991796,0.00885,0
1974256,0.02214,0
1989129,0.016746,0
1989306,0.071161,0
1991724,0.03764,0
1991816,0.03764,0
1991422,0.016667,0
1991824,0.046875,0
1991840,0.0701,0
1981775,0.0701,0
1991346,0.03764,0
1991802,0.02214,0
1991871,0.071161,0
1991845,0.046875,0
1989535,0.03764,0
1991886,0.016746,0
1991877,0.016746,0
1990659,0.0701,0
1991865,0.00885,0
1991847,0.003319,0
1991814,0.03764,0
1991909,0.015,0
1991536,0.010432,0
1991473,0.03764,0
565749,0.00885,0
1991725,0.02214,0
1986694,0.016746,0
1991888,0.010432,0
1991658,0.02214,0
1991707,0.02214,0
1991371,0.0701,0
1991332,0.010432,0
1991558,0.010432,0
1991555,0.03764,0
1991808,0.02214,0
1990759,0.010432,0
1976091,0.03764,0
1990709,0.00885,0
1991500,0.046875,0
1991684,0.00885,0
1983535,0.071161,0
1991907,0.03764,0
1991798,0.022222,0
1974992,0.03764,0
1991923,0.016746,0
1990389,0.016667,0
1991731,0.016746,0
1991919,0.003319,0
1978120,0.010432,0
1991928,0.003319,0
1991898,0.003319,0
1987837,0.015,0
1922071,0.03764,0
1991939,0.071161,0
1989122,0.02214,0
1991908,0.003319,0
1991942,0.15493,0
1991843,0.016746,0
1963270,0.090038,0
1991937,0.071161,0
1991945,0.017544,0
1991343,0.003319,0
1991990,0.003937,0
1991373,0.003937,0
1991589,0.015,0
1991966,0.016746,0
1946063,0.006045,0
1991774,0.015,0
1989673,0.010432,0
1991989,0.010432,0
1991991,0.071161,0
1991993,0.090038,0
1992010,0.107884,0
1992019,0.016667,0
1992020,0.161698,0
1991978,0.016667,0
1991997,0.267035,0
1990591,0.03764,0
1991925,0.081197,0
1979381,0.071161,0
1992027,0.03764,0
1990184,0.015,0
1992011,0.003319,0
1975542,0.095541,0
1990713,0.016667,0
1991918,0.0701,0
1986424,0.010432,0
1991827,0.046875,0
1991680,0.151292,0
1992043,0.046875,0
1992045,0.003319,0
1989279,0.03764,0
1992058,0.017544,0
1980860,0.03764,0
1986491,0.0701,0
1992052,0.081143,0
1992056,0.03764,0
1992075,0.016667,0
1992077,0.010432,0
1986946,0.0701,0
1991726,0.03764,0
1992067,0.02214,0
1987252,0.016746,0
1991931,0.107884,0
1991992,0.003319,0
1988166,0.00885,0
1988662,0.010432,0
1989568,0.015,0
1992006,0.0701,0
1982887,0.016746,0
1992092,0.0701,0
1991971,0.0701,0
1989977,0.003937,0
1989953,0.016746,0
1990978,0.02214,0
1992091,0.03764,0
1988651,0.071161,0
1992113,0.010432,0
1972656,0.03764,0
1992116,0.03764,0
1991998,0.02214,0
1449289,0.010432,0
1992112,0.00885,0
1991912,0.017544,0
1992127,0.016667,0
1992126,0.010432,0
1992054,0.016667,0
1992124,0.016667,0
1992135,0.010432,0
1990944,0.022222,0
1989079,0.02214,0
1986690,0.016667,0
1975384,0.03764,0
1991720,0.017544,0
1992144,0.03764,0
1992151,0.03764,0
1992143,0.009709,0
1991431,0.015,0
1991563,0.010432,0
1992130,0.0,0
1991496,0.02214,0
1991601,0.0,0
1992038,0.00885,0
1985661,0.03764,0
1992165,0.022222,0
565365,0.03764,0
1992158,0.010432,0
1992147,0.016667,0
1989411,0.0701,0
1992178,0.02214,0
1992161,0.010432,0
1992100,0.010432,0
1992182,0.003937,0
1986894,0.00885,0
1987005,0.017544,0
1992012,0.010432,0
1992205,0.003319,0
1992145,0.003937,0
1992210,0.161698,0
1992081,0.161698,0
1992140,0.151292,0
1992204,0.010432,0
1991930,0.00885,0
1991243,0.003937,0
1992193,0.02214,0
1991768,0.0701,0
1989701,0.03764,0
1992014,0.046875,0
1992219,0.00885,0
1992221,0.071161,0
1990864,0.046875,0
1955552,0.003319,0
1992031,0.0701,0
1990264,0.009709,0
1992022,0.016667,0
1991859,0.03764,0
1990859,0.090038,0
1990167,0.016667,0
1972991,0.071429,0
1990763,0.161698,0
1992005,0.022222,0
1989302,0.071161,0
1992230,0.03764,0
1980280,0.071161,0
1975066,0.046875,0
1989677,0.016667,0
1992237,0.003319,0
1981593,0.03764,0
1991857,0.03764,0
1988184,0.015,0
1992257,0.071161,0
1986891,0.016746,0
1992247,0.107884,0
1975117,0.03764,0
1992173,0.016746,0
1992268,0.0701,0
1988005,0.081197,0
1934059,0.00885,0
1992255,0.0701,0
1946900,0.071161,0
1992280,0.016667,0
1988975,0.016746,0
1989431,0.00885,0
1991842,0.03764,0
1940571,0.010432,0
1985041,0.071161,0
1992156,0.03764,0
1991161,0.010432,0
1989487,0.03764,0
1991497,0.003319,0
1992284,0.016746,0
1991283,0.107884,0
1992298,0.003319,0
1992248,0.081197,0
1992329,0.071161,0
1992084,0.151292,0
1985294,0.161698,0
1992203,0.02214,0
1984140,0.016746,0
1992323,0.03764,0
1972202,0.016746,0
1991370,0.010432,0
1982540,0.095541,0
1989130,0.081197,0
1991819,0.161698,0
1992311,0.00885,0
1992032,0.03764,0
1992353,0.0701,0
1992349,0.003319,0
1992358,0.046875,0
1992348,0.046875,0
1992369,0.0701,0
1992362,0.071161,0
1992360,0.03764,0
1992380,0.003319,0
1992374,0.161698,0
1992384,0.010432,0
1981181,0.016667,0
684928,0.151292,0
1989874,0.016746,0
1992371,0.010432,0
1992222,0.03764,0
1987709,0.03764,0
1992103,0.015,0
1992188,0.0701,0
1992138,0.081197,0
1992287,0.03764,0
1990506,0.0701,0
1990504,0.015,0
1992142,0.151292,0
1966489,0.00885,0
1991365,0.0701,0
1992354,0.009709,0
1992334,0.010432,0
1992393,0.016746,0
1992414,0.010432,0
1992412,0.071161,0
1980830,0.0701,0
1992415,0.0701,0
686880,0.071429,0
1988264,0.016667,0
1669047,0.0701,0
1960397,0.0701,0
1989837,0.010432,0
1992403,0.03764,0
1992410,0.003937,0
1992404,0.03764,0
1992131,0.161698,0
1992437,0.010432,0
1990447,0.016667,0
1992429,0.010432,0
1991112,0.03764,0
1984834,0.090038,0
1992390,0.071161,0
1992291,0.016667,0
1991367,0.03764,0
1992467,0.003937,0
1992411,0.003319,0
1992466,0.003319,0
1992473,0.0701,0
1992450,0.199593,0
1992363,0.003319,0
1992452,0.003937,0
1983457,0.071161,0
1990013,0.03764,0
1987973,0.02214,0
1992471,0.010432,0
1992370,0.017544,0
1992364,0.071161,0
1992212,0.0,0
1992472,0.03764,0
1992481,0.003319,0
1992499,0.015,0
1992392,0.02214,0
1991038,0.071161,0
1992498,0.010432,0
1992050,0.0701,0
1990906,0.017544,0
1946776,0.192661,0
1992505,0.003319,0
1992510,0.090038,0
1992447,0.02214,0
1992509,0.003319,0
1992455,0.071161,0
1990794,0.03764,0
1992497,0.010432,0
1992407,0.022222,0
1989332,0.071161,0
1991450,0.03764,0
1979364,0.015,0
1992226,0.016746,0
1991960,0.016746,0
1987878,0.151292,0
1992419,0.03764,0
1989783,0.016746,0
1991148,0.0701,0
1988137,0.016746,0
1973014,0.199067,0
1989486,0.02214,0
1979691,0.010432,0
1458943,0.017544,0
1992215,0.015,0
1992564,0.071161,0
1992548,0.02214,0
1990190,0.03764,0
1992553,0.010432,0
1992568,0.00885,0
1991883,0.107884,0
1992569,0.03764,0
1985203,0.016746,0
1713641,0.015,0
1992592,0.03764,0
1973842,0.02214,0
1992581,0.107884,0
1992524,0.017544,0
1991750,0.010432,0
1992562,0.00885,0
1992605,0.071161,0
1947894,0.017544,0
1992589,0.010432,0
1992598,0.0,0
1992599,0.016746,0
1992613,0.016667,0
1986255,0.071161,0
1561193,0.046875,0
1992579,0.003319,0
1992615,0.010432,0
1992522,0.003319,0
1992628,0.151292,0
1992614,0.010432,0
1992492,0.015,0
1992359,0.016746,0
1992633,0.016746,0
1992621,0.03764,0
1992630,0.071161,0
1992432,0.016667,0
1992612,0.03764,0
1987221,0.016667,0
1992421,0.003319,0
1992217,0.071161,0
1992656,0.016667,0
1992551,0.010432,0
1992654,0.151292,0
1988095,0.03764,0
1992297,0.010432,0
1721570,0.016746,0
1972674,0.015,0
1991905,0.0701,0
1984525,0.03764,0
1992677,0.003319,0
1992057,0.046875,0
1992682,0.016746,0
1992669,0.016746,0
1989741,0.010432,0
1991462,0.03764,0
1992454,0.010432,0
1992685,0.00885,0
1987457,0.0701,0
1987357,0.016746,0
1992671,0.016667,0
1991602,0.03764,0
1989692,0.081197,0
1992692,0.071161,0
1992722,0.0701,0
1979220,0.003937,0
1992707,0.015,0
1991180,0.009709,0
1720948,0.010432,0
1990543,0.016667,0
1992723,0.003319,0
1992720,0.00885,0
1975412,0.161698,0
1992761,0.03764,0
1992686,0.017544,0
1992664,0.02214,0
1990296,0.090038,0
1992750,0.017544,0
1992770,0.016667,0
1992806,0.003319,0
1992735,0.03764,0
1990746,0.081197,0
1992507,0.046875,0
1989445,0.03764,0
1991835,0.0701,0
1990651,0.010432,0
1981989,0.03764,0
1992663,0.03764,0
1992816,0.010432,0
1985673,0.0701,0
1992840,0.03764,0
1988367,0.03764,0
1992732,0.017544,0
1992729,0.016667,0
1992788,0.016667,0
1980350,0.010432,0
1992690,0.03764,0
1989110,0.015,0
1992861,0.016667,0
1992132,0.0,0
1992773,0.03764,0
1990053,0.0701,0
1992887,0.02214,0
1992864,0.003937,0
1992747,0.046875,0
1991061,0.016746,0
1992855,0.03764,0
1992886,0.010432,0
1979125,0.161698,0
1992570,0.003319,0
1992251,0.02214,0
1992758,0.016667,0
1988601,0.03764,0
1990276,0.03764,0
1992902,0.00885,0
1973007,0.0701,0
1992475,0.03764,0
1991052,0.003319,0
1992894,0.016667,0
1992935,0.003937,0
1992791,0.03764,0
1992836,0.046875,0
1951109,0.00885,0
1992930,0.161698,0
1980614,0.071161,0
1990156,0.0701,0
1992945,0.016667,0
1988084,0.0701,0
1987833,0.003937,0
1992951,0.016746,0
1988073,0.010432,0
1654138,0.03764,0
1992937,0.090038,0
1992978,0.015,0
1989877,0.016667,0
1992805,0.010432,0
1992922,0.081197,0
1992976,0.015,0
1992838,0.0701,0
1992994,0.02214,0
1992915,0.090038,0
1989856,0.003319,0
1992772,0.009709,0
1671551,0.02214,0
1992857,0.02214,0
1992763,0.016667,0
1992884,0.00885,0
1993011,0.010432,0
1989971,0.010432,0
1992281,0.03764,0
1992149,0.02214,0
1992187,0.161698,0
1992106,0.151292,0
1992021,0.003937,0
1992998,0.015,0
1992989,0.010432,0
1992967,0.0701,0
1993020,0.016746,0
1990723,0.010432,0
1993027,0.071161,0
1993029,0.03764,0
1990241,0.03764,0
1990049,0.081197,0
1975841,0.161698,0
1990534,0.071161,0
1993016,0.016667,0
1992908,0.03764,0
1993048,0.151292,0
1992601,0.010432,0
1988200,0.0701,0
1985074,0.00885,0
1993067,0.071161,0
1988680,0.046875,0
1993069,0.003319,0
1993071,0.016746,0
1990396,0.0701,0
1988281,0.02214,0
1993072,0.016746,0
1992422,0.03764,0
1993087,0.03764,0
1990811,0.03764,0
1988670,0.0701,0
1992139,0.010432,0
1993098,0.151292,0
1993097,0.022222,0
1993106,0.03764,0
1990433,0.016746,0
1992547,0.071161,0
1993108,0.010432,0
1991946,0.071161,0
1991480,0.016746,0
1670725,0.0701,0
1993096,0.016746,0
1990465,0.03764,0
1993125,0.02214,0
1990459,0.081197,0
1992004,0.03764,0
1991951,0.081197,0
1990594,0.016746,0
1992155,0.071161,0
1989403,0.081197,0
1993132,0.0701,0
1992996,0.010432,0
1992984,0.015,0
1991858,0.003319,0
1990414,0.02214,0
1993155,0.003319,0
1993171,0.00885,0
1991388,0.03764,0
1993172,0.046875,0
1993180,0.016746,0
1989125,0.02214,0
1993185,0.03764,0
1993192,0.017544,0
1992238,0.03764,0
1993191,0.010432,0
1976678,0.03764,0
1993197,0.03764,0
1993103,0.046875,0
1992264,0.046875,0
1944732,0.081197,0
1993178,0.015,0
1992829,0.071161,0
1993216,0.08,0
1993033,0.0701,0
1993218,0.016667,0
1993224,0.010432,0
1980059,0.161698,0
1993188,0.071161,0
1992988,0.015,0
1991663,0.0701,0
1992565,0.016746,0
1992490,0.016667,0
1992826,0.046875,0
1992071,0.081197,0
1989276,0.003319,0
1980513,0.00885,0
1988449,0.016667,0
1993239,0.02214,0
1992629,0.016667,0
1993247,0.009709,0
1990900,0.009709,0
1993258,0.017544,0
1993254,0.03764,0
1993249,0.071161,0
1991539,0.03764,0
1993253,0.071161,0
1986976,0.00885,0
1993264,0.03764,0
1993269,0.071161,0
1993277,0.016746,0
1862814,0.03764,0
1989469,0.161698,0
1992960,0.03764,0
1993261,0.071161,0
1986360,0.161698,0
1985512,0.02214,0
1993325,0.017544,0
1991786,0.003319,0
1990810,0.010432,0
1945954,0.02214,0
1993315,0.010432,0
1993285,0.046875,0
1991894,0.015,0
1993371,0.0701,0
1992245,0.0701,0
1993350,0.003319,0
1993131,0.03764,0
1993199,0.199067,0
1991686,0.016746,0
1990952,0.0701,0
1993221,0.03764,0
1978638,0.161698,0
1983540,0.046875,0
1993405,0.0,0
1993360,0.02214,0
1993383,0.03764,0
1993281,0.03764,0
1993408,0.003937,0
1993417,0.151292,0
1992725,0.071161,0
1993423,0.0,0
1993432,0.017544,0
1990836,0.003319,0
1993433,0.00885,0
1993411,0.016746,0
1992174,0.003319,0
1993422,0.003319,0
1993459,0.03764,0
1993462,0.003319,0
1993409,0.046875,0
1993385,0.090038,0
1971169,0.03764,0
1991378,0.00885,0
1989639,0.016746,0
1993476,0.046875,0
1992399,0.015,0
1990764,0.081197,0
1989452,0.010432,0
1993505,0.00885,0
1750434,0.016667,0
1986133,0.071161,0
1993501,0.016667,0
1993450,0.016746,0
1991215,0.081197,0
1978612,0.003937,0
1988877,0.016746,0
1993514,0.003319,0
1993465,0.003319,0
1993468,0.071161,0
1987945,0.016746,0
1993506,0.015,0
1986687,0.022222,0
1974350,0.03764,0
1993461,0.010432,0
1993511,0.016667,0
1993548,0.009709,0
1993515,0.095541,0
1992351,0.03764,0
1992549,0.0701,0
1993307,0.03764,0
1989185,0.0,0
1993173,0.0701,0
1992591,0.016667,0
1992928,0.009709,0
1993541,0.0701,0
1988873,0.151292,0
1993516,0.095541,0
1993496,0.00885,0
1993491,0.02214,0
1993529,0.00885,0
1823330,0.081197,0
1992769,0.016746,0
1990694,0.015,0
1990721,0.010432,0
1993510,0.071429,0
1993336,0.046875,0
1993523,0.010432,0
1993567,0.02214,0
1993420,0.071161,0
1993557,0.03764,0
1993570,0.151292,0
1993531,0.02214,0
1993562,0.0701,0
1992107,0.03764,0
1992717,0.0701,0
1993017,0.02214,0
1827760,0.071161,0
1993590,0.003319,0
1993369,0.151292,0
1993594,0.071161,0
1993537,0.010432,0
1993609,0.016746,0
1992962,0.010432,0
1992198,0.00885,0
1993618,0.010432,0
1993573,0.016746,0
1990502,0.071161,0
1725989,0.02214,0
1991967,0.010432,0
1993535,0.00885,0
1993625,0.046875,0
1990884,0.081197,0
1993627,0.015,0
1993578,0.0,0
1993589,0.016746,0
1993633,0.03764,0
1993610,0.03764,0
1993615,0.009709,0
1993631,0.00885,0
1990882,0.0701,0
1993659,0.03764,0
1993664,0.03764,0
1993612,0.03764,0
1982837,0.016667,0
1993683,0.016746,0
1993677,0.015,0
1993675,0.02214,0
1993680,0.003319,0
1992557,0.03764,0
1979698,0.016746,0
1992846,0.081197,0
1992575,0.0,0
1993365,0.003319,0
1993700,0.003319,0
1993649,0.016667,0
1993704,0.0,0
1993410,0.03764,0
1992033,0.0701,0
1993695,0.02214,0
1993719,0.03764,0
1993714,0.015,0
1993628,0.0701,0
1993727,0.0,0
1993702,0.0701,0
1993657,0.0701,0
1993730,0.010432,0
1715775,0.0,0
1499533,0.016667,0
1993219,0.151292,0
1988279,0.00885,0
1973271,0.046875,0
1993734,0.016746,0
1992883,0.081197,0
1993346,0.03764,0
1993725,0.009709,0
1993722,0.022222,0
1993765,0.010432,0
1988149,0.003319,0
1993760,0.046875,0
1993720,0.03764,0
1993782,0.0701,0
1992085,0.03764,0
1993787,0.02214,0
1992094,0.046875,0
1991660,0.016667,0
1991656,0.0701,0
1993821,0.071161,0
1991197,0.090038,0
1992352,0.02214,0
1993834,0.0701,0
1979106,0.03764,0
1993827,0.081197,0
1993826,0.090038,0
1989265,0.071161,0
1978832,0.003319,0
1991629,0.03764,0
1990614,0.016667,0
1991263,0.003319,0
1992273,0.03764,0
1991647,0.199593,0
1993855,0.071161,0
1993861,0.015,0
1993470,0.010432,0
1993835,0.010432,0
1948885,0.016667,0
1794513,0.0701,0
1991643,0.161698,0
1989010,0.010432,0
1991139,0.003937,0
1993832,0.016667,0
1991586,0.010432,0
1993858,0.03764,0
1993841,0.071161,0
1991770,0.03764,0
1991549,0.071161,0
1993813,0.151292,0
1993865,0.0,0
1991520,0.010432,0
1993622,0.003937,0
1991546,0.151292,0
1237214,0.010432,0
1991432,0.00885,0
1991310,0.151292,0
1993801,0.03764,0
1993843,0.03764,0
1991026,0.081197,0
1972813,0.199067,0
1991527,0.016667,0
1992734,0.00885,0
1993891,0.0,0
1993747,0.071161,0
1993694,0.010432,0
1992818,0.03764,0
1990579,0.017544,0
1991463,0.03764,0
1993553,0.00885,0
1991341,0.071161,0
1992716,0.03764,0
1993810,0.016746,0
1991339,0.071161,0
1991304,0.03764,0
1991338,0.081197,0
1993899,0.046875,0
1993907,0.015,0
1993895,0.017544,0
1965276,0.03764,0
1977067,0.03764,0
1971681,0.016746,0
1990931,0.151292,0
1993897,0.081197,0
1993194,0.010432,0
1993629,0.090038,0
1990566,0.016667,0
1993890,0.03764,0
1989457,0.151292,0
1993512,0.003319,0
1989416,0.03764,0
1993867,0.003937,0
1993931,0.016746,0
1993941,0.090038,0
1992882,0.016746,0
1993937,0.017544,0
1993967,0.009709,0
1989406,0.010432,0
1989345,0.016746,0
1989341,0.0701,0
1993955,0.00885,0
1989316,0.016667,0
1974222,0.0701,0
1992003,0.151292,0
1645175,0.151292,0
1993997,0.046875,0
1993799,0.010432,0
1992927,0.010432,0
1992168,0.0701,0
1993993,0.0701,0
1992282,0.071161,0
1991202,0.151292,0
1994004,0.003319,0
1993688,0.081197,0
1994021,0.081197,0
1990844,0.0701,0
1987419,0.00885,0
1994035,0.0701,0
1993753,0.010432,0
1993994,0.010432,0
1981508,0.081197,0
1945046,0.016746,0
1994031,0.016667,0
1993887,0.02214,0
1994037,0.017544,0
1964210,0.0701,0
1994055,0.022222,0
1985296,0.071161,0
1993057,0.071161,0
1960726,0.03764,0
1993666,0.003319,0
1994051,0.010432,0
1933730,0.090038,0
1968623,0.081197,0
1993920,0.016746,0
1991255,0.00885,0
1993981,0.0701,0
1973477,0.081197,0
1994048,0.017544,0
1994078,0.081197,0
1994057,0.03764,0
1994072,0.046875,0
1994041,0.016746,0
1994088,0.0,0
1994128,0.03764,0
1994140,0.046875,0
1994081,0.03764,0
1993081,0.03764,0
1994152,0.003319,0
1994145,0.003937,0
1405223,0.03764,0
1993438,0.03764,0
1994084,0.046875,0
1994159,0.0,0
1994138,0.010432,0
1994119,0.00885,0
1994053,0.003319,0
1994132,0.151292,0
1990953,0.02214,0
1993317,0.010432,0
1993651,0.03764,0
1994169,0.015,0
1986885,0.003319,0
1994151,0.00885,0
1994178,0.022222,0
1965767,0.21875,0
1994171,0.0701,0
1994189,0.03764,0
1984601,0.03764,0
1986503,0.071161,0
1994183,0.03764,0
1994192,0.03764,0
1994129,0.017544,0
1742386,0.03764,0
1994207,0.017544,0
1993235,0.046875,0
1994166,0.046875,0
1976902,0.02214,0
1992069,0.03764,0
1994202,0.016746,0
1993447,0.081197,0
1993874,0.003937,0
1992910,0.03764,0
1993977,0.03764,0
1993979,0.071161,0
1993327,0.016667,0
1994131,0.00885,0
1994218,0.0,0
1994201,0.071161,0
1994182,0.0,0
1994214,0.071161,0
1994209,0.016746,0
1992799,0.090038,0
1994195,0.003319,0
1993101,0.0701,0
1994227,0.010432,0
1992658,0.03764,0
1994090,0.003937,0
1994196,0.017544,0
1994215,0.016667,0
1994236,0.016746,0
1978324,0.03764,0
1994197,0.010432,0
1994212,0.071161,0
1991952,0.016667,0
1994243,0.003319,0
1989084,0.0701,0
1989447,0.090038,0
1982133,0.0701,0
1994250,0.022222,0
1994210,0.02214,0
1993689,0.016746,0
1994223,0.009709,0
1994262,0.090038,0
1994264,0.071161,0
1993338,0.03764,0
1993636,0.017544,0
1991394,0.081197,0
1992845,0.03764,0
1994121,0.010432,0
1994271,0.00885,0
1994273,0.071161,0
1994285,0.071161,0
1994266,0.010432,0
1994267,0.071161,0
1991697,0.010432,0
1994251,0.015,0
1992162,0.016746,0
1994282,0.010432,0
1994295,0.003319,0
1994269,0.0,0
1994292,0.046875,0
1994300,0.010432,0
1990426,0.015,0
1971171,0.03764,0
1994280,0.010432,0
1988437,0.081197,0
1994288,0.151292,0
1993934,0.03764,0
1994315,0.015,0
1993564,0.016667,0
1994335,0.03764,0
1994317,0.016667,0
1994308,0.02214,0
1990639,0.090038,0
1994342,0.003319,0
1991398,0.071161,0
1993701,0.151292,0
1994332,0.071161,0
1985742,0.0701,0
1994355,0.015,0
1994314,0.071161,0
1989896,0.003937,0
1991034,0.081197,0
1992939,0.016746,0
1974473,0.090038,0
1994389,0.0,0
1994199,0.016667,0
1946188,0.081197,0
1994373,0.003319,0
1994367,0.046875,0
1993987,0.017544,0
1991199,0.003319,0
1994411,0.010432,0
1978641,0.03764,0
1993806,0.003319,0
1994414,0.003319,0
1994413,0.151292,0
1994408,0.003937,0
1992532,0.016667,0
1994424,0.00885,0
1974277,0.107884,0
1994420,0.015,0
1994410,0.017544,0
1993234,0.0701,0
1994442,0.010432,0
1994432,0.02214,0
571840,0.016667,0
1994433,0.02214,0
1994454,0.02214,0
1992819,0.071161,0
1986750,0.046875,0
1933548,0.03764,0
1994241,0.016746,0
1994443,0.022222,0
1994436,0.010432,0
1994455,0.00885,0
1992073,0.03764,0
1994429,0.016746,0
1948617,0.071161,0
1994472,0.0,0
1994396,0.016746,0
1989209,0.010432,0
1989577,0.03764,0
1994467,0.017544,0
1994402,0.010432,0
1994482,0.151292,0
1994440,0.016667,0
1968487,0.010432,0
1994483,0.03764,0
1994485,0.016746,0
1985822,0.081197,0
1994496,0.0701,0
1994505,0.016667,0
1994501,0.03764,0
1994510,0.003319,0
1994446,0.003319,0
1991823,0.016746,0
1994508,0.03764,0
1994523,0.022222,0
1966759,0.107884,0
1994444,0.071161,0
1994532,0.046875,0
1993053,0.071161,0
1994488,0.010432,0
1994471,0.016746,0
1990430,0.016746,0
1991106,0.03764,0
1974098,0.010432,0
1994517,0.0701,0
1990575,0.017544,0
1994303,0.071161,0
1993930,0.02214,0
1987961,0.151292,0
1966601,0.081197,0
1990946,0.071161,0
1994476,0.016667,0
1994504,0.017544,0
1994550,0.016667,0
1994154,0.03764,0
1990734,0.003319,0
1994141,0.00885,0
1993086,0.03764,0
1993387,0.016746,0
1994135,0.016746,0
1990463,0.016667,0
1994534,0.003319,0
1988789,0.015,0
1994535,0.03764,0
1992745,0.02214,0
1994066,0.071161,0
1994544,0.010432,0
1994177,0.071161,0
1992529,0.0701,0
1994208,0.0,0
1985770,0.016667,0
1993999,0.016746,0
1994462,0.016746,0
1992294,0.071161,0
1994555,0.015,0
1994521,0.016667,0
1994194,0.03764,0
1789867,0.095541,0
1994338,0.00885,0
1994038,0.02214,0
1993276,0.0701,0
1993237,0.071161,0
1994576,0.03764,0
1994579,0.03764,0
1994587,0.0,0
1994540,0.016746,0
1986490,0.0701,0
1994586,0.081197,0
1994589,0.010432,0
1994596,0.010432,0
1994541,0.017544,0
1992848,0.02214,0
1979386,0.03764,0
1994558,0.016746,0
1986573,0.03764,0
1994516,0.046875,0
1994600,0.016746,0
1994607,0.015,0
1992309,0.03764,0
1980448,0.016746,0
1994612,0.017544,0
1946852,0.046875,0
1994637,0.02214,0
1994648,0.071161,0
1994669,0.016746,0
1991670,0.03764,0
1994602,0.00885,0
1994649,0.151292,0
1973933,0.016667,0
1994646,0.003319,0
1994613,0.071161,0
1994536,0.03764,0
1994655,0.009709,0
1949451,0.03764,0
1994614,0.009709,0
1992180,0.03764,0
1975701,0.016746,0
1992876,0.161698,0
1994599,0.003937,0
1994509,0.02214,0
1992713,0.090038,0
1994677,0.03764,0
1992366,0.107884,0
1994634,0.003319,0
1981740,0.00885,0
1994263,0.003319,0
1993079,0.071161,0
1994578,0.010432,0
1994674,0.010432,0
1994695,0.010432,0
1990564,0.02214,0
1991230,0.0701,0
1994666,0.016746,0
1986630,0.0701,0
1992609,0.016746,0
1989609,0.016667,0
1984787,0.03764,0
1756184,0.046875,0
1968475,0.071161,0
1991222,0.03764,0
1993533,0.03764,0
1988687,0.03764,0
1994700,0.02214,0
1993758,0.016667,0
1972801,0.03764,0
1990383,0.00885,0
1994687,0.03764,0
1994610,0.003937,0
1748953,0.016746,0
1993984,0.0701,0
1994652,0.010432,0
1994708,0.0701,0
1994651,0.0701,0
1993711,0.0701,0
1994711,0.081197,0
1963882,0.071161,0
1958024,0.090038,0
1992736,0.081197,0
1951189,0.003319,0
1994726,0.03764,0
1994725,0.010432,0
1979819,0.00885,0
1976772,0.016746,0
1990375,0.003937,0
1994738,0.161698,0
1992169,0.003319,0
1967067,0.03764,0
1991073,0.003319,0
1994751,0.00885,0
1973879,0.090038,0
1994451,0.010432,0
1994740,0.022222,0
1994252,0.090038,0
1991192,0.03764,0
1994556,0.016746,0
1994743,0.03764,0
1994762,0.071161,0
1994732,0.00885,0
1639200,0.090038,0
1992792,0.003319,0
1974211,0.071161,0
1936318,0.161698,0
1932411,0.081197,0
1932406,0.0,0
1942063,0.0701,0
1938942,0.071161,0
1935880,0.095541,0
1621732,0.071161,0
1936927,0.081197,0
1994770,0.0701,0
1932592,0.03764,0
1930745,0.010432,0
1935029,0.016667,0
1936796,0.071161,0
1928851,0.016667,0
1936710,0.017544,0
1918351,0.071161,0
1807526,0.017544,0
1962373,0.03764,0
1616807,0.0701,0
1945350,0.03764,0
1994766,0.081197,0
1994767,0.010432,0
1994774,0.0701,0
1994458,0.0701,0
1991186,0.02214,0
1992274,0.0701,0
1992341,0.016746,0
1994682,0.03764,0
1992991,0.071429,0
1992146,0.090038,0
1992197,0.03764,0
1988922,0.03764,0
1993165,0.010432,0
1976366,0.081197,0
1994580,0.0,0
1992521,0.003319,0
1991852,0.00885,0
1994654,0.071161,0
1994759,0.03764,0
1963119,0.03764,0
1994552,0.016746,0
1991791,0.003937,0
1985289,0.199593,0
1747130,0.03764,0
1994815,0.009709,0
1990907,0.022222,0
1972982,0.03764,0
1994818,0.003319,0
1985392,0.046875,0
1991600,0.151292,0
1994761,0.03764,0
1994842,0.0701,0
1989620,0.0,0
1989296,0.016667,0
1994843,0.016667,0
1994841,0.02214,0
1993242,0.08,0
1994835,0.015,0
1994845,0.00885,0
1994847,0.009709,0
1994852,0.03764,0
1993217,0.071429,0
1994799,0.016746,0
1994858,0.03764,0
1994854,0.003937,0
1994493,0.010432,0
1994870,0.00885,0
1994868,0.00885,0
1994802,0.00885,0
1994849,0.046875,0
1994895,0.0701,0
1994686,0.017544,0
1994878,0.02214,0
1992462,0.046875,0
1994893,0.010432,0
1994884,0.009709,0
1994896,0.016746,0
1994902,0.02214,0
1977326,0.095541,0
1990482,0.0701,0
1990648,0.0701,0
1990728,0.0701,0
1994850,0.0701,0
1994919,0.003319,0
1994887,0.02214,0
1993424,0.0701,0
1994804,0.00885,0
1994865,0.016667,0
1994898,0.095541,0
1994940,0.016667,0
1994568,0.015,0
1994623,0.161698,0
1994941,0.015,0
1994950,0.016667,0
1992854,0.071161,0
1994816,0.010432,0
1994889,0.015,0
1994938,0.151292,0
1994925,0.090038,0
1994783,0.010432,0
1994961,0.016667,0
1974575,0.151292,0
1994904,0.02214,0
1994945,0.0701,0
1994954,0.03764,0
1810252,0.03764,0
1994929,0.0701,0
1994946,0.0701,0
1994970,0.016746,0
1991297,0.016667,0
1994975,0.017544,0
1994668,0.016667,0
1991149,0.0701,0
1990870,0.071161,0
1991028,0.0701,0
1994113,0.010432,0
1994989,0.199593,0
1988945,0.081197,0
1994735,0.03764,0
1994976,0.0,0
1966680,0.02214,0
1981094,0.03764,0
1992445,0.151292,0
1994996,0.016667,0
1980135,0.046875,0
1987380,0.0701,0
1995018,0.090038,0
1983216,0.0701,0
1995015,0.03764,0
1993478,0.071161,0
1994990,0.015,0
1995021,0.017544,0
1995006,0.010432,0
1995017,0.03764,0
1990069,0.022222,0
1995026,0.0701,0
1668204,0.015,0
1989821,0.016667,0
1993070,0.010432,0
1995035,0.010432,0
1992015,0.03764,0
1995037,0.016667,0
1995053,0.071161,0
1995055,0.151292,0
1940364,0.071161,0
1991286,0.003319,0
1989516,0.010432,0
1995039,0.003319,0
1995002,0.016746,0
1991396,0.016667,0
1994848,0.081197,0
1973195,0.02214,0
1995073,0.0701,0
1994977,0.015,0
1995059,0.03764,0
1994776,0.017544,0
1994903,0.046875,0
1992072,0.0701,0
1995067,0.254217,0
1994571,0.0701,0
1995070,0.00885,0
1989047,0.009709,0
1995095,0.003937,0
1983822,0.016667,0
1995050,0.016667,0
1953308,0.016746,0
1995097,0.0701,0
1995096,0.03764,0
1992434,0.010432,0
1994323,0.003319,0
1993779,0.03764,0
1983776,0.0701,0
1994417,0.017544,0
1995094,0.0701,0
1991625,0.016746,0
1995098,0.03764,0
1993789,0.017544,0
1995109,0.00885,0
1992955,0.010432,0
1995126,0.081197,0
1995125,0.010432,0
1578937,0.090038,0
1994187,0.022222,0
1995148,0.046875,0
1978702,0.03764,0
1986338,0.03764,0
1995156,0.03764,0
1993456,0.022222,0
1925864,0.0701,0
1992888,0.03764,0
1984448,0.010432,0
1933843,0.151292,0
1995164,0.03764,0
984222,0.071161,0
1995121,0.016667,0
1995168,0.016746,0
1995166,0.095541,0
1995174,0.03764,0
1995169,0.010432,0
1995140,0.003937,0
1995188,0.0,0
1995193,0.03764,0
1995158,0.0,0
1991262,0.081197,0
1995189,0.03764,0
1995110,0.010432,0
1992164,0.016667,0
1995177,0.003319,0
1995216,0.010432,0
1995220,0.107884,0
1995078,0.00885,0
1995154,0.081197,0
1994991,0.022222,0
1984540,0.071161,0
1988844,0.0701,0
1995105,0.081197,0
1994670,0.015,0
1995118,0.00885,0
1992675,0.0,0
1988972,0.03764,0
1995191,0.016667,0
1975571,0.010432,0
1995232,0.0701,0
1995225,0.00885,0
1995243,0.016746,0
1994913,0.03764,0
1977663,0.016667,0
1995046,0.02214,0
1995252,0.03764,0
1995228,0.0701,0
1993156,0.0701,0
1995114,0.090038,0
1995280,0.016746,0
1995275,0.016667,0
1975917,0.00885,0
1987038,0.016746,0
1995251,0.010432,0
1991402,0.071161,0
1995310,0.090038,0
1991472,0.071161,0
1992640,0.010432,0
1995287,0.00885,0
1995304,0.03764,0
1995321,0.016667,0
1933953,0.03764,0
1995115,0.010432,0
1995270,0.090038,0
1993640,0.0701,0
1992961,0.03764,0
1995312,0.161698,0
1995277,0.090038,0
1995256,0.071161,0
1995293,0.00885,0
1995298,0.016746,0
1995160,0.022222,0
1994349,0.02214,0
1995316,0.00885,0
1995332,0.003319,0
1982153,0.071161,0
1995102,0.0,0
1995327,0.0701,0
1731856,0.0701,0
1995060,0.0701,0
1995368,0.046875,0
1995308,0.03764,0
1995290,0.03764,0
1995375,0.03764,0
1995198,0.003937,0
1995261,0.0,0
1995348,0.003319,0
1995370,0.071161,0
1995390,0.03764,0
1995336,0.046875,0
1991121,0.022222,0
1995394,0.071161,0
1993475,0.016746,0
1995351,0.003319,0
1994958,0.071161,0
1995402,0.016667,0
1994969,0.016746,0
1995382,0.071161,0
1995269,0.010432,0
1995405,0.046875,0
1995397,0.016746,0
1995404,0.071161,0
1994844,0.03764,0
1994459,0.081197,0
1995401,0.03764,0
1995384,0.071161,0
1995307,0.071161,0
1995314,0.03764,0
1995413,0.081197,0
1995423,0.107884,0
1995400,0.02214,0
1995341,0.03764,0
1992095,0.022222,0
1995439,0.0701,0
1993348,0.016746,0
1995337,0.081197,0
1995194,0.03764,0
1991299,0.107884,0
1995456,0.03764,0
1951043,0.010432,0
1995450,0.003319,0
1995437,0.016667,0
1995408,0.03764,0
1995449,0.03764,0
1995446,0.017544,0
1995463,0.03764,0
1994630,0.071161,0
1978704,0.090038,0
1995477,0.03764,0
1984069,0.016667,0
1995482,0.02214,0
1991261,0.03764,0
1994994,0.0,0
1995484,0.010432,0
1995487,0.003319,0
1995499,0.090038,0
1979493,0.071161,0
1995219,0.015,0
1992885,0.095541,0
1995481,0.151292,0
1995509,0.02214,0
1995520,0.02214,0
1995492,0.081197,0
1993638,0.090038,0
1995512,0.02214,0
1989556,0.003319,0
1995523,0.022222,0
1995521,0.016746,0
1991866,0.0701,0
1995288,0.071161,0
1995496,0.081197,0
1995551,0.00885,0
1995548,0.071161,0
1995498,0.017544,0
1992401,0.016746,0
1995559,0.015,0
1990918,0.090038,0
1995562,0.00885,0
1991442,0.071161,0
1993063,0.0701,0
1995575,0.0701,0
1995407,0.017544,0
1992802,0.071161,0
1994590,0.090038,0
1995596,0.003319,0
1987489,0.0701,0
1995600,0.071161,0
1994986,0.071161,0
1994480,0.090038,0
1995609,0.03764,0
1991392,0.009709,0
1994518,0.016746,0
1644820,0.03764,0
1995626,0.03764,0
1995627,0.010432,0
1995624,0.003319,0
1752273,0.003319,0
1951459,0.03764,0
1977556,0.03764,0
1995315,0.003319,0
1993796,0.016746,0
1995474,0.071161,0
1995641,0.0701,0
1995442,0.0701,0
1995642,0.003319,0
1993926,0.016667,0
1995648,0.010432,0
1972619,0.02214,0
1986746,0.016667,0
1995621,0.010432,0
1974156,0.022222,0
1967764,0.022222,0
1995613,0.03764,0
1995660,0.015,0
1991638,0.03764,0
1995322,0.081197,0
1896655,0.081197,0
1994546,0.02214,0
1988228,0.003319,0
1995265,0.081197,0
1995003,0.003319,0
1979483,0.016746,0
1995682,0.03764,0
1992635,0.016667,0
1994296,0.010432,0
1995649,0.010432,0
1995587,0.017544,0
1995678,0.016746,0
1986465,0.010432,0
1983831,0.016746,0
1975076,0.095541,0
1992689,0.016667,0
1992223,0.151292,0
1993912,0.03764,0
1992597,0.03764,0
1831752,0.0701,0
1994575,0.03764,0
1993260,0.071161,0
1941673,0.03764,0
1995711,0.010432,0
1958910,0.016746,0
1995707,0.015,0
1988685,0.03764,0
1973218,0.03764,0
1995717,0.095541,0
1995708,0.010432,0
1394632,0.0701,0
1995720,0.009709,0
1009752,0.0701,0
1995730,0.02214,0
1995733,0.03764,0
1944954,0.0701,0
1989249,0.090038,0
1993454,0.03764,0
1993771,0.016667,0
1986997,0.02214,0
1992895,0.161698,0
1993507,0.151292,0
1995731,0.03764,0
1995763,0.016667,0
1995162,0.071161,0
1995736,0.010432,0
1994260,0.192661,0
1995751,0.046875,0
1995234,0.016746,0
1990739,0.022222,0
1993776,0.016746,0
1981709,0.03764,0
1988189,0.071161,0
1995775,0.03764,0
1994351,0.003319,0
1995788,0.03764,0
1995787,0.03764,0
1974289,0.0701,0
1995790,0.03764,0
1995718,0.02214,0
1995769,0.02214,0
1995802,0.03764,0
1992133,0.046875,0
1994099,0.090038,0
1995806,0.03764,0
1995760,0.009709,0
1995099,0.010432,0
1995812,0.016667,0
1987352,0.03764,0
1990945,0.03764,0
1995816,0.02214,0
1995383,0.0701,0
1995827,0.017544,0
1959305,0.107884,0
1953230,0.016667,0
1995821,0.016746,0
1995745,0.003319,0
1992631,0.107884,0
1995832,0.151292,0
1969741,0.192661,0
1717706,0.071161,0
1988206,0.010432,0
1990832,0.010432,0
1995813,0.03764,0
1995837,0.151292,0
1995856,0.02214,0
1995622,0.003937,0
1995672,0.081197,0
1958956,0.161698,0
1985402,0.009709,0
1995859,0.010432,0
1978899,0.03764,0
1910864,0.071161,0
1995871,0.0701,0
1993297,0.046875,0
1995873,0.016667,0
1995874,0.0,0
1995867,0.0701,0
1995875,0.003319,0
1994742,0.003937,0
1990416,0.010432,0
1995883,0.0,0
1994399,0.081197,0
1995879,0.00885,0
1995890,0.03764,0
1995465,0.03764,0
1995893,0.046875,0
1975169,0.03764,0
1974403,0.03764,0
1988740,0.046875,0
1995885,0.0701,0
1995896,0.010432,0
1991900,0.071161,0
1995150,0.010432,0
1995870,0.010432,0
1994276,0.010432,0
1995415,0.02214,0
1995852,0.010432,0
1994254,0.081197,0
1995902,0.03764,0
1995908,0.00885,0
1995911,0.03764,0
1995399,0.016667,0
1995912,0.03764,0
1990511,0.00885,0
1995746,0.02214,0
1993150,0.03764,0
1973683,0.03764,0
1975933,0.015,0
1975089,0.199593,0
1995930,0.046875,0
1994944,0.016746,0
1987397,0.090038,0
1985902,0.081197,0
1995834,0.015,0
1991086,0.071161,0
1995931,0.003319,0
1995380,0.02214,0
1995900,0.071161,0
1993376,0.03764,0
1995940,0.046875,0
1995656,0.016667,0
1993508,0.0701,0
1993712,0.071161,0
1992906,0.0701,0
1995915,0.071161,0
1995946,0.0701,0
1995913,0.03764,0
1986814,0.016667,0
1995843,0.010432,0
1995945,0.003319,0
1995948,0.071161,0
1995957,0.071161,0
1959941,0.0701,0
1974587,0.0701,0
1995934,0.15493,0
1995917,0.071161,0
1994643,0.081197,0
1993863,0.03764,0
1994401,0.017194,0
1762983,0.02214,0
1977642,0.016667,0
1995972,0.010432,0
1995679,0.02214,0
1995975,0.010432,0
1966488,0.046875,0
1973177,0.03764,0
1995964,0.015,0
1995991,0.151292,0
1995928,0.03764,0
1982725,0.00885,0
1996010,0.02214,0
1995515,0.071161,0
1950037,0.081197,0
1995997,0.161698,0
1995965,0.071161,0
1993448,0.016667,0
1995916,0.02214,0
1991557,0.081197,0
1982187,0.03764,0
1995406,0.081197,0
1995979,0.03764,0
1988766,0.081197,0
1989218,0.03764,0
1996027,0.017544,0
1993554,0.03764,0
1994358,0.010432,0
1079402,0.046875,0
1994106,0.016667,0
1996012,0.03764,0
1996035,0.003319,0
972186,0.090038,0
1996030,0.0701,0
1996052,0.0701,0
1996037,0.003319,0
1984729,0.03764,0
1996047,0.017544,0
1995149,0.010432,0
1996043,0.00885,0
1661158,0.03764,0
1996066,0.02214,0
1996060,0.071429,0
1996067,0.015,0
1996055,0.046875,0
1996044,0.071161,0
1996022,0.03764,0
1995359,0.0701,0
1993159,0.003937,0
1996053,0.03764,0
1995876,0.046875,0
1995861,0.009709,0
1992381,0.071161,0
1994365,0.015,0
1995825,0.161698,0
1994993,0.00885,0
1993421,0.03764,0
1995782,0.0701,0
1995898,0.046875,0
1995320,0.010432,0
1994361,0.071161,0
1996062,0.016667,0
1995752,0.016667,0
1996085,0.151292,0
1995884,0.009709,0
1993187,0.003937,0
1995851,0.071161,0
1996077,0.107884,0
1968172,0.107884,0
1992440,0.03764,0
1996088,0.017544,0
1989252,0.010432,0
1996093,0.0701,0
1996076,0.0701,0
1995527,0.03764,0
1996048,0.151292,0
1985442,0.03764,0
1995410,0.02214,0
1994071,0.016746,0
1554627,0.0701,0
1994824,0.010432,0
1996112,0.0701,0
1936161,0.010432,0
1996123,0.03764,0
1996108,0.016746,0
1996099,0.010432,0
1960746,0.081197,0
1984909,0.003319,0
1996135,0.017544,0
1996122,0.03764,0
1992899,0.03764,0
1996142,0.107884,0
1996120,0.03764,0
1995303,0.0701,0
1961840,0.03764,0
1995671,0.03764,0
1996115,0.081197,0
1996095,0.199067,0
1992441,0.010432,0
1996111,0.03764,0
1996149,0.009709,0
1373536,0.003319,0
1991064,0.0701,0
1996158,0.015,0
1979704,0.046875,0
1995082,0.016746,0
1995947,0.03764,0
1996147,0.015,0
1996165,0.03764,0
1995982,0.0701,0
1995941,0.081197,0
1993857,0.016746,0
1996181,0.0701,0
1973764,0.071161,0
1996109,0.0,0
1996073,0.03764,0
1996145,0.022222,0
1996039,0.151292,0
1996152,0.046875,0
1996168,0.010432,0
1996185,0.046875,0
1975943,0.03764,0
1996179,0.003319,0
1996173,0.081197,0
1996194,0.016667,0
1996203,0.0701,0
1995676,0.046875,0
1990942,0.071161,0
1993764,0.0701,0
1996017,0.003937,0
1987155,0.03764,0
1996190,0.0701,0
1553694,0.016746,0
1995357,0.046875,0
1995952,0.161698,0
1996189,0.016746,0
1996110,0.02214,0
1996223,0.016667,0
1996213,0.02214,0
1987906,0.0701,0
1996199,0.071161,0
1990974,0.02214,0
1991464,0.0701,0
1996193,0.0,0
1996249,0.02214,0
1996084,0.016746,0
1996183,0.003319,0
1996205,0.003319,0
1996261,0.016746,0
1996265,0.0701,0
1949939,0.03764,0
1996285,0.015,0
1996286,0.046875,0
1993460,0.107884,0
1993003,0.071161,0
1993811,0.081197,0
1996297,0.016667,0
1990949,0.02214,0
1996172,0.03764,0
1993759,0.0701,0
1991226,0.017544,0
1996292,0.03764,0
1996248,0.010432,0
1990340,0.010432,0
1993735,0.071161,0
1996306,0.03764,0
1992379,0.03764,0
1996191,0.03764,0
1941654,0.071161,0
1996308,0.0701,0
1974119,0.071161,0
1996316,0.02214,0
1936262,0.071161,0
1995052,0.015,0
1996332,0.003319,0
1996315,0.0701,0
1986555,0.0701,0
1994278,0.0701,0
1996133,0.00885,0
1995786,0.015,0
1972370,0.151292,0
1996339,0.010432,0
1996347,0.016667,0
1996355,0.0701,0
1987482,0.010432,0
1996242,0.03764,0
1996277,0.03764,0
1980914,0.03764,0
1996345,0.03764,0
1996235,0.003937,0
1996063,0.016746,0
1995705,0.03764,0
1986720,0.016746,0
1994109,0.016746,0
1991760,0.03764,0
1996351,0.0,0
1994693,0.03764,0
1996051,0.016746,0
1996208,0.016667,0
1989311,0.015,0
842032,0.00885,0
1995511,0.00885,0
1996357,0.003319,0
1977123,0.071161,0
1996359,0.016746,0
1987175,0.02214,0
1996378,0.03764,0
1965252,0.046875,0
1996325,0.03764,0
1996247,0.015,0
1995981,0.016667,0
1995869,0.03764,0
1996383,0.151292,0
1996385,0.016667,0
1994435,0.010432,0
1995389,0.0701,0
1996376,0.03764,0
1996372,0.081197,0
1988722,0.02214,0
1996388,0.0701,0
1996404,0.0701,0
1823222,0.071161,0
1974644,0.003319,0
1991606,0.0701,0
1995445,0.081197,0
1996381,0.00885,0
1996395,0.009709,0
1996405,0.071161,0
1983703,0.071161,0
1974803,0.0701,0
1992869,0.071161,0
1996407,0.00885,0
1861816,0.03764,0
1994935,0.016667,0
1995886,0.016667,0
1996417,0.016746,0
1996403,0.02214,0
1996431,0.016746,0
1996432,0.081197,0
1973129,0.107884,0
1996439,0.071161,0
1996421,0.016746,0
1995933,0.071161,0
1996436,0.03764,0
1996448,0.081197,0
1996430,0.151292,0
1996437,0.003319,0
1996445,0.010432,0
1994008,0.02214,0
1996447,0.03764,0
1996450,0.03764,0
1996453,0.161698,0
1996456,0.161698,0
1995392,0.046875,0
1996446,0.015,0
1996196,0.02214,0
1996271,0.016667,0
1996086,0.03764,0
1996406,0.015,0
1990391,0.03764,0
1994042,0.010432,0
1996346,0.015,0
1996444,0.003937,0
1971385,0.015,0
1996467,0.0701,0
1996195,0.02214,0
1996455,0.071161,0
1996461,0.03764,0
1994701,0.015,0
1965894,0.161698,0
1996305,0.071161,0
1996484,0.03764,0
1996489,0.03764,0
1981832,0.00885,0
1994542,0.03764,0
1994973,0.161698,0
1974925,0.071161,0
1994149,0.0701,0
1996127,0.090038,0
1996502,0.03764,0
1996506,0.107884,0
1990256,0.003937,0
1927834,0.081197,0
1996503,0.022222,0
1996492,0.016667,0
1996483,0.016667,0
1995329,0.016667,0
1995866,0.090038,0
1995376,0.071161,0
1996523,0.016746,0
1996459,0.003937,0
1967391,0.071161,0
1996500,0.081197,0
1982646,0.0701,0
1994494,0.00885,0
1989164,0.017544,0
1982395,0.0701,0
1973412,0.090038,0
1996222,0.107884,0
1996511,0.0701,0
1996513,0.046875,0
1995630,0.010432,0
1990473,0.081197,0
1996458,0.022222,0
1996510,0.02214,0
1996336,0.010432,0
1996526,0.0,0
1949038,0.010432,0
1988338,0.071161,0
1996561,0.03764,0
1996564,0.0701,0
1977592,0.107884,0
1996559,0.016667,0
1996566,0.071161,0
1996380,0.02214,0
1996326,0.016746,0
1990374,0.010432,0
1992278,0.03764,0
1972767,0.03764,0
1996560,0.015,0
1974880,0.015,0
1960965,0.03764,0
1994811,0.016667,0
1996081,0.046875,0
1981840,0.151292,0
1994894,0.03764,0
1996565,0.016667,0
1992236,0.0701,0
1996408,0.010432,0
1996600,0.03764,0
1995585,0.071161,0
1996596,0.016667,0
1996604,0.003319,0
1996001,0.03764,0
1995985,0.016746,0
1996608,0.0,0
1996632,0.071161,0
1996553,0.010432,0
1996333,0.03764,0
1996529,0.071161,0
1954236,0.016746,0
1996586,0.046875,0
1990838,0.016746,0
1996614,0.016746,0
1996625,0.022222,0
1996457,0.081197,0
1989094,0.151292,0
1996616,0.016667,0
1994478,0.03764,0
1996613,0.009709,0
1989625,0.081197,0
1996649,0.02214,0
1968422,0.010432,0
1996619,0.003383,0
1996116,0.071161,0
1996644,0.017544,0
1996648,0.081197,0
1996662,0.151292,0
1991055,0.0701,0
1981160,0.0701,0
1996664,0.046875,0
1995510,0.016746,0
1980083,0.071161,0
1996665,0.00885,0
1996658,0.00885,0
1996646,0.010432,0
1993949,0.03764,0
1996621,0.00885,0
1961627,0.017544,0
1996686,0.02214,0
1996188,0.03764,0
1963060,0.017544,0
1993731,0.016746,0
1996102,0.03764,0
1996668,0.016746,0
1996674,0.003937,0
1996681,0.03764,0
1996273,0.016746,0
1994161,0.0,0
1996690,0.015,0
1996301,0.046875,0
1996669,0.090038,0
1996474,0.010432,0
1996387,0.016667,0
1996688,0.046875,0
1996236,0.016667,0
1996234,0.016746,0
1984370,0.08,0
1985247,0.009709,0
1996687,0.016667,0
1994512,0.017544,0
1996656,0.016667,0
1957854,0.046875,0
1996689,0.00885,0
1996428,0.016746,0
1996700,0.010432,0
1928683,0.03764,0
1994130,0.071161,0
1995323,0.03764,0
1982334,0.016667,0
1993364,0.02214,0
1989072,0.0701,0
1959625,0.081197,0
1989180,0.016667,0
1996711,0.00885,0
1996713,0.010432,0
1980777,0.00885,0
1996601,0.03764,0
1996702,0.010432,0
1996707,0.03764,0
1996633,0.016746,0
1994147,0.071161,0
1996557,0.0701,0
1996716,0.046875,0
1974502,0.016746,0
1992292,0.016746,0
1990979,0.016746,0
1994803,0.03764,0
1996733,0.0,0
1990302,0.0701,0
1996732,0.081197,0
1996580,0.010432,0
1990834,0.010432,0
1996719,0.090038,0
1996748,0.03764,0
1996740,0.003319,0
1996757,0.015,0
1961488,0.010432,0
1995311,0.071161,0
1258036,0.090038,0
1995381,0.03764,0
1996401,0.003319,0
1987016,0.03764,0
1994979,0.03764,0
1996754,0.015,0
1996777,0.02214,0
1996554,0.003319,0
1991781,0.016667,0
1986127,0.010432,0
1977615,0.010432,0
1996692,0.003683,0
1977179,0.03764,0
1990527,0.0701,0
1973941,0.107884,0
1973286,0.016746,0
1996031,0.161698,0
1996630,0.03764,0
1996755,0.017544,0
1996728,0.010432,0
1858929,0.081197,0
1996735,0.003937,0
1974205,0.071161,0
1996767,0.010432,0
1996742,0.010432,0
1996756,0.0,0
1996753,0.016746,0
1996749,0.046875,0
1996769,0.090038,0
1996752,0.081197,0
1996768,0.016746,0
1951965,0.0701,0
1996629,0.046875,0
1996709,0.161698,0
1996747,0.010432,0
1996771,0.107884,0
1996775,0.03764,0
1996781,0.02214,0
1295996,0.003319,0
1996706,0.010432,0
1993971,0.0701,0
1996766,0.010432,0
1996786,0.0701,0
1996792,0.03764,0
1996784,0.071161,0
1986913,0.016667,0
1953718,0.161698,0
1966421,0.151292,0
1995385,0.03764,0
1995422,0.071161,0
1996795,0.081197,0
1989090,0.00885,0
1996790,0.022222,0
1990114,0.022222,0
1996682,0.03764,0
1996808,0.00885,0
1995365,0.071161,0
1996794,0.071161,0
1996802,0.016667,0
1995248,0.046875,0
1996801,0.003319,0
1995962,0.081197,0
1744334,0.071161,0
1996820,0.0701,0
1996804,0.03764,0
1996810,0.071161,0
1996809,0.02214,0
1978536,0.016746,0
1996825,0.016746,0
1996819,0.010432,0
1994780,0.03764,0
1991102,0.003937,0
1996824,0.010432,0
1927103,0.071161,0
1996829,0.03764,0
1976291,0.016667,0
1947170,0.03764,0
1984624,0.03764,0
1996787,0.016667,0
1813771,0.071161,0
1996833,0.071161,0
1996818,0.00885,0
1996831,0.081197,0
1996226,0.016746,0
1973591,0.0701,0
1996485,0.022222,0
1995100,0.21875,0
1994065,0.015,0
1995728,0.016746,0
1981271,0.016746,0
1977608,0.016746,0
1996582,0.003319,0
1996817,0.081197,0
1981958,0.010432,0
1943219,0.199067,0
1996782,0.081197,0
1996849,0.016667,0
1993581,0.009709,0
1996857,0.071161,0
1996866,0.016746,0
1994758,0.071161,0
1982044,0.095541,0
1996002,0.010432,0
1995571,0.03764,0
1996045,0.0701,0
1993291,0.00885,0
1996729,0.071161,0
1996860,0.010432,0
1996788,0.003319,0
1975397,0.017544,0
1954381,0.090038,0
1986653,0.017544,0
1995207,0.003937,0
1993667,0.010432,0
1982998,0.03764,0
1996811,0.03764,0
1986219,0.016746,0
1993201,0.022222,0
1996884,0.03764,0
1996879,0.071161,0
1996885,0.151292,0
1766622,0.0701,0
1996888,0.151292,0
1996875,0.016746,0
1990157,0.017544,0
1996872,0.003319,0
1996869,0.02214,0
1996877,0.095541,0
1996873,0.016746,0
1996900,0.010432,0
1996891,0.03764,0
1988909,0.071161,0
1996907,0.016667,0
1978410,0.0701,0
1852969,0.017544,0
1981148,0.010432,0
1996863,0.0,0
1986433,0.071161,0
1806667,0.0701,0
1996911,0.0701,0
1747704,0.046875,0
1996915,0.095541,0
1996916,0.016667,0
1996906,0.03764,0
1996910,0.03764,0
1993966,0.003319,0
1996945,0.016667,0
1977304,0.016667,0
1996929,0.016746,0
1996932,0.0701,0
1996949,0.0701,0
1996920,0.016746,0
1996927,0.003319,0
1996936,0.016667,0
1996947,0.0701,0
1996952,0.003319,0
1996946,0.010432,0
1969252,0.03764,0
1986607,0.017544,0
1994093,0.00885,0
1996944,0.161698,0
1996890,0.016746,0
1996934,0.03764,0
1996924,0.010432,0
1996948,0.016667,0
1996940,0.071161,0
1996933,0.03764,0
1996926,0.003319,0
1994817,0.017544,0
1989622,0.03764,0
1996041,0.016746,0
1974607,0.081197,0
1985886,0.090038,0
1996954,0.0701,0
1996931,0.010432,0
1996666,0.016746,0
1996964,0.015,0
1996973,0.015,0
1996870,0.0701,0
1993755,0.016667,0
1993853,0.03764,0
1777088,0.0701,0
1976896,0.03764,0
1996841,0.046875,0
1996844,0.016667,0
1076399,0.016667,0
1976430,0.016746,0
1991763,0.02214,0
1996918,0.046875,0
1994644,0.003937,0
1983638,0.0701,0
1996622,0.0701,0
1964130,0.107884,0
1974189,0.0701,0
1996987,0.016746,0
1996806,0.003937,0
1995994,0.003937,0
1997005,0.003937,0
1995715,0.003319,0
1996717,0.071161,0
1996904,0.016746,0
1996845,0.0701,0
1954593,0.03764,0
1996992,0.016746,0
1975699,0.03764,0
1997001,0.003319,0
1996994,0.016746,0
1996909,0.003319,0
1991211,0.0,0
1996999,0.02214,0
1997011,0.015,0
1997017,0.015,0
1991023,0.151292,0
1996991,0.016667,0
1983080,0.010432,0
1981466,0.03764,0
1997006,0.0701,0
1997008,0.010432,0
1992338,0.081197,0
1995460,0.016746,0
1997010,0.151292,0
1961724,0.03764,0
1997032,0.017544,0
1991143,0.046875,0
1995347,0.161698,0
1996207,0.016746,0
1994840,0.151292,0
1996881,0.016667,0
1997022,0.107884,0
1996902,0.00885,0
1996361,0.016746,0
1989012,0.017544,0
1996759,0.017544,0
1997013,0.003319,0
1996985,0.081197,0
1996025,0.00885,0
1997041,0.0,0
1982653,0.00885,0
1985268,0.0701,0
1979801,0.017544,0
1997052,0.0,0
1996984,0.016667,0
1986300,0.161698,0
1997024,0.046875,0
1996930,0.095541,0
1948004,0.03764,0
1996515,0.02214,0
1996054,0.046875,0
1997028,0.03764,0
1974336,0.08,0
1997049,0.010432,0
1997043,0.046875,0
1995850,0.0701,0
1995970,0.03764,0
1973976,0.046875,0
1997058,0.016667,0
1997066,0.010432,0
1977416,0.003319,0
1995428,0.046875,0
1997057,0.08,0
1972515,0.03764,0
1995379,0.046875,0
1978726,0.071161,0
1993345,0.046875,0
1997047,0.0701,0
1967327,0.03764,0
1996842,0.071161,0
1997084,0.016667,0
1995281,0.00885,0
1997068,0.02214,0
1997034,0.071161,0
1986809,0.0701,0
1990821,0.010432,0
1991124,0.016667,0
1997030,0.03764,0
1997051,0.009709,0
1997090,0.009709,0
1997085,0.010432,0
1572719,0.0701,0
1993089,0.0701,0
1994877,0.003319,0
1997076,0.003319,0
1989652,0.03764,0
1995543,0.03764,0
1985052,0.081197,0
1997102,0.0701,0
1996377,0.151292,0
1997094,0.010432,0
1995561,0.0701,0
1997114,0.022222,0
1997095,0.016667,0
1996998,0.03764,0
1062157,0.022222,0
1997116,0.151292,0
1996479,0.016746,0
1994633,0.071161,0
1997072,0.03764,0
1996675,0.081197,0
1996776,0.03764,0
1996965,0.03764,0
1990455,0.081197,0
1996153,0.0701,0
1994705,0.03764,0
1997126,0.046875,0
1992618,0.016667,0
1997103,0.03764,0
1997132,0.022222,0
1997134,0.016746,0
1653213,0.03764,0
1997128,0.016667,0
1997130,0.010432,0
1997142,0.010432,0
1997137,0.016746,0
1996317,0.016667,0
1997122,0.00885,0
1991980,0.02214,0
1997148,0.199067,0
1994156,0.016667,0
1997157,0.03764,0
1980986,0.016746,0
1926716,0.016667,0
1997139,0.071161,0
1962887,0.017544,0
1965472,0.010432,0
1997145,0.046875,0
1954850,0.0701,0
1974688,0.161698,0
1997182,0.081197,0
1997180,0.003319,0
1822747,0.081197,0
1997152,0.03764,0
1995267,0.003319,0
1996951,0.016746,0
1996708,0.00885,0
1997192,0.081197,0
1986144,0.0701,0
1997174,0.010432,0
1997183,0.081197,0
1997198,0.0701,0
1997195,0.071161,0
1997193,0.071161,0
1997104,0.081197,0
1997186,0.015,0
1997179,0.0701,0
1985053,0.03764,0
1997197,0.003319,0
1996552,0.03764,0
1997173,0.00885,0
1996961,0.071161,0
1997210,0.010432,0
1864955,0.199067,0
1997205,0.00885,0
1997138,0.010432,0
1997201,0.03764,0
1997097,0.015,0
1997222,0.015,0
1992376,0.03764,0
1997108,0.071161,0
1996034,0.03764,0
1992115,0.046875,0
1996280,0.071161,0
1997127,0.009709,0
1997225,0.03764,0
1996993,0.003937,0
1994709,0.010432,0
1995592,0.0701,0
1997236,0.046875,0
1997211,0.071161,0
1978553,0.03764,0
1979563,0.003319,0
1997233,0.071161,0
1995517,0.071161,0
1997156,0.003319,0
1973803,0.010432,0
1986874,0.090038,0
1997252,0.0,0
301277,0.081197,0
1992283,0.03764,0
1990444,0.03764,0
1997244,0.003319,0
1997124,0.016746,0
1997260,0.010432,0
1997234,0.08,0
1997238,0.03764,0
1995353,0.03764,0
1997039,0.010432,0
1996212,0.016667,0
1997275,0.017544,0
1997251,0.010432,0
1992136,0.003937,0
1997087,0.0701,0
1986569,0.0701,0
1997110,0.003319,0
1984842,0.03764,0
1997202,0.03764,0
1997246,0.022222,0
1992486,0.0701,0
1997151,0.03764,0
1997172,0.016746,0
1995161,0.017544,0
1997155,0.0701,0
1997093,0.03764,0
1950350,0.095541,0
1997256,0.071161,0
1996986,0.015,0
1995616,0.00885,0
1997033,0.02214,0
1997310,0.03764,0
1992695,0.151292,0
1995480,0.0701,0
1997283,0.010432,0
1997293,0.009709,0
1991831,0.0,0
1997003,0.022222,0
1997298,0.046875,0
1997295,0.071161,0
1987098,0.071161,0
1994778,0.03764,0
1997309,0.022222,0
1996164,0.046875,0
1997286,0.071161,0
1997304,0.0701,0
1997320,0.081197,0
1993162,0.071161,0
1995910,0.02214,0
1997327,0.071161,0
1993329,0.090038,0
1997263,0.0,0
1997329,0.081197,0
1997269,0.081197,0
1997316,0.010432,0
1980387,0.0701,0
1997277,0.0701,0
1990674,0.016746,0
1990603,0.010432,0
1988302,0.0701,0
1994730,0.022222,0
1992924,0.017544,0
1993909,0.00885,0
1995418,0.022222,0
1990513,0.03764,0
1986574,0.010432,0
1997348,0.016667,0
466590,0.00885,0
1974305,0.0701,0
1997354,0.0701,0
1980274,0.071161,0
1997349,0.022222,0
1997353,0.0701,0
1997317,0.090038,0
1997362,0.081197,0
1997341,0.046875,0
1988498,0.02214,0
1081428,0.016746,0
1997372,0.03764,0
1974398,0.071161,0
1997092,0.03764,0
1997374,0.03764,0
1997382,0.009709,0
1965544,0.03764,0
690725,0.010432,0
1997394,0.0,0
1969545,0.03764,0
1996412,0.0701,0
1993932,0.03764,0
1997154,0.03764,0
1974811,0.0701,0
1990295,0.00885,0
1996606,0.016667,0
1997417,0.03764,0
1996901,0.0701,0
1997423,0.02214,0
1997420,0.046875,0
1995388,0.046875,0
1608130,0.022222,0
1997411,0.071161,0
1980197,0.016667,0
1997430,0.010432,0
1995854,0.016746,0
1972795,0.046875,0
1992511,0.017544,0
1997185,0.071161,0
1997123,0.02214,0
472357,0.151292,0
1997432,0.046875,0
1997367,0.03764,0
1997402,0.071161,0
1995306,0.161698,0
1997459,0.016746,0
1995989,0.03764,0
1997166,0.071161,0
1996673,0.017544,0
1965148,0.003319,0
1997484,0.199593,0
1988111,0.010432,0
1939563,0.0701,0
1997490,0.016746,0
1997494,0.046875,0
1997485,0.017544,0
1997483,0.016746,0
1997507,0.003937,0
1995844,0.010432,0
1993641,0.046875,0
1997503,0.016667,0
1997506,0.03764,0
1997514,0.015,0
1995008,0.016667,0
1997515,0.016746,0
1997500,0.016667,0
1976563,0.0701,0
1997486,0.016667,0
1997261,0.010432,0
1997525,0.00885,0
1996935,0.016667,0
1997532,0.00885,0
1997527,0.016667,0
1997521,0.03764,0
1985815,0.071161,0
1997217,0.151292,0
1996435,0.081197,0
1464423,0.00885,0
1997539,0.090038,0
1997543,0.003319,0
1997544,0.010432,0
1997550,0.090038,0
1997540,0.016667,0
1996807,0.071161,0
1993209,0.081197,0
1984215,0.0701,0
1997555,0.161698,0
1997481,0.03764,0
1997561,0.003319,0
1997551,0.03764,0
1997562,0.081197,0
1997453,0.003937,0
1997558,0.016667,0
1997554,0.016667,0
1997574,0.02214,0
1997566,0.0,0
1997578,0.016667,0
1997569,0.0701,0
1690866,0.161698,0
1968247,0.016746,0
1997576,0.017544,0
1997538,0.016746,0
1995058,0.003319,0
1995824,0.009709,0
1855267,0.015,0
1997568,0.071161,0
1984852,0.016667,0
1997591,0.00885,0
1997469,0.010432,0
1997575,0.010432,0
1997595,0.03764,0
1997599,0.003319,0
1997612,0.003319,0
1997609,0.016746,0
1997614,0.009709,0
1997605,0.02214,0
1997610,0.010432,0
1997616,0.010432,0
1854654,0.016746,0
1997542,0.017544,0
1997171,0.071161,0
1997162,0.090038,0
1997631,0.003319,0
1997630,0.003319,0
1979787,0.0701,0
1839979,0.00885,0
1990249,0.02214,0
1980526,0.081197,0
1997121,0.107884,0
1997651,0.071161,0
1997140,0.00885,0
1997656,0.03764,0
1997663,0.03764,0
1997652,0.010432,0
1997655,0.090038,0
1939230,0.081197,0
1995995,0.003937,0
1997215,0.03764,0
1997666,0.022222,0
1997474,0.016746,0
1993392,0.107884,0
1997623,0.003937,0
1997678,0.015,0
1997679,0.03764,0
1997673,0.071161,0
1994403,0.0701,0
1972741,0.090038,0
1997691,0.010432,0
1997696,0.010432,0
1985214,0.151292,0
1989981,0.003937,0
1997705,0.0701,0
1997683,0.02214,0
1997608,0.003937,0
1997704,0.046875,0
1997712,0.015,0
1997670,0.151292,0
1778386,0.08,0
1997706,0.03764,0
1997723,0.03764,0
1997722,0.00885,0
1997331,0.00885,0
1997725,0.016667,0
1995131,0.003319,0
1997720,0.00885,0
1995960,0.090038,0
1997728,0.03764,0
1990236,0.016746,0
1997516,0.00885,0
1997716,0.081197,0
1997735,0.0701,0
1997743,0.03764,0
1997428,0.016746,0
1997726,0.071161,0
1933193,0.071161,0
1995792,0.003937,0
1997732,0.02214,0
1968995,0.03764,0
1997040,0.046875,0
1997744,0.017544,0
1997752,0.071161,0
1997677,0.003319,0
1997730,0.003319,0
1997303,0.016667,0
1997724,0.03764,0
1987405,0.003319,0
1996959,0.151292,0
1997687,0.03764,0
1997755,0.022222,0
1775530,0.022222,0
1997778,0.03764,0
1992536,0.081197,0
1997698,0.010432,0
1988535,0.009709,0
1997213,0.016667,0
1997719,0.071161,0
1997761,0.016746,0
1996451,0.03764,0
1673738,0.161698,0
1996424,0.071161,0
1991094,0.016746,0
1997791,0.033753,0
1997797,0.03764,0
1997547,0.0,0
1932550,0.071161,0
1997799,0.090038,0
1995905,0.107884,0
1995089,0.003937,0
1948555,0.03764,0
1997809,0.081197,0
1997776,0.071161,0
1997826,0.0701,0
1994788,0.03764,0
1995044,0.010432,0
1997839,0.016746,0
1997643,0.071161,0
1997845,0.107884,0
1997885,0.046875,0
1997934,0.151292,0
1998046,0.0701,0
1997731,0.0701,0
1997872,0.02214,0
1997863,0.090038,0
1997919,0.016746,0
1997866,0.095541,0
1997887,0.010432,0
1997857,0.081197,0
1998076,0.0701,0
1997873,0.03764,0
1997986,0.151292,0
1997967,0.03764,0
1997935,0.0701,0
1997920,0.03764,0
1997951,0.02214,0
1997886,0.03764,0
1997899,0.010432,0
1998054,0.071161,0
1998017,0.03764,0
1997911,0.151292,0
1997989,0.081197,0
1997884,0.0701,0
1997877,0.0701,0
1998148,0.016746,0
1997983,0.00885,0
1997915,0.0,0
1998002,0.090038,0
1998061,0.016746,0
1998073,0.03764,0
1997869,0.010432,0
1997985,0.016746,0
1997932,0.03764,0
1997897,0.0701,0
1997956,0.03764,0
1997903,0.00885,0
1998034,0.081197,0
1997977,0.161698,0
1997946,0.003319,0
1998029,0.015,0
1997937,0.016667,0
1997900,0.151292,0
1998009,0.02214,0
1998096,0.016667,0
1998003,0.0,0
1997913,0.016746,0
1997954,0.071161,0
1998108,0.03764,0
1997928,0.015,0
1998000,0.00885,0
1998026,0.022222,0
1998173,0.03764,0
1997874,0.0701,0
1997878,0.03764,0
1998042,0.016667,0
1997992,0.090038,0
1997849,0.02214,0
1998067,0.003319,0
1998006,0.003319,0
1997971,0.151292,0
1998106,0.016746,0
1997910,0.015,0
1997922,0.016667,0
1997924,0.0701,0
1998117,0.015,0
1997929,0.009709,0
1998161,0.003937,0
1998134,0.016746,0
1998189,0.0701,0
1998085,0.071161,0
1997879,0.071161,0
1997904,0.022222,0
1997916,0.151292,0
1998083,0.0,0
1998194,0.010432,0
1997847,0.071161,0
1997999,0.046875,0
1998139,0.03764,0
1997153,0.03764,0
1998240,0.016746,0
1998235,0.03764,0
1997939,0.010432,0
1998037,0.046875,0
1998156,0.03764,0
1997875,0.016746,0
1997880,0.03764,0
1998129,0.015,0
1997973,0.071161,0
1997926,0.016667,0
1997993,0.00885,0
1997970,0.003319,0
1997906,0.0701,0
1997960,0.071161,0
1997965,0.161698,0
1998221,0.03764,0
1997893,0.02214,0
1998222,0.03764,0
1998130,0.003319,0
1998175,0.0,0
1997835,0.0701,0
1998181,0.071161,0
1998306,0.0701,0
1998321,0.071161,0
1998162,0.046875,0
1998112,0.0701,0
1998060,0.017544,0
1998059,0.161698,0
1998186,0.010432,0
1997871,0.071161,0
1998153,0.016667,0
1998128,0.03764,0
1998295,0.016746,0
1997912,0.081197,0
1998246,0.022222,0
1998149,0.071161,0
1998091,0.03764,0
1998142,0.081197,0
1998090,0.046875,0
1997644,0.016746,0
1998010,0.03764,0
1998337,0.03764,0
1998330,0.03764,0
1997848,0.03764,0
1998266,0.003319,0
1998315,0.071161,0
1998308,0.003937,0
1998326,0.03764,0
1998258,0.071161,0
1998265,0.016667,0
1998127,0.022222,0
1998191,0.015,0
1998125,0.0701,0
1998270,0.016746,0
1997995,0.0701,0
1997914,0.095541,0
1997918,0.02214,0
1998223,0.010432,0
1998205,0.010432,0
1998437,0.016667,0
1998347,0.151292,0
1998341,0.010432,0
1998056,0.022222,0
1998368,0.003319,0
1998396,0.016746,0
1998151,0.02214,0
1998229,0.0,0
1998040,0.02214,0
1998310,0.090038,0
1997955,0.009709,0
1998225,0.016746,0
1998259,0.0701,0
1998051,0.0701,0
1998324,0.016746,0
1998303,0.022222,0
1998327,0.02214,0
1998336,0.02214,0
1998359,0.03764,0
1998158,0.003319,0
1998207,0.046875,0
1998237,0.03764,0
1998395,0.0701,0
1998394,0.071161,0
1998366,0.02214,0
1998301,0.071161,0
1998318,0.003319,0
1998038,0.02214,0
1998287,0.095541,0
1998234,0.015,0
1974754,0.010432,0
1998220,0.0,0
1998254,0.0701,0
1998424,0.003937,0
1997860,0.003319,0
1997865,0.046875,0
1998249,0.009709,0
1998356,0.071161,0
1998388,0.010432,0
1998209,0.010432,0
1997974,0.107884,0
1998346,0.00885,0
1998111,0.02214,0
1998340,0.009709,0
1998213,0.0701,0
1998429,0.03764,0
1998534,0.046875,0
1998260,0.02214,0
1998296,0.02214,0
1998275,0.010432,0
1998289,0.017544,0
1998495,0.161698,0
1998387,0.010432,0
1998305,0.03764,0
1998004,0.03764,0
1998491,0.03764,0
1997950,0.010432,0
1998370,0.03764,0
1997908,0.03764,0
1998378,0.03764,0
1998206,0.003319,0
1998261,0.017544,0
1998164,0.090038,0
1998464,0.016746,0
1998468,0.03764,0
1998540,0.03764,0
1998280,0.010432,0
1998304,0.0701,0
1998521,0.016667,0
1998445,0.003319,0
1998236,0.003937,0
1998373,0.02214,0
1998192,0.03764,0
1998465,0.016667,0
1998558,0.015,0
1998377,0.046875,0
1998099,0.00885,0
1998126,0.010432,0
1998198,0.003319,0
1998420,0.003319,0
1998523,0.016746,0
1992946,0.071161,0
1997972,0.017544,0
1998476,0.02214,0
1998484,0.016667,0
1998488,0.0701,0
1998490,0.03764,0
1996216,0.016667,0
1998436,0.0,0
1998419,0.03764,0
1998351,0.071161,0
1998338,0.046875,0
1998066,0.015,0
1998568,0.107884,0
1998516,0.016746,0
1998463,0.003937,0
1998458,0.03764,0
1998088,0.016746,0
1998461,0.071161,0
1998470,0.016667,0
1997830,0.017544,0
1998152,0.0701,0
1998581,0.010432,0
1998317,0.003319,0
1998401,0.022222,0
1998473,0.003319,0
1998103,0.00885,0
1998453,0.03764,0
1997959,0.046875,0
1998406,0.003937,0
1998294,0.022222,0
1998433,0.003319,0
1998459,0.017544,0
1998579,0.010432,0
1992786,0.003319,0
1998567,0.010432,0
1998057,0.016746,0
1998075,0.003319,0
1998104,0.003937,0
1998506,0.003319,0
1998165,0.0,0
1998602,0.003937,0
1998598,0.016667,0
1998502,0.016667,0
1998565,0.02214,0
1998389,0.010432,0
1998592,0.046875,0
1998627,0.071161,0
1998538,0.151292,0
1998426,0.03764,0
1998616,0.010432,0
1998580,0.03764,0
1998177,0.03764,0
1998576,0.017544,0
1998390,0.010432,0
1997987,0.03764,0
1998542,0.02214,0
1998537,0.017544,0
1998589,0.003319,0
1998543,0.03764,0
1998363,0.003319,0
1998455,0.0,0
1998176,0.071161,0
1998651,0.016667,0
1998252,0.010432,0
1998615,0.015,0
1998660,0.016667,0
1998145,0.03764,0
1998219,0.00885,0
1998664,0.161698,0
1998566,0.02214,0
1998381,0.010432,0
1998486,0.003319,0
1998245,0.071161,0
1998643,0.03764,0
1998586,0.03764,0
1998624,0.015,0
1998274,0.0701,0
1998593,0.0701,0
1998619,0.010432,0
1998269,0.090038,0
1998533,0.016746,0
1998638,0.017544,0
1998685,0.15493,0
1998439,0.090038,0
1998690,0.0701,0
1998573,0.0701,0
1998648,0.016746,0
1998454,0.03764,0
1998646,0.016746,0
1998193,0.107884,0
1998649,0.0,0
1998603,0.015,0
1998309,0.010432,0
1998380,0.016746,0
1998590,0.003319,0
1998417,0.03764,0
1998621,0.081197,0
1998166,0.081197,0
1998498,0.016667,0
1997923,0.015,0
1998634,0.003319,0
1998497,0.0,0
1998358,0.03764,0
1998072,0.03764,0
1998163,0.071161,0
1998682,0.010432,0
1998663,0.00885,0
1998689,0.0,0
1998719,0.00885,0
1998361,0.081197,0
1998729,0.071161,0
1998702,0.010432,0
1998118,0.071161,0
1998683,0.00885,0
1998700,0.02214,0
1998642,0.081197,0
1997975,0.03764,0
1998311,0.016746,0
1998658,0.00885,0
1998449,0.090038,0
1998084,0.016667,0
1997991,0.003319,0
1998554,0.016746,0
1998365,0.02214,0
1998697,0.010432,0
1998684,0.03764,0
1998070,0.071161,0
1998504,0.016667,0
1998478,0.02214,0
1998644,0.142857,0
1998027,0.081197,0
1998572,0.010432,0
1998786,0.03764,0
1998746,0.0701,0
1998631,0.00885,0
1998782,0.00885,0
1998620,0.010432,0
1998200,0.010432,0
1998628,0.151292,0
1997953,0.03764,0
1998792,0.010432,0
1998776,0.003319,0
1998485,0.03764,0
1998722,0.0,0
1997852,0.046875,0
1998763,0.016667,0
1998798,0.0701,0
1997949,0.010432,0
1998519,0.003319,0
1998423,0.071161,0
1998727,0.0,0
1998743,0.0,0
1998100,0.046875,0
1998740,0.081197,0
1997831,0.010432,0
1998587,0.016746,0
1998825,0.017544,0
1998107,0.015,0
1998703,0.03764,0
1998854,0.071161,0
1998777,0.03764,0
1998253,0.03764,0
1998641,0.016667,0
1998750,0.016746,0
1998674,0.081197,0
1998800,0.016746,0
1998093,0.010432,0
1998796,0.016746,0
1998789,0.0,0
1998475,0.003937,0
1998865,0.016746,0
1998756,0.010432,0
1998849,0.003319,0
1998842,0.03764,0
1998564,0.003319,0
1998852,0.017544,0
1997840,0.071161,0
1998813,0.016746,0
1998050,0.016746,0
1998855,0.017544,0
1998653,0.0701,0
1998655,0.016667,0
1998859,0.071161,0
1998745,0.071161,0
1998288,0.010432,0
1998873,0.03764,0
1998474,0.0701,0
1998738,0.016667,0
1998766,0.02214,0
1998559,0.081197,0
1998058,0.0701,0
1998876,0.02214,0
1998613,0.03764,0
1998671,0.046875,0
1998834,0.03764,0
1998839,0.03764,0
1998879,0.016746,0
1998890,0.161698,0
1998885,0.107884,0
1998805,0.071161,0
1998906,0.03764,0
1998894,0.010432,0
1998846,0.016746,0
1998343,0.010432,0
1998715,0.0701,0
1998875,0.016667,0
1998811,0.0701,0
1998904,0.0701,0
1998933,0.003319,0
1998808,0.0,0
1998936,0.017544,0
1998121,0.017544,0
1993437,0.03764,0
1998910,0.03764,0
1998451,0.00885,0
1998758,0.02214,0
1998884,0.03764,0
1998979,0.03764,0
1998781,0.046875,0
1998893,0.00885,0
1998955,0.02214,0
1998921,0.003319,0
1998927,0.015,0
1998956,0.02214,0
1998932,0.03938,0
1998935,0.03764,0
1998920,0.016667,0
1998964,0.017544,0
1998958,0.03764,0
1998023,0.071161,0
1998959,0.017544,0
1998872,0.081197,0
1998835,0.081197,0
1998981,0.022222,0
1998199,0.03764,0
1998968,0.046875,0
1998965,0.046875,0
1997895,0.081197,0
1977158,0.02214,0
1998997,0.02214,0
1998494,0.010432,0
1998908,0.0701,0
1998101,0.03764,0
1998724,0.03764,0
1998973,0.02214,0
1999014,0.02214,0
1998982,0.0701,0
1999027,0.003319,0
1998868,0.02214,0
1998332,0.081197,0
1998962,0.00885,0
1998898,0.071161,0
1998924,0.03764,0
1999044,0.090038,0
1998874,0.010432,0
1998278,0.081197,0
1999000,0.107884,0
1999046,0.003937,0
1999042,0.071161,0
1999066,0.02214,0
1999054,0.071161,0
1998951,0.016667,0
1999049,0.046875,0
1999058,0.015,0
1998025,0.071161,0
1999029,0.081197,0
1998599,0.03764,0
1999031,0.081197,0
1998993,0.081197,0
1994939,0.161698,0
1999084,0.0701,0
1999065,0.03764,0
1999003,0.003319,0
1999063,0.016667,0
1999079,0.03764,0
1998882,0.017544,0
1999030,0.02214,0
1998784,0.02214,0
1999096,0.0701,0
1998751,0.0,0
1998339,0.095541,0
1999091,0.0,0
1999080,0.095541,0
1999005,0.0701,0
1998771,0.071161,0
1999071,0.046875,0
1999106,0.03764,0
1998089,0.071161,0
1998397,0.00885,0
1999078,0.0701,0
1999134,0.090038,0
1999089,0.016667,0
1999114,0.016746,0
1999112,0.022222,0
1998858,0.016746,0
1998116,0.107884,0
1999107,0.0,0
1999136,0.016667,0
1999095,0.016746,0
1999133,0.016667,0
1998529,0.003319,0
1999158,0.071161,0
1999143,0.016746,0
1997282,0.016667,0
1998639,0.03764,0
1999138,0.022222,0
1999153,0.03764,0
1998948,0.010432,0
1999166,0.090038,0
1999180,0.003319,0
1999137,0.0701,0
1970281,0.016667,0
1999144,0.003319,0
1999156,0.151292,0
1999162,0.003319,0
1998980,0.003937,0
1999185,0.071161,0
1998334,0.016667,0
1992812,0.02214,0
1999169,0.003319,0
1999165,0.0701,0
1998698,0.016746,0
1999172,0.003319,0
1999086,0.090038,0
1999183,0.071161,0
1998561,0.090038,0
1998578,0.03764,0
1998990,0.0701,0
1999173,0.003319,0
1999103,0.071161,0
1998941,0.016746,0
1998974,0.02214,0
1999141,0.003319,0
1918927,0.0701,0
1995845,0.046875,0
1998178,0.151292,0
1999213,0.0701,0
1996215,0.071161,0
1999192,0.009709,0
1999202,0.016667,0
1999215,0.02214,0
1997964,0.016746,0
1999210,0.03764,0
1999226,0.0701,0
1998954,0.090038,0
1999241,0.016746,0
1999196,0.03764,0
1998335,0.071161,0
1999033,0.02214,0
1999004,0.0701,0
1999187,0.03764,0
1999239,0.161698,0
1999238,0.00885,0
1999237,0.015,0
1999198,0.003319,0
1941205,0.071161,0
1998773,0.03764,0
1999253,0.03764,0
1973861,0.03764,0
1999175,0.046875,0
1999235,0.016746,0
1999119,0.016667,0
1999276,0.161698,0
1999233,0.003319,0
1978548,0.003319,0
1999195,0.071161,0
1999053,0.010432,0
1998150,0.161698,0
1999272,0.071161,0
1999256,0.003319,0
1999278,0.010432,0
1999264,0.107884,0
1999284,0.071161,0
1999222,0.010432,0
1999291,0.015,0
1999039,0.199067,0
1994806,0.016667,0
1999290,0.107884,0
1999309,0.016667,0
1999302,0.02214,0
1998597,0.022222,0
1999301,0.02214,0
1976785,0.02214,0
1999319,0.003319,0
1999088,0.010432,0
1998182,0.0701,0
1994075,0.161698,0
1999324,0.010432,0
1998717,0.03764,0
1990285,0.0701,0
1998938,0.046875,0
1999348,0.00885,0
1998720,0.081197,0
1999351,0.151292,0
1999333,0.02214,0
1999094,0.0,0
1999340,0.151292,0
1999363,0.02214,0
1998992,0.010432,0
1999352,0.071161,0
1999350,0.03764,0
1999368,0.046875,0
1999321,0.017544,0
1999011,0.0701,0
1999328,0.03764,0
1999036,0.016667,0
1999369,0.003937,0
1981739,0.071161,0
1999268,0.151292,0
1999371,0.016667,0
1997368,0.071161,0
1997676,0.015,0
1994909,0.02214,0
1999380,0.090038,0
1999386,0.0,0
1999312,0.0701,0
1999411,0.00885,0
1998812,0.016667,0
1999408,0.151292,0
1993601,0.015,0
1999420,0.003319,0
1999394,0.010432,0
1999404,0.016746,0
1980320,0.071161,0
1999375,0.017544,0
1999378,0.00885,0
1999285,0.016746,0
1999327,0.071161,0
1999376,0.03764,0
1999432,0.071161,0
1999431,0.016667,0
1999424,0.071161,0
1999438,0.03764,0
1999262,0.107884,0
1999442,0.016667,0
1982506,0.0701,0
1999443,0.016746,0
1998883,0.0,0
1999425,0.071161,0
1999332,0.015,0
1999457,0.015,0
1999452,0.003319,0
1998975,0.071161,0
1999446,0.003319,0
1999430,0.003319,0
1999451,0.02214,0
1999398,0.151292,0
1996805,0.003319,0
1999201,0.017544,0
1999366,0.003319,0
1999466,0.010432,0
1999454,0.02214,0
1999472,0.02214,0
1999469,0.03764,0
1998462,0.081197,0
1999145,0.071161,0
1996069,0.02214,0
1999471,0.02214,0
1999468,0.02214,0
1999435,0.010432,0
1999498,0.00885,0
1999450,0.03764,0
1972692,0.016667,0
1999392,0.03764,0
1999497,0.003319,0
1984943,0.02214,0
1999379,0.010432,0
1999475,0.003937,0
1999504,0.0701,0
1999525,0.02214,0
1999529,0.016746,0
1999523,0.010432,0
1999538,0.0701,0
1999537,0.015,0
1999521,0.010432,0
1973257,0.046875,0
1998466,0.016746,0
1999547,0.00885,0
1967888,0.071161,0
1999552,0.016667,0
1999546,0.046875,0
1997523,0.081197,0
1999072,0.071161,0
1998905,0.016746,0
1999519,0.03764,0
1999557,0.010432,0
1996480,0.03764,0
1998187,0.081197,0
1999534,0.016667,0
1997031,0.010432,0
1999563,0.003319,0
1997223,0.010432,0
1999566,0.016746,0
1998907,0.081197,0
1996680,0.071161,0
1999362,0.017544,0
1999573,0.010432,0
1964366,0.071161,0
1999409,0.046875,0
1999564,0.00885,0
1999583,0.016667,0
1999593,0.00885,0
1999599,0.0701,0
1999588,0.00885,0
1999604,0.151292,0
1990941,0.03764,0
1999611,0.071161,0
1251702,0.0701,0
1999609,0.0701,0
1999610,0.071161,0
1996880,0.02214,0
1999612,0.016746,0
1975208,0.03764,0
1999603,0.03764,0
1968957,0.161698,0
1999473,0.0701,0
1999601,0.003937,0
1999606,0.090038,0
1999500,0.010432,0
1999638,0.090038,0
1997308,0.016667,0
1981518,0.071161,0
1999629,0.03764,0
1999613,0.022222,0
1999649,0.016667,0
1999022,0.03764,0
1999646,0.016746,0
1999632,0.010432,0
1998972,0.010432,0
1999656,0.03764,0
1992709,0.010432,0
844676,0.142857,0
1999151,0.02214,0
1999633,0.02214,0
1999664,0.03764,0
1992684,0.003319,0
1999666,0.010432,0
1993656,0.03764,0
1999670,0.02214,0
1999663,0.02214,0
1999600,0.003319,0
1999674,0.016667,0
1995604,0.015,0
567082,0.071161,0
1999681,0.03764,0
1999687,0.046875,0
1999676,0.03764,0
1999704,0.03764,0
1999667,0.010432,0
1997513,0.03764,0
1999712,0.090038,0
1999706,0.015,0
1960658,0.016667,0
1999298,0.071161,0
1985954,0.161698,0
1999289,0.071161,0
1984054,0.071161,0
1999718,0.010432,0
1999727,0.02214,0
1999723,0.090038,0
1999728,0.003319,0
1995183,0.022222,0
1944949,0.0701,0
1994906,0.016667,0
1999427,0.02214,0
1999732,0.02214,0
1999735,0.071161,0
1999729,0.02214,0
1999556,0.081197,0
1996438,0.010432,0
1998362,0.03764,0
1996611,0.016746,0
1999722,0.0701,0
1985454,0.151292,0
1999744,0.003937,0
1990275,0.081197,0
1999764,0.0701,0
1999769,0.03764,0
1999784,0.071161,0
1999786,0.003319,0
1999793,0.016667,0
1999789,0.03764,0
1999223,0.090038,0
1999802,0.03764,0
1999739,0.081197,0
1999589,0.016667,0
1994987,0.046875,0
1999806,0.03764,0
1966064,0.016667,0
1299329,0.003319,0
1999814,0.017544,0
1999833,0.151292,0
1901007,0.03764,0
1999829,0.03764,0
1999832,0.022222,0
1999730,0.003319,0
1999846,0.03764,0
1994311,0.151292,0
1999831,0.090038,0
1999851,0.010432,0
1999852,0.016746,0
1997753,0.016667,0
1997219,0.0701,0
1999858,0.010432,0
1999840,0.02214,0
1997742,0.0701,0
1963619,0.010432,0
1999850,0.003937,0
1995555,0.03764,0
1999855,0.010432,0
1921158,0.010432,0
1995796,0.003937,0
1999867,0.090038,0
1999871,0.081197,0
1992567,0.00885,0
1999865,0.010432,0
1999668,0.0701,0
1999824,0.02214,0
1999880,0.071161,0
1999883,0.003319,0
1999847,0.016667,0
1999890,0.03764,0
1999893,0.016746,0
1999885,0.046875,0
1999870,0.15493,0
1999881,0.016667,0
1999872,0.0701,0
1999869,0.03764,0
1973851,0.090038,0
1133705,0.081197,0
1999899,0.016746,0
1999124,0.02214,0
1989542,0.02214,0
1995608,0.00885,0
1999914,0.010432,0
1970721,0.0701,0
1997504,0.02214,0
1984188,0.03764,0
1999932,0.016746,0
1999931,0.0701,0
1984111,0.016746,0
1999954,0.03764,0
1997632,0.015,0
1730692,0.071161,0
1999959,0.046875,0
1999962,0.151292,0
1995369,0.071161,0
1998007,0.058353,0
1998431,0.161698,0
1999957,0.03764,0
1997589,0.151292,0
1998350,0.0,0
1999969,0.003937,0
1999973,0.071161,0
1999985,0.03764,0
1999631,0.00885,0
1992201,0.03764,0
1999989,0.151292,0
1993915,0.046875,0
1999994,0.0701,0
1997738,0.016746,0
1999997,0.003937,0
1998583,0.090038,0
2000010,0.03764,0
1864748,0.071161,0
2000016,0.151292,0
1997029,0.03764,0
2000032,0.03764,0
2000035,0.0701,0
2000041,0.03764,0
1997602,0.03764,0
2000047,0.03764,0
2000040,0.199067,0
1991173,0.199593,0
2000058,0.015,0
1998989,0.161698,0
1995795,0.010432,0
1947237,0.081197,0
2000075,0.03764,0
2000078,0.016746,0
1999267,0.318987,1
1933091,0.010432,0
1996871,0.016746,0
2000086,0.03764,0
2000085,0.071161,0
2000090,0.199067,0
1998914,0.03764,0
2000061,0.022222,0
2000093,0.003937,0
1963794,0.046875,0
2000096,0.071161,0
2000017,0.016746,0
2000052,0.081197,0
2000095,0.081197,0
2000108,0.00885,0
2000118,0.0701,0
2000121,0.03764,0
2000125,0.0701,0
1999304,0.03764,0
2000123,0.016746,0
2000050,0.03764,0
1998922,0.0701,0
2000112,0.161698,0
2000138,0.02214,0
2000134,0.199067,0
2000044,0.03764,0
1994795,0.016746,0
2000155,0.199067,0
2000147,0.00885,0
2000158,0.003937,0
1994013,0.016667,0
2000145,0.0701,0
1997021,0.071161,0
1987459,0.03764,0
1999996,0.03764,0
1999791,0.03764,0
2000171,0.010432,0
2000179,0.03764,0
2000169,0.015,0
1997833,0.03764,0
1997925,0.161698,0
2000185,0.03764,0
1998047,0.016746,0
2000063,0.03764,0
1995958,0.010432,0
1997796,0.090038,0
1975057,0.071161,0
2000092,0.090038,0
2000224,0.161698,0
1991706,0.0701,0
2000210,0.015,0
1998748,0.03764,0
2000231,0.081197,0
2000232,0.02214,0
2000220,0.161698,0
1999211,0.03764,0
2000234,0.010432,0
1998828,0.017544,0
2000241,0.0,0
2000195,0.016667,0
2000242,0.016746,0
1624573,0.151292,0
2000023,0.071161,0
2000239,0.090038,0
2000244,0.0701,0
1999908,0.071161,0
1997254,0.03764,0
2000256,0.010432,0
2000262,0.03764,0
2000277,0.0701,0
1999910,0.02214,0
2000184,0.071161,0
2000260,0.016746,0
2000276,0.161698,0
1998984,0.03764,0
2000284,0.02214,0
2000046,0.0701,0
2000289,0.0701,0
1999715,0.03764,0
2000290,0.016667,0
1981882,0.107884,0
1972255,0.016746,0
2000302,0.151292,0
1990695,0.010432,0
2000048,0.010432,0
2000326,0.107884,0
2000067,0.046875,0
1997844,0.017544,0
2000305,0.02214,0
1997580,0.107884,0
2000343,0.151292,0
2000153,0.081197,0
2000356,0.081197,0
1948058,0.151292,0
2000349,0.010432,0
2000352,0.0,0
2000359,0.016746,0
1994566,0.016667,0
2000355,0.0701,0
2000376,0.046875,0
1998550,0.022222,0
2000391,0.08,0
2000384,0.071161,0
1997497,0.016746,0
1948328,0.03764,0
1990059,0.081197,0
2000409,0.107884,0
2000408,0.016746,0
2000405,0.0,0
2000413,0.090038,0
2000412,0.081197,0
2000364,0.016746,0
2000416,0.010432,0
2000430,0.071161,0
2000415,0.199067,0
2000424,0.090038,0
2000465,0.022222,0
1996463,0.046875,0
1998325,0.03764,0
2000486,0.010432,0
1997807,0.046875,0
1986444,0.071161,0
2000272,0.010432,0
2000458,0.016667,0
2000495,0.081197,0
2000481,0.016667,0
2000498,0.071161,0
1999835,0.010432,0
1669573,0.03764,0
1993718,0.046875,0
2000511,0.015,0
1997654,0.0701,0
2000523,0.0701,0
1993328,0.016746,0
1992186,0.081197,0
2000530,0.095541,0
2000515,0.071161,0
2000518,0.03764,0
2000538,0.0701,0
1999075,0.151292,0
2000542,0.0701,0
1997803,0.0701,0
1999113,0.151292,0
1998741,0.016667,0
1995077,0.016746,0
1998120,0.071161,0
2000454,0.071161,0
2000468,0.010432,0
2000560,0.010432,0
2000555,0.010432,0
1991749,0.016746,0
1997787,0.071161,0
1994530,0.03764,0
2000557,0.03764,0
2000564,0.090038,0
1996420,0.003319,0
1997361,0.03764,0
1994283,0.03764,0
2000570,0.199067,0
1999747,0.016746,0
1998272,0.03764,0
1999317,0.03764,0
1998196,0.071161,0
2000583,0.0701,0
2000582,0.071161,0
2000591,0.046875,0
1996813,0.081197,0
1998928,0.151292,0
1950732,0.090038,0
1999448,0.03764,0
1999826,0.017544,0
2000532,0.017544,0
2000604,0.02214,0
2000473,0.03764,0
1997850,0.090038,0
2000301,0.03764,0
2000201,0.016667,0
2000597,0.0701,0
1368989,0.071161,0
2000627,0.161698,0
1995663,0.071161,0
1997466,0.03764,0
1998428,0.010432,0
2000625,0.071161,0
1993193,0.071161,0
1991013,0.02214,0
2000586,0.003937,0
2000573,0.010432,0
685661,0.151292,0
2000644,0.009709,0
2000631,0.003319,0
2000645,0.071161,0
1999269,0.071161,0
1999111,0.016667,0
2000649,0.081197,0
2000648,0.071161,0
2000652,0.071161,0
1999709,0.016667,0
2000657,0.081197,0
2000655,0.010432,0
1998657,0.0701,0
1973104,0.071161,0
2000665,0.016746,0
2000666,0.071161,0
2000662,0.071161,0
2000682,0.016667,0
1999514,0.081197,0
1999619,0.090038,0
1988086,0.02214,0
2000212,0.02214,0
2000680,0.046875,0
1985929,0.016667,0
2000673,0.022222,0
2000683,0.016746,0
1984922,0.016667,0
2000703,0.016746,0
1998247,0.081197,0
1977157,0.151292,0
1995319,0.00885,0
2000716,0.071161,0
2000723,0.03764,0
1993538,0.0701,0
2000719,0.071161,0
2000727,0.071161,0
2000740,0.010432,0
2000730,0.010432,0
2000729,0.03764,0
2000746,0.03764,0
2000752,0.071161,0
1997477,0.03764,0
2000038,0.03764,0
2000763,0.03764,0
2000757,0.046875,0
2000749,0.161698,0
1999372,0.151292,0
2000769,0.003319,0
2000777,0.151292,0
2000775,0.00885,0
2000774,0.161698,0
1999785,0.0701,0
2000744,0.03764,0
2000782,0.03764,0
2000767,0.016746,0
1998399,0.03764,0
2000788,0.0701,0
1986975,0.161698,0
2000791,0.0701,0
2000779,0.046875,0
2000006,0.0701,0
1986296,0.003319,0
1998319,0.009709,0
1998963,0.017544,0
1996577,0.02214,0
1999057,0.03764,0
1997944,0.161698,0
1998286,0.0701,0
1990388,0.0701,0
1998511,0.199067,0
2000797,0.0701,0
2000814,0.017544,0
1999099,0.003937,0
1999696,0.090038,0
1984732,0.02214,0
2000792,0.03764,0
1999117,0.015,0
2000838,0.0701,0
2000798,0.003937,0
2000844,0.00885,0
2000822,0.199067,0
2000864,0.015,0
2000828,0.010432,0
2000853,0.071161,0
1999055,0.081197,0
684696,0.03764,0
2000079,0.016667,0
2000867,0.071161,0
1993200,0.03764,0
2000872,0.151292,0
2000884,0.015,0
2000891,0.00885,0
1997199,0.015,0
1992914,0.03764,0
2000866,0.151292,0
2000901,0.016746,0
1998071,0.0701,0
1982167,0.016746,0
2000839,0.03764,0
2000869,0.0701,0
2000856,0.003319,0
2000908,0.02214,0
1989570,0.010432,0
2000921,0.022222,0
1970161,0.010432,0
2000936,0.254217,0
2000932,0.071161,0
2000939,0.02214,0
1990031,0.161698,0
2000938,0.016746,0
1999953,0.016746,0
1981196,0.151292,0
1999194,0.0701,0
1999121,0.03764,0
2000948,0.161698,0
2000922,0.016746,0
2000975,0.02214,0
2000946,0.046875,0
2000986,0.03764,0
1991645,0.0701,0
1999795,0.03764,0
2000987,0.071161,0
2000977,0.03764,0
2000988,0.0,0
1998393,0.0,0
1991737,0.02214,0
2000958,0.03764,0
1999323,0.081197,0
2000992,0.081197,0
2000973,0.03764,0
1990263,0.017544,0
2001013,0.010432,0
1962466,0.071161,0
1999627,0.071161,0
1997709,0.090038,0
1996972,0.02214,0
1992365,0.095541,0
2001020,0.015,0
2000311,0.016667,0
1997779,0.022222,0
2000263,0.02214,0
1999385,0.016746,0
1998978,0.095541,0
1995540,0.046875,0
1994907,0.009709,0
1997727,0.010432,0
2001017,0.02214,0
1997734,0.016667,0
1999467,0.071161,0
1999841,0.010432,0
1997938,0.151292,0
1998536,0.046875,0
1998421,0.010432,0
1997714,0.016746,0
1976438,0.02214,0
1997189,0.0,0
1999160,0.151292,0
2000327,0.03764,0
1999002,0.071161,0
1999719,0.081197,0
1998033,0.003937,0
1999580,0.010432,0
2000997,0.016667,0
1980712,0.010432,0
1997537,0.03764,0
1863673,0.161698,0
1996579,0.071161,0
1998942,0.090038,0
1979884,0.071161,0
1995889,0.016746,0
2000768,0.0701,0
1999854,0.151292,0
1999266,0.00885,0
1995567,0.016746,0
1995476,0.090038,0
2001031,0.016667,0
2001030,0.010432,0
2001024,0.071161,0
2001033,0.015,0
2001005,0.071161,0
2001034,0.03764,0
2001044,0.090038,0
1999093,0.161698,0
1999308,0.03764,0
1948374,0.081197,0
1997133,0.016746,0
1979157,0.081197,0
2001048,0.0701,0
1977555,0.010432,0
1998374,0.03764,0
2001025,0.010432,0
1914070,0.090038,0
1982040,0.03764,0
2001066,0.03764,0
2001055,0.010432,0
2001068,0.003937,0
2001062,0.081197,0
2000773,0.016667,0
2001037,0.03764,0
2001067,0.03764,0
2001060,0.03764,0
1991048,0.071161,0
2000720,0.03764,0
2001046,0.03764,0
1669041,0.071161,0
1997556,0.016667,0
2001089,0.022222,0
2001086,0.016667,0
2000334,0.03764,0
2001079,0.00885,0
1992068,0.03764,0
1993275,0.003319,0
2001101,0.0701,0
1993436,0.071161,0
2001106,0.081197,0
2001107,0.03764,0
2001102,0.003937,0
1998687,0.03764,0
1999682,0.046875,0
1967261,0.199067,0
1975390,0.016746,0
1998238,0.016746,0
1999365,0.010432,0
1999190,0.161698,0
1998731,0.02214,0
1996288,0.016746,0
1997319,0.151292,0
1995490,0.107884,0
1999445,0.03764,0
1998146,0.161698,0
2001126,0.03764,0
1999344,0.199067,0
1997855,0.03764,0
1998512,0.161698,0
1996758,0.02214,0
1998141,0.010432,0
1997864,0.071161,0
2000803,0.010432,0
1992783,0.03764,0
2001057,0.017544,0
1997941,0.0701,0
1995980,0.010432,0
2001136,0.071161,0
2001123,0.071161,0
2001140,0.071161,0
1999306,0.0701,0
1683978,0.003319,0
2001073,0.017544,0
2001146,0.016667,0
2000446,0.015,0
1942924,0.010432,0
2000423,0.016746,0
2001161,0.010432,0
2001026,0.081197,0
2001157,0.071161,0
2001121,0.03764,0
1992771,0.071161,0
1998251,0.03764,0
1998215,0.071161,0
2001183,0.095541,0
1998513,0.03764,0
2000816,0.071161,0
2001185,0.03764,0
2000963,0.017544,0
2001197,0.081197,0
2001186,0.090038,0
1987200,0.071429,0
2001129,0.161698,0
1997239,0.03764,0
2001193,0.03764,0
2000150,0.081197,0
1997415,0.046875,0
2001214,0.071161,0
2001149,0.071161,0
2001222,0.03764,0
1994862,0.071161,0
1990987,0.0701,0
2001177,0.046875,0
1994255,0.03764,0
1993778,0.022222,0
1999963,0.016746,0
1994943,0.016667,0
1997669,0.151292,0
1998787,0.090038,0
2001105,0.003937,0
1997773,0.010432,0
1997684,0.046875,0
1973875,0.090038,0
2000243,0.03764,0
1973131,0.0701,0
2000863,0.071161,0
1999575,0.0701,0
1998086,0.016746,0
2000197,0.016667,0
2000497,0.009709,0
1045885,0.071161,0
1990508,0.081197,0
2001075,0.02214,0
1998452,0.0,0
1999778,0.02214,0
2001233,0.0701,0
2001235,0.00885,0
1999877,0.003319,0
1110078,0.081197,0
2000937,0.003319,0
1999801,0.03764,0
1670654,0.016746,0
2001150,0.00885,0
2001242,0.016746,0
2001241,0.071161,0
2001168,0.090038,0
2001219,0.03764,0
2001095,0.010432,0
1430493,0.199067,0
2001094,0.016746,0
2001167,0.0701,0
2001252,0.046875,0
2001263,0.071161,0
2001265,0.003319,0
1984934,0.0701,0
1996399,0.010432,0
2001264,0.010432,0
2001270,0.03764,0
1999909,0.046875,0
2000488,0.071161,0
2001247,0.107884,0
2001276,0.081197,0
2001293,0.003319,0
2001225,0.046875,0
2001291,0.02214,0
2001297,0.0701,0
2001198,0.03764,0
2001305,0.016667,0
2001306,0.03764,0
1942604,0.090038,0
2001103,0.071161,0
2000843,0.010432,0
2001262,0.071161,0
2001326,0.090038,0
2000559,0.00885,0
2001156,0.03764,0
2000438,0.15493,0
2001325,0.003319,0
2001330,0.151292,0
1936556,0.0701,0
2000467,0.0701,0
2001345,0.03764,0
1995387,0.016746,0
1992705,0.107884,0
1994492,0.0701,0
2001337,0.016667,0
1668664,0.010432,0
2000925,0.071161,0
1999152,0.0701,0
2001349,0.03764,0
1988664,0.0701,0
2000114,0.090038,0
2001179,0.046875,0
2001130,0.010432,0
2001137,0.010432,0
2001145,0.107884,0
1133366,0.071161,0
2001341,0.081197,0
2000144,0.03764,0
2000516,0.0,0
2001316,0.0,0
2001006,0.161698,0
2001357,0.081197,0
2000070,0.016746,0
1993802,0.0701,0
2001374,0.0701,0
2001353,0.03764,0
2001249,0.03764,0
2001226,0.107884,0
2001356,0.071161,0
2001366,0.071161,0
2001338,0.022222,0
2000766,0.0701,0
2001358,0.081197,0
1994565,0.03764,0
1993407,0.00885,0
2000930,0.071161,0
2001310,0.08,0
1997603,0.010432,0
1988569,0.071161,0
2001388,0.071161,0
2001382,0.010432,0
1781022,0.010432,0
1995713,0.016667,0
1997088,0.0701,0
2001396,0.03764,0
1992814,0.016667,0
2001393,0.022222,0
1973996,0.107884,0
2001384,0.090038,0
2001380,0.015,0
1967945,0.161698,0
1989543,0.071161,0
1974047,0.0701,0
2001402,0.046875,0
1978786,0.081197,0
1986904,0.090038,0
2001409,0.010432,0
2001204,0.03764,0
2001411,0.016746,0
1998804,0.081197,0
2001370,0.010432,0
2001414,0.003319,0
2001422,0.107884,0
2001427,0.017544,0
2001292,0.0701,0
1997419,0.03764,0
1997231,0.161698,0
2001418,0.03764,0
2001430,0.015,0
2001421,0.016746,0
2001398,0.016746,0
2001441,0.151292,0
2001365,0.009709,0
1974629,0.046875,0
2001436,0.00885,0
2000784,0.022222,0
2001444,0.151292,0
1988373,0.02214,0
2000611,0.0701,0
2001439,0.161698,0
2000630,0.03764,0
2001385,0.0701,0
2000504,0.00885,0
2000561,0.017544,0
2001455,0.0701,0
1994061,0.107884,0
1999421,0.0701,0
2000379,0.03764,0
1936734,0.015,0
1944387,0.016667,0
2001464,0.0701,0
2000947,0.161698,0
1999297,0.010432,0
2001450,0.022222,0
2001461,0.151292,0
2001400,0.161698,0
2001476,0.081197,0
2001468,0.090038,0
2000870,0.161698,0
2001401,0.010432,0
2001480,0.022222,0
1926632,0.151292,0
2001488,0.02214,0
2001340,0.046875,0
2001466,0.081197,0
2001478,0.0701,0
1995951,0.016667,0
2001443,0.071161,0
2001518,0.02214,0
2001336,0.081197,0
1989551,0.00885,0
2001479,0.151292,0
2001532,0.010432,0
2001533,0.010432,0
2001200,0.0,0
1981195,0.016746,0
1999164,0.151292,0
2001449,0.017544,0
2000148,0.081197,0
2001280,0.016746,0
2001419,0.03764,0
1995800,0.0701,0
2001561,0.03764,0
2001555,0.016667,0
2001570,0.03764,0
1995803,0.081197,0
2001567,0.003937,0
2001576,0.010432,0
2001524,0.142857,0
1995977,0.03764,0
2001564,0.046875,0
2001560,0.151292,0
2000033,0.0701,0
2001584,0.016667,0
1973370,0.0701,0
1996353,0.03764,0
1973299,0.046875,0
1998880,0.071161,0
2000733,0.0701,0
2001589,0.03764,0
1999804,0.071161,0
2000602,0.0701,0
1999543,0.02214,0
2001351,0.071161,0
2001588,0.090038,0
1997214,0.03764,0
1982325,0.081197,0
1998847,0.010432,0
1995756,0.02214,0
2001573,0.022222,0
2001607,0.046875,0
2001601,0.071161,0
1425317,0.016746,0
2000984,0.017544,0
1999766,0.071161,0
2001496,0.071161,0
2001445,0.02214,0
1971803,0.15493,0
1979711,0.090038,0
2001621,0.071161,0
2001494,0.022222,0
2001527,0.151292,0
1991179,0.199067,0
2001344,0.071161,0
2001229,0.0701,0
1994820,0.151292,0
2001472,0.017544,0
2001622,0.016746,0
2001635,0.151292,0
2001230,0.071161,0
2001629,0.046875,0
1976528,0.0701,0
2001628,0.161698,0
2001597,0.071161,0
1999691,0.016746,0
2001638,0.03764,0
2001542,0.199593,0
2001633,0.017544,0
2001290,0.03764,0
2001279,0.090038,0
1999265,0.161698,0
1999698,0.03764,0
2001659,0.015,0
2001656,0.0701,0
1998911,0.071161,0
1995929,0.016667,0
2000696,0.03764,0
1640042,0.090038,0
2001675,0.0701,0
2001661,0.265217,0
2001665,0.071161,0
2001684,0.0701,0
2001674,0.151292,0
2001690,0.071161,0
2001673,0.009709,0
2001616,0.071161,0
2001668,0.017544,0
2001686,0.071161,0
2001688,0.016746,0
1979019,0.199593,0
2001693,0.071161,0
2001687,0.15493,0
1989298,0.03764,0
2001642,0.161698,0
2001682,0.03764,0
2000660,0.010432,0
2001698,0.0701,0
2001643,0.095541,0
1998052,0.016746,0
1996903,0.046875,0
1940608,0.016746,0
1998527,0.161698,0
2001599,0.010432,0
1982620,0.090038,0
2001485,0.046875,0
1994502,0.016746,0
2001717,0.046875,0
2000892,0.03764,0
2001714,0.151292,0
1999357,0.046875,0
2001708,0.071161,0
2001716,0.016746,0
2000080,0.151292,0
2000808,0.161698,0
1727703,0.107884,0
2001720,0.071161,0
1987952,0.03764,0
2001670,0.046875,0
