pedido_id,prob_fpd,classe_fpd,faixa_risco
1945890,0.090592,0,Baixo
1945893,0.029043,0,Baixo
1945895,0.062794,0,Baixo
1945811,0.013889,0,Baixo
1945471,0.013889,0,Baixo
1945275,0.163658,0,Baixo
1945902,0.029043,0,Baixo
1945908,0.100213,0,Baixo
1930011,0.003165,0,Baixo
1914748,0.009174,0,Baixo
1945914,0.010676,0,Baixo
1945917,0.003165,0,Baixo
1945919,0.010676,0,Baixo
1939864,0.094203,0,Baixo
1945922,0.029043,0,Baixo
1945848,0.0,0,Baixo
1845196,0.062794,0,Baixo
1945925,0.010676,0,Baixo
1865894,0.029043,0,Baixo
1945932,0.010676,0,Baixo
1944333,0.100213,0,Baixo
1936923,0.071023,0,Baixo
1945945,0.029043,0,Baixo
749998,0.094203,0,Baixo
1944590,0.023861,0,Baixo
1945229,0.100213,0,Baixo
1945955,0.023861,0,Baixo
1945961,0.071023,0,Baixo
1945956,0.071023,0,Baixo
1880217,0.029043,0,Baixo
1945970,0.023861,0,Baixo
1945976,0.0,0,Baixo
1945739,0.013889,0,Baixo
1944683,0.062794,0,Baixo
1894643,0.080586,0,Baixo
1945979,0.243641,0,Medio
1945795,0.100213,0,Baixo
1945963,0.029043,0,Baixo
1945984,0.062794,0,Baixo
1945488,0.010676,0,Baixo
1945989,0.029043,0,Baixo
1868792,0.090592,0,Baixo
1945993,0.013889,0,Baixo
1944924,0.062794,0,Baixo
1946002,0.001348,0,Baixo
1946004,0.009174,0,Baixo
1944963,0.071023,0,Baixo
1946005,0.013889,0,Baixo
1945994,0.062794,0,Baixo
1946007,0.062794,0,Baixo
1944987,0.062794,0,Baixo
1946017,0.0,0,Baixo
1945559,0.029043,0,Baixo
856693,0.071023,0,Baixo
1946018,0.029043,0,Baixo
1946022,0.001348,0,Baixo
1946023,0.029043,0,Baixo
1902165,0.062794,0,Baixo
1946026,0.029043,0,Baixo
1946027,0.0,0,Baixo
1845468,0.201923,0,Medio
1946035,0.143994,0,Baixo
1946039,0.094203,0,Baixo
1945838,0.001771,0,Baixo
1946042,0.029043,0,Baixo
1833222,0.143994,0,Baixo
1892088,0.071023,0,Baixo
1906022,0.143994,0,Baixo
1945415,0.071023,0,Baixo
1945852,0.062794,0,Baixo
1945724,0.090592,0,Baixo
1945738,0.013889,0,Baixo
1945742,0.062794,0,Baixo
1940927,0.023861,0,Baixo
1942958,0.062794,0,Baixo
1726099,0.023861,0,Baixo
1944671,0.045455,0,Baixo
1946050,0.010676,0,Baixo
1945705,0.062794,0,Baixo
1945924,0.023861,0,Baixo
1946053,0.009174,0,Baixo
1853221,0.062794,0,Baixo
1946055,0.062794,0,Baixo
1946067,0.013889,0,Baixo
1944906,0.143994,0,Baixo
1946054,0.009174,0,Baixo
1945959,0.013889,0,Baixo
1941544,0.023861,0,Baixo
1946071,0.001348,0,Baixo
1946068,0.010676,0,Baixo
1946076,0.029043,0,Baixo
1946072,0.003165,0,Baixo
1946082,0.062794,0,Baixo
1946080,0.062794,0,Baixo
1946084,0.143994,0,Baixo
1945923,0.001348,0,Baixo
1946079,0.137931,0,Baixo
1945515,0.090592,0,Baixo
1946086,0.0,0,Baixo
1946094,0.003165,0,Baixo
1946085,0.010676,0,Baixo
1946100,0.010676,0,Baixo
1946101,0.094203,0,Baixo
1946111,0.001348,0,Baixo
1946103,0.00229,0,Baixo
1945417,0.001348,0,Baixo
1936390,0.010676,0,Baixo
1946121,0.013889,0,Baixo
1944619,0.071023,0,Baixo
1945982,0.029043,0,Baixo
1946127,0.178571,0,Baixo
1946124,0.029043,0,Baixo
1946120,0.003165,0,Baixo
1946106,0.080586,0,Baixo
1945131,0.137931,0,Baixo
1946122,0.143994,0,Baixo
1946128,0.013889,0,Baixo
1945772,0.013889,0,Baixo
1941897,0.003165,0,Baixo
1945518,0.029043,0,Baixo
1946141,0.001348,0,Baixo
1946140,0.003165,0,Baixo
1827780,0.045455,0,Baixo
1946145,0.029043,0,Baixo
1946144,0.013889,0,Baixo
1944473,0.029043,0,Baixo
1946134,0.010676,0,Baixo
1946015,0.045455,0,Baixo
1946148,0.029043,0,Baixo
1946150,0.010676,0,Baixo
1946104,0.143994,0,Baixo
1946153,0.094203,0,Baixo
1946152,0.001348,0,Baixo
1945958,0.029043,0,Baixo
1945975,0.023861,0,Baixo
1903776,0.029043,0,Baixo
1946160,0.013889,0,Baixo
1945419,0.062794,0,Baixo
1902870,0.071023,0,Baixo
1946164,0.071023,0,Baixo
1945447,0.062794,0,Baixo
1946135,0.045455,0,Baixo
1946168,0.023861,0,Baixo
1946161,0.029043,0,Baixo
1946170,0.100213,0,Baixo
1946143,0.029043,0,Baixo
1946167,0.080586,0,Baixo
1891086,0.001348,0,Baixo
1944895,0.029043,0,Baixo
1945501,0.013889,0,Baixo
1928302,0.001348,0,Baixo
1929642,0.062794,0,Baixo
1946176,0.094203,0,Baixo
1946178,0.013889,0,Baixo
1946182,0.029043,0,Baixo
1946187,0.023861,0,Baixo
1946189,0.12069,0,Baixo
1945554,0.100213,0,Baixo
1946186,0.029043,0,Baixo
1945278,0.001348,0,Baixo
1946013,0.029043,0,Baixo
1945978,0.030303,0,Baixo
1946197,0.003165,0,Baixo
1946169,0.071023,0,Baixo
1946194,0.100213,0,Baixo
1946200,0.013889,0,Baixo
1946198,0.013889,0,Baixo
1945044,0.137931,0,Baixo
1946207,0.010676,0,Baixo
1946205,0.071023,0,Baixo
1946209,0.029043,0,Baixo
1867169,0.071023,0,Baixo
1946175,0.029043,0,Baixo
1940226,0.100213,0,Baixo
1946221,0.094203,0,Baixo
1946181,0.013889,0,Baixo
1946222,0.071023,0,Baixo
1940479,0.12069,0,Baixo
1912494,0.010676,0,Baixo
1946220,0.029043,0,Baixo
1946217,0.001348,0,Baixo
1946136,0.029043,0,Baixo
1946090,0.003165,0,Baixo
1946233,0.001348,0,Baixo
1946240,0.001348,0,Baixo
1944583,0.0,0,Baixo
1946218,0.010676,0,Baixo
1908110,0.071023,0,Baixo
1946248,0.009174,0,Baixo
1946190,0.010676,0,Baixo
1946251,0.029043,0,Baixo
1946257,0.201923,0,Medio
1946262,0.023861,0,Baixo
1946249,0.100213,0,Baixo
1946260,0.013889,0,Baixo
1946266,0.029043,0,Baixo
1946267,0.013889,0,Baixo
1946268,0.062794,0,Baixo
1942854,0.071023,0,Baixo
1945274,0.100213,0,Baixo
1945856,0.12069,0,Baixo
1946278,0.009174,0,Baixo
1946078,0.029043,0,Baixo
1946273,0.100213,0,Baixo
1946281,0.003165,0,Baixo
1946199,0.029043,0,Baixo
1946282,0.071023,0,Baixo
1934284,0.143994,0,Baixo
1942744,0.001348,0,Baixo
1932208,0.045455,0,Baixo
1946277,0.071023,0,Baixo
1946211,0.003165,0,Baixo
1945836,0.062794,0,Baixo
1946289,0.062794,0,Baixo
1946283,0.100213,0,Baixo
1946286,0.100213,0,Baixo
1945035,0.029043,0,Baixo
1946298,0.023861,0,Baixo
1946297,0.045455,0,Baixo
1946091,0.100213,0,Baixo
1946279,0.100213,0,Baixo
1946302,0.009174,0,Baixo
1942873,0.045455,0,Baixo
1946074,0.071023,0,Baixo
1942824,0.003165,0,Baixo
1946306,0.080586,0,Baixo
1946313,0.013889,0,Baixo
1946312,0.023861,0,Baixo
1946311,0.090592,0,Baixo
1946310,0.062794,0,Baixo
1946308,0.009174,0,Baixo
1917624,0.010676,0,Baixo
1946099,0.100213,0,Baixo
1946315,0.003165,0,Baixo
1945968,0.003165,0,Baixo
1945303,0.100213,0,Baixo
1946320,0.090592,0,Baixo
1946327,0.100213,0,Baixo
1876784,0.029043,0,Baixo
1946275,0.143994,0,Baixo
1946329,0.010676,0,Baixo
1946229,0.009174,0,Baixo
1843170,0.080586,0,Baixo
1946252,0.029043,0,Baixo
1946321,0.023861,0,Baixo
1943634,0.010676,0,Baixo
1946331,0.062794,0,Baixo
1946332,0.029043,0,Baixo
1946330,0.003165,0,Baixo
1946338,0.003165,0,Baixo
1945801,0.045455,0,Baixo
1946340,0.010676,0,Baixo
1946343,0.013889,0,Baixo
1946344,0.013889,0,Baixo
1946348,0.090592,0,Baixo
1923170,0.003165,0,Baixo
1946346,0.100213,0,Baixo
1943249,0.090592,0,Baixo
1946349,0.029043,0,Baixo
1943411,0.023861,0,Baixo
1945985,0.045455,0,Baixo
1946347,0.062794,0,Baixo
1946355,0.029043,0,Baixo
1946290,0.029043,0,Baixo
1946341,0.080586,0,Baixo
1927869,0.029043,0,Baixo
1944999,0.071023,0,Baixo
1946366,0.071023,0,Baixo
1946371,0.010676,0,Baixo
1914436,0.062794,0,Baixo
1946356,0.009174,0,Baixo
1923002,0.013889,0,Baixo
1946375,0.010676,0,Baixo
1946369,0.029043,0,Baixo
1930725,0.003165,0,Baixo
1931554,0.013889,0,Baixo
1946378,0.100213,0,Baixo
1946373,0.080586,0,Baixo
1946225,0.163658,0,Baixo
1946383,0.023861,0,Baixo
1946241,0.062794,0,Baixo
1946362,0.143994,0,Baixo
1946387,0.013889,0,Baixo
1946386,0.013889,0,Baixo
1893050,0.045455,0,Baixo
1946388,0.029043,0,Baixo
1946391,0.080586,0,Baixo
1946390,0.0,0,Baixo
1719191,0.003165,0,Baixo
1946389,0.094203,0,Baixo
1901739,0.029043,0,Baixo
1940307,0.023861,0,Baixo
1946393,0.062794,0,Baixo
1946399,0.001348,0,Baixo
1946402,0.143994,0,Baixo
1944706,0.010676,0,Baixo
1918670,0.045455,0,Baixo
1946407,0.013889,0,Baixo
1946173,0.143994,0,Baixo
1946411,0.023861,0,Baixo
1946413,0.062794,0,Baixo
1946416,0.029043,0,Baixo
1845559,0.029043,0,Baixo
1946424,0.062794,0,Baixo
1946428,0.010676,0,Baixo
1941238,0.003165,0,Baixo
1946123,0.009174,0,Baixo
1946436,0.029043,0,Baixo
1946397,0.029043,0,Baixo
1946204,0.029043,0,Baixo
1945114,0.100213,0,Baixo
1946440,0.013889,0,Baixo
1946441,0.001348,0,Baixo
1945237,0.143994,0,Baixo
1946443,0.045455,0,Baixo
1946445,0.029043,0,Baixo
1946258,0.023861,0,Baixo
1946450,0.010676,0,Baixo
1946453,0.100213,0,Baixo
1871250,0.030303,0,Baixo
1946457,0.045455,0,Baixo
1943458,0.071023,0,Baixo
1946461,0.163658,0,Baixo
1946458,0.009174,0,Baixo
1946459,0.071023,0,Baixo
1946465,0.009174,0,Baixo
1946352,0.013889,0,Baixo
1946455,0.143994,0,Baixo
1946470,0.003165,0,Baixo
1903228,0.010676,0,Baixo
1946472,0.029043,0,Baixo
1946480,0.062794,0,Baixo
1946477,0.045455,0,Baixo
1946485,0.010676,0,Baixo
1946471,0.013889,0,Baixo
1945962,0.062794,0,Baixo
1946489,0.023861,0,Baixo
1946473,0.001348,0,Baixo
1946497,0.062794,0,Baixo
1943147,0.029043,0,Baixo
1946454,0.001348,0,Baixo
1940654,0.071023,0,Baixo
1943866,0.062794,0,Baixo
1946499,0.071023,0,Baixo
1946488,0.003165,0,Baixo
1946493,0.013889,0,Baixo
1946504,0.071023,0,Baixo
1946506,0.029043,0,Baixo
1830610,0.062794,0,Baixo
1946509,0.029043,0,Baixo
1945910,0.100213,0,Baixo
1946510,0.143994,0,Baixo
1946515,0.010676,0,Baixo
1946519,0.001348,0,Baixo
1944537,0.062794,0,Baixo
1946501,0.013889,0,Baixo
1946516,0.003165,0,Baixo
1946048,0.013889,0,Baixo
1946524,0.001348,0,Baixo
1566509,0.100213,0,Baixo
1946526,0.094203,0,Baixo
1946530,0.023861,0,Baixo
1946531,0.013889,0,Baixo
1946532,0.029043,0,Baixo
1945164,0.071023,0,Baixo
1946539,0.163658,0,Baixo
1946534,0.029043,0,Baixo
1946536,0.023861,0,Baixo
1941998,0.143994,0,Baixo
1946077,0.0,0,Baixo
1946557,0.0,0,Baixo
1946561,0.029043,0,Baixo
1946556,0.163658,0,Baixo
1946562,0.029043,0,Baixo
1946569,0.029043,0,Baixo
1946560,0.029043,0,Baixo
1946559,0.0,0,Baixo
1946579,0.143994,0,Baixo
1946568,0.100213,0,Baixo
1946566,0.023861,0,Baixo
1946583,0.023861,0,Baixo
1946595,0.030303,0,Baixo
1946587,0.029043,0,Baixo
1946600,0.003165,0,Baixo
1946598,0.001348,0,Baixo
1935437,0.029043,0,Baixo
1946578,0.023861,0,Baixo
1946607,0.013889,0,Baixo
1946602,0.010676,0,Baixo
1946608,0.013889,0,Baixo
1946610,0.010676,0,Baixo
1946612,0.010676,0,Baixo
1946603,0.071023,0,Baixo
1946617,0.010676,0,Baixo
1946618,0.001348,0,Baixo
1946582,0.003165,0,Baixo
1946584,0.013889,0,Baixo
1946613,0.013889,0,Baixo
1946594,0.045455,0,Baixo
1946591,0.143994,0,Baixo
1946592,0.003165,0,Baixo
1946637,0.001348,0,Baixo
1946622,0.013889,0,Baixo
1946638,0.013889,0,Baixo
1946621,0.013889,0,Baixo
1946644,0.010676,0,Baixo
1946631,0.029043,0,Baixo
1946653,0.100213,0,Baixo
1946642,0.009174,0,Baixo
1946620,0.013889,0,Baixo
1946640,0.0,0,Baixo
1946666,0.100213,0,Baixo
1946649,0.094203,0,Baixo
1946652,0.062794,0,Baixo
1946586,0.009174,0,Baixo
1946656,0.003165,0,Baixo
1946609,0.100213,0,Baixo
706709,0.080586,0,Baixo
1946677,0.214925,0,Medio
1946665,0.003165,0,Baixo
1946671,0.023861,0,Baixo
1946703,0.071023,0,Baixo
1946664,0.009174,0,Baixo
1946692,0.143994,0,Baixo
1946693,0.010676,0,Baixo
1946711,0.013889,0,Baixo
1946688,0.045455,0,Baixo
1946634,0.062794,0,Baixo
1946694,0.001348,0,Baixo
1946672,0.029043,0,Baixo
1946708,0.0,0,Baixo
1946687,0.100213,0,Baixo
1946736,0.029043,0,Baixo
1946650,0.100213,0,Baixo
1946725,0.010676,0,Baixo
1946737,0.009174,0,Baixo
1946697,0.013889,0,Baixo
1946681,0.009174,0,Baixo
1946699,0.010676,0,Baixo
1946683,0.029043,0,Baixo
586474,0.029043,0,Baixo
1929926,0.003165,0,Baixo
1946749,0.023861,0,Baixo
1946707,0.143994,0,Baixo
1946732,0.001348,0,Baixo
1946745,0.062794,0,Baixo
1946743,0.071023,0,Baixo
1946752,0.003165,0,Baixo
1946714,0.013889,0,Baixo
1946763,0.0,0,Baixo
1946696,0.029043,0,Baixo
1946797,0.003165,0,Baixo
1946801,0.001348,0,Baixo
1946770,0.003165,0,Baixo
1945858,0.071023,0,Baixo
1946731,0.010676,0,Baixo
1946792,0.029043,0,Baixo
1946814,0.094203,0,Baixo
1946791,0.029043,0,Baixo
1944502,0.003165,0,Baixo
1946818,0.013889,0,Baixo
1946821,0.045455,0,Baixo
1946824,0.143994,0,Baixo
1946691,0.100213,0,Baixo
1946299,0.100213,0,Baixo
1946839,0.003165,0,Baixo
570431,0.163658,0,Baixo
1946786,0.013889,0,Baixo
1946713,0.003165,0,Baixo
1946719,0.013889,0,Baixo
1945990,0.094203,0,Baixo
1946846,0.023861,0,Baixo
1946835,0.009174,0,Baixo
1946734,0.029043,0,Baixo
1946724,0.071023,0,Baixo
1946549,0.003165,0,Baixo
1946861,0.013889,0,Baixo
1946868,0.143994,0,Baixo
1946864,0.080586,0,Baixo
1946872,0.010676,0,Baixo
1946855,0.013889,0,Baixo
1946869,0.013889,0,Baixo
1946879,0.029043,0,Baixo
1946831,0.001348,0,Baixo
1946885,0.003165,0,Baixo
1946882,0.071023,0,Baixo
1946875,0.010676,0,Baixo
1946844,0.010676,0,Baixo
1946474,0.243641,0,Medio
1946876,0.003165,0,Baixo
1946883,0.029043,0,Baixo
1946848,0.029043,0,Baixo
1946803,0.100213,0,Baixo
1946896,0.001348,0,Baixo
1946898,0.029043,0,Baixo
1438490,0.143994,0,Baixo
1946769,0.062794,0,Baixo
1946909,0.029043,0,Baixo
1946907,0.003165,0,Baixo
1946910,0.001348,0,Baixo
1946873,0.029043,0,Baixo
1946913,0.029043,0,Baixo
1946917,0.010676,0,Baixo
1946859,0.029043,0,Baixo
1946919,0.100213,0,Baixo
1946926,0.023861,0,Baixo
1946925,0.003165,0,Baixo
1946922,0.045455,0,Baixo
1940424,0.013889,0,Baixo
1946930,0.100213,0,Baixo
1946895,0.009174,0,Baixo
1946918,0.009174,0,Baixo
1945776,0.029043,0,Baixo
1946937,0.163658,0,Baixo
1946941,0.001348,0,Baixo
1946849,0.045455,0,Baixo
1826713,0.100213,0,Baixo
1946924,0.013889,0,Baixo
1946856,0.003165,0,Baixo
1946789,0.100213,0,Baixo
1946235,0.029043,0,Baixo
1946955,0.029043,0,Baixo
1946932,0.029043,0,Baixo
1946958,0.013889,0,Baixo
1946957,0.003165,0,Baixo
1946820,0.010676,0,Baixo
1946961,0.0,0,Baixo
1946969,0.029043,0,Baixo
1946971,0.029043,0,Baixo
1946963,0.009174,0,Baixo
1941256,0.029043,0,Baixo
1946973,0.0,0,Baixo
1946974,0.009174,0,Baixo
1946978,0.143994,0,Baixo
1946972,0.003165,0,Baixo
1911301,0.009174,0,Baixo
1946977,0.013889,0,Baixo
1946979,0.009174,0,Baixo
1946842,0.009174,0,Baixo
1946565,0.163658,0,Baixo
1944531,0.013889,0,Baixo
1946987,0.029043,0,Baixo
1943185,0.094203,0,Baixo
1946993,0.001348,0,Baixo
1946999,0.013889,0,Baixo
1946573,0.029043,0,Baixo
1947000,0.023861,0,Baixo
1943312,0.013889,0,Baixo
1946564,0.163658,0,Baixo
1947004,0.001348,0,Baixo
1946658,0.100213,0,Baixo
1947012,0.090592,0,Baixo
1946360,0.090592,0,Baixo
1902164,0.071023,0,Baixo
1946216,0.12069,0,Baixo
1945929,0.071023,0,Baixo
1947031,0.013889,0,Baixo
1947034,0.062794,0,Baixo
1947017,0.143994,0,Baixo
1945356,0.023861,0,Baixo
1947036,0.143994,0,Baixo
1946479,0.080586,0,Baixo
1946781,0.143994,0,Baixo
1946940,0.003165,0,Baixo
1947042,0.071023,0,Baixo
1947039,0.045455,0,Baixo
1947037,0.029043,0,Baixo
1947033,0.100213,0,Baixo
1941820,0.094203,0,Baixo
1946756,0.009174,0,Baixo
1946146,0.013889,0,Baixo
1947047,0.062794,0,Baixo
1943821,0.029043,0,Baixo
1946377,0.010676,0,Baixo
1947052,0.010676,0,Baixo
1947059,0.009174,0,Baixo
1946576,0.080586,0,Baixo
1943940,0.100213,0,Baixo
1947057,0.080586,0,Baixo
1946643,0.062794,0,Baixo
1946452,0.029043,0,Baixo
1926189,0.013889,0,Baixo
1946808,0.003165,0,Baixo
1947053,0.010676,0,Baixo
1947062,0.029043,0,Baixo
1946874,0.163658,0,Baixo
1947072,0.010676,0,Baixo
1947071,0.029043,0,Baixo
1947070,0.071023,0,Baixo
1947088,0.090592,0,Baixo
1944697,0.029043,0,Baixo
1947093,0.0,0,Baixo
1947086,0.013889,0,Baixo
1946886,0.029043,0,Baixo
1947008,0.023861,0,Baixo
1947097,0.062794,0,Baixo
1947098,0.029043,0,Baixo
1935423,0.100213,0,Baixo
1947096,0.029043,0,Baixo
1903900,0.029043,0,Baixo
1947010,0.029043,0,Baixo
1946881,0.143994,0,Baixo
1947109,0.029043,0,Baixo
1947110,0.003165,0,Baixo
1944617,0.029043,0,Baixo
1947016,0.143994,0,Baixo
1946800,0.137931,0,Baixo
1947121,0.023861,0,Baixo
1946309,0.001348,0,Baixo
1946336,0.013889,0,Baixo
1947127,0.094203,0,Baixo
1946201,0.030303,0,Baixo
1947129,0.001348,0,Baixo
1947124,0.100213,0,Baixo
1913456,0.023861,0,Baixo
1947132,0.001348,0,Baixo
1946483,0.166038,0,Baixo
1947139,0.029043,0,Baixo
1947150,0.023861,0,Baixo
1947151,0.023861,0,Baixo
1936041,0.003165,0,Baixo
1947162,0.013889,0,Baixo
1928245,0.023861,0,Baixo
1947159,0.013889,0,Baixo
1947165,0.010676,0,Baixo
1235753,0.143994,0,Baixo
1947175,0.062794,0,Baixo
1947178,0.045455,0,Baixo
1947179,0.003165,0,Baixo
1947176,0.0,0,Baixo
1947172,0.013889,0,Baixo
1947184,0.143994,0,Baixo
1947186,0.080586,0,Baixo
1947187,0.003165,0,Baixo
1947191,0.029043,0,Baixo
1943651,0.029043,0,Baixo
1947195,0.029043,0,Baixo
1947107,0.0,0,Baixo
1932720,0.013889,0,Baixo
1939765,0.029043,0,Baixo
1947200,0.029043,0,Baixo
1947102,0.243641,0,Medio
1947204,0.001348,0,Baixo
1921164,0.071023,0,Baixo
1760017,0.003165,0,Baixo
1946889,0.029043,0,Baixo
1947197,0.143994,0,Baixo
1947212,0.071023,0,Baixo
1947214,0.062794,0,Baixo
1946968,0.003165,0,Baixo
1947216,0.013889,0,Baixo
1947203,0.029043,0,Baixo
1935141,0.029043,0,Baixo
1947221,0.0,0,Baixo
1947220,0.023861,0,Baixo
1947224,0.062794,0,Baixo
1946525,0.029043,0,Baixo
1947233,0.071023,0,Baixo
1905673,0.0,0,Baixo
1781508,0.080586,0,Baixo
1947244,0.001348,0,Baixo
1946138,0.001348,0,Baixo
1947246,0.010676,0,Baixo
1947249,0.023861,0,Baixo
1947252,0.100213,0,Baixo
1947253,0.029043,0,Baixo
1946632,0.029043,0,Baixo
1947106,0.062794,0,Baixo
1906712,0.029043,0,Baixo
1946392,0.062794,0,Baixo
1946667,0.013889,0,Baixo
1903940,0.029043,0,Baixo
1946854,0.013889,0,Baixo
1946599,0.029043,0,Baixo
1946639,0.009174,0,Baixo
1946701,0.013889,0,Baixo
1943669,0.029043,0,Baixo
1946540,0.001348,0,Baixo
1922482,0.003165,0,Baixo
1946890,0.013889,0,Baixo
1947202,0.163658,0,Baixo
1819881,0.143994,0,Baixo
1946574,0.010676,0,Baixo
1921857,0.029043,0,Baixo
1947259,0.003165,0,Baixo
1946116,0.029043,0,Baixo
1947258,0.062794,0,Baixo
1947074,0.0,0,Baixo
1947263,0.023861,0,Baixo
1945340,0.100213,0,Baixo
1946729,0.023861,0,Baixo
1905165,0.029466,0,Baixo
1946254,0.029043,0,Baixo
1947091,0.029043,0,Baixo
720079,0.045455,0,Baixo
1946394,0.009174,0,Baixo
1947044,0.062794,0,Baixo
1947273,0.013889,0,Baixo
1947281,0.003165,0,Baixo
1947282,0.009174,0,Baixo
1947285,0.029043,0,Baixo
1947280,0.013889,0,Baixo
1944469,0.029043,0,Baixo
1947287,0.013889,0,Baixo
1946663,0.100213,0,Baixo
1899338,0.029043,0,Baixo
1947207,0.029043,0,Baixo
1946680,0.010676,0,Baixo
1947201,0.023861,0,Baixo
1947289,0.013889,0,Baixo
1946214,0.013889,0,Baixo
1946949,0.001348,0,Baixo
1941825,0.023861,0,Baixo
1947299,0.143994,0,Baixo
1947301,0.163658,0,Baixo
1947300,0.010676,0,Baixo
1932496,0.071023,0,Baixo
1947284,0.062794,0,Baixo
1947304,0.010676,0,Baixo
1947306,0.029043,0,Baixo
1944660,0.010676,0,Baixo
1947309,0.023861,0,Baixo
1947308,0.045455,0,Baixo
1528174,0.013889,0,Baixo
1947090,0.009174,0,Baixo
1947316,0.062794,0,Baixo
1946825,0.100213,0,Baixo
1947322,0.001348,0,Baixo
1947321,0.023861,0,Baixo
1947318,0.062794,0,Baixo
1947323,0.029043,0,Baixo
1947325,0.143994,0,Baixo
1947320,0.071023,0,Baixo
1947288,0.071023,0,Baixo
1947264,0.013889,0,Baixo
1947324,0.029043,0,Baixo
1947229,0.071023,0,Baixo
1947302,0.013889,0,Baixo
1946722,0.003165,0,Baixo
1946953,0.071023,0,Baixo
1947223,0.094203,0,Baixo
1920369,0.013889,0,Baixo
1947336,0.029043,0,Baixo
1947340,0.003165,0,Baixo
1947344,0.029043,0,Baixo
1947349,0.143994,0,Baixo
1947354,0.071023,0,Baixo
1290867,0.003165,0,Baixo
1947361,0.010676,0,Baixo
1947329,0.100213,0,Baixo
1947357,0.023861,0,Baixo
1903287,0.010676,0,Baixo
1947364,0.003165,0,Baixo
1947362,0.029043,0,Baixo
1947363,0.013889,0,Baixo
1929019,0.071023,0,Baixo
1947369,0.001348,0,Baixo
1946870,0.214925,0,Medio
1947367,0.080586,0,Baixo
1947303,0.009174,0,Baixo
1947372,0.143994,0,Baixo
1947353,0.062794,0,Baixo
1947368,0.029043,0,Baixo
1947360,0.062794,0,Baixo
1902625,0.071023,0,Baixo
1947377,0.029043,0,Baixo
1947348,0.090592,0,Baixo
1946845,0.062794,0,Baixo
1945292,0.071023,0,Baixo
1869535,0.003165,0,Baixo
1947305,0.013889,0,Baixo
1946836,0.013889,0,Baixo
1946952,0.163658,0,Baixo
1947335,0.0,0,Baixo
1947385,0.029043,0,Baixo
1947381,0.163658,0,Baixo
1947393,0.023861,0,Baixo
1947389,0.001348,0,Baixo
1947376,0.003165,0,Baixo
1947397,0.080586,0,Baixo
1947394,0.080586,0,Baixo
1942283,0.010676,0,Baixo
1109967,0.029043,0,Baixo
1947382,0.003165,0,Baixo
1947392,0.003165,0,Baixo
1928075,0.090592,0,Baixo
1947391,0.071023,0,Baixo
1947402,0.010676,0,Baixo
1947192,0.045455,0,Baixo
1946572,0.029043,0,Baixo
1935760,0.214925,0,Medio
1947410,0.029043,0,Baixo
1946721,0.100213,0,Baixo
1947346,0.029043,0,Baixo
1947415,0.023861,0,Baixo
1908186,0.214925,0,Medio
1947365,0.010676,0,Baixo
1947153,0.009174,0,Baixo
1947416,0.010676,0,Baixo
1947421,0.010676,0,Baixo
1947371,0.010676,0,Baixo
1941869,0.062794,0,Baixo
1947035,0.029043,0,Baixo
1946635,0.023861,0,Baixo
1947425,0.029043,0,Baixo
1877095,0.163658,0,Baixo
1943255,0.045455,0,Baixo
1947430,0.003165,0,Baixo
1947427,0.029043,0,Baixo
1947432,0.029043,0,Baixo
1947433,0.080586,0,Baixo
1944771,0.071023,0,Baixo
1947423,0.029043,0,Baixo
1947429,0.001348,0,Baixo
1947076,0.0,0,Baixo
1947437,0.013889,0,Baixo
1947128,0.030303,0,Baixo
1936637,0.062794,0,Baixo
1947378,0.023861,0,Baixo
1901943,0.029043,0,Baixo
1938435,0.071023,0,Baixo
1947266,0.080586,0,Baixo
1947444,0.013889,0,Baixo
1947443,0.071023,0,Baixo
1932036,0.100213,0,Baixo
1947138,0.013889,0,Baixo
1945095,0.029043,0,Baixo
1947136,0.029043,0,Baixo
1947384,0.143994,0,Baixo
1947450,0.009174,0,Baixo
1947330,0.090592,0,Baixo
1947453,0.001348,0,Baixo
1947181,0.100213,0,Baixo
1947395,0.100213,0,Baixo
1947448,0.029043,0,Baixo
1946702,0.023861,0,Baixo
1947435,0.029043,0,Baixo
1947260,0.003165,0,Baixo
1947240,0.013889,0,Baixo
1947341,0.003165,0,Baixo
1947352,0.013889,0,Baixo
1859086,0.090592,0,Baixo
1947418,0.013889,0,Baixo
1947424,0.029043,0,Baixo
1941212,0.029043,0,Baixo
1917365,0.143994,0,Baixo
1947478,0.080586,0,Baixo
1947479,0.090592,0,Baixo
1947482,0.029043,0,Baixo
1947490,0.003165,0,Baixo
1947491,0.071023,0,Baixo
1947497,0.029043,0,Baixo
1947500,0.013889,0,Baixo
1947404,0.029043,0,Baixo
1947483,0.023861,0,Baixo
1947496,0.013889,0,Baixo
1947504,0.100213,0,Baixo
1945926,0.071023,0,Baixo
1947502,0.029043,0,Baixo
1947230,0.0,0,Baixo
1947499,0.071023,0,Baixo
1947484,0.071023,0,Baixo
1947509,0.023861,0,Baixo
1941970,0.023861,0,Baixo
1947439,0.010676,0,Baixo
1947513,0.029043,0,Baixo
1947283,0.029043,0,Baixo
1947328,0.023861,0,Baixo
1947521,0.003165,0,Baixo
1947510,0.071023,0,Baixo
1947198,0.045455,0,Baixo
1947370,0.023861,0,Baixo
1947526,0.071023,0,Baixo
1947511,0.100213,0,Baixo
1080252,0.010676,0,Baixo
1840829,0.013889,0,Baixo
1947516,0.009174,0,Baixo
1947517,0.029043,0,Baixo
1947519,0.009174,0,Baixo
1947523,0.090592,0,Baixo
1947452,0.163658,0,Baixo
1947038,0.094203,0,Baixo
1947514,0.090592,0,Baixo
1947535,0.003165,0,Baixo
1947533,0.035138,0,Baixo
1934667,0.029043,0,Baixo
1946255,0.045455,0,Baixo
1947538,0.071023,0,Baixo
1947467,0.029043,0,Baixo
1947537,0.023861,0,Baixo
1947531,0.013889,0,Baixo
1947536,0.003165,0,Baixo
1947546,0.0,0,Baixo
1945853,0.003165,0,Baixo
1935529,0.071023,0,Baixo
1554773,0.013889,0,Baixo
1947554,0.094203,0,Baixo
1947557,0.013889,0,Baixo
1839634,0.029043,0,Baixo
1947547,0.023861,0,Baixo
1947550,0.100213,0,Baixo
1947560,0.010676,0,Baixo
1947563,0.045455,0,Baixo
1826214,0.080586,0,Baixo
1947558,0.045455,0,Baixo
1947143,0.0,0,Baixo
1947566,0.062794,0,Baixo
1947569,0.100213,0,Baixo
1947572,0.013889,0,Baixo
1947574,0.029043,0,Baixo
1947568,0.009174,0,Baixo
1947577,0.001348,0,Baixo
1947573,0.029043,0,Baixo
1947539,0.013889,0,Baixo
1947582,0.009174,0,Baixo
1079717,0.029043,0,Baixo
1947561,0.001348,0,Baixo
1947585,0.029043,0,Baixo
1784251,0.010676,0,Baixo
1947591,0.013889,0,Baixo
1899244,0.071023,0,Baixo
1947586,0.029043,0,Baixo
1934364,0.100213,0,Baixo
1946395,0.013889,0,Baixo
1947111,0.143994,0,Baixo
1947540,0.029043,0,Baixo
1947590,0.023861,0,Baixo
1943617,0.001348,0,Baixo
1947606,0.001348,0,Baixo
1947607,0.029043,0,Baixo
1941557,0.029043,0,Baixo
1946853,0.080586,0,Baixo
1947580,0.100213,0,Baixo
1947599,0.071023,0,Baixo
1944678,0.029043,0,Baixo
1947616,0.029043,0,Baixo
1947614,0.001348,0,Baixo
1947628,0.029043,0,Baixo
1947625,0.013889,0,Baixo
1947630,0.062794,0,Baixo
1947508,0.013889,0,Baixo
1947629,0.100213,0,Baixo
1947621,0.013889,0,Baixo
1947617,0.201923,0,Medio
1947636,0.090592,0,Baixo
1935933,0.062794,0,Baixo
1947640,0.013889,0,Baixo
1947645,0.163658,0,Baixo
1863321,0.013889,0,Baixo
1947578,0.010676,0,Baixo
1947598,0.009174,0,Baixo
1947611,0.163658,0,Baixo
1947643,0.029043,0,Baixo
1947644,0.080586,0,Baixo
1947651,0.029043,0,Baixo
1947632,0.029043,0,Baixo
1937844,0.009174,0,Baixo
1947434,0.001348,0,Baixo
1946790,0.143994,0,Baixo
1947665,0.029043,0,Baixo
1947663,0.001348,0,Baixo
1947671,0.013889,0,Baixo
1947667,0.062794,0,Baixo
1817780,0.0,0,Baixo
1947673,0.001348,0,Baixo
1947564,0.010676,0,Baixo
1947400,0.013889,0,Baixo
1947678,0.029043,0,Baixo
1947682,0.029043,0,Baixo
1947679,0.029043,0,Baixo
1833347,0.071023,0,Baixo
1947675,0.003165,0,Baixo
1947689,0.062794,0,Baixo
1947692,0.029043,0,Baixo
1898683,0.100213,0,Baixo
1947690,0.0,0,Baixo
1947672,0.013889,0,Baixo
1947639,0.003165,0,Baixo
1947637,0.100213,0,Baixo
1947602,0.029043,0,Baixo
1947684,0.094203,0,Baixo
1947633,0.029043,0,Baixo
1947703,0.029043,0,Baixo
1947702,0.003165,0,Baixo
1947717,0.062794,0,Baixo
1947707,0.013889,0,Baixo
1947719,0.001348,0,Baixo
1947135,0.029043,0,Baixo
1947524,0.009174,0,Baixo
1947724,0.143994,0,Baixo
1947723,0.029043,0,Baixo
1947522,0.12069,0,Baixo
1922222,0.023861,0,Baixo
1947712,0.010676,0,Baixo
1843381,0.009174,0,Baixo
1947734,0.029043,0,Baixo
1854634,0.029043,0,Baixo
1947729,0.029043,0,Baixo
1941282,0.0,0,Baixo
1932803,0.001348,0,Baixo
1947739,0.080586,0,Baixo
1293539,0.029043,0,Baixo
1947748,0.013889,0,Baixo
1947713,0.029043,0,Baixo
1947745,0.009174,0,Baixo
1947750,0.013889,0,Baixo
1715909,0.0,0,Baixo
1947743,0.143994,0,Baixo
1947757,0.071023,0,Baixo
1946712,0.029043,0,Baixo
1947706,0.029043,0,Baixo
1947471,0.013889,0,Baixo
1947762,0.023861,0,Baixo
1947761,0.071023,0,Baixo
1947736,0.029043,0,Baixo
1947765,0.062794,0,Baixo
1941477,0.023861,0,Baixo
1947709,0.010676,0,Baixo
1947722,0.100213,0,Baixo
1947079,0.062794,0,Baixo
1943740,0.062794,0,Baixo
1947775,0.062794,0,Baixo
1947726,0.062794,0,Baixo
1906889,0.029043,0,Baixo
1918673,0.029043,0,Baixo
1946580,0.100213,0,Baixo
1947247,0.010676,0,Baixo
1947787,0.029043,0,Baixo
1944828,0.029043,0,Baixo
1947790,0.029043,0,Baixo
1947794,0.010676,0,Baixo
1947532,0.029043,0,Baixo
1947405,0.163658,0,Baixo
1947731,0.003165,0,Baixo
1947807,0.029043,0,Baixo
1947806,0.0,0,Baixo
1947495,0.0,0,Baixo
1946976,0.062794,0,Baixo
1947122,0.094203,0,Baixo
1947581,0.010676,0,Baixo
1947817,0.013889,0,Baixo
1947822,0.163658,0,Baixo
1946064,0.062794,0,Baixo
1947823,0.071023,0,Baixo
1947813,0.0,0,Baixo
1947265,0.003165,0,Baixo
1947751,0.12069,0,Baixo
1947834,0.009174,0,Baixo
1947831,0.013889,0,Baixo
1947838,0.013889,0,Baixo
1947832,0.029043,0,Baixo
1947808,0.029043,0,Baixo
1947843,0.003165,0,Baixo
1947828,0.013889,0,Baixo
1947837,0.001348,0,Baixo
1939489,0.029043,0,Baixo
1947849,0.023861,0,Baixo
1947555,0.100213,0,Baixo
1947857,0.045455,0,Baixo
1947846,0.029043,0,Baixo
1947859,0.023861,0,Baixo
1947853,0.062794,0,Baixo
1906439,0.071023,0,Baixo
1947861,0.0,0,Baixo
1710288,0.010676,0,Baixo
1947860,0.013889,0,Baixo
1941300,0.163658,0,Baixo
1947795,0.013889,0,Baixo
1947809,0.001348,0,Baixo
1947865,0.071023,0,Baixo
1947866,0.045455,0,Baixo
1947863,0.001348,0,Baixo
1947868,0.010676,0,Baixo
1947870,0.013889,0,Baixo
1947871,0.029043,0,Baixo
1947409,0.100213,0,Baixo
1947732,0.013889,0,Baixo
1945106,0.023861,0,Baixo
1927833,0.100213,0,Baixo
1947331,0.003165,0,Baixo
1947885,0.029043,0,Baixo
1947887,0.071023,0,Baixo
1947480,0.229935,0,Medio
1947890,0.100213,0,Baixo
1947889,0.013889,0,Baixo
1947735,0.001348,0,Baixo
1627066,0.023861,0,Baixo
1947864,0.003165,0,Baixo
1947900,0.062794,0,Baixo
1947905,0.143994,0,Baixo
1947782,0.100213,0,Baixo
1902437,0.010676,0,Baixo
1947317,0.029043,0,Baixo
1940886,0.163658,0,Baixo
1947529,0.029043,0,Baixo
1947903,0.013889,0,Baixo
1946799,0.029043,0,Baixo
1947914,0.023861,0,Baixo
1947916,0.003165,0,Baixo
1947918,0.029425,0,Baixo
1947567,0.001348,0,Baixo
1947920,0.013889,0,Baixo
1947921,0.009174,0,Baixo
1947924,0.009174,0,Baixo
1947925,0.023861,0,Baixo
1947804,0.029043,0,Baixo
1913642,0.013889,0,Baixo
1947931,0.013889,0,Baixo
1947933,0.013889,0,Baixo
1947934,0.062794,0,Baixo
1947938,0.029043,0,Baixo
1946558,0.010676,0,Baixo
1947913,0.029043,0,Baixo
1947936,0.0,0,Baixo
1947941,0.062794,0,Baixo
1947939,0.071023,0,Baixo
1931856,0.071023,0,Baixo
1947835,0.003165,0,Baixo
1947947,0.023861,0,Baixo
1947413,0.001348,0,Baixo
1947949,0.243641,0,Medio
1947944,0.009174,0,Baixo
1943068,0.100213,0,Baixo
1947779,0.009174,0,Baixo
1947930,0.010676,0,Baixo
1946447,0.003165,0,Baixo
1901683,0.094203,0,Baixo
1947953,0.062794,0,Baixo
1947896,0.029043,0,Baixo
1947951,0.001348,0,Baixo
1947935,0.090592,0,Baixo
1939247,0.013889,0,Baixo
1947959,0.029043,0,Baixo
1947883,0.100213,0,Baixo
1947960,0.029043,0,Baixo
1947966,0.010676,0,Baixo
1947888,0.030303,0,Baixo
1947969,0.071023,0,Baixo
1947972,0.080586,0,Baixo
1947753,0.163658,0,Baixo
1941056,0.029043,0,Baixo
1947980,0.029043,0,Baixo
1927331,0.100213,0,Baixo
1947976,0.013889,0,Baixo
1947852,0.023861,0,Baixo
1947978,0.029043,0,Baixo
1946700,0.100213,0,Baixo
1947986,0.009174,0,Baixo
1947991,0.029043,0,Baixo
1947668,0.013889,0,Baixo
1947992,0.090592,0,Baixo
1947998,0.013889,0,Baixo
1694743,0.029043,0,Baixo
1948000,0.029043,0,Baixo
1948003,0.100213,0,Baixo
1947431,0.094203,0,Baixo
1947460,0.062794,0,Baixo
1947999,0.013889,0,Baixo
1948016,0.010676,0,Baixo
1946158,0.045455,0,Baixo
1948005,0.010676,0,Baixo
1947987,0.010676,0,Baixo
1948013,0.003165,0,Baixo
1948014,0.003165,0,Baixo
1948035,0.029043,0,Baixo
1948036,0.029043,0,Baixo
1947955,0.029043,0,Baixo
1948039,0.010676,0,Baixo
1948030,0.010676,0,Baixo
1948029,0.003165,0,Baixo
1948048,0.062794,0,Baixo
1948045,0.029043,0,Baixo
1948050,0.029043,0,Baixo
1948043,0.029043,0,Baixo
1948051,0.001348,0,Baixo
1947758,0.029043,0,Baixo
1947800,0.003165,0,Baixo
1948061,0.010676,0,Baixo
1946132,0.029043,0,Baixo
1947662,0.001348,0,Baixo
1921370,0.003165,0,Baixo
1947793,0.003165,0,Baixo
1936034,0.003165,0,Baixo
1948057,0.080586,0,Baixo
1946191,0.013889,0,Baixo
1947512,0.010676,0,Baixo
1945566,0.062794,0,Baixo
1947648,0.12069,0,Baixo
1947737,0.029043,0,Baixo
1948077,0.001348,0,Baixo
1947084,0.029043,0,Baixo
1948081,0.029043,0,Baixo
1947997,0.013889,0,Baixo
1947906,0.010676,0,Baixo
1937041,0.029043,0,Baixo
1947812,0.029043,0,Baixo
1947990,0.045455,0,Baixo
1948059,0.143994,0,Baixo
1948071,0.178571,0,Baixo
1948092,0.010676,0,Baixo
1948098,0.071023,0,Baixo
1927705,0.029043,0,Baixo
1947993,0.029043,0,Baixo
1948101,0.143994,0,Baixo
1948109,0.029043,0,Baixo
1946928,0.045455,0,Baixo
1948110,0.045455,0,Baixo
1948099,0.12069,0,Baixo
1948078,0.029043,0,Baixo
1948115,0.029043,0,Baixo
1948104,0.062794,0,Baixo
1948096,0.100213,0,Baixo
1948117,0.0,0,Baixo
1948106,0.029043,0,Baixo
1947544,0.0,0,Baixo
1948123,0.023861,0,Baixo
1948128,0.001348,0,Baixo
1948127,0.143994,0,Baixo
1948133,0.094203,0,Baixo
1948138,0.013889,0,Baixo
1948015,0.029043,0,Baixo
1948143,0.100213,0,Baixo
1948066,0.062794,0,Baixo
1948144,0.013889,0,Baixo
1948139,0.001348,0,Baixo
1948142,0.023861,0,Baixo
1947219,0.080586,0,Baixo
1947912,0.029043,0,Baixo
1948145,0.029043,0,Baixo
1947946,0.013889,0,Baixo
1946228,0.029043,0,Baixo
1947587,0.010676,0,Baixo
1945995,0.143994,0,Baixo
1948160,0.009174,0,Baixo
1948166,0.010676,0,Baixo
1948165,0.010676,0,Baixo
1948164,0.029043,0,Baixo
1947891,0.013889,0,Baixo
1948158,0.023861,0,Baixo
1947446,0.003165,0,Baixo
1947351,0.023861,0,Baixo
1948163,0.029043,0,Baixo
1946858,0.143994,0,Baixo
1946826,0.029043,0,Baixo
1948120,0.010676,0,Baixo
1948168,0.094203,0,Baixo
1948155,0.009174,0,Baixo
1948150,0.029043,0,Baixo
1948130,0.013889,0,Baixo
1948180,0.143994,0,Baixo
1947009,0.100213,0,Baixo
1948187,0.013889,0,Baixo
1948185,0.009174,0,Baixo
1948056,0.023861,0,Baixo
1948184,0.010676,0,Baixo
1946624,0.029043,0,Baixo
1948182,0.163658,0,Baixo
1948199,0.010676,0,Baixo
1947910,0.010676,0,Baixo
1944414,0.001348,0,Baixo
1945285,0.009174,0,Baixo
1948209,0.029043,0,Baixo
1948201,0.029043,0,Baixo
1948212,0.100213,0,Baixo
1948203,0.029043,0,Baixo
1896704,0.100213,0,Baixo
1948210,0.100213,0,Baixo
1948211,0.071023,0,Baixo
1946611,0.071023,0,Baixo
1948219,0.010676,0,Baixo
1948151,0.090592,0,Baixo
1948221,0.071023,0,Baixo
1948202,0.080586,0,Baixo
1948217,0.071023,0,Baixo
1948214,0.010676,0,Baixo
1948229,0.013889,0,Baixo
1948091,0.001348,0,Baixo
1948218,0.023861,0,Baixo
1935294,0.010676,0,Baixo
1948200,0.023861,0,Baixo
1948233,0.009174,0,Baixo
1948240,0.062794,0,Baixo
1948204,0.0,0,Baixo
1948236,0.029043,0,Baixo
1948178,0.003165,0,Baixo
1948054,0.010676,0,Baixo
1948256,0.029043,0,Baixo
1948231,0.009174,0,Baixo
1948192,0.029043,0,Baixo
1948258,0.013889,0,Baixo
1943315,0.003165,0,Baixo
1948254,0.029043,0,Baixo
1948262,0.045455,0,Baixo
1948278,0.023861,0,Baixo
1062478,0.023861,0,Baixo
1948264,0.010676,0,Baixo
1947796,0.029043,0,Baixo
1948276,0.071023,0,Baixo
1948235,0.214925,0,Medio
1948281,0.029043,0,Baixo
1947315,0.030303,0,Baixo
1948293,0.010676,0,Baixo
1948230,0.029043,0,Baixo
1948301,0.143994,0,Baixo
1948277,0.080586,0,Baixo
1948309,0.001348,0,Baixo
1907306,0.080586,0,Baixo
1948273,0.013889,0,Baixo
1947619,0.071023,0,Baixo
1916163,0.071023,0,Baixo
1948177,0.071023,0,Baixo
1948325,0.029043,0,Baixo
1948327,0.071023,0,Baixo
1948213,0.090592,0,Baixo
1948341,0.143994,0,Baixo
1948326,0.010676,0,Baixo
1948329,0.062794,0,Baixo
1948247,0.0,0,Baixo
1948343,0.100213,0,Baixo
1948306,0.062794,0,Baixo
1948245,0.062794,0,Baixo
1948346,0.163658,0,Baixo
1948349,0.100213,0,Baixo
1917248,0.010676,0,Baixo
1948206,0.100213,0,Baixo
1948118,0.009174,0,Baixo
1948356,0.029043,0,Baixo
1947884,0.029043,0,Baixo
1948355,0.062794,0,Baixo
1948274,0.143994,0,Baixo
1942546,0.029043,0,Baixo
1346508,0.029043,0,Baixo
1946942,0.029043,0,Baixo
1948344,0.001348,0,Baixo
1948363,0.013889,0,Baixo
1947669,0.029043,0,Baixo
1948336,0.023861,0,Baixo
1948369,0.013889,0,Baixo
1948371,0.009174,0,Baixo
1948243,0.029043,0,Baixo
1948375,0.013889,0,Baixo
1948304,0.009174,0,Baixo
1948340,0.071023,0,Baixo
1948379,0.12069,0,Baixo
1948186,0.013889,0,Baixo
1948373,0.100213,0,Baixo
1948394,0.100213,0,Baixo
1948388,0.062794,0,Baixo
1948392,0.045455,0,Baixo
1948365,0.013889,0,Baixo
1948321,0.029043,0,Baixo
1948398,0.029043,0,Baixo
1948053,0.045455,0,Baixo
1948024,0.023861,0,Baixo
1948332,0.0,0,Baixo
1948315,0.023861,0,Baixo
1947897,0.029043,0,Baixo
1948390,0.071023,0,Baixo
1947347,0.003165,0,Baixo
1948402,0.010676,0,Baixo
1948404,0.001348,0,Baixo
1948269,0.071023,0,Baixo
1946606,0.013889,0,Baixo
1948406,0.003165,0,Baixo
1945624,0.029043,0,Baixo
1948414,0.029043,0,Baixo
1948399,0.062794,0,Baixo
1948412,0.163658,0,Baixo
1948407,0.045455,0,Baixo
1948422,0.013889,0,Baixo
1948423,0.029043,0,Baixo
1948419,0.013889,0,Baixo
1948084,0.062794,0,Baixo
1937301,0.009174,0,Baixo
1948432,0.029043,0,Baixo
1948418,0.029043,0,Baixo
1948308,0.0,0,Baixo
1948427,0.003165,0,Baixo
1914249,0.029043,0,Baixo
1948434,0.003165,0,Baixo
1948431,0.100213,0,Baixo
1766881,0.0,0,Baixo
1948445,0.062794,0,Baixo
1948449,0.143994,0,Baixo
1947089,0.029043,0,Baixo
1948437,0.010676,0,Baixo
1948453,0.013889,0,Baixo
1948448,0.009174,0,Baixo
1948447,0.013889,0,Baixo
1948455,0.029043,0,Baixo
1946903,0.045455,0,Baixo
1948460,0.094203,0,Baixo
1948462,0.009174,0,Baixo
1948468,0.029043,0,Baixo
1945946,0.029043,0,Baixo
1948429,0.023861,0,Baixo
1948381,0.010676,0,Baixo
1948435,0.090592,0,Baixo
1948391,0.0,0,Baixo
1948334,0.029043,0,Baixo
1946710,0.229935,0,Medio
1948183,0.080586,0,Baixo
1947989,0.062794,0,Baixo
1948493,0.071023,0,Baixo
1948495,0.071023,0,Baixo
1948497,0.201923,0,Medio
1948312,0.071023,0,Baixo
1948141,0.045455,0,Baixo
1948318,0.013889,0,Baixo
1948500,0.178571,0,Baixo
1948498,0.090592,0,Baixo
1945390,0.013889,0,Baixo
1948477,0.001348,0,Baixo
1948512,0.029043,0,Baixo
1946783,0.062794,0,Baixo
1948504,0.062794,0,Baixo
1873074,0.163658,0,Baixo
1939691,0.029043,0,Baixo
1948479,0.029043,0,Baixo
1948522,0.071023,0,Baixo
1948481,0.029043,0,Baixo
1948515,0.143994,0,Baixo
1948351,0.029043,0,Baixo
1948526,0.062794,0,Baixo
1948523,0.001348,0,Baixo
1948428,0.010676,0,Baixo
1948531,0.001348,0,Baixo
1948530,0.023861,0,Baixo
1948542,0.071023,0,Baixo
1948533,0.071023,0,Baixo
1947506,0.029043,0,Baixo
1940870,0.029043,0,Baixo
1948547,0.062794,0,Baixo
1948543,0.013889,0,Baixo
1948482,0.090592,0,Baixo
1947588,0.013889,0,Baixo
1947177,0.029043,0,Baixo
1948548,0.062794,0,Baixo
1866999,0.0,0,Baixo
1948557,0.013889,0,Baixo
1948554,0.029043,0,Baixo
1948193,0.029043,0,Baixo
1948563,0.023861,0,Baixo
1948564,0.143994,0,Baixo
1948571,0.029043,0,Baixo
1948572,0.029043,0,Baixo
1948484,0.214925,0,Medio
1948561,0.062794,0,Baixo
1948580,0.100213,0,Baixo
1948382,0.001348,0,Baixo
1948578,0.029043,0,Baixo
1948574,0.163658,0,Baixo
1948588,0.163658,0,Baixo
1948577,0.023861,0,Baixo
1948583,0.029043,0,Baixo
1948478,0.003165,0,Baixo
1948592,0.071023,0,Baixo
1746664,0.029043,0,Baixo
1948590,0.029043,0,Baixo
1948549,0.013889,0,Baixo
1948052,0.094203,0,Baixo
1948601,0.071023,0,Baixo
1948604,0.100213,0,Baixo
861985,0.029043,0,Baixo
1948090,0.029043,0,Baixo
1948615,0.0,0,Baixo
1936619,0.013889,0,Baixo
1947549,0.045455,0,Baixo
1948622,0.003165,0,Baixo
1948629,0.029043,0,Baixo
1929169,0.023861,0,Baixo
1946183,0.029043,0,Baixo
1948633,0.029043,0,Baixo
1947776,0.071023,0,Baixo
1948640,0.003165,0,Baixo
1948579,0.013889,0,Baixo
1891304,0.071023,0,Baixo
1943907,0.013889,0,Baixo
1948167,0.0,0,Baixo
1948650,0.013889,0,Baixo
1948228,0.071023,0,Baixo
1948644,0.010676,0,Baixo
1948654,0.013889,0,Baixo
1948237,0.023861,0,Baixo
1948393,0.062794,0,Baixo
1946380,0.2,0,Baixo
1948661,0.080586,0,Baixo
1948658,0.009174,0,Baixo
1948660,0.029043,0,Baixo
1931684,0.013889,0,Baixo
1948666,0.029043,0,Baixo
1948680,0.003165,0,Baixo
1948684,0.062794,0,Baixo
1948682,0.071023,0,Baixo
1948676,0.071023,0,Baixo
1948671,0.013889,0,Baixo
1948681,0.163658,0,Baixo
1948632,0.029043,0,Baixo
1948686,0.013889,0,Baixo
1895858,0.023861,0,Baixo
1936791,0.0,0,Baixo
1941171,0.010676,0,Baixo
1948647,0.094203,0,Baixo
1948638,0.001348,0,Baixo
1948688,0.001348,0,Baixo
1948701,0.0,0,Baixo
1946546,0.062794,0,Baixo
1948613,0.062794,0,Baixo
1947209,0.023861,0,Baixo
1946230,0.009174,0,Baixo
1946244,0.214925,0,Medio
1943123,0.029043,0,Baixo
1948700,0.094203,0,Baixo
1948705,0.029043,0,Baixo
1948648,0.062794,0,Baixo
1948690,0.094203,0,Baixo
1948710,0.030303,0,Baixo
1948687,0.062794,0,Baixo
1948713,0.029043,0,Baixo
1948711,0.013889,0,Baixo
1948717,0.013889,0,Baixo
1948699,0.003165,0,Baixo
1948646,0.0,0,Baixo
1948718,0.029043,0,Baixo
1948723,0.062794,0,Baixo
1948714,0.023861,0,Baixo
1859447,0.010676,0,Baixo
1948716,0.062794,0,Baixo
1948378,0.029043,0,Baixo
1924550,0.100213,0,Baixo
300988,0.013889,0,Baixo
1948736,0.001348,0,Baixo
1948729,0.010676,0,Baixo
1948737,0.062794,0,Baixo
1948746,0.062794,0,Baixo
1948738,0.001348,0,Baixo
1948749,0.013889,0,Baixo
1948732,0.029043,0,Baixo
1948424,0.013889,0,Baixo
1948112,0.100213,0,Baixo
1948741,0.001348,0,Baixo
1948754,0.029043,0,Baixo
1948762,0.003165,0,Baixo
1948758,0.023861,0,Baixo
1948757,0.045455,0,Baixo
1948595,0.163658,0,Baixo
1948772,0.045455,0,Baixo
1948751,0.062794,0,Baixo
1948759,0.029043,0,Baixo
1948770,0.029043,0,Baixo
1948763,0.001348,0,Baixo
1948663,0.003165,0,Baixo
1948704,0.013889,0,Baixo
1948779,0.143994,0,Baixo
1814806,0.013889,0,Baixo
1948781,0.080586,0,Baixo
1948786,0.029043,0,Baixo
1948784,0.003165,0,Baixo
1947827,0.071023,0,Baixo
1948794,0.12069,0,Baixo
1948782,0.062794,0,Baixo
1948501,0.100213,0,Baixo
1948161,0.003165,0,Baixo
1948795,0.071023,0,Baixo
1947880,0.071023,0,Baixo
1947783,0.003165,0,Baixo
1948801,0.013889,0,Baixo
1948802,0.013889,0,Baixo
1948726,0.045455,0,Baixo
1948804,0.100213,0,Baixo
1948809,0.001348,0,Baixo
1948807,0.062794,0,Baixo
1948401,0.029043,0,Baixo
1946623,0.071023,0,Baixo
1948813,0.100213,0,Baixo
1948812,0.010676,0,Baixo
1948473,0.062794,0,Baixo
1867813,0.030303,0,Baixo
1948740,0.0,0,Baixo
1924288,0.029043,0,Baixo
1947895,0.0,0,Baixo
1948814,0.062794,0,Baixo
1948587,0.163658,0,Baixo
1948612,0.071023,0,Baixo
1938961,0.163658,0,Baixo
1948709,0.0,0,Baixo
1947720,0.029043,0,Baixo
1948819,0.001348,0,Baixo
1947562,0.013889,0,Baixo
1935881,0.094203,0,Baixo
1936273,0.071023,0,Baixo
1948832,0.003165,0,Baixo
1948817,0.100213,0,Baixo
1928318,0.009174,0,Baixo
1947498,0.045455,0,Baixo
1948366,0.163658,0,Baixo
1948845,0.0,0,Baixo
1948581,0.090592,0,Baixo
1948570,0.029043,0,Baixo
1948851,0.023861,0,Baixo
1948849,0.062794,0,Baixo
1923779,0.029043,0,Baixo
1946805,0.030303,0,Baixo
1948829,0.009174,0,Baixo
1948859,0.045455,0,Baixo
1902514,0.062794,0,Baixo
1948862,0.071023,0,Baixo
1948865,0.029043,0,Baixo
1948476,0.013889,0,Baixo
1948874,0.071023,0,Baixo
1948827,0.010676,0,Baixo
1903680,0.090592,0,Baixo
1948311,0.001348,0,Baixo
1948839,0.029043,0,Baixo
1948766,0.062794,0,Baixo
1948856,0.062794,0,Baixo
1947291,0.178571,0,Baixo
1948872,0.143994,0,Baixo
1948828,0.080586,0,Baixo
1948883,0.029043,0,Baixo
1948879,0.029043,0,Baixo
1948886,0.013889,0,Baixo
1948887,0.062794,0,Baixo
1948888,0.029043,0,Baixo
1948894,0.143994,0,Baixo
1938697,0.094203,0,Baixo
1948891,0.029043,0,Baixo
1946718,0.029043,0,Baixo
1948876,0.100213,0,Baixo
1948896,0.013889,0,Baixo
1948897,0.029043,0,Baixo
1948898,0.013889,0,Baixo
1948899,0.071023,0,Baixo
1948903,0.001348,0,Baixo
1948908,0.214925,0,Medio
1948787,0.143994,0,Baixo
1948913,0.062794,0,Baixo
1948870,0.062794,0,Baixo
1948337,0.003165,0,Baixo
1944368,0.001348,0,Baixo
1948920,0.013889,0,Baixo
1929863,0.010676,0,Baixo
1948928,0.166038,0,Baixo
1948234,0.001348,0,Baixo
1948925,0.003165,0,Baixo
1948922,0.010676,0,Baixo
1948914,0.071023,0,Baixo
1948915,0.023861,0,Baixo
1948929,0.003165,0,Baixo
1947654,0.029043,0,Baixo
1938709,0.010676,0,Baixo
1948706,0.029043,0,Baixo
1948923,0.071023,0,Baixo
1948932,0.062794,0,Baixo
1948931,0.094203,0,Baixo
1948842,0.029043,0,Baixo
1948937,0.029043,0,Baixo
1948835,0.090592,0,Baixo
1948073,0.029043,0,Baixo
1948945,0.143994,0,Baixo
1942621,0.163658,0,Baixo
1948942,0.013889,0,Baixo
1948946,0.029043,0,Baixo
1948745,0.010676,0,Baixo
1948947,0.003165,0,Baixo
1948954,0.003165,0,Baixo
1944449,0.080586,0,Baixo
1943783,0.029043,0,Baixo
1948963,0.143994,0,Baixo
1948941,0.030303,0,Baixo
1933963,0.029043,0,Baixo
1948322,0.100213,0,Baixo
1948962,0.094203,0,Baixo
1948967,0.143994,0,Baixo
1931788,0.013889,0,Baixo
1948969,0.023861,0,Baixo
1948973,0.023861,0,Baixo
1948971,0.214925,0,Medio
1948986,0.013889,0,Baixo
1935579,0.003165,0,Baixo
1948921,0.163658,0,Baixo
1948990,0.010676,0,Baixo
1948977,0.001348,0,Baixo
1948996,0.013889,0,Baixo
1948525,0.029043,0,Baixo
1946796,0.013889,0,Baixo
1948297,0.023861,0,Baixo
1948474,0.013889,0,Baixo
1948895,0.029043,0,Baixo
1948919,0.010676,0,Baixo
1947647,0.013889,0,Baixo
1948241,0.094203,0,Baixo
1948330,0.100213,0,Baixo
1948875,0.080586,0,Baixo
1949008,0.029043,0,Baixo
1948981,0.029043,0,Baixo
1947609,0.013889,0,Baixo
1949007,0.009174,0,Baixo
1947685,0.003165,0,Baixo
1949006,0.023861,0,Baixo
1895943,0.001348,0,Baixo
1949019,0.013889,0,Baixo
1946983,0.003165,0,Baixo
1948970,0.010676,0,Baixo
1935889,0.029043,0,Baixo
1943577,0.100213,0,Baixo
1948974,0.143994,0,Baixo
1945794,0.010676,0,Baixo
1949026,0.023861,0,Baixo
1916798,0.100213,0,Baixo
1947784,0.071023,0,Baixo
1948747,0.013889,0,Baixo
1634780,0.071023,0,Baixo
1949037,0.062794,0,Baixo
1941615,0.100213,0,Baixo
1935202,0.010676,0,Baixo
1949024,0.0,0,Baixo
1949027,0.029043,0,Baixo
1922552,0.023861,0,Baixo
1949041,0.029043,0,Baixo
1944099,0.029043,0,Baixo
1949049,0.214925,0,Medio
1949048,0.143994,0,Baixo
1948162,0.100213,0,Baixo
1949047,0.010676,0,Baixo
1926782,0.013889,0,Baixo
1949056,0.001348,0,Baixo
1949059,0.143994,0,Baixo
1949046,0.013889,0,Baixo
1949063,0.029043,0,Baixo
1945751,0.071023,0,Baixo
1949067,0.071023,0,Baixo
1949021,0.010676,0,Baixo
1949071,0.029043,0,Baixo
1949072,0.143994,0,Baixo
1949074,0.009174,0,Baixo
1949076,0.071023,0,Baixo
1949081,0.029043,0,Baixo
1948902,0.023861,0,Baixo
1949065,0.003165,0,Baixo
1949080,0.010676,0,Baixo
1949052,0.062794,0,Baixo
1774099,0.029043,0,Baixo
1949082,0.071023,0,Baixo
1949086,0.009174,0,Baixo
1948362,0.010676,0,Baixo
1949078,0.214925,0,Medio
1949033,0.143994,0,Baixo
1949089,0.071023,0,Baixo
1923021,0.243641,0,Medio
1949062,0.023861,0,Baixo
1949092,0.071023,0,Baixo
1949068,0.080586,0,Baixo
1949094,0.029043,0,Baixo
1949095,0.029043,0,Baixo
1949099,0.214925,0,Medio
1949098,0.029043,0,Baixo
1949090,0.080586,0,Baixo
1911992,0.010676,0,Baixo
1876662,0.100213,0,Baixo
1947961,0.071023,0,Baixo
1949102,0.071023,0,Baixo
1949107,0.029043,0,Baixo
1949111,0.062794,0,Baixo
1949100,0.029043,0,Baixo
1949109,0.029043,0,Baixo
1949115,0.071023,0,Baixo
1949119,0.2,0,Baixo
1948514,0.029043,0,Baixo
1949130,0.001348,0,Baixo
1948665,0.029043,0,Baixo
1949134,0.100213,0,Baixo
1946994,0.080586,0,Baixo
1949083,0.029043,0,Baixo
1949139,0.010676,0,Baixo
1949140,0.029043,0,Baixo
1949138,0.010676,0,Baixo
1949126,0.009174,0,Baixo
1949143,0.062794,0,Baixo
1948826,0.100213,0,Baixo
1947741,0.013889,0,Baixo
1949148,0.0,0,Baixo
1949147,0.010676,0,Baixo
1949151,0.094203,0,Baixo
1949128,0.062794,0,Baixo
1949149,0.071023,0,Baixo
1935181,0.013889,0,Baixo
1948089,0.010676,0,Baixo
1949150,0.178571,0,Baixo
1818507,0.003165,0,Baixo
1949137,0.009174,0,Baixo
1949058,0.090592,0,Baixo
1948972,0.100213,0,Baixo
1949108,0.071023,0,Baixo
1949087,0.009174,0,Baixo
1949159,0.009174,0,Baixo
1929352,0.100213,0,Baixo
1949160,0.023861,0,Baixo
1949164,0.071023,0,Baixo
1941830,0.023861,0,Baixo
1949162,0.071023,0,Baixo
1949171,0.090592,0,Baixo
1949168,0.071023,0,Baixo
1949043,0.003165,0,Baixo
1949174,0.062794,0,Baixo
1949181,0.029043,0,Baixo
1949101,0.009174,0,Baixo
1949172,0.001348,0,Baixo
1949192,0.090592,0,Baixo
1946242,0.013889,0,Baixo
1949186,0.023861,0,Baixo
1949195,0.003165,0,Baixo
1947704,0.062794,0,Baixo
1949199,0.100213,0,Baixo
1948380,0.071023,0,Baixo
1949200,0.214925,0,Medio
1949212,0.071023,0,Baixo
1949216,0.143994,0,Baixo
1949204,0.080586,0,Baixo
1948086,0.143994,0,Baixo
1948131,0.100213,0,Baixo
1947087,0.029043,0,Baixo
1941041,0.080586,0,Baixo
1949214,0.166038,0,Baixo
1948513,0.062794,0,Baixo
1949224,0.023861,0,Baixo
1949173,0.090592,0,Baixo
1949220,0.023861,0,Baixo
1949219,0.010676,0,Baixo
1949193,0.062794,0,Baixo
1949158,0.029043,0,Baixo
1949177,0.062794,0,Baixo
1949227,0.080586,0,Baixo
1949116,0.001348,0,Baixo
1949230,0.003165,0,Baixo
1949228,0.029043,0,Baixo
1949233,0.029043,0,Baixo
1949234,0.029043,0,Baixo
1947699,0.013889,0,Baixo
1949237,0.001348,0,Baixo
1949207,0.029043,0,Baixo
1949183,0.009174,0,Baixo
1949240,0.029043,0,Baixo
1949238,0.090592,0,Baixo
1949245,0.062794,0,Baixo
1949250,0.023861,0,Baixo
1949251,0.003165,0,Baixo
1949243,0.023861,0,Baixo
1949256,0.029043,0,Baixo
1949225,0.023861,0,Baixo
1949264,0.023861,0,Baixo
1949261,0.029043,0,Baixo
1949258,0.178571,0,Baixo
1948451,0.029043,0,Baixo
1946659,0.029043,0,Baixo
1949157,0.045455,0,Baixo
1949272,0.013889,0,Baixo
1942733,0.062794,0,Baixo
1949277,0.029043,0,Baixo
1949239,0.062794,0,Baixo
1943837,0.143994,0,Baixo
1949221,0.009174,0,Baixo
1949194,0.013889,0,Baixo
1949289,0.029043,0,Baixo
1949283,0.080586,0,Baixo
1949271,0.029043,0,Baixo
1949295,0.062794,0,Baixo
1879338,0.094203,0,Baixo
1949290,0.080586,0,Baixo
1949297,0.080586,0,Baixo
1949298,0.143994,0,Baixo
1949296,0.062794,0,Baixo
1949303,0.029043,0,Baixo
1947600,0.201923,0,Medio
1949127,0.023861,0,Baixo
1949163,0.143994,0,Baixo
1949309,0.029043,0,Baixo
1949254,0.013889,0,Baixo
1947965,0.013889,0,Baixo
1949301,0.029043,0,Baixo
1949314,0.029043,0,Baixo
1948995,0.100213,0,Baixo
1949305,0.071023,0,Baixo
1948585,0.214925,0,Medio
1949327,0.143994,0,Baixo
1949324,0.062794,0,Baixo
1949340,0.029043,0,Baixo
1949343,0.009174,0,Baixo
1949350,0.062794,0,Baixo
1949341,0.100213,0,Baixo
1949333,0.009174,0,Baixo
1949328,0.029043,0,Baixo
1949279,0.013889,0,Baixo
1949349,0.071023,0,Baixo
1949359,0.062794,0,Baixo
1949373,0.090592,0,Baixo
1949360,0.003165,0,Baixo
1949336,0.023861,0,Baixo
1949346,0.062794,0,Baixo
1949354,0.001348,0,Baixo
1949318,0.062794,0,Baixo
1949372,0.029043,0,Baixo
1949356,0.071023,0,Baixo
1949379,0.090592,0,Baixo
1949365,0.023861,0,Baixo
1949326,0.045455,0,Baixo
1949361,0.071023,0,Baixo
1949384,0.029043,0,Baixo
1949374,0.100213,0,Baixo
1949334,0.003165,0,Baixo
1949383,0.100213,0,Baixo
1949363,0.010676,0,Baixo
1949386,0.062794,0,Baixo
1949368,0.013889,0,Baixo
1949331,0.013889,0,Baixo
1949319,0.071023,0,Baixo
1949381,0.013889,0,Baixo
1949345,0.062794,0,Baixo
1949329,0.009174,0,Baixo
1949378,0.029043,0,Baixo
1949393,0.013889,0,Baixo
1949347,0.094203,0,Baixo
1948345,0.001348,0,Baixo
1949370,0.029043,0,Baixo
1949355,0.013889,0,Baixo
1949376,0.062794,0,Baixo
1949391,0.013889,0,Baixo
1949352,0.029043,0,Baixo
1947985,0.2,0,Baixo
1949257,0.013889,0,Baixo
1949397,0.013889,0,Baixo
1949337,0.023861,0,Baixo
1949401,0.029043,0,Baixo
1949377,0.013889,0,Baixo
1949407,0.013889,0,Baixo
1949396,0.143994,0,Baixo
1948810,0.090592,0,Baixo
1949388,0.029043,0,Baixo
1949405,0.030303,0,Baixo
1949344,0.029043,0,Baixo
1949412,0.100213,0,Baixo
1949399,0.029043,0,Baixo
1949421,0.071023,0,Baixo
1949420,0.003165,0,Baixo
1949417,0.100213,0,Baixo
1949414,0.062794,0,Baixo
1949408,0.013889,0,Baixo
1949025,0.009174,0,Baixo
1949409,0.001348,0,Baixo
1949423,0.0,0,Baixo
1949429,0.094203,0,Baixo
1948715,0.009174,0,Baixo
1949390,0.003165,0,Baixo
1927600,0.062794,0,Baixo
1663371,0.009174,0,Baixo
1949433,0.023861,0,Baixo
1946575,0.090592,0,Baixo
1949434,0.029043,0,Baixo
1948966,0.013889,0,Baixo
1948540,0.045455,0,Baixo
1949446,0.010676,0,Baixo
1949447,0.143994,0,Baixo
1949449,0.029043,0,Baixo
1948205,0.029043,0,Baixo
1949453,0.023861,0,Baixo
1949456,0.013889,0,Baixo
1949455,0.029043,0,Baixo
1948616,0.080586,0,Baixo
1949464,0.029043,0,Baixo
1949468,0.029043,0,Baixo
1949459,0.003165,0,Baixo
1949467,0.143994,0,Baixo
1949460,0.029043,0,Baixo
1947080,0.029043,0,Baixo
1934421,0.029043,0,Baixo
1947915,0.023861,0,Baixo
1948884,0.071023,0,Baixo
1949458,0.100213,0,Baixo
1949477,0.023861,0,Baixo
1949330,0.023861,0,Baixo
1948305,0.003165,0,Baixo
1948850,0.013889,0,Baixo
1930662,0.029043,0,Baixo
1949484,0.029043,0,Baixo
1949371,0.023861,0,Baixo
1718060,0.0,0,Baixo
1949488,0.071023,0,Baixo
1949500,0.001348,0,Baixo
1949502,0.090592,0,Baixo
1949510,0.100213,0,Baixo
1944663,0.100213,0,Baixo
1949506,0.071023,0,Baixo
1949493,0.013889,0,Baixo
1949504,0.003165,0,Baixo
1949519,0.023861,0,Baixo
1949515,0.003165,0,Baixo
1949520,0.071023,0,Baixo
1947872,0.013889,0,Baixo
1949495,0.062794,0,Baixo
1948065,0.003165,0,Baixo
1949069,0.010676,0,Baixo
1949487,0.062794,0,Baixo
1949508,0.029043,0,Baixo
1949523,0.010676,0,Baixo
1949144,0.029043,0,Baixo
1949491,0.100213,0,Baixo
1778443,0.163658,0,Baixo
1949073,0.071023,0,Baixo
1949535,0.023861,0,Baixo
1949530,0.003165,0,Baixo
1934093,0.013889,0,Baixo
1949478,0.100213,0,Baixo
1949516,0.029043,0,Baixo
1949284,0.100213,0,Baixo
1949547,0.013889,0,Baixo
1948803,0.143994,0,Baixo
1949146,0.062794,0,Baixo
1949501,0.045455,0,Baixo
1949539,0.163658,0,Baixo
1949550,0.010676,0,Baixo
1949559,0.029043,0,Baixo
1949553,0.013889,0,Baixo
1949474,0.013889,0,Baixo
1948730,0.010676,0,Baixo
1949432,0.045455,0,Baixo
1945915,0.029043,0,Baixo
1949555,0.029043,0,Baixo
1949563,0.029043,0,Baixo
1949579,0.062794,0,Baixo
1949578,0.013889,0,Baixo
1949574,0.003165,0,Baixo
1949569,0.010676,0,Baixo
1949587,0.003165,0,Baixo
1949507,0.023861,0,Baixo
1949584,0.137931,0,Baixo
1949545,0.013889,0,Baixo
1949594,0.062794,0,Baixo
1949600,0.090592,0,Baixo
1949604,0.029043,0,Baixo
1949603,0.013889,0,Baixo
1949596,0.0,0,Baixo
1949585,0.100213,0,Baixo
1949616,0.013889,0,Baixo
1949615,0.023861,0,Baixo
1949622,0.010676,0,Baixo
1949582,0.013889,0,Baixo
1949612,0.062794,0,Baixo
1949633,0.029043,0,Baixo
1949631,0.023861,0,Baixo
1949638,0.100213,0,Baixo
1949642,0.0,0,Baixo
1936727,0.029043,0,Baixo
1949534,0.071023,0,Baixo
1948333,0.029043,0,Baixo
1949482,0.062794,0,Baixo
1949387,0.100213,0,Baixo
1906032,0.143994,0,Baixo
1946766,0.080586,0,Baixo
1949635,0.023861,0,Baixo
1949129,0.062794,0,Baixo
1949634,0.029043,0,Baixo
1947408,0.090592,0,Baixo
1949668,0.003165,0,Baixo
1948226,0.029043,0,Baixo
1949670,0.013889,0,Baixo
1949671,0.143994,0,Baixo
1949674,0.0,0,Baixo
1949665,0.062794,0,Baixo
1949678,0.029043,0,Baixo
1949676,0.166038,0,Baixo
1949666,0.029043,0,Baixo
1949679,0.062794,0,Baixo
1949002,0.163658,0,Baixo
1949672,0.029043,0,Baixo
1948724,0.013889,0,Baixo
1949682,0.003165,0,Baixo
1949514,0.023861,0,Baixo
1949664,0.062794,0,Baixo
1949667,0.143994,0,Baixo
1949689,0.013889,0,Baixo
1949364,0.094203,0,Baixo
1949691,0.009174,0,Baixo
1949684,0.023861,0,Baixo
1949512,0.143994,0,Baixo
1949673,0.029043,0,Baixo
1948765,0.003165,0,Baixo
1949697,0.029043,0,Baixo
1949696,0.080586,0,Baixo
1949702,0.045455,0,Baixo
1949700,0.100213,0,Baixo
1948771,0.045455,0,Baixo
1949686,0.062794,0,Baixo
1949704,0.100213,0,Baixo
1949576,0.094203,0,Baixo
1949687,0.062794,0,Baixo
1901532,0.062794,0,Baixo
1949716,0.009174,0,Baixo
1949683,0.029043,0,Baixo
1949692,0.029043,0,Baixo
1949698,0.023861,0,Baixo
1949424,0.094203,0,Baixo
1949709,0.029043,0,Baixo
1949722,0.062794,0,Baixo
1949725,0.071023,0,Baixo
1949719,0.001348,0,Baixo
1949730,0.029043,0,Baixo
1949485,0.003165,0,Baixo
1922444,0.071023,0,Baixo
1949720,0.010676,0,Baixo
1949723,0.029043,0,Baixo
1949732,0.071023,0,Baixo
1949734,0.045455,0,Baixo
1866783,0.062794,0,Baixo
1949724,0.003165,0,Baixo
1949731,0.045455,0,Baixo
1939655,0.062794,0,Baixo
1949741,0.029043,0,Baixo
1949737,0.003165,0,Baixo
1949735,0.090592,0,Baixo
1949733,0.013889,0,Baixo
1949717,0.143994,0,Baixo
1949369,0.029043,0,Baixo
1949736,0.12069,0,Baixo
1949708,0.062794,0,Baixo
1949575,0.023861,0,Baixo
1949650,0.009174,0,Baixo
1949625,0.010676,0,Baixo
1946829,0.023861,0,Baixo
1949705,0.029043,0,Baixo
1948289,0.009174,0,Baixo
1949754,0.023861,0,Baixo
1949739,0.029043,0,Baixo
1949751,0.080586,0,Baixo
1638831,0.013889,0,Baixo
1949749,0.045455,0,Baixo
1949758,0.214925,0,Medio
1915726,0.003165,0,Baixo
1949762,0.013889,0,Baixo
1949764,0.010676,0,Baixo
1949738,0.001348,0,Baixo
1856439,0.062794,0,Baixo
1949768,0.0,0,Baixo
1949772,0.013889,0,Baixo
1949759,0.029043,0,Baixo
1947680,0.013889,0,Baixo
1949767,0.013889,0,Baixo
1936648,0.100213,0,Baixo
1936797,0.003165,0,Baixo
1949788,0.071023,0,Baixo
1949784,0.062794,0,Baixo
1949797,0.013889,0,Baixo
1949695,0.143994,0,Baixo
1949793,0.062794,0,Baixo
856359,0.166038,0,Baixo
1949786,0.023861,0,Baixo
1949747,0.029043,0,Baixo
1284466,0.071023,0,Baixo
1949789,0.029043,0,Baixo
1946778,0.062794,0,Baixo
1949802,0.029043,0,Baixo
1949801,0.001348,0,Baixo
1949810,0.094203,0,Baixo
1949811,0.100213,0,Baixo
1949613,0.013889,0,Baixo
1949814,0.045455,0,Baixo
1949808,0.062794,0,Baixo
1949803,0.001348,0,Baixo
1949822,0.029043,0,Baixo
1949824,0.029043,0,Baixo
1949820,0.143994,0,Baixo
1949819,0.029043,0,Baixo
1949827,0.0,0,Baixo
1949813,0.010676,0,Baixo
1949339,0.094203,0,Baixo
1949497,0.029043,0,Baixo
1949836,0.023861,0,Baixo
1941222,0.045455,0,Baixo
1949833,0.100213,0,Baixo
1949841,0.062794,0,Baixo
1946817,0.010676,0,Baixo
1949825,0.080586,0,Baixo
1948785,0.071023,0,Baixo
1949850,0.001348,0,Baixo
1949848,0.010676,0,Baixo
1949845,0.090592,0,Baixo
1948994,0.071023,0,Baixo
1949853,0.023861,0,Baixo
1944426,0.013889,0,Baixo
1949838,0.080586,0,Baixo
1949861,0.029043,0,Baixo
1949855,0.010676,0,Baixo
1949854,0.062794,0,Baixo
1949849,0.013889,0,Baixo
1941572,0.090592,0,Baixo
1949856,0.029043,0,Baixo
1929309,0.013889,0,Baixo
1949870,0.010676,0,Baixo
1937743,0.080586,0,Baixo
1949846,0.090592,0,Baixo
1949877,0.062794,0,Baixo
1949874,0.013889,0,Baixo
1936246,0.029043,0,Baixo
1949875,0.062794,0,Baixo
1949773,0.023861,0,Baixo
1949869,0.030303,0,Baixo
1949879,0.143994,0,Baixo
1947862,0.003165,0,Baixo
1786559,0.090592,0,Baixo
1949890,0.029043,0,Baixo
1949871,0.013889,0,Baixo
1949887,0.010676,0,Baixo
1949883,0.029043,0,Baixo
1949903,0.023861,0,Baixo
1949904,0.023861,0,Baixo
1949900,0.100213,0,Baixo
1949908,0.001348,0,Baixo
1949909,0.001348,0,Baixo
1949915,0.013889,0,Baixo
1948936,0.013889,0,Baixo
1949823,0.143994,0,Baixo
1949914,0.023861,0,Baixo
1947501,0.029043,0,Baixo
1853542,0.0,0,Baixo
1949918,0.013889,0,Baixo
1949714,0.214925,0,Medio
1945296,0.030303,0,Baixo
1949884,0.013889,0,Baixo
1949920,0.029043,0,Baixo
1949795,0.071023,0,Baixo
1949924,0.001348,0,Baixo
1946247,0.090592,0,Baixo
1921626,0.143994,0,Baixo
1949935,0.013889,0,Baixo
1944837,0.029043,0,Baixo
1948968,0.010676,0,Baixo
1949885,0.062794,0,Baixo
1949932,0.023861,0,Baixo
1947083,0.003165,0,Baixo
1949490,0.023861,0,Baixo
1949937,0.062794,0,Baixo
1949948,0.001348,0,Baixo
1949945,0.003165,0,Baixo
1872145,0.163658,0,Baixo
1949922,0.023861,0,Baixo
1949942,0.013889,0,Baixo
1949954,0.062794,0,Baixo
1865928,0.080586,0,Baixo
1949185,0.071023,0,Baixo
1949656,0.001348,0,Baixo
1939411,0.023861,0,Baixo
1948359,0.0,0,Baixo
1949949,0.030303,0,Baixo
1949957,0.143994,0,Baixo
1949962,0.001348,0,Baixo
1949959,0.001348,0,Baixo
1949956,0.071023,0,Baixo
1949051,0.003165,0,Baixo
1949960,0.029043,0,Baixo
1949968,0.010676,0,Baixo
1949906,0.023861,0,Baixo
1949967,0.013889,0,Baixo
1947952,0.001348,0,Baixo
1949892,0.003165,0,Baixo
1931335,0.009174,0,Baixo
1949876,0.029043,0,Baixo
1946965,0.013889,0,Baixo
1949980,0.071023,0,Baixo
1844307,0.013889,0,Baixo
1949986,0.029043,0,Baixo
1949989,0.0,0,Baixo
1949990,0.029043,0,Baixo
1949991,0.100213,0,Baixo
1949282,0.013889,0,Baixo
1949994,0.003165,0,Baixo
1948085,0.100213,0,Baixo
1941810,0.029043,0,Baixo
1949993,0.080586,0,Baixo
1949235,0.094203,0,Baixo
1950002,0.003165,0,Baixo
1950001,0.029043,0,Baixo
1950003,0.029043,0,Baixo
1949817,0.029043,0,Baixo
1949872,0.029043,0,Baixo
1950008,0.100213,0,Baixo
1950010,0.062794,0,Baixo
1950007,0.010676,0,Baixo
1949332,0.080586,0,Baixo
1935158,0.071023,0,Baixo
1949893,0.029043,0,Baixo
1945497,0.013889,0,Baixo
1944956,0.023861,0,Baixo
1950012,0.045455,0,Baixo
1950017,0.013889,0,Baixo
1810944,0.045455,0,Baixo
1931396,0.013889,0,Baixo
1948396,0.013889,0,Baixo
1950023,0.001348,0,Baixo
1949913,0.0,0,Baixo
1950042,0.071023,0,Baixo
1950036,0.100213,0,Baixo
1950051,0.143994,0,Baixo
1950039,0.029043,0,Baixo
1950028,0.143994,0,Baixo
1950049,0.143994,0,Baixo
1950041,0.029043,0,Baixo
1950048,0.013889,0,Baixo
1950054,0.2,0,Baixo
1950063,0.013889,0,Baixo
1947003,0.062794,0,Baixo
1950069,0.029043,0,Baixo
1950045,0.080586,0,Baixo
1950068,0.062794,0,Baixo
1950062,0.071023,0,Baixo
1950026,0.029043,0,Baixo
1950070,0.100213,0,Baixo
1950040,0.029043,0,Baixo
1950065,0.009174,0,Baixo
1950077,0.029043,0,Baixo
1950058,0.0,0,Baixo
1950076,0.013889,0,Baixo
1950074,0.071023,0,Baixo
1950078,0.003165,0,Baixo
1950084,0.143994,0,Baixo
1950083,0.003165,0,Baixo
1950046,0.214925,0,Medio
1950073,0.023861,0,Baixo
1950089,0.100213,0,Baixo
1089790,0.029043,0,Baixo
1950050,0.071023,0,Baixo
1949880,0.013889,0,Baixo
1949837,0.094203,0,Baixo
1949927,0.003165,0,Baixo
1950096,0.010676,0,Baixo
1950081,0.029043,0,Baixo
1950071,0.143994,0,Baixo
1949260,0.029043,0,Baixo
1947493,0.143994,0,Baixo
1949753,0.010676,0,Baixo
1950110,0.029043,0,Baixo
1950091,0.029043,0,Baixo
1950057,0.029043,0,Baixo
1949934,0.013889,0,Baixo
1950108,0.094203,0,Baixo
1949928,0.013889,0,Baixo
1950115,0.090592,0,Baixo
1950112,0.029043,0,Baixo
1825330,0.045455,0,Baixo
1950111,0.023861,0,Baixo
1949018,0.023861,0,Baixo
1948669,0.029043,0,Baixo
1949857,0.013889,0,Baixo
1950118,0.163658,0,Baixo
1950094,0.163658,0,Baixo
1950125,0.010676,0,Baixo
1948924,0.029043,0,Baixo
1950082,0.013889,0,Baixo
1950138,0.100213,0,Baixo
1917271,0.071023,0,Baixo
1950137,0.013889,0,Baixo
1950142,0.003165,0,Baixo
1950140,0.013889,0,Baixo
1950144,0.003165,0,Baixo
1948907,0.100213,0,Baixo
1950151,0.013889,0,Baixo
1950134,0.029043,0,Baixo
1950104,0.010676,0,Baixo
1950148,0.029043,0,Baixo
1948395,0.214925,0,Medio
1949888,0.029043,0,Baixo
1950013,0.003165,0,Baixo
1950160,0.0,0,Baixo
1950157,0.071023,0,Baixo
1950016,0.045455,0,Baixo
1950163,0.029043,0,Baixo
1949969,0.023861,0,Baixo
1950167,0.090592,0,Baixo
1950156,0.009174,0,Baixo
1950149,0.143994,0,Baixo
1950169,0.029043,0,Baixo
1950177,0.100213,0,Baixo
1950170,0.071023,0,Baixo
1950171,0.023861,0,Baixo
1950186,0.029043,0,Baixo
1950175,0.029043,0,Baixo
1950095,0.001348,0,Baixo
1950191,0.029043,0,Baixo
1950188,0.013889,0,Baixo
1950193,0.029043,0,Baixo
1950184,0.062794,0,Baixo
1950201,0.029043,0,Baixo
1950067,0.029043,0,Baixo
1950195,0.100213,0,Baixo
1950204,0.013889,0,Baixo
1950196,0.010676,0,Baixo
1950220,0.062794,0,Baixo
1950217,0.003165,0,Baixo
1950227,0.100213,0,Baixo
1950216,0.094203,0,Baixo
1950210,0.100213,0,Baixo
1950218,0.029043,0,Baixo
1950234,0.003165,0,Baixo
1950213,0.010676,0,Baixo
1950209,0.143994,0,Baixo
1949987,0.001348,0,Baixo
1950226,0.013889,0,Baixo
1950233,0.013889,0,Baixo
1950229,0.013889,0,Baixo
1950238,0.062794,0,Baixo
1950222,0.178571,0,Baixo
1950165,0.100213,0,Baixo
1950259,0.029043,0,Baixo
1950240,0.023861,0,Baixo
1950205,0.023861,0,Baixo
1950253,0.003165,0,Baixo
1950243,0.062794,0,Baixo
1949394,0.163658,0,Baixo
1944613,0.094203,0,Baixo
1950257,0.010676,0,Baixo
1950179,0.010676,0,Baixo
1950223,0.029043,0,Baixo
1950254,0.071023,0,Baixo
1950244,0.013889,0,Baixo
1950189,0.062794,0,Baixo
1950267,0.071023,0,Baixo
1950228,0.029043,0,Baixo
1946408,0.003165,0,Baixo
1950251,0.094203,0,Baixo
1949655,0.100213,0,Baixo
1919611,0.166038,0,Baixo
1950268,0.062794,0,Baixo
1950275,0.023861,0,Baixo
1950249,0.071023,0,Baixo
1950280,0.080586,0,Baixo
1950278,0.023861,0,Baixo
1950284,0.071023,0,Baixo
1949852,0.062794,0,Baixo
1950285,0.029043,0,Baixo
1950291,0.045455,0,Baixo
1950286,0.013889,0,Baixo
1948113,0.062794,0,Baixo
1950006,0.023861,0,Baixo
1950318,0.071023,0,Baixo
1949166,0.029043,0,Baixo
1950323,0.0,0,Baixo
1950319,0.029043,0,Baixo
1921186,0.029043,0,Baixo
1950322,0.100213,0,Baixo
1950308,0.143994,0,Baixo
1950269,0.100213,0,Baixo
1949286,0.013889,0,Baixo
1950297,0.094203,0,Baixo
1950324,0.029043,0,Baixo
1950335,0.045455,0,Baixo
1950135,0.029043,0,Baixo
1950341,0.0,0,Baixo
1950340,0.029043,0,Baixo
1950304,0.010676,0,Baixo
1948107,0.001348,0,Baixo
1950346,0.029043,0,Baixo
1948511,0.029043,0,Baixo
1950283,0.029043,0,Baixo
1950150,0.029043,0,Baixo
1950349,0.029043,0,Baixo
1941877,0.013889,0,Baixo
1950353,0.100213,0,Baixo
1943960,0.010676,0,Baixo
1840760,0.029043,0,Baixo
1948943,0.045455,0,Baixo
1950333,0.062794,0,Baixo
1950358,0.090592,0,Baixo
1950365,0.029043,0,Baixo
1949348,0.100213,0,Baixo
1950366,0.023861,0,Baixo
1949556,0.013889,0,Baixo
1948179,0.166038,0,Baixo
1950368,0.029043,0,Baixo
1950376,0.023861,0,Baixo
1949313,0.094203,0,Baixo
1781354,0.143994,0,Baixo
1949711,0.001348,0,Baixo
1949912,0.137931,0,Baixo
1950383,0.029043,0,Baixo
1950370,0.013889,0,Baixo
1949558,0.062794,0,Baixo
1949499,0.100213,0,Baixo
1950392,0.163658,0,Baixo
1949425,0.009174,0,Baixo
1950395,0.045455,0,Baixo
1946867,0.001348,0,Baixo
1949832,0.029043,0,Baixo
1950402,0.045455,0,Baixo
1948255,0.023861,0,Baixo
1332251,0.029043,0,Baixo
1948816,0.023861,0,Baixo
1948672,0.100213,0,Baixo
1949471,0.010676,0,Baixo
1950411,0.062794,0,Baixo
1950415,0.0,0,Baixo
1950409,0.071023,0,Baixo
1950418,0.023861,0,Baixo
1950414,0.013889,0,Baixo
1950421,0.062794,0,Baixo
1944910,0.062794,0,Baixo
1950425,0.009174,0,Baixo
1950431,0.029043,0,Baixo
1950432,0.029043,0,Baixo
1946908,0.030303,0,Baixo
1950433,0.013889,0,Baixo
1937603,0.062794,0,Baixo
1950426,0.013889,0,Baixo
1950430,0.029043,0,Baixo
1950443,0.003165,0,Baixo
1950442,0.013889,0,Baixo
1948196,0.010676,0,Baixo
1942503,0.090592,0,Baixo
1950446,0.013889,0,Baixo
1949278,0.013889,0,Baixo
1950450,0.062794,0,Baixo
1948910,0.143994,0,Baixo
1302642,0.013889,0,Baixo
1950447,0.062794,0,Baixo
1949624,0.013889,0,Baixo
1950455,0.003165,0,Baixo
1950458,0.045455,0,Baixo
1949226,0.062794,0,Baixo
1950471,0.023861,0,Baixo
1950467,0.071023,0,Baixo
1950055,0.029043,0,Baixo
1950437,0.009174,0,Baixo
1949265,0.001348,0,Baixo
1950478,0.023861,0,Baixo
1950483,0.080586,0,Baixo
1934651,0.029043,0,Baixo
1950480,0.029043,0,Baixo
1950490,0.013889,0,Baixo
1950479,0.062794,0,Baixo
1950444,0.013889,0,Baixo
1950498,0.143994,0,Baixo
1950465,0.001348,0,Baixo
1949901,0.143994,0,Baixo
1950501,0.029043,0,Baixo
1950493,0.062794,0,Baixo
1950508,0.009174,0,Baixo
1950496,0.023861,0,Baixo
1949524,0.100213,0,Baixo
1950505,0.023861,0,Baixo
1946782,0.010676,0,Baixo
1941111,0.010676,0,Baixo
1950513,0.010676,0,Baixo
1950448,0.029043,0,Baixo
1950263,0.030303,0,Baixo
1950468,0.003165,0,Baixo
1950527,0.163658,0,Baixo
1947923,0.163658,0,Baixo
1950522,0.143994,0,Baixo
1950532,0.143994,0,Baixo
1950534,0.080586,0,Baixo
1950531,0.013889,0,Baixo
1949489,0.029043,0,Baixo
1950362,0.013889,0,Baixo
1950385,0.090592,0,Baixo
1950543,0.023861,0,Baixo
1949117,0.071023,0,Baixo
1950005,0.100213,0,Baixo
1950549,0.071023,0,Baixo
1950546,0.013889,0,Baixo
1950545,0.013889,0,Baixo
1950548,0.029043,0,Baixo
1950550,0.045455,0,Baixo
1947272,0.062794,0,Baixo
1950553,0.023861,0,Baixo
1950552,0.062794,0,Baixo
1950554,0.009174,0,Baixo
1950556,0.009174,0,Baixo
1945884,0.100213,0,Baixo
1950563,0.023861,0,Baixo
1950562,0.0,0,Baixo
1950477,0.013889,0,Baixo
1949232,0.001348,0,Baixo
1945627,0.029043,0,Baixo
1950565,0.023861,0,Baixo
1949917,0.062794,0,Baixo
1950567,0.013889,0,Baixo
1950242,0.009174,0,Baixo
679140,0.100213,0,Baixo
1950489,0.029043,0,Baixo
1949710,0.071023,0,Baixo
1950019,0.029043,0,Baixo
1950488,0.013889,0,Baixo
1949951,0.013889,0,Baixo
1937427,0.071023,0,Baixo
1950595,0.003165,0,Baixo
1950603,0.001348,0,Baixo
1950608,0.013889,0,Baixo
1950594,0.045455,0,Baixo
1950445,0.143994,0,Baixo
1950612,0.013889,0,Baixo
1950043,0.029043,0,Baixo
1950624,0.013889,0,Baixo
1950173,0.045455,0,Baixo
1934943,0.071023,0,Baixo
1762823,0.045455,0,Baixo
1950626,0.029043,0,Baixo
1950614,0.080586,0,Baixo
1950386,0.029043,0,Baixo
1942639,0.013889,0,Baixo
1849249,0.143994,0,Baixo
1947507,0.029043,0,Baixo
1946139,0.013889,0,Baixo
1950571,0.013889,0,Baixo
1950635,0.009174,0,Baixo
1950623,0.029043,0,Baixo
1950641,0.100213,0,Baixo
1946345,0.100213,0,Baixo
1950551,0.071023,0,Baixo
1950643,0.003165,0,Baixo
1950100,0.143994,0,Baixo
1950187,0.013889,0,Baixo
1950654,0.071023,0,Baixo
1950650,0.0,0,Baixo
1949860,0.062794,0,Baixo
1950651,0.100213,0,Baixo
1950655,0.029043,0,Baixo
1950645,0.029043,0,Baixo
1950663,0.013889,0,Baixo
1950648,0.071023,0,Baixo
1948010,0.029043,0,Baixo
1950664,0.003165,0,Baixo
1950620,0.013889,0,Baixo
1929801,0.090592,0,Baixo
1950667,0.045455,0,Baixo
1922335,0.009174,0,Baixo
1948734,0.071023,0,Baixo
1950673,0.062794,0,Baixo
1950675,0.062794,0,Baixo
1948017,0.009174,0,Baixo
1950560,0.001348,0,Baixo
1950671,0.023861,0,Baixo
1950679,0.062794,0,Baixo
1950653,0.003165,0,Baixo
1776503,0.029043,0,Baixo
1950674,0.0,0,Baixo
1950683,0.029043,0,Baixo
1949640,0.023861,0,Baixo
1950669,0.090592,0,Baixo
1950690,0.023861,0,Baixo
1950691,0.029043,0,Baixo
1950652,0.062794,0,Baixo
1950610,0.045455,0,Baixo
1950540,0.029043,0,Baixo
1950676,0.003165,0,Baixo
1950646,0.100213,0,Baixo
1950696,0.029043,0,Baixo
1950703,0.023525,0,Baixo
1950586,0.090592,0,Baixo
1950697,0.071023,0,Baixo
1950694,0.010676,0,Baixo
1950710,0.094203,0,Baixo
1950698,0.009174,0,Baixo
1950714,0.009174,0,Baixo
1950713,0.163658,0,Baixo
1947830,0.0,0,Baixo
1949763,0.003165,0,Baixo
1950720,0.071023,0,Baixo
1950715,0.003165,0,Baixo
1950093,0.029043,0,Baixo
1950685,0.062794,0,Baixo
1950727,0.029043,0,Baixo
1950724,0.029043,0,Baixo
1950726,0.029043,0,Baixo
1949155,0.010676,0,Baixo
1950722,0.009174,0,Baixo
1950728,0.0,0,Baixo
1943612,0.029043,0,Baixo
1950738,0.100213,0,Baixo
1897745,0.071023,0,Baixo
1950733,0.029043,0,Baixo
1949645,0.062794,0,Baixo
1950712,0.029043,0,Baixo
1950741,0.013889,0,Baixo
1950731,0.029043,0,Baixo
1950756,0.080586,0,Baixo
1950516,0.090592,0,Baixo
1950748,0.009174,0,Baixo
1950719,0.2,0,Baixo
1949526,0.062794,0,Baixo
1950354,0.0,0,Baixo
1950472,0.045455,0,Baixo
1943455,0.013889,0,Baixo
1949358,0.023861,0,Baixo
1950631,0.062794,0,Baixo
1950662,0.023861,0,Baixo
1950772,0.013889,0,Baixo
1950759,0.013889,0,Baixo
1800751,0.013889,0,Baixo
1950773,0.163658,0,Baixo
1950097,0.071023,0,Baixo
1950777,0.029043,0,Baixo
1950182,0.100213,0,Baixo
1949206,0.071023,0,Baixo
1950787,0.080586,0,Baixo
1950786,0.009174,0,Baixo
1950618,0.013889,0,Baixo
1950792,0.062794,0,Baixo
1949646,0.010676,0,Baixo
1950789,0.071023,0,Baixo
1950739,0.010676,0,Baixo
1950799,0.062794,0,Baixo
1950776,0.094203,0,Baixo
1950801,0.029043,0,Baixo
1949800,0.029043,0,Baixo
1950803,0.029043,0,Baixo
1950808,0.163658,0,Baixo
1950793,0.029043,0,Baixo
1950804,0.003165,0,Baixo
1950806,0.029043,0,Baixo
1950811,0.003165,0,Baixo
1947095,0.013889,0,Baixo
1950419,0.013889,0,Baixo
1948285,0.013889,0,Baixo
1950815,0.029043,0,Baixo
1938701,0.163658,0,Baixo
1950791,0.062794,0,Baixo
1857733,0.030303,0,Baixo
1950809,0.071023,0,Baixo
1950143,0.010676,0,Baixo
1950810,0.029043,0,Baixo
1950818,0.013889,0,Baixo
1950822,0.080586,0,Baixo
1950825,0.143994,0,Baixo
1950833,0.029043,0,Baixo
1950820,0.094203,0,Baixo
1950834,0.071023,0,Baixo
1950837,0.010676,0,Baixo
1835176,0.071023,0,Baixo
1950836,0.062794,0,Baixo
1949527,0.100213,0,Baixo
1938890,0.023861,0,Baixo
1950730,0.143994,0,Baixo
1950845,0.029043,0,Baixo
1949981,0.010676,0,Baixo
1950752,0.023861,0,Baixo
1950851,0.143994,0,Baixo
1949961,0.013889,0,Baixo
1950656,0.062794,0,Baixo
1950849,0.029043,0,Baixo
1950860,0.013889,0,Baixo
1947876,0.029043,0,Baixo
1950393,0.062794,0,Baixo
1950819,0.029043,0,Baixo
1950866,0.094203,0,Baixo
1950870,0.029043,0,Baixo
1950784,0.013889,0,Baixo
1950526,0.013889,0,Baixo
1950875,0.143994,0,Baixo
1950642,0.029043,0,Baixo
1950872,0.214925,0,Medio
1950879,0.010676,0,Baixo
1950867,0.071023,0,Baixo
1949426,0.029043,0,Baixo
1950817,0.013889,0,Baixo
1926660,0.003165,0,Baixo
1950839,0.013889,0,Baixo
1950807,0.009174,0,Baixo
1950885,0.013889,0,Baixo
1950882,0.023861,0,Baixo
1950886,0.013889,0,Baixo
1950892,0.071023,0,Baixo
1836005,0.090592,0,Baixo
1950898,0.029043,0,Baixo
1950899,0.071023,0,Baixo
1950261,0.090592,0,Baixo
1950537,0.010676,0,Baixo
1949470,0.062794,0,Baixo
1943275,0.143994,0,Baixo
1950901,0.100213,0,Baixo
1950906,0.013889,0,Baixo
1950905,0.166038,0,Baixo
1949452,0.029043,0,Baixo
1948815,0.030303,0,Baixo
1950581,0.029043,0,Baixo
1950896,0.062794,0,Baixo
1950909,0.013889,0,Baixo
1950113,0.045455,0,Baixo
1950780,0.229935,0,Medio
1950910,0.045455,0,Baixo
1950164,0.094203,0,Baixo
1945261,0.143994,0,Baixo
1950296,0.143994,0,Baixo
1950241,0.062794,0,Baixo
1950902,0.029043,0,Baixo
1950908,0.001348,0,Baixo
1950917,0.163658,0,Baixo
1946590,0.009174,0,Baixo
1944759,0.013889,0,Baixo
1950925,0.0,0,Baixo
1950927,0.071023,0,Baixo
1950926,0.062794,0,Baixo
1950929,0.0,0,Baixo
1950871,0.029043,0,Baixo
1950783,0.023861,0,Baixo
1950938,0.023861,0,Baixo
1950944,0.029043,0,Baixo
1950946,0.023861,0,Baixo
1950948,0.009174,0,Baixo
1950931,0.071023,0,Baixo
1950951,0.001348,0,Baixo
1950399,0.029043,0,Baixo
1950953,0.013889,0,Baixo
1950941,0.009174,0,Baixo
1950945,0.029043,0,Baixo
1947149,0.023861,0,Baixo
1950956,0.023861,0,Baixo
1949562,0.090592,0,Baixo
1950955,0.010676,0,Baixo
1950923,0.003165,0,Baixo
1950958,0.029043,0,Baixo
1950960,0.029043,0,Baixo
1931783,0.010676,0,Baixo
1949253,0.010676,0,Baixo
1942608,0.143994,0,Baixo
1949428,0.003165,0,Baixo
1950970,0.080586,0,Baixo
1950436,0.094203,0,Baixo
1950982,0.001348,0,Baixo
1950979,0.045455,0,Baixo
1950959,0.009174,0,Baixo
1950387,0.166038,0,Baixo
1950985,0.062794,0,Baixo
1950974,0.023861,0,Baixo
1950986,0.163658,0,Baixo
1950988,0.100213,0,Baixo
1946981,0.013889,0,Baixo
1950372,0.013889,0,Baixo
1950994,0.023861,0,Baixo
1950158,0.029043,0,Baixo
1950954,0.080586,0,Baixo
1951002,0.010676,0,Baixo
1951006,0.080586,0,Baixo
1950987,0.062794,0,Baixo
1951007,0.045455,0,Baixo
1950310,0.003165,0,Baixo
1950521,0.003165,0,Baixo
1950934,0.003165,0,Baixo
1951016,0.029043,0,Baixo
1951019,0.001348,0,Baixo
1951021,0.0,0,Baixo
1950520,0.100213,0,Baixo
1950599,0.029043,0,Baixo
1950079,0.003165,0,Baixo
1950846,0.071023,0,Baixo
1951005,0.080586,0,Baixo
1948641,0.023861,0,Baixo
1252968,0.045455,0,Baixo
1949652,0.029043,0,Baixo
1951033,0.100213,0,Baixo
1950913,0.100213,0,Baixo
1950765,0.013889,0,Baixo
1951035,0.029043,0,Baixo
1951041,0.029043,0,Baixo
1951045,0.0,0,Baixo
1951040,0.029043,0,Baixo
1950950,0.003165,0,Baixo
1951046,0.045455,0,Baixo
1951053,0.013889,0,Baixo
1951057,0.062794,0,Baixo
1951061,0.029043,0,Baixo
1951055,0.029043,0,Baixo
1951062,0.143994,0,Baixo
1950933,0.071023,0,Baixo
1950768,0.029043,0,Baixo
1951071,0.071023,0,Baixo
1951072,0.100213,0,Baixo
1951089,0.143994,0,Baixo
1951106,0.029043,0,Baixo
1951103,0.010676,0,Baixo
1951079,0.071023,0,Baixo
1951075,0.009174,0,Baixo
1753208,0.013889,0,Baixo
1951118,0.094203,0,Baixo
1948426,0.003165,0,Baixo
1951100,0.003165,0,Baixo
1951081,0.010676,0,Baixo
1951123,0.029043,0,Baixo
1951121,0.013889,0,Baixo
1951128,0.013889,0,Baixo
1951120,0.001348,0,Baixo
1951130,0.030303,0,Baixo
1951124,0.143994,0,Baixo
1951127,0.013889,0,Baixo
1951132,0.029043,0,Baixo
1951091,0.010676,0,Baixo
1951133,0.029043,0,Baixo
1951142,0.090592,0,Baixo
1937969,0.100213,0,Baixo
1951101,0.100213,0,Baixo
1951150,0.143994,0,Baixo
1935013,0.071023,0,Baixo
1951151,0.023861,0,Baixo
1951152,0.003165,0,Baixo
1950873,0.010676,0,Baixo
1951156,0.003165,0,Baixo
1950969,0.003165,0,Baixo
1941960,0.029043,0,Baixo
1945003,0.029043,0,Baixo
1951137,0.010676,0,Baixo
1951153,0.010676,0,Baixo
1951162,0.010676,0,Baixo
1951164,0.071023,0,Baixo
1950236,0.013889,0,Baixo
1951122,0.003165,0,Baixo
1951170,0.013889,0,Baixo
1951167,0.013889,0,Baixo
1951179,0.045455,0,Baixo
1950943,0.013889,0,Baixo
1950681,0.023861,0,Baixo
1950971,0.009174,0,Baixo
1951192,0.143994,0,Baixo
1950848,0.178571,0,Baixo
1951201,0.029043,0,Baixo
1951202,0.071023,0,Baixo
1951195,0.100213,0,Baixo
1951208,0.029043,0,Baixo
1950121,0.071023,0,Baixo
1951214,0.013889,0,Baixo
1951172,0.023861,0,Baixo
1951221,0.080586,0,Baixo
1951174,0.029043,0,Baixo
1951207,0.013889,0,Baixo
1949701,0.003165,0,Baixo
1951051,0.029043,0,Baixo
1950316,0.029043,0,Baixo
1951235,0.023861,0,Baixo
1951232,0.062794,0,Baixo
1928578,0.029043,0,Baixo
1951234,0.003165,0,Baixo
1951237,0.062794,0,Baixo
1951220,0.071023,0,Baixo
1951197,0.013889,0,Baixo
1951242,0.013889,0,Baixo
1951250,0.013889,0,Baixo
1951246,0.009174,0,Baixo
1951256,0.029043,0,Baixo
1950743,0.023861,0,Baixo
1951258,0.023861,0,Baixo
1951259,0.100213,0,Baixo
1951255,0.029043,0,Baixo
1951251,0.029043,0,Baixo
1557537,0.143994,0,Baixo
1951261,0.029043,0,Baixo
1951273,0.062794,0,Baixo
1951270,0.062794,0,Baixo
1951275,0.029043,0,Baixo
1951287,0.009174,0,Baixo
1951284,0.100213,0,Baixo
1951274,0.003165,0,Baixo
1951289,0.009174,0,Baixo
1951293,0.029043,0,Baixo
1951292,0.029043,0,Baixo
1951298,0.003165,0,Baixo
1951301,0.010676,0,Baixo
1951305,0.003165,0,Baixo
1951299,0.12069,0,Baixo
1950796,0.003165,0,Baixo
1951315,0.013889,0,Baixo
1951316,0.045455,0,Baixo
1951311,0.003165,0,Baixo
1951317,0.100213,0,Baixo
1764610,0.029043,0,Baixo
1951336,0.003165,0,Baixo
1905186,0.013889,0,Baixo
1951339,0.100213,0,Baixo
1951334,0.010676,0,Baixo
1951313,0.013889,0,Baixo
1949821,0.013889,0,Baixo
1951338,0.029043,0,Baixo
1951342,0.090592,0,Baixo
1951326,0.003165,0,Baixo
1951253,0.023861,0,Baixo
1951348,0.010676,0,Baixo
1951355,0.013889,0,Baixo
1951360,0.001348,0,Baixo
1951363,0.010676,0,Baixo
1951364,0.001348,0,Baixo
1951371,0.029043,0,Baixo
1951365,0.029043,0,Baixo
1951369,0.094203,0,Baixo
1951349,0.045455,0,Baixo
1951374,0.029043,0,Baixo
1949982,0.045455,0,Baixo
1951361,0.003165,0,Baixo
1951353,0.029043,0,Baixo
1948350,0.071023,0,Baixo
1950737,0.029043,0,Baixo
1951380,0.137931,0,Baixo
1951377,0.071023,0,Baixo
1951390,0.013889,0,Baixo
1951388,0.100213,0,Baixo
1951384,0.029043,0,Baixo
1951376,0.010676,0,Baixo
1951387,0.100213,0,Baixo
1951392,0.010676,0,Baixo
1951394,0.013889,0,Baixo
1951397,0.003165,0,Baixo
1951401,0.143994,0,Baixo
1951391,0.143994,0,Baixo
1951404,0.013889,0,Baixo
1950466,0.12069,0,Baixo
1950053,0.178571,0,Baixo
1951406,0.013889,0,Baixo
1951247,0.009174,0,Baixo
1951407,0.001348,0,Baixo
1951410,0.080586,0,Baixo
1951413,0.013889,0,Baixo
1951422,0.013889,0,Baixo
1951403,0.045455,0,Baixo
1951423,0.062794,0,Baixo
1951428,0.100213,0,Baixo
1951435,0.029043,0,Baixo
1951425,0.029043,0,Baixo
1951450,0.090592,0,Baixo
1951445,0.003165,0,Baixo
1951458,0.010676,0,Baixo
1951461,0.010676,0,Baixo
1951462,0.163658,0,Baixo
1951468,0.090592,0,Baixo
1951465,0.029043,0,Baixo
1950666,0.080586,0,Baixo
1951434,0.178571,0,Baixo
1951469,0.029043,0,Baixo
1951472,0.071023,0,Baixo
1951411,0.071023,0,Baixo
1951453,0.003165,0,Baixo
1951396,0.029043,0,Baixo
1951483,0.001348,0,Baixo
474888,0.071023,0,Baixo
1951485,0.003165,0,Baixo
1951488,0.009174,0,Baixo
1951487,0.010676,0,Baixo
1948698,0.013889,0,Baixo
1951497,0.009174,0,Baixo
1951494,0.001348,0,Baixo
1951238,0.029043,0,Baixo
1951502,0.0,0,Baixo
1951504,0.029043,0,Baixo
1951493,0.001348,0,Baixo
1951503,0.071023,0,Baixo
1951505,0.080586,0,Baixo
1951506,0.029043,0,Baixo
1951512,0.009174,0,Baixo
1951480,0.163658,0,Baixo
1951510,0.003165,0,Baixo
1948461,0.090592,0,Baixo
1951515,0.010676,0,Baixo
1951509,0.071023,0,Baixo
1951522,0.010676,0,Baixo
1951519,0.023861,0,Baixo
1951113,0.003165,0,Baixo
1951529,0.009174,0,Baixo
1910401,0.062794,0,Baixo
1951525,0.029043,0,Baixo
1951541,0.029043,0,Baixo
1951537,0.023861,0,Baixo
1951540,0.029043,0,Baixo
1947788,0.001348,0,Baixo
1951531,0.010676,0,Baixo
1951544,0.062794,0,Baixo
1951538,0.001348,0,Baixo
1951474,0.010676,0,Baixo
1951546,0.003165,0,Baixo
1951548,0.029043,0,Baixo
1951550,0.080586,0,Baixo
1951553,0.009174,0,Baixo
1951460,0.010676,0,Baixo
1951536,0.080586,0,Baixo
1951545,0.029043,0,Baixo
1951556,0.0,0,Baixo
1951018,0.013889,0,Baixo
1951560,0.003165,0,Baixo
1951559,0.013889,0,Baixo
1951017,0.029043,0,Baixo
1951566,0.013889,0,Baixo
1951571,0.013889,0,Baixo
1950600,0.029043,0,Baixo
1951574,0.013889,0,Baixo
1951576,0.029043,0,Baixo
1950103,0.062794,0,Baixo
1951579,0.0,0,Baixo
1949611,0.013889,0,Baixo
1951582,0.009174,0,Baixo
1951584,0.163658,0,Baixo
1951585,0.062794,0,Baixo
1951372,0.013889,0,Baixo
1951590,0.029043,0,Baixo
1951593,0.2,0,Baixo
1951592,0.009174,0,Baixo
1951577,0.013889,0,Baixo
1951595,0.003165,0,Baixo
1950439,0.010676,0,Baixo
1951602,0.080586,0,Baixo
1951343,0.013889,0,Baixo
1951609,0.100213,0,Baixo
1951613,0.029043,0,Baixo
1951617,0.029043,0,Baixo
1951498,0.071023,0,Baixo
1951624,0.013889,0,Baixo
1951628,0.071023,0,Baixo
1951631,0.143994,0,Baixo
1948439,0.013889,0,Baixo
1951210,0.029043,0,Baixo
1951633,0.003165,0,Baixo
1951191,0.029043,0,Baixo
1951620,0.029043,0,Baixo
1951467,0.029043,0,Baixo
1951603,0.0,0,Baixo
1951659,0.013889,0,Baixo
1951648,0.029043,0,Baixo
1921830,0.045455,0,Baixo
1951663,0.029043,0,Baixo
1951666,0.009174,0,Baixo
1951668,0.214925,0,Medio
1951671,0.010676,0,Baixo
1951677,0.071023,0,Baixo
1950208,0.010676,0,Baixo
1951680,0.029043,0,Baixo
1951656,0.062794,0,Baixo
1951683,0.029043,0,Baixo
1951687,0.071023,0,Baixo
1951690,0.029043,0,Baixo
1951692,0.029043,0,Baixo
1951700,0.045455,0,Baixo
1951694,0.071023,0,Baixo
1951697,0.045455,0,Baixo
1940358,0.029043,0,Baixo
1951327,0.013889,0,Baixo
1951514,0.062794,0,Baixo
1951698,0.001348,0,Baixo
1951708,0.013889,0,Baixo
1951706,0.029043,0,Baixo
1951616,0.010676,0,Baixo
1951719,0.100213,0,Baixo
1951721,0.045455,0,Baixo
1951217,0.023861,0,Baixo
1949770,0.010676,0,Baixo
1951723,0.029043,0,Baixo
1951395,0.143994,0,Baixo
1951414,0.029043,0,Baixo
1951733,0.080586,0,Baixo
1951735,0.071023,0,Baixo
1951736,0.029043,0,Baixo
1951734,0.071023,0,Baixo
1951737,0.062794,0,Baixo
1951743,0.029043,0,Baixo
1951738,0.143994,0,Baixo
1951739,0.003165,0,Baixo
1951744,0.029043,0,Baixo
1951696,0.029043,0,Baixo
1951748,0.013889,0,Baixo
1951746,0.029043,0,Baixo
1951749,0.163658,0,Baixo
1951758,0.029043,0,Baixo
1951756,0.143994,0,Baixo
1951759,0.029043,0,Baixo
1951761,0.071023,0,Baixo
1951753,0.163658,0,Baixo
1951770,0.214925,0,Medio
1951764,0.071023,0,Baixo
1435076,0.023861,0,Baixo
1951776,0.029043,0,Baixo
1951715,0.029043,0,Baixo
1951766,0.010676,0,Baixo
1951340,0.062794,0,Baixo
1951452,0.100213,0,Baixo
1951794,0.029043,0,Baixo
1894392,0.029043,0,Baixo
1951107,0.143994,0,Baixo
1951797,0.010676,0,Baixo
1951804,0.013889,0,Baixo
1951182,0.023861,0,Baixo
1951796,0.062794,0,Baixo
1951337,0.010676,0,Baixo
1951793,0.062794,0,Baixo
1951801,0.023861,0,Baixo
1951815,0.071023,0,Baixo
696469,0.023861,0,Baixo
1951799,0.010676,0,Baixo
1951790,0.062794,0,Baixo
1951822,0.013889,0,Baixo
1951827,0.100213,0,Baixo
1561396,0.094203,0,Baixo
1951825,0.013889,0,Baixo
1951426,0.029043,0,Baixo
1951828,0.013889,0,Baixo
1951829,0.010676,0,Baixo
1951834,0.013889,0,Baixo
1951835,0.013889,0,Baixo
1951819,0.003165,0,Baixo
1951855,0.029043,0,Baixo
1941485,0.094203,0,Baixo
1951857,0.001348,0,Baixo
1951779,0.023861,0,Baixo
1951851,0.029043,0,Baixo
1951859,0.029043,0,Baixo
1951778,0.029043,0,Baixo
1951866,0.001348,0,Baixo
1951854,0.013889,0,Baixo
1951858,0.030303,0,Baixo
1951869,0.013889,0,Baixo
1951875,0.003165,0,Baixo
1951885,0.071023,0,Baixo
1951882,0.080586,0,Baixo
1779099,0.143994,0,Baixo
1951850,0.013889,0,Baixo
1951886,0.029043,0,Baixo
1951867,0.029043,0,Baixo
1951889,0.001348,0,Baixo
1951887,0.029043,0,Baixo
1777121,0.094203,0,Baixo
1951892,0.029043,0,Baixo
1951881,0.029043,0,Baixo
1951389,0.029043,0,Baixo
1951893,0.062794,0,Baixo
1951901,0.013889,0,Baixo
1951243,0.001348,0,Baixo
1951852,0.080586,0,Baixo
1951296,0.062794,0,Baixo
1951864,0.010676,0,Baixo
1951900,0.029043,0,Baixo
1951906,0.071023,0,Baixo
1951899,0.023861,0,Baixo
1951769,0.023861,0,Baixo
1951927,0.029043,0,Baixo
1951916,0.003165,0,Baixo
1951910,0.071023,0,Baixo
1951918,0.143994,0,Baixo
1951913,0.12069,0,Baixo
1951937,0.062794,0,Baixo
1951940,0.100213,0,Baixo
1951909,0.062794,0,Baixo
1951933,0.029043,0,Baixo
1951557,0.029043,0,Baixo
1951912,0.062794,0,Baixo
1951945,0.010676,0,Baixo
1951926,0.029043,0,Baixo
1951929,0.029043,0,Baixo
1951954,0.013889,0,Baixo
1951942,0.029043,0,Baixo
1951944,0.010676,0,Baixo
1951956,0.029043,0,Baixo
1951938,0.062794,0,Baixo
1951042,0.023861,0,Baixo
1951947,0.062794,0,Baixo
1951935,0.013889,0,Baixo
1951960,0.062794,0,Baixo
1951966,0.071023,0,Baixo
1951917,0.013889,0,Baixo
1951922,0.009174,0,Baixo
1951967,0.080586,0,Baixo
1951970,0.013889,0,Baixo
1951964,0.003165,0,Baixo
1951931,0.0,0,Baixo
1951841,0.080586,0,Baixo
1951840,0.100213,0,Baixo
1951987,0.009174,0,Baixo
1951984,0.094203,0,Baixo
1951986,0.100213,0,Baixo
1951993,0.013889,0,Baixo
1951973,0.010676,0,Baixo
1951990,0.100213,0,Baixo
1951995,0.013889,0,Baixo
1951972,0.071023,0,Baixo
1951874,0.062794,0,Baixo
1952001,0.023861,0,Baixo
1951999,0.013889,0,Baixo
1952002,0.003165,0,Baixo
1951998,0.029043,0,Baixo
1952008,0.100213,0,Baixo
1952007,0.003165,0,Baixo
1952004,0.090592,0,Baixo
1941800,0.013889,0,Baixo
1952005,0.013889,0,Baixo
1952014,0.062794,0,Baixo
1951206,0.013889,0,Baixo
1952015,0.013889,0,Baixo
1952018,0.071023,0,Baixo
1952032,0.029043,0,Baixo
1952022,0.029043,0,Baixo
1952023,0.062794,0,Baixo
1952034,0.090592,0,Baixo
1952030,0.163658,0,Baixo
1952020,0.071023,0,Baixo
1952038,0.143994,0,Baixo
1952016,0.100213,0,Baixo
1952045,0.010676,0,Baixo
1952037,0.010676,0,Baixo
1952041,0.071023,0,Baixo
1952029,0.100213,0,Baixo
1952047,0.062794,0,Baixo
1952051,0.010676,0,Baixo
1949281,0.013889,0,Baixo
1952058,0.163658,0,Baixo
1952060,0.001348,0,Baixo
1949807,0.013889,0,Baixo
1952061,0.143994,0,Baixo
1951941,0.214925,0,Medio
1952069,0.029043,0,Baixo
1952072,0.001348,0,Baixo
1950511,0.071023,0,Baixo
1952074,0.010676,0,Baixo
1952062,0.029043,0,Baixo
1952077,0.080586,0,Baixo
1951357,0.013889,0,Baixo
1926744,0.090592,0,Baixo
1952075,0.029043,0,Baixo
1952064,0.013889,0,Baixo
1952081,0.013889,0,Baixo
1952052,0.023861,0,Baixo
1952028,0.143994,0,Baixo
1951125,0.010676,0,Baixo
1951789,0.071023,0,Baixo
1951996,0.062794,0,Baixo
1952090,0.062794,0,Baixo
1952101,0.029043,0,Baixo
1952096,0.029043,0,Baixo
1951095,0.010676,0,Baixo
1952105,0.023861,0,Baixo
1952010,0.003165,0,Baixo
1952112,0.029043,0,Baixo
1739100,0.100213,0,Baixo
1951650,0.010676,0,Baixo
1952094,0.001348,0,Baixo
1952122,0.062794,0,Baixo
1952123,0.023861,0,Baixo
1952127,0.001348,0,Baixo
1952140,0.029043,0,Baixo
1951861,0.029043,0,Baixo
1952143,0.013889,0,Baixo
1952152,0.029043,0,Baixo
1952158,0.029043,0,Baixo
1951379,0.062794,0,Baixo
1952161,0.045455,0,Baixo
1952164,0.003165,0,Baixo
1952165,0.001348,0,Baixo
1952169,0.029043,0,Baixo
1952117,0.080586,0,Baixo
1952171,0.071023,0,Baixo
1952174,0.013889,0,Baixo
1952033,0.062794,0,Baixo
1951418,0.071023,0,Baixo
1952173,0.029043,0,Baixo
1951934,0.013889,0,Baixo
1952180,0.001348,0,Baixo
1952166,0.045455,0,Baixo
1951831,0.090592,0,Baixo
1952196,0.062794,0,Baixo
1950700,0.013889,0,Baixo
1951969,0.023861,0,Baixo
1952048,0.010676,0,Baixo
1951277,0.029043,0,Baixo
1735559,0.100213,0,Baixo
1951052,0.010676,0,Baixo
1944649,0.071023,0,Baixo
1951632,0.013889,0,Baixo
1952139,0.029043,0,Baixo
1951003,0.013889,0,Baixo
1951183,0.003165,0,Baixo
1951915,0.010676,0,Baixo
1952204,0.094203,0,Baixo
1951126,0.029043,0,Baixo
1951567,0.010676,0,Baixo
1951456,0.029043,0,Baixo
1952205,0.010676,0,Baixo
1951205,0.013889,0,Baixo
1950507,0.071023,0,Baixo
1951069,0.029043,0,Baixo
1834253,0.045455,0,Baixo
1951784,0.013889,0,Baixo
1951486,0.001348,0,Baixo
1952144,0.163658,0,Baixo
1951601,0.013889,0,Baixo
1951116,0.013889,0,Baixo
1951112,0.023861,0,Baixo
1951847,0.100213,0,Baixo
1952210,0.029043,0,Baixo
1951085,0.100213,0,Baixo
1952208,0.009174,0,Baixo
1952211,0.029043,0,Baixo
1952212,0.080586,0,Baixo
1947708,0.013889,0,Baixo
1952214,0.071023,0,Baixo
1952224,0.003165,0,Baixo
1952225,0.0,0,Baixo
1951876,0.080586,0,Baixo
1950705,0.013889,0,Baixo
1951347,0.029043,0,Baixo
1952217,0.029043,0,Baixo
1952227,0.062794,0,Baixo
1952235,0.029043,0,Baixo
1952232,0.029043,0,Baixo
1952238,0.009174,0,Baixo
1952241,0.029043,0,Baixo
1952242,0.029043,0,Baixo
1952246,0.013889,0,Baixo
1952244,0.029043,0,Baixo
1952245,0.010676,0,Baixo
1952243,0.003165,0,Baixo
1895820,0.029043,0,Baixo
1952248,0.003165,0,Baixo
1948634,0.009174,0,Baixo
1952261,0.010676,0,Baixo
1952267,0.003165,0,Baixo
1952264,0.071023,0,Baixo
1952270,0.009174,0,Baixo
1951810,0.003165,0,Baixo
1952260,0.003165,0,Baixo
1951816,0.009174,0,Baixo
1951094,0.013889,0,Baixo
1952262,0.023861,0,Baixo
1951067,0.010676,0,Baixo
1952147,0.013889,0,Baixo
1952240,0.100213,0,Baixo
1952266,0.013889,0,Baixo
1952273,0.013889,0,Baixo
1952278,0.100213,0,Baixo
1952280,0.100213,0,Baixo
1952271,0.029043,0,Baixo
1952275,0.029043,0,Baixo
1952290,0.071023,0,Baixo
1952234,0.080586,0,Baixo
1952297,0.013889,0,Baixo
1952276,0.003165,0,Baixo
1952272,0.029043,0,Baixo
1952254,0.029043,0,Baixo
1952296,0.029043,0,Baixo
1952295,0.166038,0,Baixo
1952289,0.163658,0,Baixo
1952288,0.023861,0,Baixo
1952291,0.045455,0,Baixo
1952308,0.062794,0,Baixo
1952310,0.013889,0,Baixo
1952309,0.071023,0,Baixo
1952274,0.023861,0,Baixo
1952302,0.029043,0,Baixo
1952315,0.029043,0,Baixo
1952317,0.163658,0,Baixo
1898785,0.029043,0,Baixo
1943433,0.029043,0,Baixo
1952318,0.214925,0,Medio
1952294,0.029043,0,Baixo
1952327,0.045455,0,Baixo
1952314,0.100213,0,Baixo
1952326,0.023861,0,Baixo
1952325,0.013889,0,Baixo
1952316,0.023861,0,Baixo
1952300,0.029043,0,Baixo
1952111,0.045455,0,Baixo
1952305,0.013889,0,Baixo
1952322,0.062794,0,Baixo
1950847,0.023861,0,Baixo
1951443,0.029043,0,Baixo
1952320,0.029043,0,Baixo
1952341,0.029043,0,Baixo
1951324,0.143994,0,Baixo
1952340,0.029043,0,Baixo
1952332,0.029043,0,Baixo
1952345,0.029043,0,Baixo
1952334,0.010676,0,Baixo
1952218,0.062794,0,Baixo
1952344,0.090592,0,Baixo
1952352,0.090592,0,Baixo
1952353,0.071023,0,Baixo
1952354,0.163658,0,Baixo
1952364,0.062794,0,Baixo
1952349,0.029043,0,Baixo
1950454,0.003165,0,Baixo
1952357,0.045455,0,Baixo
1952361,0.029043,0,Baixo
1952373,0.010676,0,Baixo
1951870,0.029043,0,Baixo
1952370,0.029043,0,Baixo
1951781,0.013889,0,Baixo
1952367,0.090592,0,Baixo
1952369,0.013889,0,Baixo
1952383,0.029043,0,Baixo
1952390,0.003165,0,Baixo
1952386,0.143994,0,Baixo
1952387,0.029043,0,Baixo
1948153,0.163658,0,Baixo
1952395,0.003165,0,Baixo
1952372,0.062794,0,Baixo
1952399,0.029043,0,Baixo
1952375,0.010676,0,Baixo
1952303,0.071023,0,Baixo
1952371,0.090592,0,Baixo
1952415,0.094203,0,Baixo
1947470,0.003165,0,Baixo
1937863,0.090592,0,Baixo
1952259,0.029043,0,Baixo
1952421,0.010676,0,Baixo
1952420,0.071023,0,Baixo
1952428,0.029043,0,Baixo
1952422,0.029043,0,Baixo
1952435,0.029043,0,Baixo
1952434,0.163658,0,Baixo
1952431,0.062794,0,Baixo
1952430,0.143994,0,Baixo
1952253,0.100213,0,Baixo
1951050,0.090592,0,Baixo
1952417,0.029043,0,Baixo
1952368,0.009174,0,Baixo
1952441,0.009174,0,Baixo
1952392,0.013889,0,Baixo
1926374,0.029043,0,Baixo
1952414,0.029043,0,Baixo
1952409,0.062794,0,Baixo
1952408,0.009174,0,Baixo
1952402,0.071023,0,Baixo
1952440,0.071023,0,Baixo
1951907,0.029043,0,Baixo
1952396,0.009174,0,Baixo
1952091,0.166038,0,Baixo
1950141,0.100213,0,Baixo
1952444,0.013889,0,Baixo
1060433,0.029043,0,Baixo
1951078,0.023861,0,Baixo
1952321,0.013889,0,Baixo
1952447,0.094203,0,Baixo
1952230,0.080586,0,Baixo
1951440,0.001348,0,Baixo
1826469,0.029043,0,Baixo
1951333,0.023861,0,Baixo
1952448,0.003165,0,Baixo
1951368,0.010676,0,Baixo
1952452,0.029043,0,Baixo
1952450,0.029043,0,Baixo
1952176,0.029043,0,Baixo
1952451,0.023861,0,Baixo
1952458,0.071023,0,Baixo
1923398,0.143994,0,Baixo
1952418,0.029043,0,Baixo
1952423,0.023861,0,Baixo
1952356,0.029043,0,Baixo
1952454,0.143994,0,Baixo
1893967,0.029043,0,Baixo
1952468,0.029043,0,Baixo
1952465,0.023861,0,Baixo
1951732,0.029043,0,Baixo
1952471,0.029043,0,Baixo
1952455,0.013889,0,Baixo
1952481,0.029043,0,Baixo
1952479,0.029043,0,Baixo
1952461,0.013889,0,Baixo
1948838,0.029043,0,Baixo
1952486,0.062794,0,Baixo
1927938,0.100213,0,Baixo
1952483,0.062794,0,Baixo
1952490,0.003165,0,Baixo
1952488,0.003165,0,Baixo
1952484,0.029043,0,Baixo
1952311,0.029043,0,Baixo
1952498,0.143994,0,Baixo
1952494,0.071023,0,Baixo
1952480,0.062794,0,Baixo
1952497,0.062794,0,Baixo
1952505,0.071023,0,Baixo
1952487,0.013889,0,Baixo
1952403,0.013889,0,Baixo
1952500,0.071023,0,Baixo
1952476,0.080586,0,Baixo
1952226,0.013889,0,Baixo
1952284,0.100213,0,Baixo
1952499,0.013889,0,Baixo
1952509,0.029043,0,Baixo
1952514,0.045455,0,Baixo
1952511,0.029043,0,Baixo
1780951,0.143994,0,Baixo
1952503,0.080586,0,Baixo
1938940,0.045455,0,Baixo
1951302,0.029043,0,Baixo
1951879,0.071023,0,Baixo
1952496,0.143994,0,Baixo
1952522,0.100213,0,Baixo
1950684,0.023861,0,Baixo
1952528,0.023861,0,Baixo
1951097,0.029043,0,Baixo
1952515,0.009174,0,Baixo
1952380,0.100213,0,Baixo
1952523,0.029043,0,Baixo
1952531,0.163658,0,Baixo
1951610,0.045455,0,Baixo
1952534,0.013889,0,Baixo
1951063,0.013889,0,Baixo
1949438,0.045455,0,Baixo
1952493,0.029043,0,Baixo
1952527,0.029043,0,Baixo
1952546,0.029043,0,Baixo
1952460,0.023861,0,Baixo
1952545,0.001348,0,Baixo
1952436,0.029043,0,Baixo
1952548,0.023861,0,Baixo
1952520,0.009174,0,Baixo
1949419,0.009174,0,Baixo
1952540,0.029043,0,Baixo
1952557,0.045455,0,Baixo
1952562,0.009174,0,Baixo
1952539,0.045455,0,Baixo
1952570,0.062794,0,Baixo
1952462,0.100213,0,Baixo
1952432,0.137931,0,Baixo
1952567,0.029043,0,Baixo
1952556,0.143994,0,Baixo
1952561,0.100213,0,Baixo
1952116,0.029043,0,Baixo
1952581,0.071023,0,Baixo
1952577,0.166038,0,Baixo
1952587,0.029043,0,Baixo
1952573,0.143994,0,Baixo
1952586,0.143994,0,Baixo
1952277,0.090592,0,Baixo
1952592,0.013889,0,Baixo
1952595,0.100213,0,Baixo
1952593,0.062794,0,Baixo
1952255,0.062794,0,Baixo
1952604,0.001348,0,Baixo
1952590,0.029043,0,Baixo
1952589,0.029043,0,Baixo
1952597,0.023861,0,Baixo
1952596,0.094203,0,Baixo
1952609,0.214925,0,Medio
1951433,0.023861,0,Baixo
1951902,0.003165,0,Baixo
1938838,0.013889,0,Baixo
1952374,0.013889,0,Baixo
1916361,0.023861,0,Baixo
1951280,0.003165,0,Baixo
1952359,0.010676,0,Baixo
1950858,0.003165,0,Baixo
1952477,0.0,0,Baixo
1952603,0.029043,0,Baixo
1952501,0.062794,0,Baixo
1947882,0.001348,0,Baixo
1952413,0.029043,0,Baixo
1951484,0.013889,0,Baixo
1952601,0.029043,0,Baixo
1952424,0.029043,0,Baixo
1951712,0.071023,0,Baixo
1952213,0.071023,0,Baixo
1952608,0.062794,0,Baixo
1924464,0.013889,0,Baixo
1952572,0.045455,0,Baixo
1952626,0.010676,0,Baixo
481126,0.010676,0,Baixo
1952629,0.029043,0,Baixo
1952620,0.029043,0,Baixo
1952635,0.013889,0,Baixo
1952645,0.062794,0,Baixo
1952667,0.062794,0,Baixo
1952636,0.029043,0,Baixo
1952641,0.062794,0,Baixo
1952639,0.045455,0,Baixo
1952668,0.062794,0,Baixo
1952660,0.009174,0,Baixo
1952666,0.023861,0,Baixo
1952606,0.029043,0,Baixo
1952653,0.045455,0,Baixo
1952662,0.003165,0,Baixo
1952646,0.013889,0,Baixo
1670935,0.062794,0,Baixo
1952665,0.010676,0,Baixo
1952671,0.029043,0,Baixo
1952553,0.013889,0,Baixo
1952692,0.010676,0,Baixo
1952502,0.029043,0,Baixo
1952625,0.029043,0,Baixo
1952694,0.029043,0,Baixo
1952677,0.010676,0,Baixo
1952709,0.010676,0,Baixo
1952698,0.010676,0,Baixo
1952703,0.013889,0,Baixo
1952482,0.090592,0,Baixo
1952717,0.013889,0,Baixo
1952685,0.071023,0,Baixo
1952693,0.023861,0,Baixo
1952696,0.029043,0,Baixo
1948125,0.094203,0,Baixo
1952731,0.003165,0,Baixo
1952681,0.045455,0,Baixo
1952638,0.013889,0,Baixo
1952701,0.071023,0,Baixo
1952739,0.100213,0,Baixo
1952103,0.013889,0,Baixo
1952650,0.029043,0,Baixo
1952740,0.029043,0,Baixo
1952732,0.029043,0,Baixo
1946227,0.013889,0,Baixo
1952125,0.080586,0,Baixo
1952702,0.062794,0,Baixo
1952746,0.029043,0,Baixo
1952733,0.094203,0,Baixo
1952735,0.013889,0,Baixo
1952405,0.214925,0,Medio
1952711,0.071023,0,Baixo
1952727,0.071023,0,Baixo
1952728,0.010676,0,Baixo
1952726,0.003165,0,Baixo
1952768,0.029043,0,Baixo
1946628,0.029043,0,Baixo
1951637,0.013889,0,Baixo
1952475,0.071023,0,Baixo
1952602,0.029043,0,Baixo
1952630,0.062794,0,Baixo
1950435,0.001348,0,Baixo
1952684,0.062794,0,Baixo
1952782,0.071023,0,Baixo
1952783,0.100213,0,Baixo
1952771,0.013889,0,Baixo
1952786,0.029043,0,Baixo
1952610,0.029043,0,Baixo
1952672,0.029043,0,Baixo
1952788,0.062794,0,Baixo
1952612,0.010676,0,Baixo
1952439,0.023861,0,Baixo
1952775,0.029043,0,Baixo
1945001,0.100213,0,Baixo
1952536,0.013889,0,Baixo
1952807,0.003165,0,Baixo
1952806,0.010676,0,Baixo
1952720,0.013889,0,Baixo
1952799,0.029043,0,Baixo
1952787,0.100213,0,Baixo
1952813,0.029043,0,Baixo
1952798,0.029043,0,Baixo
1952824,0.090592,0,Baixo
1952816,0.013889,0,Baixo
1952831,0.013889,0,Baixo
1952826,0.100213,0,Baixo
1952815,0.062794,0,Baixo
1952360,0.045455,0,Baixo
1952829,0.023861,0,Baixo
1952830,0.023861,0,Baixo
1952820,0.029043,0,Baixo
1952781,0.080586,0,Baixo
1812299,0.029043,0,Baixo
1952689,0.023861,0,Baixo
1952825,0.029043,0,Baixo
1946733,0.080586,0,Baixo
1952675,0.029043,0,Baixo
1952842,0.071023,0,Baixo
1951523,0.071023,0,Baixo
1952837,0.023861,0,Baixo
1946060,0.010676,0,Baixo
1952850,0.003165,0,Baixo
1952758,0.062794,0,Baixo
1952039,0.029043,0,Baixo
1952846,0.071023,0,Baixo
1952761,0.010676,0,Baixo
1864452,0.010676,0,Baixo
1952854,0.013889,0,Baixo
1952627,0.013889,0,Baixo
1952851,0.214925,0,Medio
1952818,0.045455,0,Baixo
1951381,0.029043,0,Baixo
1952863,0.009174,0,Baixo
1952872,0.100213,0,Baixo
1952869,0.013889,0,Baixo
1952855,0.029043,0,Baixo
1952871,0.090592,0,Baixo
1934092,0.023861,0,Baixo
1952874,0.100213,0,Baixo
1952679,0.013889,0,Baixo
1952800,0.100213,0,Baixo
1800274,0.100213,0,Baixo
1952810,0.143994,0,Baixo
1952895,0.013889,0,Baixo
1952889,0.071023,0,Baixo
1951405,0.143994,0,Baixo
1952896,0.045455,0,Baixo
1952883,0.071023,0,Baixo
1952881,0.080586,0,Baixo
1952885,0.080586,0,Baixo
1952605,0.013889,0,Baixo
1952900,0.013889,0,Baixo
1952886,0.062794,0,Baixo
1949636,0.001348,0,Baixo
1952866,0.009174,0,Baixo
1952892,0.023861,0,Baixo
1949858,0.029043,0,Baixo
1948905,0.010676,0,Baixo
1952904,0.009174,0,Baixo
1952893,0.045455,0,Baixo
1952575,0.062794,0,Baixo
1952911,0.100213,0,Baixo
1952843,0.013889,0,Baixo
1952865,0.029043,0,Baixo
1947698,0.029043,0,Baixo
1952903,0.029043,0,Baixo
1952640,0.029043,0,Baixo
1952858,0.045455,0,Baixo
1951720,0.001348,0,Baixo
1952879,0.100213,0,Baixo
1952926,0.029043,0,Baixo
1952923,0.013889,0,Baixo
1952905,0.013889,0,Baixo
1952933,0.0,0,Baixo
1952930,0.090592,0,Baixo
1952894,0.143994,0,Baixo
1952779,0.023861,0,Baixo
1952054,0.062794,0,Baixo
1952939,0.003165,0,Baixo
1951552,0.029043,0,Baixo
1952938,0.029043,0,Baixo
1947746,0.009174,0,Baixo
1952944,0.003165,0,Baixo
1952955,0.013889,0,Baixo
1952983,0.029043,0,Baixo
1952985,0.013889,0,Baixo
1952773,0.029043,0,Baixo
1952998,0.013889,0,Baixo
1952989,0.009174,0,Baixo
1952977,0.009174,0,Baixo
1952979,0.001348,0,Baixo
1952973,0.062794,0,Baixo
1952921,0.013889,0,Baixo
1952298,0.071023,0,Baixo
1952991,0.143994,0,Baixo
1951599,0.013889,0,Baixo
1952928,0.163658,0,Baixo
1953001,0.009174,0,Baixo
1952974,0.023861,0,Baixo
1952982,0.029043,0,Baixo
1953032,0.003165,0,Baixo
1952990,0.143994,0,Baixo
1953023,0.003165,0,Baixo
1953015,0.143994,0,Baixo
1952780,0.013889,0,Baixo
1953033,0.100213,0,Baixo
1953034,0.071023,0,Baixo
1953042,0.029043,0,Baixo
1953040,0.010676,0,Baixo
1944017,0.100213,0,Baixo
1948524,0.029043,0,Baixo
1953031,0.029043,0,Baixo
1952584,0.143994,0,Baixo
1947334,0.013889,0,Baixo
1935278,0.029043,0,Baixo
1953051,0.001348,0,Baixo
1952132,0.029043,0,Baixo
1953046,0.013889,0,Baixo
1951108,0.010676,0,Baixo
1952560,0.010676,0,Baixo
1953050,0.003165,0,Baixo
1953079,0.029043,0,Baixo
1952805,0.029043,0,Baixo
1951351,0.023861,0,Baixo
1953066,0.062794,0,Baixo
1953081,0.013889,0,Baixo
1953086,0.12069,0,Baixo
1952814,0.003165,0,Baixo
1953084,0.013889,0,Baixo
1953082,0.062794,0,Baixo
1951521,0.080586,0,Baixo
1953075,0.023861,0,Baixo
1953078,0.009174,0,Baixo
1952908,0.010676,0,Baixo
1950593,0.100213,0,Baixo
1953090,0.143994,0,Baixo
1953092,0.013889,0,Baixo
1953074,0.013889,0,Baixo
1953083,0.010676,0,Baixo
1953098,0.023861,0,Baixo
1953087,0.010676,0,Baixo
1952934,0.143994,0,Baixo
1953085,0.214925,0,Medio
1953105,0.100213,0,Baixo
1951955,0.013889,0,Baixo
1952182,0.029043,0,Baixo
1953104,0.029043,0,Baixo
1953103,0.062794,0,Baixo
1905702,0.071023,0,Baixo
1952956,0.029043,0,Baixo
1953113,0.001348,0,Baixo
1952623,0.029043,0,Baixo
1953108,0.001348,0,Baixo
1951513,0.013889,0,Baixo
1953111,0.143994,0,Baixo
1952652,0.029043,0,Baixo
1953131,0.029043,0,Baixo
1952588,0.003165,0,Baixo
1948882,0.080586,0,Baixo
1952967,0.143994,0,Baixo
1953130,0.080586,0,Baixo
1953117,0.143994,0,Baixo
1953139,0.023861,0,Baixo
1953146,0.090592,0,Baixo
1952342,0.143994,0,Baixo
1952966,0.029043,0,Baixo
1953128,0.029043,0,Baixo
1953138,0.045455,0,Baixo
1953159,0.062794,0,Baixo
1953161,0.013889,0,Baixo
1953071,0.009174,0,Baixo
1951303,0.045455,0,Baixo
1953172,0.010676,0,Baixo
1953137,0.013889,0,Baixo
1953166,0.071023,0,Baixo
1953152,0.009174,0,Baixo
1952965,0.143994,0,Baixo
1952472,0.029043,0,Baixo
1953175,0.143994,0,Baixo
1952762,0.0,0,Baixo
1953168,0.100213,0,Baixo
1953155,0.029043,0,Baixo
1950491,0.013889,0,Baixo
1953141,0.143994,0,Baixo
1951344,0.062794,0,Baixo
1953171,0.029043,0,Baixo
1953182,0.029043,0,Baixo
1953187,0.023861,0,Baixo
1953183,0.029043,0,Baixo
1953194,0.010676,0,Baixo
1952170,0.062794,0,Baixo
1952086,0.013889,0,Baixo
1953209,0.029043,0,Baixo
1953157,0.062084,0,Baixo
1952929,0.143994,0,Baixo
1953198,0.029043,0,Baixo
1953195,0.010676,0,Baixo
1953203,0.071023,0,Baixo
1953176,0.029043,0,Baixo
1953026,0.071023,0,Baixo
1953206,0.029043,0,Baixo
1953170,0.071023,0,Baixo
1953044,0.045455,0,Baixo
1952811,0.071023,0,Baixo
1952888,0.003165,0,Baixo
1953191,0.010676,0,Baixo
1953199,0.029043,0,Baixo
1953136,0.029043,0,Baixo
1953196,0.094203,0,Baixo
1953226,0.143994,0,Baixo
1952485,0.003165,0,Baixo
1951283,0.029043,0,Baixo
1953237,0.029043,0,Baixo
1953201,0.029043,0,Baixo
1953224,0.071023,0,Baixo
1953223,0.071023,0,Baixo
1951034,0.003165,0,Baixo
1953210,0.013889,0,Baixo
1952922,0.001348,0,Baixo
1953216,0.071023,0,Baixo
1953241,0.029043,0,Baixo
1953233,0.029043,0,Baixo
1953214,0.029043,0,Baixo
1953231,0.009174,0,Baixo
1953212,0.029043,0,Baixo
1953246,0.029043,0,Baixo
1953244,0.003165,0,Baixo
1953248,0.029043,0,Baixo
1952936,0.080586,0,Baixo
1953253,0.013889,0,Baixo
1953256,0.143994,0,Baixo
1953261,0.226481,0,Medio
1953267,0.013889,0,Baixo
1953268,0.013889,0,Baixo
1953263,0.029043,0,Baixo
1953147,0.100213,0,Baixo
1953273,0.071023,0,Baixo
1953064,0.030303,0,Baixo
1953280,0.045455,0,Baixo
1953259,0.029043,0,Baixo
1951534,0.062794,0,Baixo
1953277,0.030303,0,Baixo
1953279,0.080586,0,Baixo
1953284,0.029043,0,Baixo
1952568,0.100213,0,Baixo
1953283,0.013889,0,Baixo
1953106,0.029043,0,Baixo
1952053,0.013889,0,Baixo
1953053,0.023861,0,Baixo
1953289,0.071023,0,Baixo
1953286,0.029043,0,Baixo
1953297,0.143994,0,Baixo
1953301,0.100213,0,Baixo
1953291,0.071023,0,Baixo
1951568,0.023861,0,Baixo
1953282,0.071023,0,Baixo
1953300,0.010676,0,Baixo
1953271,0.030303,0,Baixo
1953299,0.013889,0,Baixo
1953319,0.010676,0,Baixo
1952582,0.013889,0,Baixo
1952600,0.003165,0,Baixo
1953317,0.045455,0,Baixo
1953324,0.029043,0,Baixo
1953321,0.029043,0,Baixo
1953327,0.023861,0,Baixo
1953330,0.023861,0,Baixo
1953221,0.143994,0,Baixo
1953340,0.062794,0,Baixo
1951930,0.094203,0,Baixo
1953102,0.029043,0,Baixo
1953333,0.062794,0,Baixo
1953347,0.023861,0,Baixo
1953349,0.029043,0,Baixo
1953336,0.062794,0,Baixo
1952579,0.029043,0,Baixo
1950373,0.090592,0,Baixo
1953352,0.100213,0,Baixo
1953331,0.029043,0,Baixo
1953344,0.143994,0,Baixo
1953313,0.100213,0,Baixo
1953359,0.001348,0,Baixo
1927986,0.071023,0,Baixo
1953358,0.023861,0,Baixo
1953353,0.013889,0,Baixo
1950334,0.013889,0,Baixo
1944486,0.094203,0,Baixo
1953351,0.029043,0,Baixo
1953222,0.023861,0,Baixo
1952832,0.045455,0,Baixo
1909564,0.010676,0,Baixo
1952401,0.010676,0,Baixo
1953229,0.013889,0,Baixo
1952011,0.029043,0,Baixo
1953236,0.029043,0,Baixo
1953342,0.029043,0,Baixo
1953383,0.029043,0,Baixo
1953361,0.143994,0,Baixo
1950044,0.013889,0,Baixo
1953003,0.080586,0,Baixo
1953382,0.001348,0,Baixo
1953387,0.029043,0,Baixo
1952304,0.100213,0,Baixo
1953292,0.100213,0,Baixo
1953140,0.013889,0,Baixo
1953169,0.029043,0,Baixo
1953397,0.013889,0,Baixo
1951684,0.013889,0,Baixo
1953376,0.029043,0,Baixo
1952470,0.029043,0,Baixo
1953400,0.163658,0,Baixo
1953392,0.003165,0,Baixo
1953234,0.071023,0,Baixo
1953088,0.013889,0,Baixo
1953391,0.090592,0,Baixo
1953312,0.071023,0,Baixo
1927159,0.090592,0,Baixo
1953302,0.100213,0,Baixo
1951742,0.013889,0,Baixo
1953407,0.071023,0,Baixo
1952013,0.143994,0,Baixo
1953410,0.062794,0,Baixo
1952563,0.029043,0,Baixo
1953416,0.100213,0,Baixo
1952971,0.029043,0,Baixo
1953421,0.029043,0,Baixo
1953415,0.094203,0,Baixo
1950061,0.100213,0,Baixo
1953404,0.013889,0,Baixo
1953426,0.010676,0,Baixo
1953365,0.023861,0,Baixo
1953428,0.029043,0,Baixo
1952394,0.029043,0,Baixo
1952504,0.029043,0,Baixo
1943436,0.062794,0,Baixo
1952876,0.029043,0,Baixo
1349004,0.010676,0,Baixo
1953437,0.023861,0,Baixo
1953260,0.045455,0,Baixo
1953439,0.062794,0,Baixo
1953445,0.029043,0,Baixo
1953436,0.062794,0,Baixo
1951979,0.010676,0,Baixo
1953444,0.163658,0,Baixo
1953442,0.100213,0,Baixo
1953446,0.010676,0,Baixo
1953440,0.143994,0,Baixo
1953311,0.029043,0,Baixo
1953379,0.029043,0,Baixo
1953414,0.071023,0,Baixo
1953453,0.071023,0,Baixo
1953239,0.003165,0,Baixo
1909547,0.029043,0,Baixo
1953461,0.010676,0,Baixo
1953449,0.023861,0,Baixo
1953467,0.013889,0,Baixo
1951591,0.071023,0,Baixo
1952849,0.013889,0,Baixo
1953375,0.071023,0,Baixo
1953479,0.062794,0,Baixo
1953472,0.143994,0,Baixo
1953381,0.013889,0,Baixo
1953465,0.143994,0,Baixo
1953477,0.009174,0,Baixo
1953020,0.029043,0,Baixo
1953502,0.010676,0,Baixo
1953451,0.071023,0,Baixo
1953405,0.100213,0,Baixo
1953503,0.009174,0,Baixo
1953514,0.090592,0,Baixo
1791442,0.003165,0,Baixo
1953515,0.013889,0,Baixo
1953505,0.001348,0,Baixo
1953524,0.023861,0,Baixo
1937238,0.023861,0,Baixo
1953517,0.003165,0,Baixo
1953533,0.003165,0,Baixo
1953540,0.100213,0,Baixo
1953526,0.029043,0,Baixo
1953537,0.062794,0,Baixo
1953528,0.029043,0,Baixo
1953527,0.013889,0,Baixo
1953513,0.0,0,Baixo
1953060,0.143994,0,Baixo
1953266,0.013889,0,Baixo
1953546,0.029043,0,Baixo
1953520,0.010676,0,Baixo
1953544,0.009174,0,Baixo
1952257,0.029043,0,Baixo
1953500,0.003165,0,Baixo
1953549,0.100213,0,Baixo
1953521,0.003165,0,Baixo
1953550,0.071023,0,Baixo
1953457,0.009174,0,Baixo
1951976,0.080586,0,Baixo
1953250,0.023861,0,Baixo
1953398,0.029043,0,Baixo
1953516,0.013889,0,Baixo
1953408,0.143994,0,Baixo
1952124,0.029043,0,Baixo
1952084,0.013889,0,Baixo
1952962,0.013889,0,Baixo
1953538,0.029043,0,Baixo
1952853,0.080586,0,Baixo
1953434,0.013889,0,Baixo
1952576,0.013889,0,Baixo
1953563,0.010676,0,Baixo
1953583,0.010676,0,Baixo
1953494,0.178571,0,Baixo
1949881,0.12069,0,Baixo
1953581,0.010676,0,Baixo
1952388,0.009174,0,Baixo
1953458,0.029043,0,Baixo
1953573,0.003165,0,Baixo
1953596,0.001348,0,Baixo
1953599,0.029043,0,Baixo
1953608,0.029043,0,Baixo
1953582,0.029043,0,Baixo
1953611,0.071023,0,Baixo
1953610,0.100213,0,Baixo
1953597,0.062794,0,Baixo
1953462,0.013889,0,Baixo
1953612,0.094203,0,Baixo
1953616,0.013889,0,Baixo
1942459,0.143994,0,Baixo
1953619,0.071023,0,Baixo
1952682,0.029043,0,Baixo
1953561,0.023861,0,Baixo
1953617,0.029043,0,Baixo
1953622,0.010676,0,Baixo
1953615,0.009174,0,Baixo
1953548,0.003165,0,Baixo
1953497,0.090592,0,Baixo
1949661,0.029043,0,Baixo
1953640,0.023861,0,Baixo
1953631,0.023861,0,Baixo
1953356,0.013889,0,Baixo
1952916,0.013889,0,Baixo
1953627,0.029043,0,Baixo
1953650,0.010676,0,Baixo
1953638,0.100213,0,Baixo
1953637,0.013889,0,Baixo
1953620,0.010676,0,Baixo
1953658,0.229935,0,Medio
1953656,0.100213,0,Baixo
1953655,0.201923,0,Medio
1953498,0.071023,0,Baixo
1953492,0.071023,0,Baixo
1953454,0.013889,0,Baixo
1950327,0.010676,0,Baixo
1953530,0.009174,0,Baixo
1953667,0.100213,0,Baixo
1953660,0.029043,0,Baixo
1953501,0.010676,0,Baixo
1953669,0.013889,0,Baixo
1953680,0.094203,0,Baixo
1951809,0.045455,0,Baixo
1953303,0.001348,0,Baixo
1953683,0.071023,0,Baixo
1953688,0.010676,0,Baixo
1953665,0.029043,0,Baixo
1953691,0.100213,0,Baixo
1953689,0.100213,0,Baixo
1953690,0.071023,0,Baixo
1953696,0.013889,0,Baixo
1953489,0.010676,0,Baixo
1942523,0.029043,0,Baixo
1953671,0.045455,0,Baixo
1953699,0.045455,0,Baixo
1953384,0.023861,0,Baixo
1953700,0.100213,0,Baixo
1952179,0.013889,0,Baixo
1952624,0.029043,0,Baixo
1953707,0.029043,0,Baixo
1953675,0.001348,0,Baixo
1953705,0.100213,0,Baixo
1953712,0.029043,0,Baixo
1953413,0.003165,0,Baixo
1953720,0.062794,0,Baixo
1953721,0.062794,0,Baixo
1953716,0.080586,0,Baixo
1953663,0.029043,0,Baixo
1951614,0.013889,0,Baixo
1953727,0.003165,0,Baixo
1953249,0.010676,0,Baixo
1953728,0.003165,0,Baixo
1953734,0.013889,0,Baixo
1952200,0.009174,0,Baixo
1953708,0.003165,0,Baixo
1953737,0.029043,0,Baixo
1953738,0.013889,0,Baixo
1953595,0.071023,0,Baixo
1952670,0.062794,0,Baixo
1694460,0.062794,0,Baixo
1953739,0.029043,0,Baixo
1953745,0.0,0,Baixo
1953584,0.013889,0,Baixo
1953687,0.163658,0,Baixo
1953681,0.100213,0,Baixo
1953746,0.013889,0,Baixo
1953674,0.010676,0,Baixo
1953755,0.013889,0,Baixo
1952793,0.003165,0,Baixo
1953011,0.009174,0,Baixo
1953760,0.100213,0,Baixo
1947620,0.029043,0,Baixo
1953774,0.029043,0,Baixo
1953778,0.013889,0,Baixo
1953784,0.045455,0,Baixo
1953773,0.013889,0,Baixo
1953779,0.023861,0,Baixo
1952878,0.010676,0,Baixo
1953693,0.080586,0,Baixo
1952738,0.045455,0,Baixo
1953143,0.003165,0,Baixo
1953810,0.029043,0,Baixo
1945540,0.062794,0,Baixo
1953793,0.029043,0,Baixo
1953808,0.071023,0,Baixo
1953820,0.009174,0,Baixo
1953756,0.137931,0,Baixo
1953827,0.0,0,Baixo
1953822,0.094203,0,Baixo
1953835,0.071023,0,Baixo
1953795,0.023861,0,Baixo
1950940,0.023861,0,Baixo
1953840,0.029043,0,Baixo
1953838,0.023861,0,Baixo
1953843,0.023861,0,Baixo
1953764,0.013889,0,Baixo
1953865,0.003165,0,Baixo
1953856,0.0,0,Baixo
1953881,0.062794,0,Baixo
1952777,0.013889,0,Baixo
1953750,0.001348,0,Baixo
1953753,0.013889,0,Baixo
1953706,0.029043,0,Baixo
1952898,0.009174,0,Baixo
1953119,0.009174,0,Baixo
1952836,0.013889,0,Baixo
1952186,0.001348,0,Baixo
1953889,0.009174,0,Baixo
1953892,0.001348,0,Baixo
1953872,0.003165,0,Baixo
1952988,0.094203,0,Baixo
1880560,0.001348,0,Baixo
1953900,0.009174,0,Baixo
1953898,0.023861,0,Baixo
1953873,0.029043,0,Baixo
1953906,0.029043,0,Baixo
1953846,0.062794,0,Baixo
1953812,0.023861,0,Baixo
1953893,0.023861,0,Baixo
1953354,0.003165,0,Baixo
1953646,0.143994,0,Baixo
1953913,0.062794,0,Baixo
1953937,0.071023,0,Baixo
1953949,0.029043,0,Baixo
1953935,0.029043,0,Baixo
1939174,0.029043,0,Baixo
1953951,0.045455,0,Baixo
1953902,0.094203,0,Baixo
1953824,0.009174,0,Baixo
1953950,0.080586,0,Baixo
1953698,0.029043,0,Baixo
1953938,0.100213,0,Baixo
1953799,0.029043,0,Baixo
1953896,0.023861,0,Baixo
1953326,0.163658,0,Baixo
1950482,0.029043,0,Baixo
1953486,0.071023,0,Baixo
1953921,0.023861,0,Baixo
1953910,0.062794,0,Baixo
1953766,0.023861,0,Baixo
1953958,0.003165,0,Baixo
1953977,0.029043,0,Baixo
1953969,0.013889,0,Baixo
1953970,0.100213,0,Baixo
1952963,0.045455,0,Baixo
1934467,0.029043,0,Baixo
1953160,0.062794,0,Baixo
1953934,0.009174,0,Baixo
1953861,0.029043,0,Baixo
1953322,0.080586,0,Baixo
1953982,0.013889,0,Baixo
1953976,0.023861,0,Baixo
1953928,0.029043,0,Baixo
1954006,0.023861,0,Baixo
1954004,0.023861,0,Baixo
1954007,0.029043,0,Baixo
1954015,0.010676,0,Baixo
1953997,0.029043,0,Baixo
1954022,0.062794,0,Baixo
1954029,0.029043,0,Baixo
1954020,0.071023,0,Baixo
1954000,0.029043,0,Baixo
1954009,0.013889,0,Baixo
1954041,0.003165,0,Baixo
1953992,0.062794,0,Baixo
1953335,0.003165,0,Baixo
1949492,0.100213,0,Baixo
1954038,0.023861,0,Baixo
1953878,0.0,0,Baixo
1954026,0.100213,0,Baixo
1954017,0.013889,0,Baixo
1953967,0.010676,0,Baixo
1954003,0.029043,0,Baixo
1954069,0.023861,0,Baixo
1953782,0.010676,0,Baixo
1954037,0.029043,0,Baixo
1953927,0.023861,0,Baixo
1954081,0.013889,0,Baixo
1954071,0.029043,0,Baixo
1954082,0.029043,0,Baixo
1953922,0.013889,0,Baixo
1952790,0.023861,0,Baixo
1954097,0.029043,0,Baixo
1952512,0.080586,0,Baixo
1952808,0.013889,0,Baixo
1954066,0.062794,0,Baixo
1954101,0.029043,0,Baixo
1954112,0.003165,0,Baixo
1954108,0.143994,0,Baixo
1953030,0.029043,0,Baixo
1954118,0.013889,0,Baixo
1954122,0.045455,0,Baixo
1954115,0.045455,0,Baixo
1954124,0.013889,0,Baixo
1953456,0.029043,0,Baixo
1561168,0.143994,0,Baixo
1953961,0.166038,0,Baixo
1953558,0.029043,0,Baixo
1954130,0.029043,0,Baixo
1954127,0.0,0,Baixo
1954098,0.010676,0,Baixo
1948446,0.071023,0,Baixo
1954121,0.023861,0,Baixo
1945603,0.001348,0,Baixo
1951821,0.143994,0,Baixo
1954106,0.080586,0,Baixo
1953765,0.143994,0,Baixo
1954042,0.062794,0,Baixo
1953929,0.010676,0,Baixo
1954067,0.029043,0,Baixo
1954028,0.029043,0,Baixo
1950408,0.023861,0,Baixo
1953974,0.013889,0,Baixo
1951849,0.029043,0,Baixo
1951432,0.12069,0,Baixo
1948643,0.023861,0,Baixo
1954144,0.029043,0,Baixo
1953867,0.010676,0,Baixo
1954142,0.023861,0,Baixo
1944674,0.013889,0,Baixo
1954151,0.029043,0,Baixo
1954157,0.023861,0,Baixo
1950680,0.013889,0,Baixo
1953866,0.100213,0,Baixo
1953603,0.003165,0,Baixo
1954019,0.001348,0,Baixo
1954159,0.010676,0,Baixo
1954163,0.010676,0,Baixo
1953348,0.045455,0,Baixo
1954168,0.062794,0,Baixo
1954116,0.010676,0,Baixo
1528706,0.013889,0,Baixo
1954137,0.013889,0,Baixo
1954032,0.071023,0,Baixo
1954173,0.013889,0,Baixo
1954150,0.023861,0,Baixo
1954164,0.029043,0,Baixo
1932491,0.023861,0,Baixo
1953654,0.023861,0,Baixo
1954176,0.100213,0,Baixo
1954179,0.010676,0,Baixo
1954182,0.071023,0,Baixo
1954154,0.071023,0,Baixo
1953154,0.062794,0,Baixo
1954147,0.003165,0,Baixo
1954198,0.023861,0,Baixo
1953468,0.029043,0,Baixo
1953406,0.013889,0,Baixo
1953307,0.023861,0,Baixo
1952840,0.029043,0,Baixo
1953788,0.163658,0,Baixo
1954200,0.030303,0,Baixo
1954210,0.062794,0,Baixo
1954206,0.013889,0,Baixo
1954214,0.094203,0,Baixo
1954222,0.013889,0,Baixo
1954197,0.013889,0,Baixo
1953836,0.143994,0,Baixo
1954218,0.023861,0,Baixo
1954103,0.071023,0,Baixo
1953555,0.013889,0,Baixo
1954215,0.029043,0,Baixo
1954205,0.029043,0,Baixo
1954233,0.003165,0,Baixo
1954229,0.001348,0,Baixo
1954246,0.023861,0,Baixo
1954242,0.010676,0,Baixo
1953628,0.100213,0,Baixo
1020991,0.009174,0,Baixo
1954223,0.0,0,Baixo
1952828,0.062794,0,Baixo
1953785,0.163658,0,Baixo
1954225,0.029043,0,Baixo
1954253,0.010676,0,Baixo
1954249,0.0,0,Baixo
1954257,0.071023,0,Baixo
1954048,0.071023,0,Baixo
1952031,0.071023,0,Baixo
1954270,0.062794,0,Baixo
1243895,0.029043,0,Baixo
1940813,0.013889,0,Baixo
1952961,0.010676,0,Baixo
1954266,0.0,0,Baixo
1952628,0.100213,0,Baixo
1954126,0.013889,0,Baixo
1954269,0.003165,0,Baixo
1954274,0.010676,0,Baixo
1954261,0.013889,0,Baixo
1940881,0.023861,0,Baixo
1954281,0.029043,0,Baixo
1954273,0.029043,0,Baixo
1953685,0.029043,0,Baixo
1954290,0.029043,0,Baixo
1954293,0.062794,0,Baixo
1954280,0.001348,0,Baixo
1954284,0.001348,0,Baixo
1954288,0.029043,0,Baixo
1954296,0.094203,0,Baixo
1954275,0.163658,0,Baixo
1954279,0.013889,0,Baixo
1954294,0.143994,0,Baixo
1954278,0.013889,0,Baixo
1954243,0.143994,0,Baixo
1953363,0.029043,0,Baixo
1905035,0.0,0,Baixo
1954234,0.023861,0,Baixo
1954299,0.029043,0,Baixo
1952569,0.010676,0,Baixo
1954305,0.100213,0,Baixo
1954301,0.010676,0,Baixo
1954313,0.029043,0,Baixo
1954300,0.029043,0,Baixo
1954139,0.010676,0,Baixo
1954314,0.045455,0,Baixo
1954315,0.003165,0,Baixo
1953518,0.013889,0,Baixo
979048,0.090592,0,Baixo
1954320,0.071023,0,Baixo
1954292,0.029043,0,Baixo
1954318,0.013889,0,Baixo
1954323,0.062794,0,Baixo
1954330,0.094203,0,Baixo
1954331,0.029043,0,Baixo
1954334,0.071023,0,Baixo
1954335,0.062794,0,Baixo
1952960,0.100213,0,Baixo
1952633,0.003165,0,Baixo
1954343,0.001348,0,Baixo
1953389,0.003165,0,Baixo
1954357,0.013889,0,Baixo
1952924,0.062794,0,Baixo
1954344,0.143994,0,Baixo
1953049,0.029043,0,Baixo
1954354,0.013889,0,Baixo
1953579,0.143994,0,Baixo
1549089,0.071023,0,Baixo
1954332,0.001348,0,Baixo
1954365,0.013889,0,Baixo
1954363,0.013889,0,Baixo
1954359,0.100213,0,Baixo
1873857,0.029043,0,Baixo
1954282,0.080586,0,Baixo
1952611,0.023861,0,Baixo
1954337,0.029043,0,Baixo
1954370,0.062794,0,Baixo
1954371,0.071023,0,Baixo
1954235,0.013889,0,Baixo
1954375,0.163658,0,Baixo
1952073,0.100213,0,Baixo
1954376,0.062794,0,Baixo
1954388,0.029043,0,Baixo
1953374,0.143994,0,Baixo
1952804,0.029043,0,Baixo
1954212,0.029043,0,Baixo
1732182,0.062794,0,Baixo
1953686,0.029043,0,Baixo
1954208,0.071023,0,Baixo
1954380,0.100213,0,Baixo
1954213,0.062794,0,Baixo
1954390,0.001348,0,Baixo
1954389,0.003165,0,Baixo
1951725,0.023861,0,Baixo
1954312,0.071023,0,Baixo
1954374,0.080586,0,Baixo
1954399,0.023861,0,Baixo
1954377,0.029043,0,Baixo
1954398,0.013889,0,Baixo
1954393,0.045455,0,Baixo
1954333,0.062794,0,Baixo
1954378,0.100213,0,Baixo
1954397,0.013889,0,Baixo
1954402,0.010676,0,Baixo
1954405,0.100213,0,Baixo
1954404,0.062794,0,Baixo
1953450,0.062794,0,Baixo
1954407,0.023861,0,Baixo
1920482,0.013889,0,Baixo
1953368,0.143994,0,Baixo
1953121,0.013889,0,Baixo
1949944,0.029043,0,Baixo
1954424,0.029043,0,Baixo
1954408,0.003165,0,Baixo
1954328,0.071023,0,Baixo
1954406,0.094203,0,Baixo
1954428,0.062794,0,Baixo
1954413,0.100213,0,Baixo
1954012,0.029043,0,Baixo
1954435,0.143994,0,Baixo
1954400,0.023861,0,Baixo
1954382,0.029043,0,Baixo
1953508,0.013889,0,Baixo
1651895,0.010676,0,Baixo
1954341,0.062794,0,Baixo
1954353,0.0,0,Baixo
1954449,0.029043,0,Baixo
1954204,0.029043,0,Baixo
1954369,0.009174,0,Baixo
1954462,0.010676,0,Baixo
1954217,0.001348,0,Baixo
1953722,0.0,0,Baixo
1952035,0.100213,0,Baixo
1954465,0.023861,0,Baixo
1954470,0.030303,0,Baixo
1954473,0.023861,0,Baixo
1954482,0.001348,0,Baixo
1954459,0.029043,0,Baixo
1954488,0.214925,0,Medio
1954455,0.143994,0,Baixo
1767115,0.143994,0,Baixo
1954423,0.013889,0,Baixo
1954267,0.001348,0,Baixo
1951750,0.0,0,Baixo
1939111,0.029043,0,Baixo
1954486,0.029043,0,Baixo
1954431,0.001348,0,Baixo
1954490,0.029043,0,Baixo
1952987,0.013889,0,Baixo
1947525,0.029043,0,Baixo
1953179,0.010676,0,Baixo
1921929,0.045455,0,Baixo
1954458,0.029043,0,Baixo
1954505,0.143994,0,Baixo
1954507,0.071023,0,Baixo
1954519,0.010676,0,Baixo
1954516,0.143994,0,Baixo
1954511,0.010676,0,Baixo
1954522,0.029043,0,Baixo
1954171,0.143994,0,Baixo
1954509,0.071023,0,Baixo
1948719,0.094203,0,Baixo
1954528,0.003165,0,Baixo
1952571,0.013889,0,Baixo
1954476,0.003165,0,Baixo
1954538,0.013889,0,Baixo
1953274,0.045455,0,Baixo
1954515,0.013889,0,Baixo
1950883,0.029043,0,Baixo
1954542,0.029043,0,Baixo
1954523,0.029043,0,Baixo
1954493,0.062794,0,Baixo
1954433,0.029043,0,Baixo
1949466,0.023861,0,Baixo
1954411,0.071023,0,Baixo
1952686,0.029043,0,Baixo
1953936,0.010676,0,Baixo
1954437,0.029043,0,Baixo
1954554,0.045455,0,Baixo
1954018,0.029043,0,Baixo
1949865,0.062794,0,Baixo
1954536,0.166038,0,Baixo
1954170,0.023861,0,Baixo
1943868,0.178571,0,Baixo
1954076,0.003165,0,Baixo
1951572,0.029043,0,Baixo
1954409,0.003165,0,Baixo
1948949,0.023861,0,Baixo
1954541,0.143994,0,Baixo
1949941,0.100213,0,Baixo
1954540,0.029043,0,Baixo
1954567,0.010676,0,Baixo
1954262,0.029043,0,Baixo
1954467,0.029043,0,Baixo
1954432,0.143994,0,Baixo
1954544,0.062794,0,Baixo
1954571,0.023861,0,Baixo
1954569,0.013889,0,Baixo
1954573,0.143994,0,Baixo
1951968,0.001348,0,Baixo
1952526,0.071023,0,Baixo
1954577,0.010676,0,Baixo
1954579,0.071023,0,Baixo
1954117,0.094203,0,Baixo
1954073,0.029043,0,Baixo
1954565,0.029043,0,Baixo
1954562,0.013889,0,Baixo
1954286,0.166038,0,Baixo
1952365,0.080586,0,Baixo
1954592,0.029043,0,Baixo
1954591,0.062794,0,Baixo
1954260,0.003165,0,Baixo
1954585,0.009174,0,Baixo
1954589,0.001348,0,Baixo
1954595,0.013889,0,Baixo
1954606,0.100213,0,Baixo
1954604,0.010676,0,Baixo
1949404,0.010676,0,Baixo
1758606,0.094203,0,Baixo
1952743,0.013889,0,Baixo
1954178,0.013889,0,Baixo
1954610,0.071023,0,Baixo
1952508,0.029043,0,Baixo
1954084,0.013889,0,Baixo
1948088,0.143994,0,Baixo
1954158,0.013889,0,Baixo
1881352,0.029043,0,Baixo
1952699,0.029043,0,Baixo
1954613,0.0,0,Baixo
1954614,0.029043,0,Baixo
1954342,0.023861,0,Baixo
1954564,0.010676,0,Baixo
1953496,0.062794,0,Baixo
1954635,0.001348,0,Baixo
1954165,0.100213,0,Baixo
1954612,0.003165,0,Baixo
1954621,0.071023,0,Baixo
1952741,0.023861,0,Baixo
1954599,0.013889,0,Baixo
1954622,0.062794,0,Baixo
1943116,0.143994,0,Baixo
1954626,0.100213,0,Baixo
1954364,0.029043,0,Baixo
1954623,0.013889,0,Baixo
1954654,0.013889,0,Baixo
1954644,0.029043,0,Baixo
1954661,0.003165,0,Baixo
1952535,0.062794,0,Baixo
1954665,0.023861,0,Baixo
1954581,0.001348,0,Baixo
1954674,0.013889,0,Baixo
1953630,0.013889,0,Baixo
1954346,0.013889,0,Baixo
1954620,0.001348,0,Baixo
1954682,0.071023,0,Baixo
1954685,0.013889,0,Baixo
1954676,0.003165,0,Baixo
1953077,0.045455,0,Baixo
1954401,0.029043,0,Baixo
1954231,0.014422,0,Baixo
1954356,0.062794,0,Baixo
1954678,0.013889,0,Baixo
1951008,0.062794,0,Baixo
1954687,0.0,0,Baixo
1954705,0.045455,0,Baixo
1954691,0.003165,0,Baixo
1954707,0.0,0,Baixo
1954692,0.009174,0,Baixo
1954709,0.0,0,Baixo
1953443,0.163658,0,Baixo
1954708,0.029043,0,Baixo
1954721,0.013889,0,Baixo
1954350,0.013889,0,Baixo
1954727,0.010676,0,Baixo
1954726,0.001348,0,Baixo
1954718,0.090592,0,Baixo
1954686,0.062794,0,Baixo
1954732,0.029043,0,Baixo
1954723,0.0,0,Baixo
1954659,0.071023,0,Baixo
1954736,0.062794,0,Baixo
1954701,0.100213,0,Baixo
1954740,0.010676,0,Baixo
1954743,0.013889,0,Baixo
1954733,0.013889,0,Baixo
1954750,0.013889,0,Baixo
1954671,0.009174,0,Baixo
1954658,0.009174,0,Baixo
1954752,0.013889,0,Baixo
1954762,0.029043,0,Baixo
1954778,0.001348,0,Baixo
1954764,0.0,0,Baixo
1954669,0.062794,0,Baixo
1953757,0.029043,0,Baixo
1954782,0.062794,0,Baixo
1953488,0.001348,0,Baixo
1954720,0.100213,0,Baixo
1954796,0.0,0,Baixo
1954783,0.071023,0,Baixo
1954795,0.013889,0,Baixo
1954668,0.023861,0,Baixo
1954512,0.045455,0,Baixo
1954803,0.029043,0,Baixo
1941356,0.013889,0,Baixo
1954637,0.029043,0,Baixo
1950877,0.023861,0,Baixo
1954812,0.013889,0,Baixo
1953412,0.062794,0,Baixo
1954763,0.062794,0,Baixo
1954813,0.080586,0,Baixo
1953329,0.023861,0,Baixo
1954780,0.029043,0,Baixo
1952335,0.029043,0,Baixo
1954825,0.010676,0,Baixo
1951843,0.003165,0,Baixo
1954641,0.013889,0,Baixo
1954837,0.010676,0,Baixo
1954842,0.010676,0,Baixo
1951138,0.029043,0,Baixo
1952867,0.029043,0,Baixo
1954642,0.029043,0,Baixo
1954853,0.090592,0,Baixo
1954855,0.009174,0,Baixo
1954857,0.094203,0,Baixo
1954792,0.163658,0,Baixo
1954859,0.080586,0,Baixo
1954861,0.029043,0,Baixo
1954355,0.045455,0,Baixo
1954867,0.163658,0,Baixo
1954870,0.030303,0,Baixo
1954385,0.029043,0,Baixo
1954876,0.100213,0,Baixo
1954875,0.009174,0,Baixo
1954880,0.062794,0,Baixo
1953946,0.009174,0,Baixo
1954892,0.013889,0,Baixo
1856736,0.071023,0,Baixo
1947456,0.010676,0,Baixo
1954901,0.045455,0,Baixo
1954908,0.100213,0,Baixo
1954698,0.029043,0,Baixo
1954899,0.009174,0,Baixo
1953265,0.013889,0,Baixo
1954910,0.100213,0,Baixo
1954321,0.029043,0,Baixo
1954917,0.045455,0,Baixo
1952330,0.029043,0,Baixo
1954183,0.143994,0,Baixo
1954922,0.009174,0,Baixo
1954918,0.029043,0,Baixo
1954912,0.045455,0,Baixo
1954932,0.023861,0,Baixo
1954735,0.010676,0,Baixo
1954931,0.090592,0,Baixo
1954939,0.029043,0,Baixo
1954958,0.013889,0,Baixo
1954713,0.001348,0,Baixo
1954965,0.029043,0,Baixo
1954963,0.001348,0,Baixo
1954966,0.009174,0,Baixo
1954978,0.001348,0,Baixo
1954904,0.045455,0,Baixo
1954977,0.0,0,Baixo
1954981,0.003165,0,Baixo
1954979,0.090592,0,Baixo
1954983,0.013889,0,Baixo
1058154,0.029043,0,Baixo
1954902,0.010676,0,Baixo
1954986,0.062794,0,Baixo
1954972,0.071023,0,Baixo
1954997,0.0,0,Baixo
1954994,0.100213,0,Baixo
1954940,0.010676,0,Baixo
1954969,0.062794,0,Baixo
1955000,0.003165,0,Baixo
1954936,0.013889,0,Baixo
1954131,0.071023,0,Baixo
1952331,0.029043,0,Baixo
1953017,0.029043,0,Baixo
1955011,0.0,0,Baixo
1954187,0.062794,0,Baixo
1955022,0.009174,0,Baixo
1954756,0.100213,0,Baixo
1954990,0.001348,0,Baixo
1955028,0.071023,0,Baixo
1955027,0.029043,0,Baixo
1955032,0.080586,0,Baixo
1955033,0.003165,0,Baixo
1955046,0.013889,0,Baixo
1955039,0.023861,0,Baixo
1955097,0.029043,0,Baixo
1955105,0.001348,0,Baixo
1955035,0.163658,0,Baixo
1955081,0.023861,0,Baixo
1955018,0.023861,0,Baixo
1954220,0.013889,0,Baixo
1955141,0.029043,0,Baixo
1955090,0.071023,0,Baixo
1955142,0.029043,0,Baixo
1954909,0.003165,0,Baixo
1955148,0.013889,0,Baixo
1955150,0.009174,0,Baixo
1955050,0.029043,0,Baixo
1955124,0.071023,0,Baixo
1955170,0.062794,0,Baixo
1955026,0.013889,0,Baixo
1954715,0.029043,0,Baixo
1955114,0.100213,0,Baixo
1955154,0.010676,0,Baixo
1955167,0.030303,0,Baixo
1955160,0.080586,0,Baixo
1955200,0.071023,0,Baixo
1933959,0.029043,0,Baixo
1953749,0.029043,0,Baixo
1955209,0.062794,0,Baixo
1955143,0.001348,0,Baixo
1953988,0.100213,0,Baixo
1955089,0.094203,0,Baixo
1954765,0.100213,0,Baixo
1955220,0.029043,0,Baixo
1953055,0.029043,0,Baixo
1955196,0.071023,0,Baixo
1952952,0.062794,0,Baixo
1830851,0.166038,0,Baixo
1955211,0.013889,0,Baixo
1955116,0.029043,0,Baixo
1955237,0.045455,0,Baixo
1955064,0.080586,0,Baixo
1955260,0.029043,0,Baixo
1955267,0.010676,0,Baixo
1955253,0.094203,0,Baixo
1955235,0.029043,0,Baixo
1951678,0.045455,0,Baixo
1955262,0.143994,0,Baixo
1955214,0.013889,0,Baixo
1955288,0.001348,0,Baixo
1955301,0.029043,0,Baixo
1955161,0.023861,0,Baixo
1955199,0.062794,0,Baixo
1955275,0.023861,0,Baixo
1955273,0.094203,0,Baixo
1955340,0.023861,0,Baixo
1954439,0.029043,0,Baixo
1955381,0.013889,0,Baixo
1955372,0.013889,0,Baixo
1955306,0.013889,0,Baixo
1955424,0.143994,0,Baixo
1955441,0.009174,0,Baixo
1955121,0.013889,0,Baixo
1955391,0.029043,0,Baixo
1955245,0.029043,0,Baixo
1955370,0.029043,0,Baixo
1955396,0.094203,0,Baixo
1955422,0.029043,0,Baixo
1955439,0.029043,0,Baixo
1955414,0.12069,0,Baixo
1955416,0.029043,0,Baixo
1955255,0.013889,0,Baixo
1955417,0.100213,0,Baixo
1955434,0.071023,0,Baixo
1951229,0.013889,0,Baixo
1955456,0.013889,0,Baixo
1955426,0.009174,0,Baixo
1955484,0.029043,0,Baixo
1955183,0.029043,0,Baixo
1952092,0.023861,0,Baixo
1955447,0.023861,0,Baixo
1955277,0.003165,0,Baixo
1955359,0.143994,0,Baixo
1955208,0.062794,0,Baixo
1955061,0.100213,0,Baixo
1955210,0.029043,0,Baixo
1955324,0.045455,0,Baixo
1954845,0.045455,0,Baixo
1955454,0.023861,0,Baixo
1954277,0.023861,0,Baixo
1947948,0.029043,0,Baixo
1955502,0.029043,0,Baixo
1955433,0.029043,0,Baixo
1955228,0.029043,0,Baixo
1955519,0.0,0,Baixo
1955207,0.023861,0,Baixo
1955513,0.062794,0,Baixo
1955509,0.029043,0,Baixo
1955534,0.023861,0,Baixo
1899510,0.029043,0,Baixo
1954719,0.071023,0,Baixo
1955547,0.013889,0,Baixo
1955543,0.071023,0,Baixo
1955354,0.029043,0,Baixo
1955476,0.090592,0,Baixo
1955488,0.0,0,Baixo
1955385,0.029043,0,Baixo
1954600,0.071023,0,Baixo
1953920,0.080586,0,Baixo
1955583,0.013889,0,Baixo
1955556,0.009174,0,Baixo
1955579,0.009174,0,Baixo
1954924,0.001348,0,Baixo
1955569,0.009174,0,Baixo
1955566,0.010676,0,Baixo
1953572,0.062794,0,Baixo
1952723,0.029043,0,Baixo
1955646,0.029043,0,Baixo
1955640,0.029043,0,Baixo
1954167,0.071023,0,Baixo
1955683,0.143994,0,Baixo
1955676,0.029043,0,Baixo
1882789,0.013889,0,Baixo
1955686,0.062794,0,Baixo
1955650,0.029043,0,Baixo
1955644,0.062794,0,Baixo
1955679,0.013889,0,Baixo
1955712,0.062794,0,Baixo
1955669,0.013889,0,Baixo
1955729,0.003165,0,Baixo
1955720,0.071023,0,Baixo
1955709,0.010676,0,Baixo
1955678,0.029043,0,Baixo
1955740,0.062794,0,Baixo
1955486,0.009174,0,Baixo
1955741,0.023861,0,Baixo
1955663,0.071023,0,Baixo
1955758,0.090592,0,Baixo
1955224,0.029043,0,Baixo
1955549,0.003165,0,Baixo
1953828,0.143994,0,Baixo
1955527,0.010676,0,Baixo
1955462,0.029043,0,Baixo
1955322,0.062794,0,Baixo
1955103,0.143994,0,Baixo
1955025,0.001348,0,Baixo
1955530,0.029043,0,Baixo
1955763,0.071023,0,Baixo
1955361,0.100213,0,Baixo
1955641,0.029043,0,Baixo
1955733,0.071023,0,Baixo
1954244,0.023861,0,Baixo
1955751,0.010676,0,Baixo
1955794,0.029043,0,Baixo
1955815,0.071023,0,Baixo
1955796,0.013889,0,Baixo
1955756,0.029043,0,Baixo
1954226,0.013889,0,Baixo
1955801,0.029043,0,Baixo
1954360,0.029043,0,Baixo
1955271,0.166038,0,Baixo
1954688,0.023861,0,Baixo
1955661,0.100213,0,Baixo
1955706,0.045455,0,Baixo
1955787,0.029043,0,Baixo
1955858,0.214925,0,Medio
1955846,0.001348,0,Baixo
1876560,0.071023,0,Baixo
1955823,0.029043,0,Baixo
1952513,0.100213,0,Baixo
1953464,0.029043,0,Baixo
1955005,0.062794,0,Baixo
1955894,0.062794,0,Baixo
1731374,0.029043,0,Baixo
1955949,0.010676,0,Baixo
1955656,0.010676,0,Baixo
1955848,0.045455,0,Baixo
1954201,0.001348,0,Baixo
1944269,0.062794,0,Baixo
1955554,0.080586,0,Baixo
1836746,0.062794,0,Baixo
1955963,0.0,0,Baixo
1955923,0.080586,0,Baixo
1955964,0.029043,0,Baixo
1942434,0.071023,0,Baixo
1955030,0.013889,0,Baixo
1955972,0.013889,0,Baixo
1955966,0.100213,0,Baixo
1955405,0.029043,0,Baixo
1955521,0.100213,0,Baixo
1953000,0.029043,0,Baixo
1955981,0.143994,0,Baixo
1955951,0.029043,0,Baixo
1948944,0.071023,0,Baixo
1955844,0.013889,0,Baixo
1955539,0.010676,0,Baixo
970923,0.143994,0,Baixo
1956008,0.029043,0,Baixo
1953903,0.003165,0,Baixo
1951894,0.062794,0,Baixo
1956025,0.029043,0,Baixo
1956019,0.010676,0,Baixo
1956002,0.023861,0,Baixo
1956011,0.003165,0,Baixo
1956015,0.010676,0,Baixo
1956040,0.100213,0,Baixo
1955818,0.163658,0,Baixo
1954952,0.029043,0,Baixo
1956077,0.023861,0,Baixo
1956073,0.062794,0,Baixo
1956060,0.003165,0,Baixo
1955867,0.100213,0,Baixo
1955127,0.071023,0,Baixo
1955717,0.045455,0,Baixo
1956046,0.062794,0,Baixo
1956004,0.013889,0,Baixo
1953536,0.080586,0,Baixo
1931199,0.029043,0,Baixo
1956059,0.062794,0,Baixo
1956089,0.001348,0,Baixo
1956090,0.0,0,Baixo
1956113,0.003165,0,Baixo
1956050,0.029043,0,Baixo
1956123,0.009174,0,Baixo
1956106,0.0,0,Baixo
1956108,0.029043,0,Baixo
1051952,0.013889,0,Baixo
1954107,0.013889,0,Baixo
1290885,0.001348,0,Baixo
1956083,0.029043,0,Baixo
1956141,0.013889,0,Baixo
1956132,0.010676,0,Baixo
1955901,0.023861,0,Baixo
1956104,0.062794,0,Baixo
1955518,0.029043,0,Baixo
1955764,0.029043,0,Baixo
1949955,0.166038,0,Baixo
1954799,0.0,0,Baixo
1956131,0.100213,0,Baixo
1956172,0.071023,0,Baixo
1956175,0.071023,0,Baixo
1955098,0.029043,0,Baixo
1956162,0.023861,0,Baixo
1956176,0.062794,0,Baixo
1956180,0.080586,0,Baixo
1955979,0.001348,0,Baixo
1956187,0.001348,0,Baixo
1956191,0.003165,0,Baixo
1947319,0.029043,0,Baixo
1956196,0.214925,0,Medio
1956017,0.029043,0,Baixo
1953059,0.062794,0,Baixo
1955684,0.013889,0,Baixo
1955230,0.100213,0,Baixo
1956082,0.013889,0,Baixo
1956194,0.010676,0,Baixo
1956203,0.029043,0,Baixo
1956197,0.029043,0,Baixo
1956173,0.029043,0,Baixo
1956224,0.100213,0,Baixo
1956185,0.003165,0,Baixo
1956100,0.029043,0,Baixo
1956142,0.013889,0,Baixo
1955006,0.029043,0,Baixo
1956254,0.010676,0,Baixo
1956181,0.143994,0,Baixo
1956267,0.163658,0,Baixo
1956250,0.029043,0,Baixo
1944747,0.062794,0,Baixo
1955668,0.062794,0,Baixo
1956252,0.045455,0,Baixo
1956272,0.029043,0,Baixo
1956271,0.010676,0,Baixo
1956263,0.003165,0,Baixo
1953987,0.003165,0,Baixo
1956261,0.143994,0,Baixo
1955068,0.023861,0,Baixo
1956298,0.029043,0,Baixo
1956303,0.163658,0,Baixo
1956229,0.029043,0,Baixo
1956268,0.045455,0,Baixo
1950128,0.003165,0,Baixo
1956081,0.214925,0,Medio
1956266,0.029043,0,Baixo
1956273,0.023861,0,Baixo
1954457,0.071023,0,Baixo
1955343,0.009174,0,Baixo
1956334,0.071023,0,Baixo
1955320,0.023861,0,Baixo
1956335,0.009174,0,Baixo
1956340,0.029043,0,Baixo
1956348,0.023861,0,Baixo
1955063,0.090592,0,Baixo
1956168,0.090592,0,Baixo
1953959,0.029043,0,Baixo
1956352,0.013889,0,Baixo
1956373,0.029043,0,Baixo
1956374,0.003165,0,Baixo
1953832,0.001348,0,Baixo
1949054,0.226481,0,Medio
1904345,0.013889,0,Baixo
1956375,0.143994,0,Baixo
1956379,0.143994,0,Baixo
1956341,0.143994,0,Baixo
1955830,0.023861,0,Baixo
1948955,0.029043,0,Baixo
1955859,0.071023,0,Baixo
1951477,0.062794,0,Baixo
1954132,0.090592,0,Baixo
1955774,0.029043,0,Baixo
1954475,0.029043,0,Baixo
1956135,0.001348,0,Baixo
1953005,0.029043,0,Baixo
1956105,0.023861,0,Baixo
1955621,0.013889,0,Baixo
1954447,0.010676,0,Baixo
1955533,0.029043,0,Baixo
1954891,0.023861,0,Baixo
1952999,0.013889,0,Baixo
1954770,0.003165,0,Baixo
1955975,0.045455,0,Baixo
1956189,0.001348,0,Baixo
1334608,0.013889,0,Baixo
1954643,0.013889,0,Baixo
1956424,0.029043,0,Baixo
1956413,0.003165,0,Baixo
1956431,0.013889,0,Baixo
1956417,0.143994,0,Baixo
1956042,0.029043,0,Baixo
1956439,0.100213,0,Baixo
1954827,0.143994,0,Baixo
1955102,0.094203,0,Baixo
1956447,0.013889,0,Baixo
1956437,0.029043,0,Baixo
1955885,0.029043,0,Baixo
1956468,0.013889,0,Baixo
1953587,0.062794,0,Baixo
1956446,0.029043,0,Baixo
1956443,0.009174,0,Baixo
1956466,0.010676,0,Baixo
1704694,0.013889,0,Baixo
1953864,0.100213,0,Baixo
1956478,0.023861,0,Baixo
1954252,0.029043,0,Baixo
1956158,0.001348,0,Baixo
1956023,0.029043,0,Baixo
1956453,0.029043,0,Baixo
1948692,0.062794,0,Baixo
1954227,0.010676,0,Baixo
1956226,0.013889,0,Baixo
1956325,0.029043,0,Baixo
1928658,0.029043,0,Baixo
1956482,0.003165,0,Baixo
1515155,0.100213,0,Baixo
1950802,0.013889,0,Baixo
1956515,0.071023,0,Baixo
1921430,0.071023,0,Baixo
1955826,0.100213,0,Baixo
1955814,0.045455,0,Baixo
1956529,0.023861,0,Baixo
1956228,0.163658,0,Baixo
1956518,0.010676,0,Baixo
1956520,0.003165,0,Baixo
1956485,0.226481,0,Medio
1956533,0.001348,0,Baixo
1955959,0.062794,0,Baixo
1956542,0.013889,0,Baixo
1956550,0.029043,0,Baixo
1953432,0.071023,0,Baixo
1956552,0.029043,0,Baixo
1955834,0.010676,0,Baixo
1956546,0.029043,0,Baixo
1956568,0.023861,0,Baixo
1956572,0.013889,0,Baixo
1956566,0.013889,0,Baixo
1956570,0.023861,0,Baixo
1956554,0.029043,0,Baixo
1956577,0.0,0,Baixo
1956575,0.071023,0,Baixo
1956579,0.062794,0,Baixo
1956561,0.094203,0,Baixo
1956581,0.071023,0,Baixo
1956556,0.023861,0,Baixo
1956198,0.045455,0,Baixo
1956585,0.080586,0,Baixo
1956532,0.029043,0,Baixo
1956578,0.029043,0,Baixo
1956499,0.062794,0,Baixo
1956538,0.100213,0,Baixo
1956580,0.062794,0,Baixo
1956588,0.214925,0,Medio
1952547,0.013889,0,Baixo
1956607,0.166038,0,Baixo
1955682,0.029043,0,Baixo
1706612,0.001348,0,Baixo
1954760,0.029043,0,Baixo
1956619,0.013889,0,Baixo
1956541,0.029043,0,Baixo
1956492,0.045455,0,Baixo
1954506,0.080586,0,Baixo
1956305,0.143994,0,Baixo
1956623,0.009174,0,Baixo
1956638,0.163658,0,Baixo
1956595,0.010676,0,Baixo
1956630,0.010676,0,Baixo
1946288,0.094203,0,Baixo
1952389,0.010676,0,Baixo
1955004,0.013889,0,Baixo
1951813,0.029043,0,Baixo
1954196,0.003165,0,Baixo
1956649,0.100213,0,Baixo
1956652,0.003165,0,Baixo
1955418,0.071023,0,Baixo
1956648,0.062794,0,Baixo
1956684,0.071023,0,Baixo
1956696,0.143994,0,Baixo
1956653,0.029043,0,Baixo
1956716,0.143994,0,Baixo
1956711,0.029043,0,Baixo
1956726,0.100213,0,Baixo
1956729,0.143994,0,Baixo
1956731,0.094203,0,Baixo
1956718,0.029043,0,Baixo
1956714,0.010676,0,Baixo
1956721,0.013889,0,Baixo
1956243,0.094203,0,Baixo
1956756,0.013889,0,Baixo
1956728,0.029043,0,Baixo
1636226,0.045455,0,Baixo
1956760,0.143994,0,Baixo
1956669,0.071023,0,Baixo
1956727,0.029043,0,Baixo
1956757,0.013889,0,Baixo
1954865,0.071023,0,Baixo
1956688,0.029043,0,Baixo
1956706,0.003165,0,Baixo
1952691,0.029043,0,Baixo
1938888,0.029043,0,Baixo
1955398,0.163658,0,Baixo
1956807,0.023861,0,Baixo
1953789,0.013889,0,Baixo
1956770,0.023861,0,Baixo
1956535,0.029043,0,Baixo
1955319,0.062794,0,Baixo
1956778,0.029043,0,Baixo
1956844,0.029043,0,Baixo
1956836,0.029043,0,Baixo
1956825,0.029043,0,Baixo
1956773,0.080586,0,Baixo
1956569,0.062794,0,Baixo
1956650,0.062794,0,Baixo
1955849,0.003165,0,Baixo
1956866,0.001348,0,Baixo
1955707,0.010676,0,Baixo
1955913,0.090592,0,Baixo
1956855,0.143994,0,Baixo
1955659,0.029043,0,Baixo
1956878,0.214925,0,Medio
1956286,0.013889,0,Baixo
1956900,0.090592,0,Baixo
1954820,0.013889,0,Baixo
1956193,0.029043,0,Baixo
1956924,0.013889,0,Baixo
1956923,0.023861,0,Baixo
1956905,0.029043,0,Baixo
1956925,0.029043,0,Baixo
1956903,0.023861,0,Baixo
1956893,0.009174,0,Baixo
1956826,0.062794,0,Baixo
1956919,0.009174,0,Baixo
1956895,0.010676,0,Baixo
1956920,0.080586,0,Baixo
1956473,0.029043,0,Baixo
1956911,0.090592,0,Baixo
1956858,0.029043,0,Baixo
1956732,0.143994,0,Baixo
1951447,0.001348,0,Baixo
1956534,0.029043,0,Baixo
1956967,0.029043,0,Baixo
1956989,0.010676,0,Baixo
1956907,0.143994,0,Baixo
1956977,0.071023,0,Baixo
1956939,0.029043,0,Baixo
1956936,0.071023,0,Baixo
1956956,0.010676,0,Baixo
1951952,0.071023,0,Baixo
1956917,0.029043,0,Baixo
1955369,0.080586,0,Baixo
1955052,0.029043,0,Baixo
1956177,0.009174,0,Baixo
1957004,0.013889,0,Baixo
1956954,0.001348,0,Baixo
1956991,0.029043,0,Baixo
1956961,0.023861,0,Baixo
1957005,0.143994,0,Baixo
1952157,0.071023,0,Baixo
1957012,0.062794,0,Baixo
1956948,0.029043,0,Baixo
1957008,0.090592,0,Baixo
1955497,0.029043,0,Baixo
1954907,0.003165,0,Baixo
1957025,0.001348,0,Baixo
1952167,0.003165,0,Baixo
1954744,0.029043,0,Baixo
1956887,0.029043,0,Baixo
1956995,0.013889,0,Baixo
1957036,0.010676,0,Baixo
1955392,0.029043,0,Baixo
1957019,0.001348,0,Baixo
1957001,0.062794,0,Baixo
1956938,0.029043,0,Baixo
1954776,0.013889,0,Baixo
1955184,0.062794,0,Baixo
1957056,0.023861,0,Baixo
1957023,0.029043,0,Baixo
1949864,0.071023,0,Baixo
1957063,0.013889,0,Baixo
1956999,0.013889,0,Baixo
1957034,0.013889,0,Baixo
1957057,0.029043,0,Baixo
1955158,0.090592,0,Baixo
1956916,0.013889,0,Baixo
1957000,0.001348,0,Baixo
1954854,0.071023,0,Baixo
1956633,0.094203,0,Baixo
1957074,0.029043,0,Baixo
1957086,0.100213,0,Baixo
1957099,0.214925,0,Medio
1957097,0.029043,0,Baixo
1956988,0.029043,0,Baixo
1957102,0.029043,0,Baixo
1956965,0.023861,0,Baixo
1957090,0.045455,0,Baixo
1957078,0.029043,0,Baixo
1954866,0.094203,0,Baixo
1957026,0.045455,0,Baixo
1957112,0.009174,0,Baixo
1957131,0.009174,0,Baixo
1955496,0.062794,0,Baixo
1957137,0.090592,0,Baixo
1957125,0.029043,0,Baixo
1957140,0.163658,0,Baixo
1957162,0.100213,0,Baixo
1947475,0.029043,0,Baixo
1957149,0.029043,0,Baixo
1957146,0.094203,0,Baixo
1957136,0.003165,0,Baixo
1956985,0.029043,0,Baixo
1957171,0.013889,0,Baixo
1957094,0.029043,0,Baixo
1957172,0.100213,0,Baixo
1957179,0.003165,0,Baixo
1957182,0.010676,0,Baixo
1957127,0.062794,0,Baixo
1954801,0.100213,0,Baixo
1954772,0.003165,0,Baixo
1957142,0.003165,0,Baixo
1957173,0.029043,0,Baixo
1955216,0.029043,0,Baixo
1956885,0.023861,0,Baixo
1957039,0.143994,0,Baixo
1957200,0.062794,0,Baixo
1955315,0.071023,0,Baixo
1954800,0.029043,0,Baixo
1956990,0.214925,0,Medio
1956933,0.029043,0,Baixo
1956974,0.009174,0,Baixo
1950832,0.029043,0,Baixo
1957189,0.090592,0,Baixo
1957144,0.071023,0,Baixo
1955151,0.029043,0,Baixo
1957203,0.071023,0,Baixo
1957228,0.201923,0,Medio
1957254,0.029043,0,Baixo
1957232,0.013889,0,Baixo
1957185,0.100213,0,Baixo
1957251,0.143994,0,Baixo
1956736,0.094203,0,Baixo
1954086,0.12069,0,Baixo
1957231,0.143994,0,Baixo
1957245,0.029043,0,Baixo
1956170,0.100213,0,Baixo
1954961,0.013889,0,Baixo
1957272,0.013889,0,Baixo
1923584,0.062794,0,Baixo
1957242,0.100213,0,Baixo
1957289,0.100213,0,Baixo
1957304,0.013889,0,Baixo
1957139,0.003165,0,Baixo
1954954,0.003165,0,Baixo
1956202,0.143994,0,Baixo
1956944,0.023861,0,Baixo
1956829,0.090592,0,Baixo
1954451,0.071023,0,Baixo
1956789,0.029043,0,Baixo
1957120,0.100213,0,Baixo
1953869,0.010676,0,Baixo
1957347,0.010676,0,Baixo
1957270,0.029043,0,Baixo
1957351,0.094203,0,Baixo
1957366,0.0,0,Baixo
1957174,0.003165,0,Baixo
1957322,0.071023,0,Baixo
1956557,0.029043,0,Baixo
1957374,0.023861,0,Baixo
1955202,0.029043,0,Baixo
1951345,0.029043,0,Baixo
1955719,0.045455,0,Baixo
1957387,0.009174,0,Baixo
1957390,0.080586,0,Baixo
1952446,0.143994,0,Baixo
1957401,0.029043,0,Baixo
1957411,0.023861,0,Baixo
1957422,0.062794,0,Baixo
1957424,0.029043,0,Baixo
1957425,0.023861,0,Baixo
1954742,0.010676,0,Baixo
1956876,0.143994,0,Baixo
1956589,0.100213,0,Baixo
1954941,0.001348,0,Baixo
1957348,0.010676,0,Baixo
1954886,0.029043,0,Baixo
1955155,0.029043,0,Baixo
1957449,0.029043,0,Baixo
1957440,0.013889,0,Baixo
1956259,0.045455,0,Baixo
1957438,0.062794,0,Baixo
1957463,0.001348,0,Baixo
1957466,0.010676,0,Baixo
1957166,0.062794,0,Baixo
1957323,0.214925,0,Medio
1957264,0.090592,0,Baixo
1953569,0.013889,0,Baixo
1957501,0.001348,0,Baixo
1957506,0.045455,0,Baixo
1957640,0.029043,0,Baixo
1957520,0.045455,0,Baixo
1957500,0.0,0,Baixo
1957559,0.071023,0,Baixo
1957755,0.143994,0,Baixo
1957904,0.013889,0,Baixo
1957528,0.029043,0,Baixo
1957704,0.013889,0,Baixo
1957698,0.100213,0,Baixo
1957521,0.090592,0,Baixo
1957826,0.029043,0,Baixo
1957595,0.100213,0,Baixo
1957550,0.094203,0,Baixo
1957832,0.029043,0,Baixo
1957666,0.029043,0,Baixo
1957553,0.100213,0,Baixo
1957770,0.100213,0,Baixo
1957543,0.163658,0,Baixo
1957563,0.090592,0,Baixo
1957565,0.029043,0,Baixo
1957649,0.143994,0,Baixo
1957650,0.029043,0,Baixo
1957630,0.100213,0,Baixo
1957655,0.023861,0,Baixo
1957589,0.090592,0,Baixo
1957796,0.163658,0,Baixo
1957750,0.029043,0,Baixo
1957818,0.0,0,Baixo
1957518,0.12069,0,Baixo
1957827,0.166038,0,Baixo
1958004,0.013889,0,Baixo
1957663,0.143994,0,Baixo
1957957,0.166038,0,Baixo
1957613,0.143994,0,Baixo
1957617,0.029043,0,Baixo
1957576,0.071023,0,Baixo
1957894,0.010676,0,Baixo
1957896,0.100213,0,Baixo
1957732,0.090592,0,Baixo
1957542,0.062794,0,Baixo
1957730,0.062794,0,Baixo
1957548,0.013889,0,Baixo
1958051,0.143994,0,Baixo
1957788,0.062794,0,Baixo
1957806,0.094203,0,Baixo
1957837,0.010676,0,Baixo
1956033,0.062794,0,Baixo
1957517,0.010676,0,Baixo
1957533,0.045455,0,Baixo
1957539,0.143994,0,Baixo
1957875,0.062794,0,Baixo
1957879,0.062794,0,Baixo
1958010,0.143994,0,Baixo
1958355,0.029043,0,Baixo
1957779,0.029043,0,Baixo
1957552,0.100213,0,Baixo
1957671,0.023861,0,Baixo
1957702,0.029043,0,Baixo
1957715,0.029043,0,Baixo
1957728,0.029043,0,Baixo
1957602,0.163658,0,Baixo
1957652,0.023861,0,Baixo
1957712,0.062794,0,Baixo
1957575,0.137931,0,Baixo
1957720,0.010676,0,Baixo
1958002,0.023861,0,Baixo
1957718,0.214925,0,Medio
1957982,0.100213,0,Baixo
1957971,0.045455,0,Baixo
1955956,0.029043,0,Baixo
1957909,0.029043,0,Baixo
1954808,0.071023,0,Baixo
1957694,0.166038,0,Baixo
1957554,0.013889,0,Baixo
1957626,0.023861,0,Baixo
1957662,0.071023,0,Baixo
1957871,0.009174,0,Baixo
1957864,0.029043,0,Baixo
1958149,0.029043,0,Baixo
1958081,0.029043,0,Baixo
1958090,0.029043,0,Baixo
1957631,0.013889,0,Baixo
1957527,0.029043,0,Baixo
1957699,0.029043,0,Baixo
1958118,0.023861,0,Baixo
1957664,0.090592,0,Baixo
1957805,0.071023,0,Baixo
1957601,0.100213,0,Baixo
1957765,0.062794,0,Baixo
1957573,0.143994,0,Baixo
1957541,0.013889,0,Baixo
1957677,0.062794,0,Baixo
1958465,0.100213,0,Baixo
1957778,0.029043,0,Baixo
1957561,0.163658,0,Baixo
1957651,0.010676,0,Baixo
1957737,0.029043,0,Baixo
1957560,0.013889,0,Baixo
1957557,0.029043,0,Baixo
1957790,0.080586,0,Baixo
1957549,0.094203,0,Baixo
1957795,0.023861,0,Baixo
1957789,0.143994,0,Baixo
1957697,0.013889,0,Baixo
1958042,0.062794,0,Baixo
1957763,0.062794,0,Baixo
1957761,0.029043,0,Baixo
1957680,0.094203,0,Baixo
1957734,0.029043,0,Baixo
1957571,0.143994,0,Baixo
1957642,0.100213,0,Baixo
1957537,0.029043,0,Baixo
1958115,0.013889,0,Baixo
1957523,0.143994,0,Baixo
1958475,0.029043,0,Baixo
1958088,0.100213,0,Baixo
1957612,0.029043,0,Baixo
1954851,0.013889,0,Baixo
1957679,0.010676,0,Baixo
1957997,0.100213,0,Baixo
1957821,0.029043,0,Baixo
1957988,0.029043,0,Baixo
1957594,0.143994,0,Baixo
1958125,0.090592,0,Baixo
1958341,0.023861,0,Baixo
1957768,0.029043,0,Baixo
1957830,0.094203,0,Baixo
1957835,0.080586,0,Baixo
1958163,0.029043,0,Baixo
1957845,0.029043,0,Baixo
1957848,0.030303,0,Baixo
1957850,0.062794,0,Baixo
1957918,0.029043,0,Baixo
1958410,0.023861,0,Baixo
1957799,0.062794,0,Baixo
1957962,0.071023,0,Baixo
1958137,0.062794,0,Baixo
1957644,0.071023,0,Baixo
1957964,0.023861,0,Baixo
1957884,0.071023,0,Baixo
1957921,0.143994,0,Baixo
1958238,0.029043,0,Baixo
1958020,0.062794,0,Baixo
1958022,0.023861,0,Baixo
1958304,0.100213,0,Baixo
1957674,0.023861,0,Baixo
1957661,0.029043,0,Baixo
1957633,0.100213,0,Baixo
1958239,0.100213,0,Baixo
1958190,0.010676,0,Baixo
1958056,0.010676,0,Baixo
1957591,0.013889,0,Baixo
1957791,0.045455,0,Baixo
1958173,0.013889,0,Baixo
1957784,0.045455,0,Baixo
1957582,0.029043,0,Baixo
1957940,0.013889,0,Baixo
1957986,0.023861,0,Baixo
1957989,0.094203,0,Baixo
1957991,0.080586,0,Baixo
1958052,0.010676,0,Baixo
1957861,0.029043,0,Baixo
1958003,0.029043,0,Baixo
1957693,0.071023,0,Baixo
1957785,0.100213,0,Baixo
1958408,0.029043,0,Baixo
1957725,0.062794,0,Baixo
1958230,0.143994,0,Baixo
1958199,0.100213,0,Baixo
1958232,0.071023,0,Baixo
1957673,0.013889,0,Baixo
1957731,0.090592,0,Baixo
1957605,0.12069,0,Baixo
1957606,0.029043,0,Baixo
1958296,0.003165,0,Baixo
1958269,0.062794,0,Baixo
1958471,0.029043,0,Baixo
1957929,0.013889,0,Baixo
1958153,0.029043,0,Baixo
1958298,0.029043,0,Baixo
1957834,0.062794,0,Baixo
1957951,0.029043,0,Baixo
1957953,0.010676,0,Baixo
1958202,0.009174,0,Baixo
1957987,0.029343,0,Baixo
1957992,0.143994,0,Baixo
1957950,0.100213,0,Baixo
1958396,0.029043,0,Baixo
1957776,0.100213,0,Baixo
1957579,0.023861,0,Baixo
1958201,0.143994,0,Baixo
1958016,0.013889,0,Baixo
1958032,0.013889,0,Baixo
1957934,0.010676,0,Baixo
1958654,0.071023,0,Baixo
1958070,0.100213,0,Baixo
1958112,0.013889,0,Baixo
1958048,0.013889,0,Baixo
1957648,0.013889,0,Baixo
1957886,0.100213,0,Baixo
1957638,0.071023,0,Baixo
1957608,0.029043,0,Baixo
1957665,0.029043,0,Baixo
1958179,0.094203,0,Baixo
1952239,0.029043,0,Baixo
1958188,0.090592,0,Baixo
1957658,0.010676,0,Baixo
1958393,0.010676,0,Baixo
1958117,0.013889,0,Baixo
1958445,0.013889,0,Baixo
1957515,0.045455,0,Baixo
1957736,0.100213,0,Baixo
1958342,0.023861,0,Baixo
1958493,0.071023,0,Baixo
1958555,0.029043,0,Baixo
1958600,0.013889,0,Baixo
1958181,0.071023,0,Baixo
1957647,0.045455,0,Baixo
1958456,0.094203,0,Baixo
1957948,0.029043,0,Baixo
1957659,0.003165,0,Baixo
1957828,0.100213,0,Baixo
1957952,0.062794,0,Baixo
1957714,0.029043,0,Baixo
1957968,0.029043,0,Baixo
1957972,0.100213,0,Baixo
1957981,0.080586,0,Baixo
1957825,0.029043,0,Baixo
1957627,0.023861,0,Baixo
1957876,0.143994,0,Baixo
1957965,0.143994,0,Baixo
1957817,0.094203,0,Baixo
1957819,0.090592,0,Baixo
1957928,0.045455,0,Baixo
1957583,0.100213,0,Baixo
1957922,0.12069,0,Baixo
1958305,0.029043,0,Baixo
1957610,0.029043,0,Baixo
1958072,0.094203,0,Baixo
1957868,0.062794,0,Baixo
1957623,0.071023,0,Baixo
1957994,0.029043,0,Baixo
1958559,0.062794,0,Baixo
1958502,0.013889,0,Baixo
1958500,0.009174,0,Baixo
1958106,0.029043,0,Baixo
1958481,0.029043,0,Baixo
1958398,0.062794,0,Baixo
1958116,0.045455,0,Baixo
1958169,0.163658,0,Baixo
1957869,0.029043,0,Baixo
1958322,0.062794,0,Baixo
1958005,0.029043,0,Baixo
1958359,0.013889,0,Baixo
1958387,0.029043,0,Baixo
1958007,0.023861,0,Baixo
1958186,0.009174,0,Baixo
1958509,0.029043,0,Baixo
1957933,0.029043,0,Baixo
1957646,0.071023,0,Baixo
1958319,0.009174,0,Baixo
1957887,0.143994,0,Baixo
1957635,0.029043,0,Baixo
1958100,0.029043,0,Baixo
1958533,0.010676,0,Baixo
1958369,0.003165,0,Baixo
1958127,0.071023,0,Baixo
1958323,0.062794,0,Baixo
1958335,0.013889,0,Baixo
1958164,0.071023,0,Baixo
1958077,0.023861,0,Baixo
1957544,0.029043,0,Baixo
1958395,0.010676,0,Baixo
1958399,0.029043,0,Baixo
1958208,0.013889,0,Baixo
1958402,0.029043,0,Baixo
1958404,0.029043,0,Baixo
1958421,0.071023,0,Baixo
1958438,0.009174,0,Baixo
1958314,0.163658,0,Baixo
1957522,0.045455,0,Baixo
1958621,0.100213,0,Baixo
1958491,0.100213,0,Baixo
1958378,0.080586,0,Baixo
1957969,0.090592,0,Baixo
1957628,0.062794,0,Baixo
1958041,0.013889,0,Baixo
1957866,0.071023,0,Baixo
1958635,0.023861,0,Baixo
1958744,0.003165,0,Baixo
1958272,0.029043,0,Baixo
1958556,0.029043,0,Baixo
1958564,0.166038,0,Baixo
1958246,0.100213,0,Baixo
1958614,0.013889,0,Baixo
1958675,0.0,0,Baixo
1958497,0.029043,0,Baixo
1958611,0.143994,0,Baixo
1958863,0.100213,0,Baixo
1958401,0.013889,0,Baixo
1957898,0.094203,0,Baixo
1957703,0.029043,0,Baixo
1957767,0.029043,0,Baixo
1958708,0.062794,0,Baixo
1958546,0.029043,0,Baixo
1958273,0.013889,0,Baixo
1958659,0.12069,0,Baixo
1957773,0.080586,0,Baixo
1957774,0.062794,0,Baixo
1958080,0.143994,0,Baixo
1958148,0.100213,0,Baixo
1957977,0.045455,0,Baixo
1958579,0.029043,0,Baixo
1957618,0.045455,0,Baixo
1957976,0.163658,0,Baixo
1958587,0.003165,0,Baixo
1958466,0.071023,0,Baixo
1958343,0.071023,0,Baixo
1958774,0.062794,0,Baixo
1958707,0.029043,0,Baixo
1958745,0.071023,0,Baixo
1957781,0.062794,0,Baixo
1958689,0.013889,0,Baixo
1957729,0.023861,0,Baixo
1957710,0.100213,0,Baixo
1957966,0.029043,0,Baixo
1957842,0.143994,0,Baixo
1958451,0.029043,0,Baixo
1958527,0.029043,0,Baixo
1957836,0.029043,0,Baixo
1958679,0.100213,0,Baixo
1958092,0.029043,0,Baixo
1958295,0.029043,0,Baixo
1958419,0.062794,0,Baixo
1957905,0.029043,0,Baixo
1958176,0.009174,0,Baixo
1958759,0.029043,0,Baixo
1958633,0.080586,0,Baixo
1957526,0.013889,0,Baixo
1958078,0.013889,0,Baixo
1957882,0.062794,0,Baixo
1958682,0.013889,0,Baixo
1958075,0.071023,0,Baixo
1958692,0.100213,0,Baixo
1957973,0.071023,0,Baixo
1957657,0.029043,0,Baixo
1957654,0.013889,0,Baixo
1958695,0.045455,0,Baixo
1957572,0.029043,0,Baixo
1958713,0.029043,0,Baixo
1957741,0.045455,0,Baixo
1957867,0.100213,0,Baixo
1958060,0.023861,0,Baixo
1958124,0.071023,0,Baixo
1957555,0.029043,0,Baixo
1958772,0.029043,0,Baixo
1958550,0.071023,0,Baixo
1958031,0.062794,0,Baixo
1958086,0.100213,0,Baixo
1958837,0.094203,0,Baixo
1958690,0.0,0,Baixo
1958625,0.023861,0,Baixo
1957619,0.029043,0,Baixo
1958286,0.029043,0,Baixo
1958965,0.029043,0,Baixo
1958450,0.010676,0,Baixo
1958066,0.023861,0,Baixo
1958430,0.013889,0,Baixo
1958796,0.013889,0,Baixo
1957525,0.023861,0,Baixo
1958351,0.029043,0,Baixo
1958328,0.010676,0,Baixo
1958845,0.062794,0,Baixo
1958760,0.090592,0,Baixo
1958287,0.100213,0,Baixo
1958864,0.090592,0,Baixo
1958854,0.143994,0,Baixo
1957919,0.029043,0,Baixo
1958818,0.166038,0,Baixo
1958485,0.062794,0,Baixo
1958518,0.003165,0,Baixo
1958026,0.023861,0,Baixo
1958762,0.029043,0,Baixo
1957668,0.013889,0,Baixo
1958277,0.071023,0,Baixo
1958478,0.062794,0,Baixo
1958487,0.029043,0,Baixo
1958630,0.029043,0,Baixo
1958610,0.029043,0,Baixo
1958777,0.143994,0,Baixo
1958741,0.013889,0,Baixo
1958068,0.071023,0,Baixo
1958294,0.029043,0,Baixo
1957941,0.045455,0,Baixo
1958366,0.029043,0,Baixo
1958576,0.029043,0,Baixo
1958423,0.062794,0,Baixo
1958473,0.080586,0,Baixo
1958858,0.013889,0,Baixo
1958648,0.010676,0,Baixo
1957620,0.100213,0,Baixo
1957901,0.143994,0,Baixo
1958554,0.045455,0,Baixo
1958096,0.029043,0,Baixo
1958542,0.071023,0,Baixo
1958236,0.001348,0,Baixo
1958729,0.010676,0,Baixo
1957670,0.023861,0,Baixo
1958589,0.029043,0,Baixo
1958019,0.013889,0,Baixo
1958260,0.029043,0,Baixo
1958686,0.010676,0,Baixo
1958909,0.062794,0,Baixo
1958906,0.013889,0,Baixo
1958890,0.010676,0,Baixo
1958279,0.023861,0,Baixo
1958405,0.003165,0,Baixo
1958141,0.094203,0,Baixo
1959045,0.045455,0,Baixo
1959118,0.12069,0,Baixo
1958927,0.029043,0,Baixo
1957949,0.071023,0,Baixo
1958824,0.023861,0,Baixo
1958803,0.010676,0,Baixo
1959077,0.010676,0,Baixo
1959180,0.045455,0,Baixo
1952346,0.100213,0,Baixo
1958606,0.062794,0,Baixo
1958671,0.071023,0,Baixo
1958952,0.023861,0,Baixo
1958732,0.009174,0,Baixo
1958035,0.013889,0,Baixo
1958934,0.100213,0,Baixo
1958846,0.029043,0,Baixo
1958683,0.090592,0,Baixo
1958687,0.090592,0,Baixo
1958067,0.094203,0,Baixo
1958767,0.062794,0,Baixo
1959013,0.029043,0,Baixo
1958699,0.062794,0,Baixo
1957678,0.094203,0,Baixo
1957858,0.029043,0,Baixo
1957653,0.062794,0,Baixo
1958289,0.029043,0,Baixo
1958855,0.010676,0,Baixo
1958057,0.013889,0,Baixo
1957924,0.163658,0,Baixo
1957689,0.013889,0,Baixo
1958231,0.062794,0,Baixo
1959111,0.003165,0,Baixo
1958617,0.029043,0,Baixo
1958037,0.071023,0,Baixo
1958089,0.062794,0,Baixo
1957955,0.143994,0,Baixo
1958264,0.013889,0,Baixo
1957733,0.013889,0,Baixo
1958442,0.071023,0,Baixo
1958826,0.143994,0,Baixo
1958873,0.090592,0,Baixo
1958673,0.029043,0,Baixo
1958771,0.062794,0,Baixo
1958521,0.071023,0,Baixo
1958891,0.013889,0,Baixo
1959081,0.001348,0,Baixo
1957917,0.045455,0,Baixo
1958362,0.029043,0,Baixo
1957643,0.029043,0,Baixo
1959136,0.029043,0,Baixo
1959096,0.023861,0,Baixo
1957857,0.080586,0,Baixo
1959049,0.029043,0,Baixo
1957491,0.023861,0,Baixo
1958976,0.071023,0,Baixo
1958998,0.100213,0,Baixo
1958416,0.029043,0,Baixo
1959025,0.071023,0,Baixo
1958783,0.013889,0,Baixo
1958655,0.030303,0,Baixo
1958367,0.090592,0,Baixo
1958794,0.029043,0,Baixo
1959069,0.029043,0,Baixo
1958361,0.100213,0,Baixo
1958805,0.029043,0,Baixo
1958798,0.143994,0,Baixo
1958929,0.062794,0,Baixo
1957801,0.071023,0,Baixo
1958532,0.029043,0,Baixo
1958514,0.100213,0,Baixo
1959048,0.029043,0,Baixo
1958234,0.062794,0,Baixo
1958868,0.100213,0,Baixo
1959178,0.029043,0,Baixo
1959169,0.143994,0,Baixo
1958144,0.029043,0,Baixo
1959106,0.029043,0,Baixo
1958817,0.003165,0,Baixo
1958892,0.166038,0,Baixo
1957713,0.080586,0,Baixo
1958917,0.094203,0,Baixo
1958967,0.029043,0,Baixo
1958146,0.071023,0,Baixo
1957744,0.029043,0,Baixo
1958523,0.003165,0,Baixo
1959281,0.029043,0,Baixo
1959044,0.090592,0,Baixo
1958603,0.029043,0,Baixo
1959189,0.010676,0,Baixo
1959017,0.143994,0,Baixo
1959010,0.029043,0,Baixo
1958143,0.029043,0,Baixo
1959258,0.029043,0,Baixo
1958996,0.029043,0,Baixo
1957745,0.029043,0,Baixo
1958281,0.013889,0,Baixo
1958498,0.071023,0,Baixo
1959154,0.029043,0,Baixo
1958327,0.071023,0,Baixo
1959126,0.023861,0,Baixo
1957829,0.009174,0,Baixo
1959250,0.071023,0,Baixo
1959220,0.003165,0,Baixo
1958029,0.045455,0,Baixo
1958270,0.029043,0,Baixo
1959020,0.023861,0,Baixo
1958908,0.023861,0,Baixo
1958714,0.163658,0,Baixo
1958986,0.003165,0,Baixo
1956795,0.029043,0,Baixo
1957600,0.010676,0,Baixo
1959240,0.013889,0,Baixo
1959452,0.090592,0,Baixo
1959246,0.143994,0,Baixo
1959217,0.010676,0,Baixo
1958027,0.029043,0,Baixo
1959157,0.029043,0,Baixo
1959159,0.013889,0,Baixo
1958838,0.100213,0,Baixo
1959265,0.023861,0,Baixo
1955789,0.029043,0,Baixo
1956317,0.003165,0,Baixo
1957872,0.071023,0,Baixo
1958920,0.013889,0,Baixo
1957942,0.071023,0,Baixo
1956981,0.003165,0,Baixo
1959226,0.094203,0,Baixo
1959108,0.062794,0,Baixo
1958525,0.045455,0,Baixo
1959423,0.013889,0,Baixo
1958276,0.029043,0,Baixo
1958756,0.029043,0,Baixo
1959531,0.100213,0,Baixo
1958800,0.080586,0,Baixo
1957751,0.090592,0,Baixo
1955333,0.023861,0,Baixo
1958717,0.062794,0,Baixo
1957777,0.100213,0,Baixo
1959197,0.071023,0,Baixo
1959397,0.023861,0,Baixo
1958316,0.163658,0,Baixo
1959494,0.071023,0,Baixo
1958893,0.009174,0,Baixo
1959145,0.029043,0,Baixo
1958973,0.100213,0,Baixo
1958916,0.143994,0,Baixo
1959373,0.010676,0,Baixo
1959054,0.143994,0,Baixo
1958946,0.029043,0,Baixo
1958318,0.100213,0,Baixo
1959429,0.100213,0,Baixo
1959147,0.243641,0,Medio
1957998,0.071023,0,Baixo
1959216,0.013889,0,Baixo
1956892,0.062794,0,Baixo
1959210,0.029043,0,Baixo
1959367,0.094203,0,Baixo
1958097,0.029043,0,Baixo
1959445,0.062794,0,Baixo
1959390,0.163658,0,Baixo
1958321,0.071023,0,Baixo
1959402,0.010676,0,Baixo
1957590,0.100213,0,Baixo
1959453,0.029043,0,Baixo
1958300,0.029043,0,Baixo
1959400,0.090592,0,Baixo
1956992,0.100213,0,Baixo
1958902,0.143994,0,Baixo
1958159,0.071023,0,Baixo
1959346,0.071023,0,Baixo
1959343,0.143994,0,Baixo
1958227,0.12069,0,Baixo
1957660,0.029043,0,Baixo
1959148,0.143994,0,Baixo
1957637,0.071023,0,Baixo
1959213,0.071023,0,Baixo
1959162,0.013889,0,Baixo
1958194,0.023861,0,Baixo
1959214,0.029043,0,Baixo
1959386,0.029043,0,Baixo
1955576,0.023861,0,Baixo
1959369,0.029043,0,Baixo
1959063,0.071023,0,Baixo
1959034,0.094203,0,Baixo
1958810,0.023861,0,Baixo
1958218,0.023861,0,Baixo
1958418,0.094203,0,Baixo
1959193,0.029043,0,Baixo
1959468,0.003165,0,Baixo
1959519,0.029043,0,Baixo
1959190,0.100213,0,Baixo
1957915,0.100213,0,Baixo
1959094,0.062794,0,Baixo
1958114,0.071023,0,Baixo
1959620,0.090592,0,Baixo
1959079,0.214925,0,Medio
1957587,0.045455,0,Baixo
1958301,0.071023,0,Baixo
1959170,0.045455,0,Baixo
1959261,0.062794,0,Baixo
1959512,0.023861,0,Baixo
1959535,0.071023,0,Baixo
1959185,0.062794,0,Baixo
1959545,0.062794,0,Baixo
1959473,0.029043,0,Baixo
1959613,0.029043,0,Baixo
1958221,0.071023,0,Baixo
1959333,0.071023,0,Baixo
1958469,0.062794,0,Baixo
1958435,0.029043,0,Baixo
1959695,0.143994,0,Baixo
1958787,0.100213,0,Baixo
1959299,0.062794,0,Baixo
1959647,0.163658,0,Baixo
1958748,0.094203,0,Baixo
1959037,0.029043,0,Baixo
1957708,0.071023,0,Baixo
1959338,0.062794,0,Baixo
1958862,0.080586,0,Baixo
1958935,0.029043,0,Baixo
1959662,0.090592,0,Baixo
1957990,0.013889,0,Baixo
1959446,0.143994,0,Baixo
1959630,0.023861,0,Baixo
1959104,0.029043,0,Baixo
1834795,0.001348,0,Baixo
1959707,0.010676,0,Baixo
1959437,0.045455,0,Baixo
1959040,0.029043,0,Baixo
1959649,0.029043,0,Baixo
1959451,0.100213,0,Baixo
1958225,0.013889,0,Baixo
1957914,0.094203,0,Baixo
1959714,0.100213,0,Baixo
1958461,0.094203,0,Baixo
1958382,0.071023,0,Baixo
1959174,0.029043,0,Baixo
1959374,0.029043,0,Baixo
1959078,0.029043,0,Baixo
1959690,0.029043,0,Baixo
1959633,0.100213,0,Baixo
1959342,0.029043,0,Baixo
1959484,0.003165,0,Baixo
1959212,0.071023,0,Baixo
1959605,0.100213,0,Baixo
1958038,0.029043,0,Baixo
1959606,0.029043,0,Baixo
1958931,0.143994,0,Baixo
1959595,0.023861,0,Baixo
1959433,0.013889,0,Baixo
1957820,0.100213,0,Baixo
1958374,0.062794,0,Baixo
1959651,0.143994,0,Baixo
1958907,0.045455,0,Baixo
1959339,0.029043,0,Baixo
1959592,0.013889,0,Baixo
1959640,0.045455,0,Baixo
1959708,0.010676,0,Baixo
1959603,0.090592,0,Baixo
1959187,0.143994,0,Baixo
1959691,0.029043,0,Baixo
1959504,0.062794,0,Baixo
1959570,0.010676,0,Baixo
1959763,0.143994,0,Baixo
1958552,0.029043,0,Baixo
1959057,0.029043,0,Baixo
1959385,0.029043,0,Baixo
1958358,0.029043,0,Baixo
1959505,0.094203,0,Baixo
1959585,0.013889,0,Baixo
1958229,0.029043,0,Baixo
1959785,0.029043,0,Baixo
1958538,0.013889,0,Baixo
1959848,0.100213,0,Baixo
1958651,0.094203,0,Baixo
1959804,0.013889,0,Baixo
1959840,0.003165,0,Baixo
1959562,0.023861,0,Baixo
1959522,0.143994,0,Baixo
1959866,0.023861,0,Baixo
1959732,0.029043,0,Baixo
1958649,0.023861,0,Baixo
1958639,0.143994,0,Baixo
1959771,0.029043,0,Baixo
1958811,0.010676,0,Baixo
1959631,0.094203,0,Baixo
1959554,0.045455,0,Baixo
1959909,0.029043,0,Baixo
1958512,0.100213,0,Baixo
1959646,0.029043,0,Baixo
1959838,0.013889,0,Baixo
1959753,0.080586,0,Baixo
1959919,0.003165,0,Baixo
1959928,0.003165,0,Baixo
1959982,0.010676,0,Baixo
1959979,0.009174,0,Baixo
1959879,0.003165,0,Baixo
1725393,0.071023,0,Baixo
1959926,0.003165,0,Baixo
1959871,0.100213,0,Baixo
1959999,0.009174,0,Baixo
1957075,0.013889,0,Baixo
1959853,0.013889,0,Baixo
1959009,0.029043,0,Baixo
1960003,0.013889,0,Baixo
1960048,0.010676,0,Baixo
1958844,0.071023,0,Baixo
1959911,0.010676,0,Baixo
1958453,0.071023,0,Baixo
1959550,0.010676,0,Baixo
1959927,0.010676,0,Baixo
1958568,0.071023,0,Baixo
1959893,0.045455,0,Baixo
1958911,0.143994,0,Baixo
1959943,0.013889,0,Baixo
1959855,0.029043,0,Baixo
1958389,0.143994,0,Baixo
1959924,0.003165,0,Baixo
1959947,0.003165,0,Baixo
1959303,0.143994,0,Baixo
1960045,0.010676,0,Baixo
1957681,0.029043,0,Baixo
1959948,0.143994,0,Baixo
1959465,0.010676,0,Baixo
1959674,0.001348,0,Baixo
1958061,0.080586,0,Baixo
1959964,0.100213,0,Baixo
1959921,0.100213,0,Baixo
1958842,0.029043,0,Baixo
1960064,0.071023,0,Baixo
1953748,0.143994,0,Baixo
1959801,0.003165,0,Baixo
1959937,0.013889,0,Baixo
1959709,0.080586,0,Baixo
1958517,0.003165,0,Baixo
1958336,0.029043,0,Baixo
1959931,0.013889,0,Baixo
1959799,0.071023,0,Baixo
1960179,0.029043,0,Baixo
1956383,0.214925,0,Medio
1949247,0.163658,0,Baixo
1960087,0.029043,0,Baixo
1959565,0.100213,0,Baixo
1960169,0.003165,0,Baixo
1958489,0.090592,0,Baixo
1960141,0.030303,0,Baixo
1960209,0.100213,0,Baixo
1959951,0.029043,0,Baixo
1960205,0.143994,0,Baixo
1960142,0.045455,0,Baixo
1958156,0.013889,0,Baixo
1960176,0.013889,0,Baixo
1959813,0.013889,0,Baixo
1960105,0.029043,0,Baixo
1960092,0.071023,0,Baixo
1959523,0.029043,0,Baixo
1960244,0.045455,0,Baixo
1956213,0.029043,0,Baixo
1959821,0.090592,0,Baixo
1960001,0.045455,0,Baixo
1959354,0.071023,0,Baixo
1958191,0.029043,0,Baixo
1958847,0.023861,0,Baixo
1959832,0.062794,0,Baixo
1955902,0.062794,0,Baixo
1959355,0.013889,0,Baixo
1959829,0.029043,0,Baixo
1960336,0.009174,0,Baixo
1960258,0.029043,0,Baixo
1960292,0.100213,0,Baixo
1957947,0.071023,0,Baixo
1948405,0.029043,0,Baixo
1958667,0.029043,0,Baixo
1959684,0.143994,0,Baixo
1958597,0.100213,0,Baixo
1959932,0.090592,0,Baixo
1959778,0.029043,0,Baixo
1960321,0.023861,0,Baixo
1960364,0.090592,0,Baixo
1954140,0.010676,0,Baixo
1960323,0.003165,0,Baixo
1960342,0.003165,0,Baixo
1960371,0.100213,0,Baixo
1960428,0.0,0,Baixo
1959833,0.143994,0,Baixo
1960412,0.013889,0,Baixo
1960424,0.029043,0,Baixo
1960386,0.029043,0,Baixo
1959349,0.013889,0,Baixo
1959890,0.029043,0,Baixo
1958588,0.001348,0,Baixo
1958452,0.071023,0,Baixo
1957706,0.062794,0,Baixo
1957597,0.029043,0,Baixo
1958545,0.143994,0,Baixo
1958094,0.100213,0,Baixo
1957907,0.029043,0,Baixo
1957214,0.009174,0,Baixo
1957540,0.010676,0,Baixo
1957993,0.029043,0,Baixo
1958894,0.029043,0,Baixo
1957577,0.029043,0,Baixo
1959132,0.013889,0,Baixo
1959117,0.143994,0,Baixo
1958702,0.029043,0,Baixo
1958204,0.045455,0,Baixo
1957849,0.023861,0,Baixo
1958884,0.009174,0,Baixo
1957961,0.090592,0,Baixo
1957853,0.090592,0,Baixo
1957775,0.163658,0,Baixo
1959677,0.003165,0,Baixo
1959576,0.023861,0,Baixo
1957757,0.029043,0,Baixo
1958631,0.080586,0,Baixo
1957686,0.062794,0,Baixo
1957592,0.071023,0,Baixo
1957690,0.010676,0,Baixo
1958329,0.013889,0,Baixo
1958317,0.029043,0,Baixo
1958712,0.062794,0,Baixo
1960402,0.023861,0,Baixo
1958662,0.100213,0,Baixo
1958753,0.094203,0,Baixo
1957808,0.029043,0,Baixo
1958885,0.009174,0,Baixo
1958897,0.001348,0,Baixo
1958923,0.023861,0,Baixo
1958928,0.023861,0,Baixo
1957212,0.062794,0,Baixo
1960248,0.143994,0,Baixo
1958657,0.023861,0,Baixo
1958694,0.013889,0,Baixo
1957531,0.029043,0,Baixo
1958258,0.009174,0,Baixo
1958290,0.013889,0,Baixo
1959327,0.143994,0,Baixo
1957683,0.071023,0,Baixo
1958132,0.062794,0,Baixo
1957641,0.062794,0,Baixo
1958313,0.013889,0,Baixo
1958138,0.090592,0,Baixo
1957538,0.029043,0,Baixo
1957870,0.029043,0,Baixo
1957911,0.029043,0,Baixo
1957956,0.010676,0,Baixo
1958133,0.071023,0,Baixo
1959221,0.029043,0,Baixo
1955504,0.013889,0,Baixo
1958183,0.023861,0,Baixo
1957722,0.029043,0,Baixo
1958668,0.062794,0,Baixo
1958403,0.029043,0,Baixo
1958392,0.094203,0,Baixo
1958371,0.143994,0,Baixo
1959408,0.029043,0,Baixo
1959090,0.143994,0,Baixo
1959064,0.029043,0,Baixo
1959914,0.010676,0,Baixo
1959615,0.013889,0,Baixo
1960451,0.062794,0,Baixo
1959675,0.001348,0,Baixo
1958780,0.143994,0,Baixo
1959703,0.100213,0,Baixo
1958751,0.023861,0,Baixo
1960446,0.013889,0,Baixo
1960215,0.029043,0,Baixo
1960353,0.029043,0,Baixo
1958177,0.062794,0,Baixo
1954557,0.080586,0,Baixo
1960357,0.013889,0,Baixo
1958688,0.143994,0,Baixo
1960459,0.029043,0,Baixo
1959770,0.023861,0,Baixo
1959283,0.100213,0,Baixo
1960455,0.029043,0,Baixo
1960012,0.023861,0,Baixo
1958140,0.143994,0,Baixo
1959160,0.090592,0,Baixo
1956297,0.090592,0,Baixo
1956315,0.010676,0,Baixo
1960240,0.030303,0,Baixo
1956797,0.062794,0,Baixo
1960425,0.062794,0,Baixo
1960477,0.003165,0,Baixo
1959485,0.071023,0,Baixo
1956834,0.009174,0,Baixo
1959882,0.143994,0,Baixo
1958709,0.029043,0,Baixo
1960500,0.029043,0,Baixo
1957578,0.010676,0,Baixo
1959756,0.071023,0,Baixo
1958508,0.045455,0,Baixo
1959721,0.100213,0,Baixo
1959300,0.023861,0,Baixo
1956491,0.029043,0,Baixo
1960601,0.062794,0,Baixo
1955059,0.013889,0,Baixo
1959379,0.080586,0,Baixo
1960597,0.0,0,Baixo
1960653,0.062794,0,Baixo
1957295,0.100213,0,Baixo
1960665,0.143994,0,Baixo
1957891,0.062794,0,Baixo
1960673,0.029043,0,Baixo
1957588,0.163658,0,Baixo
1956465,0.013889,0,Baixo
1960407,0.143994,0,Baixo
1960136,0.100213,0,Baixo
1960695,0.071023,0,Baixo
1960403,0.0,0,Baixo
1958033,0.062794,0,Baixo
1960458,0.029043,0,Baixo
1960657,0.010676,0,Baixo
1960671,0.029043,0,Baixo
1960737,0.0,0,Baixo
1960731,0.045455,0,Baixo
1959970,0.029043,0,Baixo
1960747,0.080586,0,Baixo
1960756,0.062794,0,Baixo
1960777,0.013889,0,Baixo
1958734,0.100213,0,Baixo
1960727,0.001348,0,Baixo
1960041,0.009174,0,Baixo
1960633,0.062794,0,Baixo
1960368,0.029043,0,Baixo
1960245,0.013889,0,Baixo
1960791,0.029043,0,Baixo
1960796,0.003165,0,Baixo
1956024,0.029043,0,Baixo
1955611,0.013889,0,Baixo
1960785,0.009174,0,Baixo
1959144,0.100213,0,Baixo
1960783,0.071023,0,Baixo
1958665,0.023861,0,Baixo
1959211,0.010676,0,Baixo
1959366,0.071023,0,Baixo
1957524,0.023861,0,Baixo
1958971,0.029043,0,Baixo
1959102,0.029043,0,Baixo
1958652,0.029043,0,Baixo
1959830,0.023861,0,Baixo
1955338,0.100213,0,Baixo
1959351,0.001348,0,Baixo
1960234,0.029043,0,Baixo
1957045,0.029043,0,Baixo
1956968,0.023861,0,Baixo
1957645,0.062794,0,Baixo
1955986,0.062794,0,Baixo
1959440,0.023861,0,Baixo
1957315,0.013889,0,Baixo
1958429,0.013889,0,Baixo
1958593,0.062794,0,Baixo
1960075,0.029043,0,Baixo
1959985,0.090592,0,Baixo
1960881,0.094203,0,Baixo
1959945,0.009174,0,Baixo
1958930,0.137931,0,Baixo
1960007,0.001348,0,Baixo
1956249,0.029043,0,Baixo
1960882,0.062794,0,Baixo
1959023,0.029043,0,Baixo
1960119,0.013889,0,Baixo
1959538,0.029043,0,Baixo
1959321,0.029043,0,Baixo
1958629,0.013889,0,Baixo
1960866,0.045455,0,Baixo
1958827,0.013889,0,Baixo
1960828,0.013889,0,Baixo
1960869,0.023861,0,Baixo
1960775,0.009174,0,Baixo
1955825,0.090592,0,Baixo
1957758,0.143994,0,Baixo
1959860,0.100213,0,Baixo
1956346,0.062794,0,Baixo
1958857,0.023861,0,Baixo
1960887,0.010676,0,Baixo
1959854,0.029043,0,Baixo
1960904,0.029043,0,Baixo
1956328,0.013889,0,Baixo
1959905,0.023861,0,Baixo
1960583,0.003165,0,Baixo
1960920,0.071023,0,Baixo
1959155,0.045455,0,Baixo
1960898,0.029043,0,Baixo
1960922,0.062794,0,Baixo
1956526,0.045455,0,Baixo
1960792,0.029043,0,Baixo
1960921,0.029043,0,Baixo
1960903,0.062794,0,Baixo
1958887,0.029043,0,Baixo
1960909,0.143994,0,Baixo
1960561,0.023861,0,Baixo
1960889,0.029043,0,Baixo
1959509,0.023861,0,Baixo
1960942,0.009174,0,Baixo
1959869,0.029043,0,Baixo
1957017,0.163658,0,Baixo
1960975,0.029043,0,Baixo
1960491,0.029043,0,Baixo
1960974,0.143994,0,Baixo
1960838,0.023861,0,Baixo
1960931,0.029043,0,Baixo
1960962,0.013889,0,Baixo
1960966,0.071023,0,Baixo
1953325,0.013889,0,Baixo
1960957,0.029043,0,Baixo
1957570,0.143994,0,Baixo
1958000,0.029043,0,Baixo
1958180,0.010676,0,Baixo
1959764,0.013889,0,Baixo
1960845,0.080586,0,Baixo
1959908,0.071023,0,Baixo
1955003,0.003165,0,Baixo
1960508,0.094203,0,Baixo
1960985,0.029043,0,Baixo
1959279,0.062794,0,Baixo
1959412,0.090592,0,Baixo
1961003,0.013889,0,Baixo
1961024,0.013889,0,Baixo
1961011,0.010676,0,Baixo
1961006,0.023861,0,Baixo
1958360,0.001348,0,Baixo
1960925,0.062794,0,Baixo
1961036,0.013889,0,Baixo
1960819,0.062794,0,Baixo
1961054,0.062794,0,Baixo
1961043,0.163658,0,Baixo
1960734,0.143994,0,Baixo
1960972,0.029043,0,Baixo
1957695,0.029043,0,Baixo
1956886,0.090592,0,Baixo
1959387,0.003165,0,Baixo
1959005,0.029043,0,Baixo
1959925,0.029043,0,Baixo
1961056,0.062794,0,Baixo
1960725,0.029043,0,Baixo
1961074,0.062794,0,Baixo
1961069,0.003165,0,Baixo
1956744,0.143994,0,Baixo
1957862,0.062794,0,Baixo
1959938,0.009174,0,Baixo
1957609,0.094203,0,Baixo
1959065,0.029043,0,Baixo
1961076,0.100213,0,Baixo
1958205,0.080586,0,Baixo
1960615,0.023861,0,Baixo
1959720,0.062794,0,Baixo
1958515,0.029043,0,Baixo
1960231,0.090592,0,Baixo
1959610,0.143994,0,Baixo
1960778,0.029043,0,Baixo
1961095,0.062794,0,Baixo
1955548,0.029043,0,Baixo
1959819,0.023861,0,Baixo
1961045,0.062794,0,Baixo
1959686,0.090592,0,Baixo
1961098,0.013889,0,Baixo
1961007,0.0,0,Baixo
1955600,0.090592,0,Baixo
1961127,0.163658,0,Baixo
1961114,0.062794,0,Baixo
1961121,0.013889,0,Baixo
1961017,0.029043,0,Baixo
1952835,0.001348,0,Baixo
1961106,0.003165,0,Baixo
1951542,0.010676,0,Baixo
1960970,0.023861,0,Baixo
1960949,0.163658,0,Baixo
1961122,0.010676,0,Baixo
1961137,0.045455,0,Baixo
1961155,0.010676,0,Baixo
1961125,0.029043,0,Baixo
1961058,0.009174,0,Baixo
1961131,0.010676,0,Baixo
1961129,0.080586,0,Baixo
1951102,0.023861,0,Baixo
1961185,0.071023,0,Baixo
1961132,0.029043,0,Baixo
1961157,0.013889,0,Baixo
1958462,0.062794,0,Baixo
1960452,0.143994,0,Baixo
1961205,0.029043,0,Baixo
1961215,0.013889,0,Baixo
1961173,0.029043,0,Baixo
1958215,0.071023,0,Baixo
1960577,0.029043,0,Baixo
1958104,0.010676,0,Baixo
1961197,0.010676,0,Baixo
1961224,0.013889,0,Baixo
1959528,0.071023,0,Baixo
1960684,0.029043,0,Baixo
1958274,0.062794,0,Baixo
1961161,0.010676,0,Baixo
1961285,0.001348,0,Baixo
1961101,0.013889,0,Baixo
1961244,0.029043,0,Baixo
1961211,0.062794,0,Baixo
1958271,0.071023,0,Baixo
1960732,0.080586,0,Baixo
1960826,0.029043,0,Baixo
1957897,0.100213,0,Baixo
1960897,0.143994,0,Baixo
1961318,0.029043,0,Baixo
1961355,0.029043,0,Baixo
1960892,0.013889,0,Baixo
1955442,0.029043,0,Baixo
1961332,0.010676,0,Baixo
1961195,0.143994,0,Baixo
1961172,0.062794,0,Baixo
1954944,0.0,0,Baixo
1958825,0.143994,0,Baixo
1961271,0.023861,0,Baixo
1959902,0.100213,0,Baixo
1956356,0.010676,0,Baixo
1961399,0.143994,0,Baixo
1961439,0.029043,0,Baixo
1961431,0.029043,0,Baixo
1957556,0.071023,0,Baixo
1961177,0.201923,0,Medio
1944614,0.029043,0,Baixo
1952366,0.010676,0,Baixo
1960490,0.100213,0,Baixo
1960070,0.045455,0,Baixo
1961049,0.003165,0,Baixo
1953337,0.071023,0,Baixo
1959546,0.143994,0,Baixo
1959774,0.013889,0,Baixo
1955229,0.023861,0,Baixo
1958044,0.090592,0,Baixo
1957409,0.045455,0,Baixo
1961241,0.071023,0,Baixo
1961448,0.029043,0,Baixo
1961455,0.100213,0,Baixo
1954702,0.071023,0,Baixo
1961002,0.013889,0,Baixo
1957211,0.137931,0,Baixo
1961430,0.062794,0,Baixo
1958243,0.094203,0,Baixo
1958582,0.100213,0,Baixo
1961398,0.013889,0,Baixo
1959858,0.003165,0,Baixo
1959276,0.143994,0,Baixo
1959859,0.094203,0,Baixo
1957877,0.013889,0,Baixo
1961451,0.010676,0,Baixo
1959750,0.029043,0,Baixo
1955201,0.100213,0,Baixo
1961046,0.013889,0,Baixo
1960072,0.010676,0,Baixo
1955084,0.029043,0,Baixo
1961500,0.013889,0,Baixo
1958735,0.029043,0,Baixo
1961403,0.143994,0,Baixo
1961517,0.013889,0,Baixo
1958152,0.214925,0,Medio
1955694,0.100213,0,Baixo
1961512,0.100213,0,Baixo
1956151,0.003165,0,Baixo
1959124,0.062794,0,Baixo
1958684,0.013889,0,Baixo
1958384,0.071023,0,Baixo
1958288,0.090592,0,Baixo
1961556,0.029043,0,Baixo
1960895,0.003165,0,Baixo
1961518,0.029043,0,Baixo
1961544,0.029043,0,Baixo
1961555,0.062794,0,Baixo
1961543,0.010676,0,Baixo
1961553,0.010676,0,Baixo
1958432,0.029043,0,Baixo
1961533,0.100213,0,Baixo
1957534,0.090592,0,Baixo
1959806,0.090592,0,Baixo
1957479,0.045455,0,Baixo
1960281,0.013889,0,Baixo
1960794,0.029043,0,Baixo
1961573,0.029043,0,Baixo
1961617,0.009174,0,Baixo
1958185,0.023861,0,Baixo
1958563,0.029043,0,Baixo
1954443,0.013889,0,Baixo
1961587,0.080586,0,Baixo
1960917,0.029043,0,Baixo
1955541,0.090592,0,Baixo
1958640,0.080586,0,Baixo
1959564,0.029043,0,Baixo
1959352,0.100213,0,Baixo
1960907,0.080586,0,Baixo
1961597,0.090592,0,Baixo
1959748,0.163658,0,Baixo
1958856,0.143994,0,Baixo
1961212,0.045455,0,Baixo
1961364,0.100213,0,Baixo
1958299,0.071023,0,Baixo
1957881,0.090592,0,Baixo
1960390,0.029043,0,Baixo
1960535,0.143994,0,Baixo
1956657,0.023861,0,Baixo
1960453,0.029043,0,Baixo
1961672,0.013889,0,Baixo
1958087,0.029043,0,Baixo
1961582,0.013889,0,Baixo
1961648,0.100213,0,Baixo
1961678,0.071023,0,Baixo
1961684,0.090592,0,Baixo
1960581,0.029043,0,Baixo
1961652,0.100213,0,Baixo
1961683,0.010676,0,Baixo
1895628,0.143994,0,Baixo
1960156,0.071023,0,Baixo
1959637,0.023861,0,Baixo
1961632,0.003165,0,Baixo
1961413,0.163658,0,Baixo
1957908,0.12069,0,Baixo
1960062,0.029043,0,Baixo
1950288,0.029043,0,Baixo
1961736,0.001348,0,Baixo
1961731,0.001348,0,Baixo
1961699,0.163658,0,Baixo
1956767,0.003165,0,Baixo
1961711,0.0,0,Baixo
1961735,0.001348,0,Baixo
1218283,0.010676,0,Baixo
1960704,0.029043,0,Baixo
1953740,0.080586,0,Baixo
1960289,0.023861,0,Baixo
1617852,0.0,0,Baixo
1958233,0.029043,0,Baixo
1961339,0.029043,0,Baixo
1959012,0.143994,0,Baixo
1960735,0.029043,0,Baixo
1961519,0.029043,0,Baixo
1961762,0.029043,0,Baixo
1961746,0.071023,0,Baixo
1958888,0.143994,0,Baixo
1958938,0.010676,0,Baixo
1961096,0.003165,0,Baixo
1961760,0.013889,0,Baixo
1960485,0.071023,0,Baixo
1953953,0.029043,0,Baixo
1961780,0.029043,0,Baixo
1933968,0.062794,0,Baixo
1961697,0.045455,0,Baixo
1957195,0.071023,0,Baixo
1961809,0.010676,0,Baixo
1957669,0.071023,0,Baixo
1961803,0.090592,0,Baixo
1961819,0.010676,0,Baixo
1961778,0.029043,0,Baixo
431885,0.143994,0,Baixo
1944689,0.023861,0,Baixo
1959731,0.100213,0,Baixo
1961317,0.045455,0,Baixo
1956921,0.029043,0,Baixo
1931895,0.029043,0,Baixo
1961817,0.143994,0,Baixo
1961788,0.001348,0,Baixo
1919477,0.163658,0,Baixo
1961841,0.071023,0,Baixo
1958793,0.029043,0,Baixo
1059229,0.029043,0,Baixo
1955695,0.029043,0,Baixo
1961869,0.100213,0,Baixo
1958446,0.029043,0,Baixo
1954291,0.071023,0,Baixo
1958385,0.062794,0,Baixo
1956632,0.029043,0,Baixo
1957218,0.0,0,Baixo
1959680,0.080586,0,Baixo
1956501,0.010676,0,Baixo
1957318,0.100213,0,Baixo
1960996,0.023861,0,Baixo
1958530,0.013889,0,Baixo
1961878,0.009174,0,Baixo
1958574,0.143994,0,Baixo
1961126,0.094203,0,Baixo
1961893,0.023861,0,Baixo
1961796,0.100213,0,Baixo
1961902,0.029043,0,Baixo
1961904,0.009174,0,Baixo
1961876,0.009174,0,Baixo
1961738,0.029043,0,Baixo
1961585,0.023861,0,Baixo
1960564,0.009174,0,Baixo
1961881,0.080586,0,Baixo
1961889,0.045455,0,Baixo
1961454,0.029043,0,Baixo
1961910,0.062794,0,Baixo
1961765,0.100213,0,Baixo
1961845,0.029043,0,Baixo
1961898,0.062794,0,Baixo
1961874,0.100213,0,Baixo
1961924,0.003165,0,Baixo
1961596,0.062794,0,Baixo
1956210,0.100213,0,Baixo
1958871,0.094203,0,Baixo
1961578,0.100213,0,Baixo
1955558,0.009174,0,Baixo
1957636,0.214925,0,Medio
1961921,0.023861,0,Baixo
1955290,0.029043,0,Baixo
1961926,0.029043,0,Baixo
1958738,0.029043,0,Baixo
1956188,0.029043,0,Baixo
1958344,0.023861,0,Baixo
1957562,0.094203,0,Baixo
1961784,0.013889,0,Baixo
1681685,0.023861,0,Baixo
1956495,0.143994,0,Baixo
1959409,0.029043,0,Baixo
1951661,0.090592,0,Baixo
1959483,0.0,0,Baixo
1959475,0.100213,0,Baixo
1955407,0.029043,0,Baixo
1958544,0.029043,0,Baixo
1956402,0.029043,0,Baixo
1956624,0.094203,0,Baixo
1961956,0.229935,0,Medio
1956405,0.062794,0,Baixo
1961970,0.013889,0,Baixo
1961960,0.013889,0,Baixo
1961965,0.013889,0,Baixo
1813360,0.080586,0,Baixo
1907847,0.029043,0,Baixo
1961758,0.010676,0,Baixo
1961865,0.045455,0,Baixo
1961593,0.029043,0,Baixo
1957782,0.100213,0,Baixo
1961883,0.029043,0,Baixo
1961962,0.029043,0,Baixo
1955734,0.023861,0,Baixo
1961681,0.013889,0,Baixo
1951686,0.029043,0,Baixo
1960626,0.023861,0,Baixo
1962011,0.003165,0,Baixo
1959198,0.010676,0,Baixo
1962002,0.029043,0,Baixo
1961963,0.080586,0,Baixo
1941611,0.071023,0,Baixo
1957314,0.163658,0,Baixo
1959326,0.071023,0,Baixo
1962012,0.003165,0,Baixo
1956835,0.029043,0,Baixo
1960103,0.080586,0,Baixo
1953021,0.100213,0,Baixo
1961806,0.013889,0,Baixo
1962001,0.029043,0,Baixo
1961992,0.001348,0,Baixo
1949662,0.166038,0,Baixo
1961984,0.143994,0,Baixo
1962029,0.071023,0,Baixo
1961950,0.013889,0,Baixo
1961894,0.023861,0,Baixo
1956376,0.12069,0,Baixo
1962041,0.001348,0,Baixo
1961870,0.029043,0,Baixo
1630895,0.094203,0,Baixo
1957920,0.003165,0,Baixo
1962047,0.062794,0,Baixo
1923392,0.010676,0,Baixo
1961210,0.062794,0,Baixo
1961631,0.062794,0,Baixo
1957963,0.029043,0,Baixo
1956322,0.029043,0,Baixo
1960527,0.012174,0,Baixo
1940898,0.009174,0,Baixo
1961619,0.029043,0,Baixo
1961851,0.029043,0,Baixo
1959496,0.029043,0,Baixo
1958282,0.029043,0,Baixo
1957481,0.029043,0,Baixo
1959365,0.100213,0,Baixo
1955940,0.001348,0,Baixo
1961354,0.071023,0,Baixo
1962004,0.013889,0,Baixo
1961976,0.100213,0,Baixo
1955225,0.029043,0,Baixo
1962112,0.143994,0,Baixo
1960788,0.013889,0,Baixo
1962097,0.013889,0,Baixo
1962091,0.010676,0,Baixo
1960571,0.062794,0,Baixo
1956140,0.062794,0,Baixo
1957874,0.013889,0,Baixo
1962092,0.029043,0,Baixo
1957362,0.100213,0,Baixo
1958678,0.143994,0,Baixo
1962137,0.013889,0,Baixo
1961815,0.029043,0,Baixo
1962152,0.080586,0,Baixo
1955898,0.163658,0,Baixo
1959783,0.010676,0,Baixo
1962102,0.029043,0,Baixo
1958501,0.100213,0,Baixo
1961380,0.143994,0,Baixo
1962067,0.071023,0,Baixo
1962187,0.100213,0,Baixo
1958206,0.080586,0,Baixo
1961985,0.003165,0,Baixo
1962155,0.071023,0,Baixo
1957365,0.045455,0,Baixo
1962190,0.003165,0,Baixo
1961103,0.010676,0,Baixo
1962193,0.029043,0,Baixo
1962213,0.029043,0,Baixo
1962211,0.143994,0,Baixo
1960024,0.030303,0,Baixo
1962192,0.071023,0,Baixo
1962215,0.071023,0,Baixo
1954728,0.062794,0,Baixo
1962208,0.029043,0,Baixo
1952942,0.062794,0,Baixo
1962201,0.029043,0,Baixo
1960271,0.029043,0,Baixo
1959934,0.080586,0,Baixo
1961202,0.013889,0,Baixo
1962230,0.003165,0,Baixo
1957273,0.143994,0,Baixo
1962253,0.029043,0,Baixo
1962246,0.0,0,Baixo
1960919,0.080586,0,Baixo
1959733,0.045455,0,Baixo
1949783,0.003165,0,Baixo
1957175,0.013889,0,Baixo
1959161,0.029043,0,Baixo
1962170,0.009174,0,Baixo
1947520,0.023861,0,Baixo
1962241,0.010676,0,Baixo
1962257,0.029043,0,Baixo
1962267,0.143994,0,Baixo
1962202,0.071023,0,Baixo
1956616,0.071023,0,Baixo
1953181,0.029043,0,Baixo
1957902,0.003165,0,Baixo
1959923,0.010676,0,Baixo
1962008,0.029043,0,Baixo
1962269,0.013889,0,Baixo
1957946,0.029043,0,Baixo
1959098,0.009174,0,Baixo
1962250,0.003165,0,Baixo
1960782,0.143994,0,Baixo
1961147,0.143994,0,Baixo
1958333,0.029043,0,Baixo
1962265,0.010676,0,Baixo
1949882,0.023861,0,Baixo
1961460,0.023861,0,Baixo
1962280,0.100213,0,Baixo
1962259,0.163658,0,Baixo
1962252,0.090592,0,Baixo
1958880,0.071023,0,Baixo
1962200,0.010676,0,Baixo
1959636,0.143994,0,Baixo
1962287,0.013889,0,Baixo
1962179,0.062794,0,Baixo
1962300,0.001348,0,Baixo
1956976,0.071023,0,Baixo
1961943,0.137931,0,Baixo
1961140,0.071023,0,Baixo
1895043,0.100213,0,Baixo
1962311,0.023861,0,Baixo
1960464,0.163658,0,Baixo
1957684,0.071023,0,Baixo
1956428,0.143994,0,Baixo
1957739,0.023861,0,Baixo
1957111,0.0,0,Baixo
1962331,0.045455,0,Baixo
1962035,0.080586,0,Baixo
1962036,0.071023,0,Baixo
1962336,0.029043,0,Baixo
1958577,0.100213,0,Baixo
1953355,0.029043,0,Baixo
1960850,0.137931,0,Baixo
1952975,0.100213,0,Baixo
1962346,0.009174,0,Baixo
1961700,0.029043,0,Baixo
1962339,0.013889,0,Baixo
1962376,0.003165,0,Baixo
1958368,0.062794,0,Baixo
1957020,0.062794,0,Baixo
1955234,0.029043,0,Baixo
1962375,0.0,0,Baixo
1962310,0.143994,0,Baixo
1960186,0.094203,0,Baixo
1962372,0.090592,0,Baixo
1958736,0.029043,0,Baixo
1962355,0.029043,0,Baixo
1962382,0.023861,0,Baixo
1962383,0.071023,0,Baixo
1954877,0.100213,0,Baixo
1962361,0.023861,0,Baixo
1962231,0.023861,0,Baixo
1955899,0.094203,0,Baixo
1962182,0.001348,0,Baixo
1962136,0.023861,0,Baixo
1942169,0.009174,0,Baixo
1956814,0.029043,0,Baixo
1958309,0.029043,0,Baixo
1960611,0.062794,0,Baixo
1962186,0.010676,0,Baixo
1957656,0.029043,0,Baixo
1954632,0.001348,0,Baixo
1956548,0.029043,0,Baixo
1956979,0.100213,0,Baixo
1955731,0.023861,0,Baixo
1960667,0.071023,0,Baixo
1958364,0.062794,0,Baixo
1959348,0.009174,0,Baixo
1957293,0.013889,0,Baixo
1958765,0.100213,0,Baixo
1962411,0.003165,0,Baixo
1953924,0.100213,0,Baixo
1957016,0.143994,0,Baixo
1962412,0.013889,0,Baixo
1962423,0.062794,0,Baixo
1961580,0.029043,0,Baixo
1961379,0.029043,0,Baixo
1961386,0.143994,0,Baixo
1960418,0.029043,0,Baixo
1962432,0.029043,0,Baixo
1962427,0.003165,0,Baixo
1956946,0.100213,0,Baixo
1958345,0.029043,0,Baixo
1962441,0.100213,0,Baixo
1958970,0.080586,0,Baixo
1961968,0.100213,0,Baixo
1962297,0.045455,0,Baixo
1962327,0.080586,0,Baixo
1962324,0.062794,0,Baixo
1962476,0.029043,0,Baixo
1962485,0.013889,0,Baixo
1958240,0.100213,0,Baixo
1962484,0.029043,0,Baixo
1962305,0.029043,0,Baixo
1962127,0.029043,0,Baixo
1962473,0.062794,0,Baixo
1949189,0.010676,0,Baixo
1955914,0.143994,0,Baixo
1956958,0.029043,0,Baixo
1958023,0.029043,0,Baixo
1959331,0.029043,0,Baixo
1953323,0.166038,0,Baixo
1962512,0.143994,0,Baixo
1962451,0.071023,0,Baixo
1962520,0.013889,0,Baixo
1962394,0.090592,0,Baixo
1962502,0.143994,0,Baixo
1962527,0.029043,0,Baixo
1954992,0.143994,0,Baixo
1962026,0.100213,0,Baixo
1962421,0.013889,0,Baixo
1961830,0.013889,0,Baixo
1958196,0.143994,0,Baixo
1962516,0.100213,0,Baixo
1962481,0.143994,0,Baixo
1962293,0.023861,0,Baixo
1962509,0.100213,0,Baixo
1962546,0.090592,0,Baixo
1962446,0.029043,0,Baixo
1959586,0.071023,0,Baixo
1962559,0.029043,0,Baixo
1962563,0.029043,0,Baixo
1962564,0.009174,0,Baixo
1961983,0.023861,0,Baixo
1962435,0.094203,0,Baixo
1962603,0.029043,0,Baixo
1962581,0.023861,0,Baixo
1958697,0.143994,0,Baixo
1962541,0.003165,0,Baixo
1959293,0.100213,0,Baixo
1949985,0.071023,0,Baixo
1943809,0.013889,0,Baixo
1962568,0.029043,0,Baixo
1958053,0.062794,0,Baixo
1961561,0.029043,0,Baixo
1957716,0.045455,0,Baixo
1958944,0.030303,0,Baixo
1957581,0.100213,0,Baixo
1958524,0.071023,0,Baixo
1961175,0.029043,0,Baixo
1962637,0.029043,0,Baixo
1961014,0.100213,0,Baixo
1947543,0.029043,0,Baixo
1958259,0.029043,0,Baixo
1962636,0.143994,0,Baixo
1962633,0.029043,0,Baixo
1959767,0.143994,0,Baixo
1962806,0.071023,0,Baixo
1962775,0.023861,0,Baixo
1962705,0.029043,0,Baixo
1956237,0.090592,0,Baixo
1957954,0.143994,0,Baixo
1962500,0.062794,0,Baixo
1956531,0.023861,0,Baixo
1959491,0.029043,0,Baixo
1962634,0.143994,0,Baixo
1962810,0.143994,0,Baixo
1962822,0.045455,0,Baixo
1962796,0.062794,0,Baixo
1962732,0.013889,0,Baixo
1960741,0.080586,0,Baixo
1962639,0.062794,0,Baixo
1956324,0.090592,0,Baixo
1958915,0.023861,0,Baixo
1956126,0.100213,0,Baixo
1962811,0.013889,0,Baixo
1960750,0.013889,0,Baixo
1962754,0.071023,0,Baixo
1954920,0.001348,0,Baixo
1962739,0.013889,0,Baixo
1962449,0.163658,0,Baixo
1962687,0.029043,0,Baixo
1962646,0.029043,0,Baixo
1962767,0.100213,0,Baixo
1958561,0.071023,0,Baixo
1962667,0.062794,0,Baixo
1961201,0.029043,0,Baixo
1961932,0.071023,0,Baixo
1957786,0.143994,0,Baixo
1959166,0.100213,0,Baixo
1962330,0.071023,0,Baixo
1961395,0.013889,0,Baixo
1960573,0.023861,0,Baixo
1962864,0.100213,0,Baixo
1961978,0.013889,0,Baixo
1962833,0.029043,0,Baixo
1958331,0.080586,0,Baixo
1962615,0.010676,0,Baixo
1962780,0.029043,0,Baixo
1958083,0.003165,0,Baixo
1960967,0.080586,0,Baixo
1962592,0.045455,0,Baixo
1962883,0.143994,0,Baixo
1962621,0.080586,0,Baixo
1958624,0.143994,0,Baixo
1960912,0.030303,0,Baixo
1959470,0.029043,0,Baixo
1962455,0.143994,0,Baixo
1962874,0.023861,0,Baixo
1962817,0.023861,0,Baixo
1960311,0.029043,0,Baixo
1960495,0.013889,0,Baixo
1962053,0.029043,0,Baixo
1960790,0.094203,0,Baixo
1962931,0.071023,0,Baixo
1962683,0.100213,0,Baixo
1962845,0.071023,0,Baixo
1962408,0.090592,0,Baixo
1957535,0.029043,0,Baixo
1958656,0.029043,0,Baixo
1962871,0.137931,0,Baixo
1962580,0.029043,0,Baixo
1956843,0.062794,0,Baixo
1962746,0.029043,0,Baixo
1962958,0.029043,0,Baixo
1962146,0.029043,0,Baixo
1962893,0.062794,0,Baixo
1959184,0.062794,0,Baixo
1962990,0.029043,0,Baixo
1959889,0.071023,0,Baixo
1957164,0.003165,0,Baixo
1960699,0.062794,0,Baixo
1962805,0.003165,0,Baixo
1962948,0.071023,0,Baixo
1962979,0.143994,0,Baixo
1962962,0.143994,0,Baixo
1954949,0.001348,0,Baixo
1962915,0.029043,0,Baixo
1963005,0.100213,0,Baixo
1958768,0.090592,0,Baixo
1962880,0.071023,0,Baixo
1962953,0.013889,0,Baixo
1962766,0.080586,0,Baixo
1962867,0.163658,0,Baixo
1962966,0.100213,0,Baixo
1963000,0.029043,0,Baixo
1956783,0.029043,0,Baixo
1960906,0.094203,0,Baixo
1958613,0.143994,0,Baixo
1956358,0.163658,0,Baixo
1963014,0.029043,0,Baixo
1962420,0.029043,0,Baixo
1963007,0.023861,0,Baixo
1963006,0.010676,0,Baixo
1962876,0.013889,0,Baixo
1963022,0.071023,0,Baixo
1955920,0.023861,0,Baixo
1959318,0.090592,0,Baixo
1962968,0.013889,0,Baixo
1957833,0.100213,0,Baixo
1960681,0.029043,0,Baixo
1962993,0.023861,0,Baixo
1962977,0.029043,0,Baixo
1963052,0.009174,0,Baixo
1963041,0.029043,0,Baixo
1962638,0.023861,0,Baixo
1962905,0.023861,0,Baixo
1962823,0.029043,0,Baixo
1960947,0.0,0,Baixo
1963027,0.094203,0,Baixo
1963058,0.001348,0,Baixo
1963066,0.009174,0,Baixo
1962938,0.143994,0,Baixo
1962942,0.0,0,Baixo
1962947,0.100213,0,Baixo
1958968,0.100213,0,Baixo
1962794,0.062794,0,Baixo
1962641,0.029043,0,Baixo
1962642,0.143994,0,Baixo
1959730,0.094203,0,Baixo
1962688,0.029043,0,Baixo
1963004,0.100213,0,Baixo
1960262,0.029043,0,Baixo
1962653,0.029043,0,Baixo
1963096,0.071023,0,Baixo
1962803,0.023861,0,Baixo
1962743,0.163658,0,Baixo
1963088,0.071023,0,Baixo
1960398,0.003165,0,Baixo
1963113,0.029043,0,Baixo
1960958,0.163658,0,Baixo
1963111,0.023861,0,Baixo
1961569,0.010676,0,Baixo
1962984,0.029043,0,Baixo
1959901,0.045455,0,Baixo
1962576,0.090592,0,Baixo
1963123,0.029043,0,Baixo
1961536,0.071023,0,Baixo
1963121,0.12069,0,Baixo
1963050,0.029043,0,Baixo
1963125,0.029043,0,Baixo
1963071,0.010676,0,Baixo
1956500,0.080586,0,Baixo
1960164,0.090592,0,Baixo
1962978,0.143994,0,Baixo
1963054,0.023861,0,Baixo
1963019,0.010676,0,Baixo
1961546,0.009174,0,Baixo
1962991,0.029043,0,Baixo
1963137,0.143994,0,Baixo
1962976,0.029043,0,Baixo
1959891,0.071023,0,Baixo
1963154,0.010676,0,Baixo
1963158,0.062794,0,Baixo
1963155,0.003165,0,Baixo
1962786,0.029043,0,Baixo
1963128,0.071023,0,Baixo
1963167,0.080586,0,Baixo
1963168,0.023861,0,Baixo
1963165,0.013889,0,Baixo
1962816,0.062794,0,Baixo
1956820,0.029043,0,Baixo
1958098,0.071023,0,Baixo
1953592,0.045455,0,Baixo
1957923,0.100213,0,Baixo
1959571,0.071023,0,Baixo
1962402,0.029043,0,Baixo
1960835,0.029043,0,Baixo
1957932,0.013889,0,Baixo
1962650,0.029043,0,Baixo
1962666,0.003165,0,Baixo
1963094,0.071023,0,Baixo
1963196,0.013889,0,Baixo
1962214,0.001348,0,Baixo
1958813,0.029043,0,Baixo
1962664,0.013889,0,Baixo
1955375,0.023861,0,Baixo
1958632,0.013889,0,Baixo
1959467,0.062794,0,Baixo
1339380,0.094203,0,Baixo
1957798,0.029043,0,Baixo
1963072,0.029043,0,Baixo
1963180,0.010676,0,Baixo
1963201,0.029043,0,Baixo
1959659,0.013889,0,Baixo
1963160,0.023861,0,Baixo
1963139,0.143994,0,Baixo
1963143,0.045455,0,Baixo
1963053,0.009174,0,Baixo
1963222,0.045455,0,Baixo
1963193,0.013889,0,Baixo
1958128,0.100213,0,Baixo
1963214,0.001348,0,Baixo
1958102,0.100213,0,Baixo
1960997,0.071023,0,Baixo
1959115,0.029043,0,Baixo
1963191,0.143994,0,Baixo
1958168,0.143994,0,Baixo
1963197,0.013889,0,Baixo
1963229,0.029043,0,Baixo
1961756,0.062794,0,Baixo
1961618,0.001348,0,Baixo
1963220,0.013889,0,Baixo
1963237,0.100213,0,Baixo
1963271,0.023861,0,Baixo
1958815,0.143994,0,Baixo
1963277,0.013889,0,Baixo
1963282,0.010676,0,Baixo
1959296,0.030303,0,Baixo
1963281,0.023861,0,Baixo
1963255,0.003165,0,Baixo
1963274,0.023861,0,Baixo
1963192,0.045455,0,Baixo
1963103,0.023861,0,Baixo
1963284,0.023861,0,Baixo
1963280,0.023861,0,Baixo
1963288,0.001348,0,Baixo
1963272,0.013889,0,Baixo
1963306,0.001348,0,Baixo
1963287,0.013889,0,Baixo
1963286,0.003165,0,Baixo
1963244,0.013889,0,Baixo
1963304,0.013889,0,Baixo
1963292,0.001348,0,Baixo
1954673,0.071023,0,Baixo
1963311,0.020999,0,Baixo
1963307,0.010676,0,Baixo
1958636,0.029043,0,Baixo
1963317,0.023861,0,Baixo
1963297,0.013889,0,Baixo
1963315,0.009174,0,Baixo
1963322,0.029043,0,Baixo
1961409,0.100213,0,Baixo
1963312,0.013889,0,Baixo
1963296,0.013889,0,Baixo
1963140,0.062794,0,Baixo
1961589,0.163658,0,Baixo
1963310,0.029043,0,Baixo
1957276,0.045455,0,Baixo
1962506,0.029043,0,Baixo
1963235,0.023861,0,Baixo
1963249,0.143994,0,Baixo
1963335,0.062794,0,Baixo
1963331,0.080586,0,Baixo
1963318,0.029043,0,Baixo
1960326,0.029043,0,Baixo
1963323,0.062794,0,Baixo
1962853,0.062794,0,Baixo
1963354,0.013889,0,Baixo
1963342,0.090592,0,Baixo
1963367,0.029043,0,Baixo
1963349,0.003165,0,Baixo
1963293,0.010676,0,Baixo
1963309,0.001348,0,Baixo
1963298,0.090592,0,Baixo
1958984,0.029043,0,Baixo
1962015,0.029043,0,Baixo
1962619,0.010676,0,Baixo
1963230,0.029043,0,Baixo
1963204,0.0,0,Baixo
1955935,0.013889,0,Baixo
1962995,0.029043,0,Baixo
1963130,0.029043,0,Baixo
1960522,0.045455,0,Baixo
1963245,0.163658,0,Baixo
1963291,0.023861,0,Baixo
1961162,0.071023,0,Baixo
1963383,0.029043,0,Baixo
1962356,0.045455,0,Baixo
1961421,0.163658,0,Baixo
1963357,0.029043,0,Baixo
1962415,0.094203,0,Baixo
1963507,0.003165,0,Baixo
1963473,0.045455,0,Baixo
1963433,0.010676,0,Baixo
1963316,0.013889,0,Baixo
1963481,0.071023,0,Baixo
1956663,0.214925,0,Medio
1963497,0.010676,0,Baixo
1962491,0.013889,0,Baixo
1963528,0.013889,0,Baixo
1960022,0.100213,0,Baixo
1963533,0.094203,0,Baixo
1957071,0.023861,0,Baixo
1961873,0.001348,0,Baixo
1962147,0.163658,0,Baixo
1963532,0.013889,0,Baixo
1960771,0.143994,0,Baixo
1962973,0.029043,0,Baixo
1956942,0.071023,0,Baixo
1963108,0.071023,0,Baixo
1962477,0.001348,0,Baixo
1963557,0.062794,0,Baixo
1957632,0.090592,0,Baixo
1963585,0.143994,0,Baixo
1960566,0.029043,0,Baixo
1960175,0.045455,0,Baixo
1963546,0.029043,0,Baixo
1963411,0.010676,0,Baixo
1957177,0.029043,0,Baixo
1963618,0.013889,0,Baixo
1963604,0.013889,0,Baixo
1963627,0.062794,0,Baixo
1962596,0.143994,0,Baixo
1963418,0.080586,0,Baixo
1963645,0.029043,0,Baixo
1963650,0.0,0,Baixo
1961866,0.062794,0,Baixo
1963667,0.023861,0,Baixo
1958764,0.023861,0,Baixo
1779352,0.029043,0,Baixo
1963676,0.143994,0,Baixo
1952510,0.071023,0,Baixo
1963714,0.029043,0,Baixo
1960558,0.071023,0,Baixo
1963261,0.001348,0,Baixo
1958924,0.029043,0,Baixo
1963748,0.010676,0,Baixo
1963295,0.013889,0,Baixo
1963761,0.12069,0,Baixo
1960484,0.062794,0,Baixo
1957772,0.029043,0,Baixo
1963768,0.071023,0,Baixo
1963746,0.029043,0,Baixo
1956852,0.013889,0,Baixo
1962517,0.009174,0,Baixo
1956118,0.013889,0,Baixo
1963358,0.029043,0,Baixo
1958519,0.010676,0,Baixo
1963812,0.071023,0,Baixo
1958242,0.045455,0,Baixo
1960011,0.100213,0,Baixo
1960194,0.029043,0,Baixo
1961987,0.009174,0,Baixo
1962970,0.071023,0,Baixo
1963851,0.029043,0,Baixo
1955355,0.013889,0,Baixo
1963853,0.003165,0,Baixo
1958214,0.029043,0,Baixo
1963355,0.029043,0,Baixo
1963764,0.029043,0,Baixo
1958013,0.071023,0,Baixo
1963847,0.010676,0,Baixo
1958933,0.013889,0,Baixo
1963844,0.003165,0,Baixo
1958337,0.029043,0,Baixo
1963359,0.029043,0,Baixo
1952659,0.029043,0,Baixo
1962457,0.029043,0,Baixo
1963892,0.143994,0,Baixo
1963890,0.029043,0,Baixo
1963898,0.029043,0,Baixo
1958484,0.029043,0,Baixo
1963900,0.029043,0,Baixo
1961586,0.071023,0,Baixo
1963886,0.094203,0,Baixo
1963910,0.013889,0,Baixo
1963889,0.029043,0,Baixo
1953877,0.029043,0,Baixo
1963911,0.071023,0,Baixo
1959404,0.100213,0,Baixo
1963909,0.010676,0,Baixo
1963901,0.010676,0,Baixo
1962302,0.023861,0,Baixo
1963931,0.023861,0,Baixo
1951623,0.013889,0,Baixo
1963932,0.001348,0,Baixo
1963930,0.214925,0,Medio
1958139,0.023861,0,Baixo
1959291,0.143994,0,Baixo
1963279,0.029043,0,Baixo
1960753,0.062794,0,Baixo
1963941,0.163658,0,Baixo
1963942,0.009174,0,Baixo
1958121,0.100213,0,Baixo
1959787,0.013889,0,Baixo
1963824,0.029043,0,Baixo
1963954,0.062794,0,Baixo
1954259,0.029043,0,Baixo
1963771,0.023861,0,Baixo
1963959,0.029043,0,Baixo
1963373,0.071023,0,Baixo
1959897,0.062794,0,Baixo
1963982,0.071023,0,Baixo
1963979,0.010676,0,Baixo
1962368,0.029043,0,Baixo
1961086,0.143994,0,Baixo
1957711,0.029043,0,Baixo
1891010,0.080586,0,Baixo
1963936,0.143994,0,Baixo
1963990,0.143994,0,Baixo
1963015,0.023861,0,Baixo
1956409,0.029043,0,Baixo
1957340,0.023861,0,Baixo
1952721,0.062794,0,Baixo
1964017,0.003165,0,Baixo
1958724,0.143994,0,Baixo
1964001,0.029043,0,Baixo
1962366,0.013889,0,Baixo
1934513,0.0,0,Baixo
1960821,0.029043,0,Baixo
1954075,0.062794,0,Baixo
1960603,0.013889,0,Baixo
1958135,0.010676,0,Baixo
1964015,0.029043,0,Baixo
1964048,0.013889,0,Baixo
1964034,0.080586,0,Baixo
1964036,0.090592,0,Baixo
1964049,0.003165,0,Baixo
1958637,0.029043,0,Baixo
1964000,0.029043,0,Baixo
1958779,0.071023,0,Baixo
1964058,0.029043,0,Baixo
1964027,0.029043,0,Baixo
1963372,0.010676,0,Baixo
1964063,0.010676,0,Baixo
1960430,0.023861,0,Baixo
1964070,0.100213,0,Baixo
1964065,0.143994,0,Baixo
1962777,0.166038,0,Baixo
1963194,0.023861,0,Baixo
1959158,0.029043,0,Baixo
1964082,0.001348,0,Baixo
1964067,0.0,0,Baixo
1963090,0.214925,0,Medio
1957568,0.023861,0,Baixo
1963273,0.029043,0,Baixo
1956904,0.013889,0,Baixo
1959992,0.090592,0,Baixo
1935182,0.003165,0,Baixo
1964090,0.001348,0,Baixo
1964083,0.080586,0,Baixo
1947764,0.029043,0,Baixo
1963133,0.023861,0,Baixo
1963891,0.013889,0,Baixo
1960980,0.003165,0,Baixo
1961656,0.003165,0,Baixo
1964140,0.143994,0,Baixo
1960693,0.029043,0,Baixo
1946892,0.100213,0,Baixo
1960893,0.090592,0,Baixo
1964138,0.029043,0,Baixo
1964136,0.009174,0,Baixo
1964146,0.029043,0,Baixo
1964127,0.062794,0,Baixo
1962558,0.029043,0,Baixo
1964143,0.013889,0,Baixo
1964152,0.009174,0,Baixo
1954415,0.143994,0,Baixo
1964104,0.003165,0,Baixo
1964114,0.226481,0,Medio
1964123,0.062794,0,Baixo
1959225,0.029043,0,Baixo
1963935,0.062794,0,Baixo
1964003,0.003165,0,Baixo
1957682,0.090592,0,Baixo
1964149,0.010676,0,Baixo
1963394,0.023861,0,Baixo
1937114,0.003165,0,Baixo
1964171,0.010676,0,Baixo
1958245,0.094203,0,Baixo
1964147,0.003165,0,Baixo
1962861,0.023861,0,Baixo
1964180,0.010676,0,Baixo
1953998,0.163658,0,Baixo
1964190,0.013889,0,Baixo
1961549,0.029043,0,Baixo
1964197,0.029043,0,Baixo
1964184,0.009174,0,Baixo
1960009,0.062794,0,Baixo
1964194,0.094203,0,Baixo
1964198,0.029043,0,Baixo
1964196,0.003165,0,Baixo
1964201,0.062794,0,Baixo
1964192,0.013889,0,Baixo
1964148,0.029043,0,Baixo
1964213,0.090592,0,Baixo
1961040,0.029043,0,Baixo
1964212,0.023861,0,Baixo
1961703,0.080586,0,Baixo
1958945,0.029043,0,Baixo
1964227,0.003165,0,Baixo
1961112,0.071023,0,Baixo
1960669,0.045455,0,Baixo
1964237,0.001348,0,Baixo
1961093,0.029043,0,Baixo
1959086,0.100213,0,Baixo
1955042,0.010676,0,Baixo
1964216,0.100213,0,Baixo
1961489,0.062794,0,Baixo
1964224,0.023861,0,Baixo
1947979,0.023861,0,Baixo
1963159,0.023861,0,Baixo
1939553,0.013889,0,Baixo
1961732,0.062794,0,Baixo
1954384,0.013889,0,Baixo
1962924,0.100213,0,Baixo
1958878,0.178571,0,Baixo
1959994,0.013889,0,Baixo
1958644,0.023861,0,Baixo
1954629,0.023861,0,Baixo
1962844,0.029043,0,Baixo
1958895,0.045455,0,Baixo
1961322,0.062794,0,Baixo
1943852,0.029043,0,Baixo
1964222,0.010676,0,Baixo
1964252,0.062794,0,Baixo
1964223,0.045455,0,Baixo
1951709,0.023861,0,Baixo
1958691,0.029043,0,Baixo
1964047,0.023861,0,Baixo
1964266,0.023861,0,Baixo
1962217,0.071023,0,Baixo
1964263,0.029043,0,Baixo
1960543,0.100213,0,Baixo
1964261,0.010676,0,Baixo
1961770,0.062794,0,Baixo
1962504,0.143994,0,Baixo
1964265,0.029043,0,Baixo
1964269,0.029043,0,Baixo
1964267,0.013889,0,Baixo
1964241,0.001348,0,Baixo
1958789,0.029043,0,Baixo
1962840,0.163658,0,Baixo
1964242,0.010676,0,Baixo
1961802,0.029043,0,Baixo
1964279,0.029043,0,Baixo
1954696,0.029043,0,Baixo
1959954,0.003165,0,Baixo
1964186,0.100213,0,Baixo
1964308,0.062794,0,Baixo
1959664,0.029043,0,Baixo
1954738,0.094203,0,Baixo
1964304,0.029043,0,Baixo
1957247,0.001348,0,Baixo
1964225,0.013889,0,Baixo
1950031,0.029043,0,Baixo
1964286,0.029043,0,Baixo
1957204,0.045455,0,Baixo
1964309,0.100213,0,Baixo
1962562,0.029043,0,Baixo
1964319,0.010676,0,Baixo
1958876,0.029043,0,Baixo
1960722,0.001348,0,Baixo
1964335,0.143994,0,Baixo
1964301,0.062794,0,Baixo
1964339,0.029043,0,Baixo
1959018,0.029043,0,Baixo
1964343,0.003165,0,Baixo
1959561,0.080586,0,Baixo
1962203,0.013889,0,Baixo
1964345,0.029043,0,Baixo
1958107,0.143994,0,Baixo
1964355,0.029043,0,Baixo
1956414,0.029043,0,Baixo
1879954,0.100213,0,Baixo
1959088,0.080586,0,Baixo
1961411,0.071023,0,Baixo
1957831,0.071023,0,Baixo
1964191,0.010676,0,Baixo
1962391,0.029043,0,Baixo
1963980,0.029043,0,Baixo
1964370,0.023861,0,Baixo
1634306,0.029043,0,Baixo
1964390,0.003165,0,Baixo
1950337,0.023861,0,Baixo
1964398,0.029043,0,Baixo
1955545,0.062794,0,Baixo
1964393,0.010676,0,Baixo
1964356,0.013889,0,Baixo
1964406,0.029043,0,Baixo
1952457,0.003165,0,Baixo
1964401,0.013889,0,Baixo
1958740,0.029043,0,Baixo
1958548,0.029043,0,Baixo
1960127,0.003165,0,Baixo
1958110,0.080586,0,Baixo
1964185,0.023861,0,Baixo
1961862,0.029043,0,Baixo
1964394,0.029043,0,Baixo
1964272,0.029043,0,Baixo
1959307,0.071023,0,Baixo
1964293,0.013889,0,Baixo
1964397,0.071023,0,Baixo
1954628,0.029043,0,Baixo
1964416,0.029043,0,Baixo
1964415,0.010676,0,Baixo
1964106,0.100213,0,Baixo
1963142,0.023861,0,Baixo
1961064,0.100213,0,Baixo
1960928,0.013889,0,Baixo
1964427,0.013889,0,Baixo
1964270,0.090592,0,Baixo
1953357,0.071023,0,Baixo
1952616,0.062794,0,Baixo
1964199,0.010676,0,Baixo
1964423,0.013889,0,Baixo
1964436,0.029043,0,Baixo
1964425,0.143994,0,Baixo
1964429,0.029043,0,Baixo
1964409,0.071023,0,Baixo
1964336,0.003165,0,Baixo
1959977,0.029043,0,Baixo
1964456,0.100213,0,Baixo
1964440,0.013889,0,Baixo
1964452,0.029043,0,Baixo
1964428,0.013889,0,Baixo
1964446,0.023861,0,Baixo
1964437,0.143994,0,Baixo
1958646,0.010676,0,Baixo
1964445,0.062794,0,Baixo
1719870,0.010676,0,Baixo
1960994,0.013889,0,Baixo
1964463,0.009174,0,Baixo
1956432,0.100213,0,Baixo
1964404,0.010676,0,Baixo
1964276,0.013889,0,Baixo
1961879,0.062794,0,Baixo
1961908,0.062794,0,Baixo
1960108,0.029043,0,Baixo
1955984,0.071023,0,Baixo
1964471,0.029043,0,Baixo
1964469,0.013889,0,Baixo
1964480,0.163658,0,Baixo
1960935,0.029043,0,Baixo
1964487,0.029043,0,Baixo
1964489,0.029043,0,Baixo
1964493,0.013889,0,Baixo
1956870,0.071023,0,Baixo
1962154,0.062794,0,Baixo
1964503,0.0,0,Baixo
1964483,0.010676,0,Baixo
1964519,0.062794,0,Baixo
1962498,0.090592,0,Baixo
1957607,0.071023,0,Baixo
1961471,0.029043,0,Baixo
1962262,0.143994,0,Baixo
1964521,0.029043,0,Baixo
1964526,0.094203,0,Baixo
1962703,0.029043,0,Baixo
1964542,0.100213,0,Baixo
1959510,0.029043,0,Baixo
1958849,0.071023,0,Baixo
1734451,0.003165,0,Baixo
1964499,0.062794,0,Baixo
1964546,0.013889,0,Baixo
1964548,0.090592,0,Baixo
1964075,0.029043,0,Baixo
1964168,0.010676,0,Baixo
1964274,0.0,0,Baixo
1964432,0.029043,0,Baixo
1960123,0.143994,0,Baixo
1964541,0.100213,0,Baixo
1964567,0.010676,0,Baixo
1957073,0.100213,0,Baixo
1961975,0.029043,0,Baixo
1964170,0.013889,0,Baixo
1964439,0.023861,0,Baixo
1964382,0.029043,0,Baixo
1958615,0.029043,0,Baixo
1964589,0.023861,0,Baixo
1964529,0.143994,0,Baixo
1964358,0.029043,0,Baixo
1964586,0.029043,0,Baixo
1948992,0.100213,0,Baixo
1964566,0.029043,0,Baixo
1964594,0.010676,0,Baixo
1964538,0.166038,0,Baixo
1964525,0.071023,0,Baixo
1963922,0.001348,0,Baixo
1959344,0.062794,0,Baixo
1960049,0.013889,0,Baixo
1959466,0.143994,0,Baixo
1964609,0.0,0,Baixo
1959706,0.029043,0,Baixo
1958966,0.094203,0,Baixo
1962135,0.029043,0,Baixo
1964512,0.010676,0,Baixo
1961345,0.013889,0,Baixo
1958951,0.062794,0,Baixo
1960829,0.023861,0,Baixo
1964448,0.013889,0,Baixo
1964031,0.045455,0,Baixo
1964347,0.013889,0,Baixo
1960802,0.094203,0,Baixo
1964497,0.010676,0,Baixo
1964385,0.003165,0,Baixo
1962779,0.013889,0,Baixo
1958939,0.0,0,Baixo
1952558,0.071023,0,Baixo
1964616,0.023861,0,Baixo
1964175,0.100213,0,Baixo
1958025,0.071023,0,Baixo
1964606,0.029043,0,Baixo
1962076,0.029043,0,Baixo
1962309,0.013889,0,Baixo
1962917,0.071023,0,Baixo
1963382,0.12069,0,Baixo
1959875,0.080586,0,Baixo
1958275,0.071023,0,Baixo
1959541,0.094203,0,Baixo
1964490,0.029043,0,Baixo
1962494,0.013889,0,Baixo
1964612,0.029043,0,Baixo
1957743,0.090592,0,Baixo
1964421,0.023861,0,Baixo
1964290,0.071023,0,Baixo
1964588,0.003165,0,Baixo
1964623,0.029043,0,Baixo
1964617,0.029043,0,Baixo
1961833,0.143994,0,Baixo
1964615,0.100213,0,Baixo
1964639,0.001348,0,Baixo
1964644,0.013889,0,Baixo
1961031,0.029043,0,Baixo
1964637,0.029043,0,Baixo
1964648,0.010676,0,Baixo
1962017,0.001348,0,Baixo
1960486,0.029043,0,Baixo
1964535,0.094203,0,Baixo
1939933,0.013889,0,Baixo
1955318,0.023861,0,Baixo
1964661,0.100213,0,Baixo
1962239,0.045455,0,Baixo
1964659,0.013889,0,Baixo
1964662,0.013889,0,Baixo
1964647,0.0,0,Baixo
1964665,0.029043,0,Baixo
1964672,0.029043,0,Baixo
1962983,0.029043,0,Baixo
1958363,0.029043,0,Baixo
1964686,0.071023,0,Baixo
1964674,0.003165,0,Baixo
1964683,0.045455,0,Baixo
1964676,0.013889,0,Baixo
1964664,0.023861,0,Baixo
1957312,0.100213,0,Baixo
1964691,0.143994,0,Baixo
1964689,0.100213,0,Baixo
1958507,0.143994,0,Baixo
1964692,0.100213,0,Baixo
1135442,0.080586,0,Baixo
1964563,0.029043,0,Baixo
1958108,0.013889,0,Baixo
1959602,0.003165,0,Baixo
1964701,0.029043,0,Baixo
1964694,0.029043,0,Baixo
1961896,0.062794,0,Baixo
1964531,0.062794,0,Baixo
1958006,0.029043,0,Baixo
1958628,0.071023,0,Baixo
1964518,0.001348,0,Baixo
1958263,0.0,0,Baixo
1961644,0.029043,0,Baixo
1964681,0.045455,0,Baixo
1963781,0.143994,0,Baixo
1964707,0.029043,0,Baixo
1955950,0.023861,0,Baixo
1964713,0.029043,0,Baixo
1964250,0.071023,0,Baixo
1964704,0.013889,0,Baixo
1962508,0.143994,0,Baixo
1964717,0.023861,0,Baixo
1964720,0.013889,0,Baixo
1956488,0.013889,0,Baixo
1963264,0.013889,0,Baixo
1958867,0.045455,0,Baixo
1954598,0.166038,0,Baixo
1964716,0.023861,0,Baixo
1964583,0.062794,0,Baixo
1964729,0.003165,0,Baixo
1964718,0.094203,0,Baixo
1964614,0.143994,0,Baixo
1964737,0.013889,0,Baixo
1964725,0.094203,0,Baixo
1962802,0.100213,0,Baixo
1959873,0.062794,0,Baixo
1964727,0.029043,0,Baixo
1964091,0.013889,0,Baixo
1964745,0.013889,0,Baixo
1964734,0.009174,0,Baixo
1963363,0.166038,0,Baixo
1964447,0.045455,0,Baixo
1961266,0.062794,0,Baixo
1964744,0.013889,0,Baixo
1960214,0.080586,0,Baixo
1964743,0.010676,0,Baixo
1959844,0.100213,0,Baixo
1964029,0.029043,0,Baixo
1964752,0.029043,0,Baixo
1957346,0.029043,0,Baixo
1964627,0.094203,0,Baixo
1963203,0.071023,0,Baixo
1953601,0.100213,0,Baixo
1955907,0.029043,0,Baixo
1964755,0.003165,0,Baixo
1960531,0.071023,0,Baixo
1949077,0.010676,0,Baixo
1959425,0.080586,0,Baixo
1962908,0.100213,0,Baixo
1957843,0.013889,0,Baixo
1960325,0.080586,0,Baixo
1964587,0.029043,0,Baixo
1963337,0.001348,0,Baixo
1964673,0.100213,0,Baixo
1961791,0.029043,0,Baixo
1964645,0.029043,0,Baixo
1964652,0.094203,0,Baixo
1958612,0.045455,0,Baixo
1964763,0.143994,0,Baixo
1964723,0.029043,0,Baixo
1964773,0.001348,0,Baixo
1959904,0.003165,0,Baixo
1964565,0.071023,0,Baixo
1964764,0.029043,0,Baixo
1964761,0.071023,0,Baixo
1956479,0.013889,0,Baixo
1964775,0.071023,0,Baixo
1964776,0.090592,0,Baixo
1960275,0.029043,0,Baixo
1959208,0.029043,0,Baixo
1964751,0.029043,0,Baixo
1964766,0.094203,0,Baixo
1962440,0.143994,0,Baixo
1964376,0.029043,0,Baixo
1964783,0.029043,0,Baixo
1961030,0.071023,0,Baixo
1845331,0.080586,0,Baixo
1964797,0.009174,0,Baixo
1829711,0.029043,0,Baixo
1964793,0.045455,0,Baixo
1956940,0.010676,0,Baixo
1964084,0.023861,0,Baixo
1962507,0.029043,0,Baixo
1964684,0.143994,0,Baixo
1961951,0.023861,0,Baixo
1963188,0.029043,0,Baixo
1957878,0.143994,0,Baixo
1958566,0.062794,0,Baixo
1962800,0.029043,0,Baixo
1958386,0.071023,0,Baixo
1958030,0.090592,0,Baixo
1964654,0.029043,0,Baixo
1964117,0.010676,0,Baixo
1964794,0.062794,0,Baixo
1964802,0.029043,0,Baixo
1963177,0.100213,0,Baixo
1962283,0.010676,0,Baixo
1959183,0.029043,0,Baixo
1962495,0.029043,0,Baixo
1950975,0.080586,0,Baixo
1964819,0.163658,0,Baixo
1964833,0.010676,0,Baixo
1964837,0.029043,0,Baixo
1956609,0.003165,0,Baixo
1964790,0.214925,0,Medio
1958778,0.029043,0,Baixo
1964101,0.062794,0,Baixo
1955435,0.029043,0,Baixo
1964855,0.029043,0,Baixo
1964831,0.094203,0,Baixo
1957792,0.062794,0,Baixo
1964454,0.013889,0,Baixo
1964859,0.023861,0,Baixo
981636,0.045455,0,Baixo
1964853,0.009174,0,Baixo
1964803,0.062794,0,Baixo
1962533,0.062794,0,Baixo
1962277,0.178571,0,Baixo
1960437,0.013889,0,Baixo
1964877,0.062794,0,Baixo
1963466,0.013889,0,Baixo
1956487,0.029043,0,Baixo
1964875,0.003165,0,Baixo
1961572,0.163658,0,Baixo
1964874,0.029043,0,Baixo
1964827,0.010676,0,Baixo
1964879,0.062794,0,Baixo
1964886,0.010676,0,Baixo
1964890,0.163658,0,Baixo
1964858,0.163658,0,Baixo
1964746,0.001348,0,Baixo
1959179,0.062794,0,Baixo
1964820,0.090592,0,Baixo
1957802,0.045455,0,Baixo
1960145,0.029043,0,Baixo
1961442,0.029043,0,Baixo
1964844,0.010676,0,Baixo
1963469,0.071023,0,Baixo
1964883,0.003165,0,Baixo
1906969,0.100213,0,Baixo
1955329,0.013889,0,Baixo
1964889,0.001348,0,Baixo
1959976,0.029043,0,Baixo
1438921,0.003165,0,Baixo
1953435,0.003165,0,Baixo
1964903,0.071023,0,Baixo
1964798,0.029043,0,Baixo
1959995,0.062794,0,Baixo
1964888,0.023861,0,Baixo
1955879,0.080586,0,Baixo
1964782,0.100213,0,Baixo
1962342,0.029043,0,Baixo
1960978,0.029043,0,Baixo
1964919,0.003165,0,Baixo
1961959,0.029043,0,Baixo
1964907,0.009174,0,Baixo
1964894,0.094203,0,Baixo
1963997,0.010676,0,Baixo
1954710,0.003165,0,Baixo
1962787,0.013889,0,Baixo
1962701,0.080586,0,Baixo
1964930,0.013889,0,Baixo
1964935,0.071023,0,Baixo
1964928,0.029043,0,Baixo
1959886,0.143994,0,Baixo
1962095,0.062794,0,Baixo
1964867,0.001348,0,Baixo
1959292,0.023861,0,Baixo
1960475,0.029043,0,Baixo
1964849,0.090592,0,Baixo
1957532,0.100213,0,Baixo
1962761,0.100213,0,Baixo
1964441,0.013889,0,Baixo
1963012,0.029043,0,Baixo
1960166,0.023861,0,Baixo
1963540,0.003165,0,Baixo
1964396,0.023861,0,Baixo
1960021,0.100213,0,Baixo
1296651,0.029043,0,Baixo
1964943,0.029043,0,Baixo
1964834,0.029043,0,Baixo
1962043,0.071023,0,Baixo
1964941,0.009174,0,Baixo
1961079,0.100213,0,Baixo
1951730,0.143994,0,Baixo
1956471,0.143994,0,Baixo
1964947,0.013889,0,Baixo
1955947,0.080586,0,Baixo
1964948,0.080586,0,Baixo
1964950,0.062794,0,Baixo
1957436,0.080586,0,Baixo
1964961,0.029043,0,Baixo
1964966,0.071023,0,Baixo
1964804,0.062794,0,Baixo
1964968,0.013889,0,Baixo
1964942,0.029043,0,Baixo
1964976,0.062794,0,Baixo
1962359,0.013889,0,Baixo
1964828,0.071023,0,Baixo
1964892,0.013889,0,Baixo
1964077,0.030303,0,Baixo
1962776,0.013889,0,Baixo
1964924,0.062794,0,Baixo
1953984,0.071023,0,Baixo
1957047,0.029043,0,Baixo
1964983,0.100213,0,Baixo
1964778,0.071023,0,Baixo
1964333,0.030303,0,Baixo
1951604,0.090592,0,Baixo
1964997,0.029043,0,Baixo
1964993,0.163658,0,Baixo
1965010,0.023861,0,Baixo
1957183,0.023861,0,Baixo
1794347,0.163658,0,Baixo
1963539,0.062794,0,Baixo
1964952,0.023861,0,Baixo
1961037,0.226481,0,Medio
1965022,0.071023,0,Baixo
1965003,0.029043,0,Baixo
1961342,0.100213,0,Baixo
1959666,0.100213,0,Baixo
1965028,0.071023,0,Baixo
1956215,0.029043,0,Baixo
1954438,0.080586,0,Baixo
1965029,0.029043,0,Baixo
1965032,0.071023,0,Baixo
1965034,0.029043,0,Baixo
1956823,0.143994,0,Baixo
1955942,0.062794,0,Baixo
1965038,0.029043,0,Baixo
1957392,0.023861,0,Baixo
1965043,0.029043,0,Baixo
1954265,0.010676,0,Baixo
1954444,0.100213,0,Baixo
1955909,0.214925,0,Medio
1962700,0.062794,0,Baixo
1965059,0.029043,0,Baixo
1964603,0.143994,0,Baixo
1964624,0.029043,0,Baixo
1959324,0.071023,0,Baixo
1950889,0.013889,0,Baixo
1965009,0.029043,0,Baixo
1964872,0.013889,0,Baixo
1964134,0.029043,0,Baixo
1964505,0.029043,0,Baixo
1965075,0.001348,0,Baixo
1965083,0.029043,0,Baixo
1965087,0.062794,0,Baixo
1965095,0.013889,0,Baixo
1965088,0.023861,0,Baixo
1965110,0.143994,0,Baixo
1965117,0.029043,0,Baixo
1955431,0.062794,0,Baixo
1965118,0.013889,0,Baixo
1965122,0.010676,0,Baixo
1965121,0.045455,0,Baixo
1965125,0.013889,0,Baixo
1964371,0.080586,0,Baixo
1964549,0.143994,0,Baixo
1964862,0.003165,0,Baixo
1958376,0.094203,0,Baixo
1965139,0.013889,0,Baixo
1965143,0.023861,0,Baixo
1965153,0.029043,0,Baixo
1965161,0.029043,0,Baixo
1965158,0.100213,0,Baixo
1965006,0.029043,0,Baixo
1965167,0.137931,0,Baixo
1962337,0.029043,0,Baixo
1951701,0.003165,0,Baixo
1951291,0.243641,0,Medio
1965115,0.023861,0,Baixo
1959016,0.062794,0,Baixo
1955658,0.029043,0,Baixo
1965182,0.100213,0,Baixo
1965176,0.100213,0,Baixo
1956208,0.013889,0,Baixo
1965190,0.071023,0,Baixo
1965170,0.013889,0,Baixo
1962006,0.023861,0,Baixo
1965203,0.062794,0,Baixo
1959653,0.045455,0,Baixo
1965207,0.009174,0,Baixo
1946110,0.062794,0,Baixo
1965066,0.029043,0,Baixo
1965208,0.100213,0,Baixo
1965178,0.029043,0,Baixo
1962274,0.029043,0,Baixo
1431724,0.100213,0,Baixo
1965197,0.023861,0,Baixo
1965215,0.013889,0,Baixo
1965218,0.062794,0,Baixo
1959741,0.062794,0,Baixo
1965227,0.100213,0,Baixo
1965241,0.030303,0,Baixo
1965240,0.003165,0,Baixo
1965258,0.045455,0,Baixo
1959751,0.163658,0,Baixo
1965245,0.003165,0,Baixo
1935549,0.001348,0,Baixo
1965260,0.013889,0,Baixo
1965249,0.003165,0,Baixo
1896162,0.137931,0,Baixo
1964234,0.010676,0,Baixo
1043657,0.013889,0,Baixo
1965274,0.010676,0,Baixo
1965265,0.013889,0,Baixo
1965236,0.143994,0,Baixo
1963782,0.023861,0,Baixo
1965270,0.010676,0,Baixo
1955445,0.029043,0,Baixo
1965142,0.013889,0,Baixo
1962686,0.013889,0,Baixo
1965287,0.080586,0,Baixo
1963352,0.062794,0,Baixo
1965018,0.010676,0,Baixo
1965264,0.001348,0,Baixo
1951382,0.090592,0,Baixo
1965269,0.023861,0,Baixo
1958505,0.100213,0,Baixo
1965300,0.023861,0,Baixo
1585660,0.071023,0,Baixo
1965242,0.080586,0,Baixo
1965301,0.062794,0,Baixo
1965285,0.023861,0,Baixo
1965311,0.062794,0,Baixo
1816924,0.010676,0,Baixo
1965299,0.090592,0,Baixo
1965309,0.071023,0,Baixo
1965266,0.143994,0,Baixo
1965282,0.023861,0,Baixo
1965308,0.003165,0,Baixo
1954617,0.100213,0,Baixo
1959019,0.045455,0,Baixo
1705127,0.062794,0,Baixo
1965254,0.071023,0,Baixo
1965321,0.001348,0,Baixo
1964162,0.029043,0,Baixo
1965328,0.029043,0,Baixo
1965355,0.163658,0,Baixo
1965317,0.009174,0,Baixo
1965263,0.029043,0,Baixo
1965338,0.029043,0,Baixo
1965359,0.100213,0,Baixo
1965342,0.100213,0,Baixo
1965351,0.163658,0,Baixo
1965384,0.029043,0,Baixo
1953609,0.143994,0,Baixo
1965396,0.0,0,Baixo
1965370,0.030303,0,Baixo
1965380,0.062794,0,Baixo
1965405,0.001348,0,Baixo
1965367,0.029043,0,Baixo
1965408,0.090592,0,Baixo
1965407,0.023861,0,Baixo
1965243,0.013889,0,Baixo
1965382,0.143994,0,Baixo
1965375,0.001348,0,Baixo
1946451,0.100213,0,Baixo
1965124,0.029043,0,Baixo
1965423,0.010676,0,Baixo
1965348,0.071023,0,Baixo
1965426,0.003165,0,Baixo
1961929,0.071023,0,Baixo
1965422,0.029043,0,Baixo
1965414,0.029043,0,Baixo
1965303,0.029043,0,Baixo
1965257,0.071023,0,Baixo
1965443,0.201923,0,Medio
1965206,0.071023,0,Baixo
1965406,0.062794,0,Baixo
1964088,0.003165,0,Baixo
1965458,0.003165,0,Baixo
1965460,0.001348,0,Baixo
1954858,0.003165,0,Baixo
1965455,0.003165,0,Baixo
1965471,0.029043,0,Baixo
1965465,0.090592,0,Baixo
1965456,0.010676,0,Baixo
1965473,0.029043,0,Baixo
1965196,0.062794,0,Baixo
1965478,0.062794,0,Baixo
1963034,0.100213,0,Baixo
1965477,0.100213,0,Baixo
1952695,0.029043,0,Baixo
1965436,0.071023,0,Baixo
1965486,0.163658,0,Baixo
1965500,0.100213,0,Baixo
1965481,0.003165,0,Baixo
1965462,0.023861,0,Baixo
1965509,0.143994,0,Baixo
1957159,0.062794,0,Baixo
1965513,0.071023,0,Baixo
1936399,0.100213,0,Baixo
1955957,0.023861,0,Baixo
1964582,0.100213,0,Baixo
1965545,0.010676,0,Baixo
1965569,0.100213,0,Baixo
1965576,0.029043,0,Baixo
1965538,0.029043,0,Baixo
1965554,0.029043,0,Baixo
1965568,0.094203,0,Baixo
1965532,0.003165,0,Baixo
1965579,0.009174,0,Baixo
1965573,0.029043,0,Baixo
1965530,0.029043,0,Baixo
1965490,0.029043,0,Baixo
1965541,0.090592,0,Baixo
1965611,0.013889,0,Baixo
1965557,0.013889,0,Baixo
1965549,0.010676,0,Baixo
1965553,0.071023,0,Baixo
1965631,0.0,0,Baixo
1965454,0.100213,0,Baixo
1965641,0.029043,0,Baixo
1945085,0.143994,0,Baixo
1965643,0.029043,0,Baixo
1965577,0.029043,0,Baixo
1965639,0.010676,0,Baixo
1953447,0.029043,0,Baixo
1965493,0.010676,0,Baixo
1965652,0.029043,0,Baixo
1965613,0.029043,0,Baixo
1964173,0.045455,0,Baixo
1965001,0.023861,0,Baixo
1965604,0.013889,0,Baixo
1965655,0.013889,0,Baixo
1954956,0.029043,0,Baixo
1962226,0.100213,0,Baixo
1965659,0.062794,0,Baixo
1965669,0.080586,0,Baixo
1965512,0.071023,0,Baixo
1964361,0.013889,0,Baixo
1965676,0.003165,0,Baixo
1965666,0.143994,0,Baixo
1965682,0.071023,0,Baixo
1965686,0.030303,0,Baixo
1959142,0.029043,0,Baixo
1965625,0.029043,0,Baixo
1965683,0.013889,0,Baixo
1965699,0.013889,0,Baixo
1965698,0.071023,0,Baixo
1965700,0.001348,0,Baixo
1965684,0.013889,0,Baixo
1965585,0.029043,0,Baixo
1965717,0.003165,0,Baixo
1965632,0.023861,0,Baixo
1962384,0.143994,0,Baixo
1960122,0.029043,0,Baixo
1965719,0.023861,0,Baixo
1965714,0.010676,0,Baixo
1965061,0.029043,0,Baixo
1964949,0.029043,0,Baixo
1965713,0.013889,0,Baixo
1963971,0.071023,0,Baixo
1965727,0.029043,0,Baixo
1965605,0.029043,0,Baixo
1959140,0.029043,0,Baixo
1965695,0.001348,0,Baixo
1965732,0.062794,0,Baixo
1965739,0.094203,0,Baixo
1965548,0.010676,0,Baixo
1965751,0.009174,0,Baixo
1965747,0.001348,0,Baixo
1965634,0.062794,0,Baixo
1965756,0.013889,0,Baixo
1965750,0.100213,0,Baixo
1965752,0.163658,0,Baixo
1965761,0.003165,0,Baixo
1964561,0.12069,0,Baixo
1965758,0.071023,0,Baixo
1964868,0.029043,0,Baixo
1965645,0.013889,0,Baixo
1965770,0.013889,0,Baixo
1965654,0.071023,0,Baixo
1965782,0.100213,0,Baixo
1965746,0.071023,0,Baixo
1965411,0.12069,0,Baixo
1959619,0.013889,0,Baixo
1965775,0.013889,0,Baixo
1965809,0.013889,0,Baixo
1964282,0.214925,0,Medio
1965818,0.003165,0,Baixo
1965822,0.013889,0,Baixo
1965825,0.029043,0,Baixo
1965785,0.013889,0,Baixo
1965829,0.062794,0,Baixo
1965837,0.013889,0,Baixo
1965836,0.023861,0,Baixo
1965219,0.010676,0,Baixo
1965845,0.001348,0,Baixo
1965662,0.010676,0,Baixo
1965808,0.013889,0,Baixo
1965849,0.071023,0,Baixo
1965864,0.071023,0,Baixo
1965783,0.062794,0,Baixo
1965860,0.062794,0,Baixo
1965852,0.010676,0,Baixo
1965863,0.001348,0,Baixo
1955911,0.229935,0,Medio
1965843,0.010676,0,Baixo
1965846,0.100213,0,Baixo
1965731,0.009174,0,Baixo
1965862,0.013889,0,Baixo
1965880,0.029043,0,Baixo
1965857,0.029043,0,Baixo
1965870,0.029043,0,Baixo
1965888,0.003165,0,Baixo
1965868,0.001348,0,Baixo
1965874,0.013889,0,Baixo
1960805,0.143994,0,Baixo
1965887,0.013889,0,Baixo
1965707,0.071023,0,Baixo
1965769,0.029043,0,Baixo
1965895,0.029043,0,Baixo
1965889,0.0,0,Baixo
1965897,0.003165,0,Baixo
1965896,0.003165,0,Baixo
1965898,0.045455,0,Baixo
1965885,0.013889,0,Baixo
1965905,0.029043,0,Baixo
1965910,0.029043,0,Baixo
1965902,0.009174,0,Baixo
1965433,0.071023,0,Baixo
1965609,0.062794,0,Baixo
1965789,0.013889,0,Baixo
1965923,0.003165,0,Baixo
1965929,0.163658,0,Baixo
1965273,0.045455,0,Baixo
1965931,0.013889,0,Baixo
1963766,0.029043,0,Baixo
1965938,0.100213,0,Baixo
1965928,0.062794,0,Baixo
1965917,0.023861,0,Baixo
1964527,0.029043,0,Baixo
862224,0.143994,0,Baixo
1965947,0.029043,0,Baixo
1965958,0.071023,0,Baixo
1965955,0.094203,0,Baixo
1962556,0.0,0,Baixo
1965959,0.029043,0,Baixo
1965964,0.013889,0,Baixo
1965935,0.029043,0,Baixo
1965957,0.029043,0,Baixo
1965971,0.029043,0,Baixo
1965921,0.029043,0,Baixo
1965973,0.062794,0,Baixo
1958504,0.013889,0,Baixo
1965974,0.010676,0,Baixo
1965637,0.013889,0,Baixo
1965981,0.163658,0,Baixo
1965970,0.013889,0,Baixo
1965583,0.143994,0,Baixo
1965944,0.029043,0,Baixo
1965967,0.143994,0,Baixo
1965988,0.071023,0,Baixo
1965903,0.029043,0,Baixo
1965989,0.071023,0,Baixo
1965994,0.013889,0,Baixo
1963590,0.071023,0,Baixo
1965992,0.013889,0,Baixo
1965995,0.029043,0,Baixo
1965431,0.143994,0,Baixo
1964731,0.163658,0,Baixo
1966007,0.029043,0,Baixo
1966010,0.029043,0,Baixo
1965987,0.071023,0,Baixo
1954791,0.023861,0,Baixo
1966009,0.029043,0,Baixo
1966019,0.013889,0,Baixo
1966017,0.001348,0,Baixo
1966021,0.029043,0,Baixo
1966025,0.029043,0,Baixo
1965832,0.010676,0,Baixo
1952925,0.080586,0,Baixo
1966023,0.143994,0,Baixo
1966029,0.0,0,Baixo
1966036,0.013889,0,Baixo
1966005,0.143994,0,Baixo
1966024,0.010676,0,Baixo
1966037,0.010676,0,Baixo
1963896,0.100213,0,Baixo
1965831,0.100213,0,Baixo
1965533,0.080586,0,Baixo
1965980,0.045455,0,Baixo
1963823,0.013889,0,Baixo
1965344,0.178571,0,Baixo
1966044,0.062794,0,Baixo
1963276,0.010676,0,Baixo
1958972,0.062794,0,Baixo
1966040,0.010676,0,Baixo
1965960,0.013889,0,Baixo
1966060,0.080586,0,Baixo
1966059,0.009174,0,Baixo
1965437,0.0,0,Baixo
1965216,0.013889,0,Baixo
1963689,0.029043,0,Baixo
1966032,0.013889,0,Baixo
1964464,0.023861,0,Baixo
1964708,0.023861,0,Baixo
1965448,0.045455,0,Baixo
1965851,0.143994,0,Baixo
1965392,0.080586,0,Baixo
1965503,0.029043,0,Baixo
1961691,0.071023,0,Baixo
1964679,0.029043,0,Baixo
1965661,0.001348,0,Baixo
1966034,0.001348,0,Baixo
1954063,0.029043,0,Baixo
1966094,0.045455,0,Baixo
1966109,0.003165,0,Baixo
1966111,0.062794,0,Baixo
1966110,0.023861,0,Baixo
1965546,0.029043,0,Baixo
1965306,0.071023,0,Baixo
1966125,0.062794,0,Baixo
1966127,0.071023,0,Baixo
1965908,0.029043,0,Baixo
1966130,0.029043,0,Baixo
1966134,0.013889,0,Baixo
1966136,0.010676,0,Baixo
1966132,0.029043,0,Baixo
1966120,0.023861,0,Baixo
1965575,0.029043,0,Baixo
1965986,0.029043,0,Baixo
1964461,0.029043,0,Baixo
1966151,0.013889,0,Baixo
1966156,0.029043,0,Baixo
1957169,0.029043,0,Baixo
1966161,0.030303,0,Baixo
1966146,0.071023,0,Baixo
1966170,0.009174,0,Baixo
1966168,0.010676,0,Baixo
1966173,0.029043,0,Baixo
1966179,0.029043,0,Baixo
1966180,0.071023,0,Baixo
1966184,0.023861,0,Baixo
1966186,0.029043,0,Baixo
1965350,0.071023,0,Baixo
1965790,0.001348,0,Baixo
1958584,0.013889,0,Baixo
1965948,0.029043,0,Baixo
1966183,0.029043,0,Baixo
1966196,0.013889,0,Baixo
1966197,0.029043,0,Baixo
1966198,0.010676,0,Baixo
1966195,0.029043,0,Baixo
1932097,0.003165,0,Baixo
1966193,0.100213,0,Baixo
1966209,0.013889,0,Baixo
1966085,0.029043,0,Baixo
1966214,0.214925,0,Medio
1945704,0.013889,0,Baixo
1959219,0.003165,0,Baixo
1966233,0.100213,0,Baixo
1965483,0.137931,0,Baixo
1966206,0.010676,0,Baixo
1966227,0.0,0,Baixo
1962629,0.094203,0,Baixo
1966239,0.100213,0,Baixo
1965743,0.010676,0,Baixo
1966248,0.143994,0,Baixo
1966256,0.029043,0,Baixo
1966265,0.029043,0,Baixo
1966260,0.071023,0,Baixo
1966271,0.0,0,Baixo
1957855,0.143994,0,Baixo
1966274,0.029043,0,Baixo
1966254,0.143994,0,Baixo
1951598,0.029043,0,Baixo
1966283,0.071023,0,Baixo
1965723,0.029043,0,Baixo
1966289,0.010676,0,Baixo
1966291,0.0,0,Baixo
1966296,0.029043,0,Baixo
1960610,0.071023,0,Baixo
1966290,0.023861,0,Baixo
1966268,0.071023,0,Baixo
1966298,0.013889,0,Baixo
1966305,0.090592,0,Baixo
1966311,0.062794,0,Baixo
1965262,0.023861,0,Baixo
1966303,0.229935,0,Medio
1966316,0.029043,0,Baixo
1964562,0.080586,0,Baixo
1966313,0.029043,0,Baixo
1954646,0.045455,0,Baixo
1966321,0.029043,0,Baixo
1966324,0.023861,0,Baixo
1966326,0.023861,0,Baixo
1966320,0.029043,0,Baixo
1966325,0.029043,0,Baixo
1966327,0.143994,0,Baixo
1966334,0.029043,0,Baixo
1966345,0.062794,0,Baixo
1966339,0.013889,0,Baixo
1966338,0.100213,0,Baixo
1966337,0.029043,0,Baixo
1966343,0.023861,0,Baixo
1966349,0.013889,0,Baixo
1966366,0.029043,0,Baixo
1966381,0.010676,0,Baixo
1966352,0.143994,0,Baixo
1966356,0.029043,0,Baixo
1966348,0.010676,0,Baixo
1966323,0.062794,0,Baixo
1966378,0.045455,0,Baixo
1966371,0.080586,0,Baixo
1966389,0.023861,0,Baixo
1966350,0.023861,0,Baixo
1966396,0.062794,0,Baixo
1966375,0.023861,0,Baixo
1966403,0.029043,0,Baixo
1966373,0.010676,0,Baixo
1947268,0.143994,0,Baixo
1966380,0.100213,0,Baixo
1966387,0.013889,0,Baixo
1951436,0.029043,0,Baixo
1965404,0.029043,0,Baixo
1966416,0.062794,0,Baixo
1966384,0.013889,0,Baixo
1964260,0.029043,0,Baixo
1966385,0.013889,0,Baixo
1317255,0.071023,0,Baixo
1966430,0.143994,0,Baixo
1966408,0.001348,0,Baixo
1966011,0.071023,0,Baixo
1966295,0.100213,0,Baixo
1966351,0.143994,0,Baixo
1966419,0.023861,0,Baixo
1966440,0.029043,0,Baixo
1966439,0.001348,0,Baixo
1966442,0.029043,0,Baixo
1966433,0.062794,0,Baixo
1726850,0.029043,0,Baixo
1965976,0.029043,0,Baixo
1966434,0.029043,0,Baixo
1966451,0.029043,0,Baixo
1966470,0.071023,0,Baixo
1966460,0.090592,0,Baixo
1954681,0.029043,0,Baixo
1966471,0.094203,0,Baixo
1966466,0.178571,0,Baixo
1966477,0.100213,0,Baixo
1966357,0.071023,0,Baixo
1966462,0.013889,0,Baixo
1966464,0.030303,0,Baixo
1966478,0.029043,0,Baixo
1966486,0.062794,0,Baixo
1966474,0.010676,0,Baixo
1966118,0.100213,0,Baixo
1966400,0.062794,0,Baixo
1966475,0.029043,0,Baixo
1966235,0.013889,0,Baixo
1966493,0.003165,0,Baixo
1966483,0.071023,0,Baixo
1966494,0.045455,0,Baixo
1966496,0.100213,0,Baixo
1966497,0.080586,0,Baixo
1966468,0.029043,0,Baixo
1966499,0.023861,0,Baixo
1966498,0.010676,0,Baixo
1966341,0.029043,0,Baixo
1966446,0.029043,0,Baixo
1966330,0.062794,0,Baixo
1966512,0.023861,0,Baixo
1966409,0.023861,0,Baixo
1727917,0.062794,0,Baixo
1964779,0.029043,0,Baixo
1966519,0.100213,0,Baixo
1966526,0.100213,0,Baixo
1966500,0.071023,0,Baixo
1966529,0.003165,0,Baixo
1966539,0.029043,0,Baixo
1966542,0.071023,0,Baixo
1966548,0.143994,0,Baixo
1966554,0.143994,0,Baixo
1966540,0.100213,0,Baixo
1951530,0.080586,0,Baixo
1966546,0.143994,0,Baixo
1966557,0.045455,0,Baixo
1966558,0.080586,0,Baixo
1966559,0.229935,0,Medio
1966567,0.001348,0,Baixo
1966566,0.062794,0,Baixo
1966568,0.023861,0,Baixo
1966553,0.100213,0,Baixo
1966576,0.094203,0,Baixo
1966564,0.029043,0,Baixo
1966570,0.143994,0,Baixo
1966569,0.029043,0,Baixo
1966550,0.029043,0,Baixo
1966556,0.013889,0,Baixo
1966572,0.163658,0,Baixo
1966329,0.062794,0,Baixo
1966582,0.071023,0,Baixo
1966580,0.100213,0,Baixo
1966586,0.090592,0,Baixo
1966069,0.029043,0,Baixo
1966588,0.029043,0,Baixo
1966581,0.071023,0,Baixo
1966443,0.062794,0,Baixo
1966574,0.062794,0,Baixo
1966584,0.062794,0,Baixo
1966594,0.071023,0,Baixo
1966538,0.010676,0,Baixo
1966367,0.029043,0,Baixo
1966490,0.010676,0,Baixo
1966603,0.029043,0,Baixo
1966605,0.013889,0,Baixo
1966551,0.023861,0,Baixo
1966606,0.023861,0,Baixo
1963856,0.029043,0,Baixo
1958145,0.100213,0,Baixo
1966607,0.023861,0,Baixo
1962153,0.013889,0,Baixo
1966621,0.163658,0,Baixo
1966636,0.080586,0,Baixo
1966626,0.029043,0,Baixo
1966480,0.100213,0,Baixo
1966639,0.010676,0,Baixo
1966645,0.013889,0,Baixo
1966648,0.0,0,Baixo
1966642,0.001348,0,Baixo
1965780,0.013889,0,Baixo
1966649,0.143994,0,Baixo
1966655,0.013889,0,Baixo
1965826,0.143994,0,Baixo
1966662,0.003165,0,Baixo
1966661,0.013889,0,Baixo
1966665,0.029043,0,Baixo
1966671,0.029043,0,Baixo
1964486,0.013889,0,Baixo
1966686,0.029043,0,Baixo
1966382,0.071023,0,Baixo
1966684,0.013889,0,Baixo
1966673,0.013889,0,Baixo
1966651,0.001348,0,Baixo
1334208,0.062794,0,Baixo
1966690,0.100213,0,Baixo
1966683,0.010676,0,Baixo
1965432,0.029043,0,Baixo
1966693,0.029043,0,Baixo
1966695,0.003165,0,Baixo
1966365,0.030303,0,Baixo
1966703,0.062794,0,Baixo
1966704,0.010676,0,Baixo
1966701,0.029043,0,Baixo
1966714,0.0,0,Baixo
1965198,0.013889,0,Baixo
1966666,0.029043,0,Baixo
1966707,0.163658,0,Baixo
1961516,0.010676,0,Baixo
1964381,0.013889,0,Baixo
1966719,0.094203,0,Baixo
1966723,0.013889,0,Baixo
1665544,0.003165,0,Baixo
1756412,0.029043,0,Baixo
1966469,0.071023,0,Baixo
1966727,0.013889,0,Baixo
1966729,0.010676,0,Baixo
1966731,0.0,0,Baixo
1966331,0.023861,0,Baixo
1966737,0.013889,0,Baixo
1966687,0.029043,0,Baixo
1966740,0.003165,0,Baixo
1966749,0.029043,0,Baixo
1966232,0.029043,0,Baixo
1966754,0.080586,0,Baixo
1965734,0.143994,0,Baixo
1965861,0.001348,0,Baixo
1965859,0.029043,0,Baixo
1965899,0.010676,0,Baixo
1965875,0.029043,0,Baixo
1963477,0.071023,0,Baixo
1958320,0.100213,0,Baixo
1966511,0.013889,0,Baixo
1965724,0.023861,0,Baixo
1965893,0.029043,0,Baixo
1966000,0.001348,0,Baixo
1958860,0.143994,0,Baixo
1965840,0.009174,0,Baixo
1955076,0.029043,0,Baixo
1964326,0.013889,0,Baixo
1966224,0.029043,0,Baixo
1965229,0.013889,0,Baixo
1966192,0.0,0,Baixo
1965823,0.009174,0,Baixo
1965333,0.013889,0,Baixo
1965296,0.0,0,Baixo
1966073,0.0,0,Baixo
1966213,0.029043,0,Baixo
1963969,0.013889,0,Baixo
1965975,0.029043,0,Baixo
1957598,0.013889,0,Baixo
1965817,0.013889,0,Baixo
1963986,0.013889,0,Baixo
1964711,0.013889,0,Baixo
1966795,0.071023,0,Baixo
1966781,0.062794,0,Baixo
1966760,0.013889,0,Baixo
1966769,0.100213,0,Baixo
1966765,0.071023,0,Baixo
1966810,0.071023,0,Baixo
1966832,0.010676,0,Baixo
1966764,0.010676,0,Baixo
1932389,0.062794,0,Baixo
1966770,0.071023,0,Baixo
1966802,0.062794,0,Baixo
1966799,0.071023,0,Baixo
1966772,0.029043,0,Baixo
1966788,0.071023,0,Baixo
1966774,0.062794,0,Baixo
1966800,0.010676,0,Baixo
1966768,0.100213,0,Baixo
1966789,0.071023,0,Baixo
1966820,0.003165,0,Baixo
1966767,0.029043,0,Baixo
1726190,0.029043,0,Baixo
1966818,0.062794,0,Baixo
1966817,0.071023,0,Baixo
1966779,0.013889,0,Baixo
1966762,0.009174,0,Baixo
1966816,0.013889,0,Baixo
1966835,0.071023,0,Baixo
1966828,0.100213,0,Baixo
1966875,0.023861,0,Baixo
1966811,0.163658,0,Baixo
1966819,0.071023,0,Baixo
1461904,0.163658,0,Baixo
1966783,0.013889,0,Baixo
1966878,0.003165,0,Baixo
1966849,0.010676,0,Baixo
1966881,0.094203,0,Baixo
1966854,0.080586,0,Baixo
1966782,0.003165,0,Baixo
1966914,0.100213,0,Baixo
1966904,0.029043,0,Baixo
1966885,0.029043,0,Baixo
1966809,0.100213,0,Baixo
1966889,0.071023,0,Baixo
1966883,0.003165,0,Baixo
1622618,0.029043,0,Baixo
1965558,0.010676,0,Baixo
1959002,0.094203,0,Baixo
1966917,0.010676,0,Baixo
1965030,0.094203,0,Baixo
1966579,0.003165,0,Baixo
1958254,0.009174,0,Baixo
1966900,0.013889,0,Baixo
1966847,0.029043,0,Baixo
1966905,0.023861,0,Baixo
1966893,0.010676,0,Baixo
1966896,0.010676,0,Baixo
1966880,0.062794,0,Baixo
1966908,0.071023,0,Baixo
1966866,0.029043,0,Baixo
1966629,0.080586,0,Baixo
1966865,0.029043,0,Baixo
1966941,0.013889,0,Baixo
1966928,0.013889,0,Baixo
1678313,0.023861,0,Baixo
1953825,0.029043,0,Baixo
1966785,0.013889,0,Baixo
1966949,0.071023,0,Baixo
1966918,0.010676,0,Baixo
1966931,0.062794,0,Baixo
1966801,0.029043,0,Baixo
1966936,0.003165,0,Baixo
1966962,0.029043,0,Baixo
1966961,0.010676,0,Baixo
1966952,0.100213,0,Baixo
1966954,0.023861,0,Baixo
1966955,0.010676,0,Baixo
1966978,0.062794,0,Baixo
1966974,0.029043,0,Baixo
1966991,0.094203,0,Baixo
1966989,0.023861,0,Baixo
1965803,0.023861,0,Baixo
1966963,0.029043,0,Baixo
1967021,0.045455,0,Baixo
1967000,0.013889,0,Baixo
1965526,0.071023,0,Baixo
1966990,0.029043,0,Baixo
1966394,0.029043,0,Baixo
1967020,0.023861,0,Baixo
1967032,0.062794,0,Baixo
1967030,0.029043,0,Baixo
1966993,0.003165,0,Baixo
1967040,0.009174,0,Baixo
1967042,0.062794,0,Baixo
1966894,0.029043,0,Baixo
1966879,0.013889,0,Baixo
1937990,0.062794,0,Baixo
1966844,0.100213,0,Baixo
1965567,0.013889,0,Baixo
1966784,0.010676,0,Baixo
1965542,0.013889,0,Baixo
1967006,0.071023,0,Baixo
1966777,0.009174,0,Baixo
1966099,0.029043,0,Baixo
1967049,0.143994,0,Baixo
1967043,0.010676,0,Baixo
1967063,0.013889,0,Baixo
1966999,0.029043,0,Baixo
1967051,0.029043,0,Baixo
1966940,0.090592,0,Baixo
1967035,0.023861,0,Baixo
1967083,0.003165,0,Baixo
1967082,0.001348,0,Baixo
1967001,0.100213,0,Baixo
1964748,0.143994,0,Baixo
1967131,0.062794,0,Baixo
1964786,0.071023,0,Baixo
1967139,0.013889,0,Baixo
1964669,0.001348,0,Baixo
1409412,0.029043,0,Baixo
1966449,0.013889,0,Baixo
1962378,0.023861,0,Baixo
1966821,0.029043,0,Baixo
1967024,0.029043,0,Baixo
1967140,0.010676,0,Baixo
1967088,0.013889,0,Baixo
1967068,0.029043,0,Baixo
1966353,0.010676,0,Baixo
1965963,0.013889,0,Baixo
1966986,0.045455,0,Baixo
1966428,0.013889,0,Baixo
1966886,0.163658,0,Baixo
1966826,0.023861,0,Baixo
1966602,0.013889,0,Baixo
1965593,0.009174,0,Baixo
1967151,0.080586,0,Baixo
1967146,0.071023,0,Baixo
1966857,0.062794,0,Baixo
1958560,0.023861,0,Baixo
1967154,0.009174,0,Baixo
1966842,0.029043,0,Baixo
1967145,0.010676,0,Baixo
1967169,0.013889,0,Baixo
1967153,0.100213,0,Baixo
1967128,0.001348,0,Baixo
1967174,0.029043,0,Baixo
1966053,0.071023,0,Baixo
1967160,0.080586,0,Baixo
1967180,0.001348,0,Baixo
1967158,0.071023,0,Baixo
1967184,0.100213,0,Baixo
1967192,0.029043,0,Baixo
1967162,0.023861,0,Baixo
1967150,0.029043,0,Baixo
1967159,0.029043,0,Baixo
1967111,0.100213,0,Baixo
1967228,0.001348,0,Baixo
1967186,0.010676,0,Baixo
1967235,0.094203,0,Baixo
1967232,0.071023,0,Baixo
1966813,0.023861,0,Baixo
1966699,0.166038,0,Baixo
1936204,0.062794,0,Baixo
1719716,0.143994,0,Baixo
1967238,0.023861,0,Baixo
1967249,0.013889,0,Baixo
1967187,0.080586,0,Baixo
1967219,0.029043,0,Baixo
1966563,0.001348,0,Baixo
1967241,0.029043,0,Baixo
1965801,0.013889,0,Baixo
1967085,0.003165,0,Baixo
1967236,0.003165,0,Baixo
1967221,0.100213,0,Baixo
1966859,0.090592,0,Baixo
1965195,0.029043,0,Baixo
1965660,0.001348,0,Baixo
1967125,0.013889,0,Baixo
1962003,0.100213,0,Baixo
1966658,0.013889,0,Baixo
1967093,0.003165,0,Baixo
1967267,0.029043,0,Baixo
1966944,0.001348,0,Baixo
1967275,0.029043,0,Baixo
1967264,0.023861,0,Baixo
1967244,0.029043,0,Baixo
1967279,0.178571,0,Baixo
1966158,0.029043,0,Baixo
1956563,0.094203,0,Baixo
1964554,0.010676,0,Baixo
1967182,0.013889,0,Baixo
1967293,0.013889,0,Baixo
1967313,0.029043,0,Baixo
1967266,0.080586,0,Baixo
1967303,0.045455,0,Baixo
1967311,0.003165,0,Baixo
1967301,0.010676,0,Baixo
1937981,0.062794,0,Baixo
1967215,0.045455,0,Baixo
1967094,0.143994,0,Baixo
1966972,0.009174,0,Baixo
1967304,0.003165,0,Baixo
1967239,0.009174,0,Baixo
1961216,0.062794,0,Baixo
1967347,0.071023,0,Baixo
1967319,0.013889,0,Baixo
1967359,0.080586,0,Baixo
1947575,0.001348,0,Baixo
1967352,0.013889,0,Baixo
1966147,0.001348,0,Baixo
1956416,0.029043,0,Baixo
1967284,0.100213,0,Baixo
1967324,0.0,0,Baixo
1964982,0.013889,0,Baixo
1967381,0.010676,0,Baixo
1689239,0.062794,0,Baixo
1967080,0.094203,0,Baixo
1966994,0.009174,0,Baixo
1941067,0.003165,0,Baixo
1967078,0.003165,0,Baixo
1963594,0.062794,0,Baixo
1966632,0.003165,0,Baixo
1966733,0.010676,0,Baixo
1967392,0.094203,0,Baixo
1965429,0.029043,0,Baixo
1958219,0.029043,0,Baixo
1935577,0.071023,0,Baixo
1967276,0.029043,0,Baixo
1954136,0.062794,0,Baixo
1967374,0.029043,0,Baixo
1967399,0.010676,0,Baixo
1966155,0.029043,0,Baixo
1967354,0.009174,0,Baixo
1967412,0.0,0,Baixo
1967405,0.029043,0,Baixo
1967394,0.143994,0,Baixo
1967290,0.009174,0,Baixo
1964735,0.013889,0,Baixo
1967314,0.001348,0,Baixo
1967403,0.001348,0,Baixo
1966925,0.029043,0,Baixo
1967435,0.009174,0,Baixo
1967247,0.062794,0,Baixo
1967439,0.029043,0,Baixo
1967058,0.013889,0,Baixo
1967417,0.001348,0,Baixo
1967431,0.023861,0,Baixo
1967406,0.010676,0,Baixo
1895501,0.009174,0,Baixo
1800490,0.029043,0,Baixo
1967007,0.029043,0,Baixo
1967050,0.062794,0,Baixo
1967494,0.001348,0,Baixo
1967376,0.001348,0,Baixo
1967485,0.003165,0,Baixo
1967472,0.0,0,Baixo
1967479,0.045455,0,Baixo
1967441,0.080586,0,Baixo
1961782,0.013889,0,Baixo
1956494,0.045455,0,Baixo
1967552,0.001348,0,Baixo
1966047,0.071023,0,Baixo
1967449,0.029043,0,Baixo
1967484,0.010676,0,Baixo
1967297,0.029043,0,Baixo
1966899,0.080586,0,Baixo
1967582,0.013889,0,Baixo
1967322,0.029043,0,Baixo
1967609,0.080586,0,Baixo
1967602,0.010676,0,Baixo
1967530,0.029043,0,Baixo
1967611,0.023861,0,Baixo
1967639,0.010676,0,Baixo
1967588,0.029043,0,Baixo
1967325,0.003165,0,Baixo
1965983,0.023861,0,Baixo
1952736,0.045455,0,Baixo
1966874,0.023861,0,Baixo
1965777,0.013889,0,Baixo
1967223,0.009174,0,Baixo
1966300,0.071023,0,Baixo
1966093,0.071023,0,Baixo
1967645,0.010676,0,Baixo
1965424,0.010676,0,Baixo
1956475,0.029043,0,Baixo
1954896,0.010676,0,Baixo
1967644,0.029043,0,Baixo
1967695,0.003165,0,Baixo
1967675,0.003165,0,Baixo
1967470,0.029043,0,Baixo
1954463,0.071023,0,Baixo
1952959,0.013889,0,Baixo
1966997,0.029043,0,Baixo
1967704,0.010676,0,Baixo
1966237,0.023861,0,Baixo
1967434,0.010676,0,Baixo
1967584,0.003165,0,Baixo
1967718,0.071023,0,Baixo
1967612,0.062794,0,Baixo
1967250,0.003165,0,Baixo
1967730,0.071023,0,Baixo
1967732,0.023861,0,Baixo
1967747,0.013889,0,Baixo
1967269,0.080586,0,Baixo
1963912,0.023861,0,Baixo
1948136,0.003165,0,Baixo
1967148,0.094203,0,Baixo
1965854,0.100213,0,Baixo
1750668,0.071023,0,Baixo
1967519,0.010676,0,Baixo
1967781,0.029043,0,Baixo
1967773,0.029043,0,Baixo
1967776,0.009174,0,Baixo
1967752,0.029043,0,Baixo
1967768,0.023861,0,Baixo
1967756,0.001348,0,Baixo
1967637,0.100213,0,Baixo
1967782,0.080586,0,Baixo
1967794,0.013889,0,Baixo
1967770,0.029043,0,Baixo
1965877,0.029043,0,Baixo
1967629,0.094203,0,Baixo
1967490,0.143994,0,Baixo
1967426,0.062794,0,Baixo
1967471,0.010676,0,Baixo
1965485,0.003165,0,Baixo
1967617,0.001348,0,Baixo
1956075,0.226481,0,Medio
1967619,0.010676,0,Baixo
1962234,0.062794,0,Baixo
1967592,0.080586,0,Baixo
1967725,0.062794,0,Baixo
1967427,0.010676,0,Baixo
1967825,0.009174,0,Baixo
1967817,0.010676,0,Baixo
1966771,0.071023,0,Baixo
1966967,0.090592,0,Baixo
1967835,0.003165,0,Baixo
1967832,0.001348,0,Baixo
1967692,0.029043,0,Baixo
1967023,0.009174,0,Baixo
1967831,0.029043,0,Baixo
1965764,0.013889,0,Baixo
1962719,0.029043,0,Baixo
1958377,0.023861,0,Baixo
1967844,0.003165,0,Baixo
1961230,0.163658,0,Baixo
1963329,0.010676,0,Baixo
1967536,0.071023,0,Baixo
1941751,0.029043,0,Baixo
1967821,0.071023,0,Baixo
1967029,0.023861,0,Baixo
1967849,0.029043,0,Baixo
1967323,0.100213,0,Baixo
1967511,0.023861,0,Baixo
1958609,0.029043,0,Baixo
1960976,0.094203,0,Baixo
1966906,0.023861,0,Baixo
1967876,0.029043,0,Baixo
1967879,0.062794,0,Baixo
1967882,0.023861,0,Baixo
1967607,0.029043,0,Baixo
1957580,0.100213,0,Baixo
1967843,0.023861,0,Baixo
1967869,0.001348,0,Baixo
1967757,0.013889,0,Baixo
1967896,0.003165,0,Baixo
1967870,0.080586,0,Baixo
1967934,0.023861,0,Baixo
1967333,0.013889,0,Baixo
1967925,0.029043,0,Baixo
1967946,0.062794,0,Baixo
1965571,0.001348,0,Baixo
1967924,0.010676,0,Baixo
1957851,0.071023,0,Baixo
1967954,0.001348,0,Baixo
1967921,0.001348,0,Baixo
1967951,0.013889,0,Baixo
1967972,0.029043,0,Baixo
1967459,0.010676,0,Baixo
1967956,0.071023,0,Baixo
1967880,0.029043,0,Baixo
1939222,0.029043,0,Baixo
1967967,0.023861,0,Baixo
1964621,0.029043,0,Baixo
1966525,0.029043,0,Baixo
1498845,0.023861,0,Baixo
1967987,0.0,0,Baixo
1967906,0.12069,0,Baixo
1967968,0.003165,0,Baixo
1967971,0.010676,0,Baixo
1965488,0.029043,0,Baixo
1967991,0.013889,0,Baixo
1967984,0.137931,0,Baixo
1967594,0.001348,0,Baixo
1961282,0.062794,0,Baixo
1968003,0.009174,0,Baixo
1967992,0.010676,0,Baixo
1958808,0.029043,0,Baixo
1967997,0.003165,0,Baixo
1968005,0.090592,0,Baixo
1967986,0.071023,0,Baixo
1968006,0.023861,0,Baixo
1965765,0.071023,0,Baixo
1968010,0.094203,0,Baixo
1957196,0.013889,0,Baixo
1968015,0.003165,0,Baixo
1957764,0.143994,0,Baixo
1967087,0.010676,0,Baixo
1967948,0.062794,0,Baixo
1968028,0.062794,0,Baixo
1968013,0.029043,0,Baixo
1952802,0.013889,0,Baixo
1967979,0.029043,0,Baixo
1968046,0.045455,0,Baixo
1968045,0.062794,0,Baixo
1960307,0.045455,0,Baixo
1968039,0.080586,0,Baixo
1958565,0.143994,0,Baixo
1968042,0.013889,0,Baixo
1968037,0.045455,0,Baixo
1968022,0.100213,0,Baixo
1968043,0.023861,0,Baixo
1968018,0.062794,0,Baixo
1968064,0.023861,0,Baixo
1968065,0.023861,0,Baixo
1966797,0.029043,0,Baixo
1968069,0.029043,0,Baixo
1967380,0.045455,0,Baixo
1968059,0.013889,0,Baixo
1968026,0.094203,0,Baixo
1964321,0.029043,0,Baixo
1967995,0.010676,0,Baixo
1968075,0.001348,0,Baixo
1968092,0.001348,0,Baixo
1968063,0.030303,0,Baixo
1968062,0.023861,0,Baixo
1968090,0.071023,0,Baixo
1968091,0.029043,0,Baixo
1949050,0.143994,0,Baixo
1968095,0.013889,0,Baixo
1968114,0.029043,0,Baixo
1968112,0.029043,0,Baixo
1965674,0.023861,0,Baixo
1966845,0.062794,0,Baixo
1968101,0.023861,0,Baixo
1968108,0.029043,0,Baixo
1968119,0.080586,0,Baixo
1965930,0.010676,0,Baixo
1957458,0.029043,0,Baixo
1968131,0.013889,0,Baixo
1964009,0.094203,0,Baixo
1956828,0.071023,0,Baixo
1962897,0.013889,0,Baixo
1965329,0.071023,0,Baixo
1966518,0.010676,0,Baixo
1958076,0.045455,0,Baixo
1967905,0.029043,0,Baixo
1964374,0.013889,0,Baixo
1968122,0.009174,0,Baixo
1967198,0.013889,0,Baixo
1967172,0.003165,0,Baixo
1967969,0.029043,0,Baixo
1967841,0.062794,0,Baixo
1968120,0.013889,0,Baixo
1967833,0.143994,0,Baixo
1968132,0.001348,0,Baixo
1967362,0.013889,0,Baixo
1945179,0.071023,0,Baixo
1965827,0.029043,0,Baixo
1967763,0.029043,0,Baixo
1966226,0.029043,0,Baixo
1967935,0.029043,0,Baixo
1967955,0.001348,0,Baixo
1967689,0.137931,0,Baixo
1964931,0.010676,0,Baixo
1958394,0.013889,0,Baixo
1968134,0.062794,0,Baixo
1968137,0.071023,0,Baixo
1967214,0.100213,0,Baixo
1968138,0.013889,0,Baixo
1968128,0.029043,0,Baixo
1967812,0.013889,0,Baixo
1967966,0.029043,0,Baixo
1968153,0.029043,0,Baixo
1968102,0.071023,0,Baixo
1956891,0.214925,0,Medio
1962018,0.001348,0,Baixo
1964873,0.029043,0,Baixo
1967409,0.029043,0,Baixo
1967973,0.100213,0,Baixo
1967904,0.013889,0,Baixo
1968130,0.010676,0,Baixo
1752458,0.029043,0,Baixo
1968161,0.010676,0,Baixo
1968125,0.071023,0,Baixo
1968115,0.029043,0,Baixo
1968165,0.029043,0,Baixo
1949110,0.013889,0,Baixo
1967823,0.100213,0,Baixo
1964492,0.010676,0,Baixo
1967260,0.100213,0,Baixo
1961824,0.080586,0,Baixo
1967016,0.023861,0,Baixo
1968193,0.013889,0,Baixo
1968124,0.003165,0,Baixo
1966890,0.080586,0,Baixo
1967097,0.013889,0,Baixo
1968204,0.013889,0,Baixo
1430534,0.029043,0,Baixo
1968197,0.003165,0,Baixo
1968185,0.003165,0,Baixo
1967144,0.013889,0,Baixo
1960333,0.013889,0,Baixo
1967386,0.100213,0,Baixo
1949445,0.013889,0,Baixo
1968192,0.009174,0,Baixo
1967985,0.094203,0,Baixo
1968211,0.045455,0,Baixo
1968208,0.080586,0,Baixo
1968146,0.010676,0,Baixo
1968225,0.062794,0,Baixo
1967640,0.013889,0,Baixo
1955193,0.062794,0,Baixo
1968156,0.029043,0,Baixo
1968216,0.013889,0,Baixo
1968234,0.010676,0,Baixo
1967977,0.029043,0,Baixo
1964378,0.013889,0,Baixo
1958293,0.023861,0,Baixo
1968056,0.163658,0,Baixo
1968050,0.029043,0,Baixo
1968080,0.009174,0,Baixo
1959438,0.029043,0,Baixo
1968016,0.029043,0,Baixo
1964126,0.009174,0,Baixo
1968021,0.029043,0,Baixo
1955998,0.071023,0,Baixo
1968237,0.013889,0,Baixo
1968242,0.0,0,Baixo
1968230,0.071023,0,Baixo
1967119,0.094203,0,Baixo
1966199,0.12069,0,Baixo
1967919,0.029043,0,Baixo
1966106,0.023861,0,Baixo
561751,0.143994,0,Baixo
1968257,0.062794,0,Baixo
1968222,0.143994,0,Baixo
1968267,0.214925,0,Medio
1968203,0.013889,0,Baixo
1968190,0.100213,0,Baixo
1968246,0.0,0,Baixo
1964251,0.023861,0,Baixo
1968087,0.023861,0,Baixo
1968260,0.163658,0,Baixo
1968266,0.010676,0,Baixo
1968275,0.029043,0,Baixo
1964677,0.062794,0,Baixo
1967856,0.062794,0,Baixo
1968025,0.100213,0,Baixo
1968276,0.094203,0,Baixo
1968278,0.0,0,Baixo
1968236,0.029043,0,Baixo
1959377,0.094203,0,Baixo
1968273,0.100213,0,Baixo
1968305,0.023861,0,Baixo
1967980,0.029043,0,Baixo
1968289,0.029043,0,Baixo
1968227,0.029043,0,Baixo
1968306,0.023861,0,Baixo
1966388,0.029043,0,Baixo
1968084,0.029043,0,Baixo
1968296,0.023861,0,Baixo
1968261,0.080586,0,Baixo
1968287,0.003165,0,Baixo
1968318,0.029043,0,Baixo
1962312,0.029043,0,Baixo
1968283,0.013889,0,Baixo
1968304,0.013889,0,Baixo
1966981,0.003165,0,Baixo
1934443,0.100213,0,Baixo
1967891,0.062794,0,Baixo
1968214,0.100213,0,Baixo
1967890,0.029043,0,Baixo
1964555,0.143994,0,Baixo
1966619,0.029043,0,Baixo
1968321,0.029043,0,Baixo
1968336,0.023861,0,Baixo
1968295,0.029043,0,Baixo
1968202,0.029043,0,Baixo
1967711,0.029043,0,Baixo
1968082,0.029043,0,Baixo
1965779,0.100213,0,Baixo
1968279,0.003165,0,Baixo
1967599,0.010676,0,Baixo
1968330,0.029043,0,Baixo
1965839,0.214925,0,Medio
1967052,0.001348,0,Baixo
1968340,0.023861,0,Baixo
1967907,0.094203,0,Baixo
1967234,0.062794,0,Baixo
1968352,0.030303,0,Baixo
1968361,0.062794,0,Baixo
1968364,0.013889,0,Baixo
1943241,0.029043,0,Baixo
1966876,0.062794,0,Baixo
1968312,0.045455,0,Baixo
1966950,0.029043,0,Baixo
1968188,0.163658,0,Baixo
1957113,0.003165,0,Baixo
1968376,0.023861,0,Baixo
1968053,0.023861,0,Baixo
1738582,0.003165,0,Baixo
1968372,0.013889,0,Baixo
1968389,0.003165,0,Baixo
1968390,0.029043,0,Baixo
1968394,0.143994,0,Baixo
1966814,0.100213,0,Baixo
1968392,0.062794,0,Baixo
1968378,0.062794,0,Baixo
1968366,0.062794,0,Baixo
1968369,0.010676,0,Baixo
1966096,0.029043,0,Baixo
1961107,0.013889,0,Baixo
1968418,0.045455,0,Baixo
1936086,0.062794,0,Baixo
1964650,0.062794,0,Baixo
1968113,0.023861,0,Baixo
1967620,0.062794,0,Baixo
1968268,0.001348,0,Baixo
1966919,0.071023,0,Baixo
1968404,0.045455,0,Baixo
1968395,0.010676,0,Baixo
1968420,0.029043,0,Baixo
1968363,0.029043,0,Baixo
1968406,0.049523,0,Baixo
1968433,0.029043,0,Baixo
1968438,0.029043,0,Baixo
1967720,0.009174,0,Baixo
1968439,0.071023,0,Baixo
1968426,0.100213,0,Baixo
1968435,0.013889,0,Baixo
1968445,0.029043,0,Baixo
1968437,0.029043,0,Baixo
1968458,0.003165,0,Baixo
1968453,0.137931,0,Baixo
1968454,0.029043,0,Baixo
1968449,0.090592,0,Baixo
1967243,0.023861,0,Baixo
1968408,0.029043,0,Baixo
1968381,0.029043,0,Baixo
1968471,0.071023,0,Baixo
1968264,0.013889,0,Baixo
1968472,0.001348,0,Baixo
1968462,0.100213,0,Baixo
1967964,0.045455,0,Baixo
1968434,0.010676,0,Baixo
1949479,0.003165,0,Baixo
1967280,0.0,0,Baixo
1968474,0.090592,0,Baixo
1968358,0.003165,0,Baixo
1968350,0.013889,0,Baixo
1959946,0.143994,0,Baixo
1968484,0.029043,0,Baixo
1968509,0.013889,0,Baixo
1968534,0.071023,0,Baixo
1968523,0.029043,0,Baixo
1968558,0.029043,0,Baixo
1967808,0.071023,0,Baixo
1968421,0.029043,0,Baixo
1962720,0.029043,0,Baixo
1968298,0.029043,0,Baixo
1961989,0.023861,0,Baixo
1968531,0.045455,0,Baixo
1968385,0.029043,0,Baixo
1965940,0.029043,0,Baixo
1968379,0.0,0,Baixo
1968556,0.023861,0,Baixo
1968536,0.013889,0,Baixo
1968554,0.010676,0,Baixo
1968574,0.003165,0,Baixo
1968480,0.029043,0,Baixo
1968477,0.013889,0,Baixo
1968473,0.100213,0,Baixo
1968218,0.023861,0,Baixo
1967847,0.143994,0,Baixo
1968593,0.013889,0,Baixo
1968586,0.023861,0,Baixo
1968515,0.062794,0,Baixo
1968436,0.029043,0,Baixo
1968584,0.062794,0,Baixo
1968535,0.071023,0,Baixo
1958775,0.023861,0,Baixo
1951308,0.090592,0,Baixo
1968557,0.100213,0,Baixo
1963441,0.029043,0,Baixo
1962813,0.029043,0,Baixo
1968604,0.100213,0,Baixo
1959940,0.003165,0,Baixo
1968608,0.013889,0,Baixo
478489,0.029043,0,Baixo
1950999,0.062794,0,Baixo
1774691,0.143994,0,Baixo
1968529,0.001348,0,Baixo
1968618,0.029043,0,Baixo
1967933,0.001348,0,Baixo
1968647,0.003165,0,Baixo
1968650,0.12069,0,Baixo
1968562,0.010676,0,Baixo
1968641,0.009174,0,Baixo
1968089,0.062794,0,Baixo
1968374,0.029043,0,Baixo
1968345,0.029043,0,Baixo
1968656,0.013889,0,Baixo
1968675,0.013889,0,Baixo
1968626,0.100213,0,Baixo
1968510,0.071023,0,Baixo
1967622,0.029043,0,Baixo
1968674,0.029043,0,Baixo
1967224,0.029043,0,Baixo
1809200,0.010676,0,Baixo
1964453,0.030303,0,Baixo
1968652,0.001348,0,Baixo
1968602,0.090592,0,Baixo
1967748,0.090592,0,Baixo
1963862,0.143994,0,Baixo
1963581,0.071023,0,Baixo
1968697,0.029043,0,Baixo
1944222,0.029043,0,Baixo
1968704,0.013889,0,Baixo
1951936,0.100213,0,Baixo
1895114,0.023861,0,Baixo
1952407,0.013889,0,Baixo
1968715,0.023861,0,Baixo
1963199,0.062794,0,Baixo
1968733,0.013889,0,Baixo
1967577,0.100213,0,Baixo
1968706,0.010676,0,Baixo
1959302,0.062794,0,Baixo
1959477,0.094203,0,Baixo
1968651,0.003165,0,Baixo
1963044,0.013889,0,Baixo
1966827,0.029043,0,Baixo
1968767,0.010676,0,Baixo
1963880,0.062794,0,Baixo
1968736,0.062794,0,Baixo
1967254,0.010676,0,Baixo
1968797,0.013889,0,Baixo
1968705,0.080586,0,Baixo
1968493,0.094203,0,Baixo
1961217,0.062794,0,Baixo
1959245,0.094203,0,Baixo
1968766,0.003165,0,Baixo
1497134,0.029043,0,Baixo
1798122,0.071023,0,Baixo
1963040,0.023861,0,Baixo
1968734,0.143994,0,Baixo
1968811,0.071023,0,Baixo
1968727,0.029043,0,Baixo
1960263,0.023861,0,Baixo
1968824,0.071023,0,Baixo
1955685,0.013889,0,Baixo
1968630,0.045455,0,Baixo
1968239,0.010676,0,Baixo
1966255,0.071023,0,Baixo
1967053,0.062794,0,Baixo
1957275,0.023861,0,Baixo
1968814,0.0,0,Baixo
1968827,0.029043,0,Baixo
1968818,0.062794,0,Baixo
1968838,0.071023,0,Baixo
1968828,0.013889,0,Baixo
1968810,0.029043,0,Baixo
1968845,0.143994,0,Baixo
1964054,0.023861,0,Baixo
1965942,0.001348,0,Baixo
1963881,0.080586,0,Baixo
1963042,0.029043,0,Baixo
1968597,0.003165,0,Baixo
1966792,0.163658,0,Baixo
1966691,0.071023,0,Baixo
1934865,0.023861,0,Baixo
1968479,0.001348,0,Baixo
1968262,0.071023,0,Baixo
1968549,0.029043,0,Baixo
1968569,0.029043,0,Baixo
1968856,0.013889,0,Baixo
1968822,0.003165,0,Baixo
1942685,0.003165,0,Baixo
1964988,0.003165,0,Baixo
1968540,0.029043,0,Baixo
1968163,0.023861,0,Baixo
1968857,0.071023,0,Baixo
1968872,0.029043,0,Baixo
1966102,0.010676,0,Baixo
1967523,0.029043,0,Baixo
1968800,0.029043,0,Baixo
1968902,0.009174,0,Baixo
1968739,0.029043,0,Baixo
1967777,0.071023,0,Baixo
1968721,0.013889,0,Baixo
1968883,0.0,0,Baixo
1966957,0.003165,0,Baixo
1947652,0.029043,0,Baixo
1968916,0.071023,0,Baixo
1968906,0.080586,0,Baixo
1967286,0.029043,0,Baixo
1968861,0.143994,0,Baixo
1958325,0.045455,0,Baixo
1968887,0.029043,0,Baixo
1968666,0.003165,0,Baixo
1968776,0.071023,0,Baixo
1967531,0.090592,0,Baixo
1963330,0.013889,0,Baixo
1968938,0.029043,0,Baixo
1968929,0.013889,0,Baixo
1968850,0.071023,0,Baixo
1968530,0.013889,0,Baixo
1968943,0.045455,0,Baixo
1963589,0.100213,0,Baixo
1968944,0.013889,0,Baixo
1968870,0.029043,0,Baixo
1966243,0.045455,0,Baixo
1968970,0.009174,0,Baixo
1968969,0.071023,0,Baixo
1947420,0.010676,0,Baixo
1928705,0.013889,0,Baixo
1937902,0.071023,0,Baixo
1967289,0.029043,0,Baixo
1960085,0.013889,0,Baixo
1965297,0.080586,0,Baixo
1968974,0.023861,0,Baixo
1968541,0.023861,0,Baixo
1968693,0.023861,0,Baixo
1966092,0.029043,0,Baixo
1968990,0.062794,0,Baixo
1966003,0.010676,0,Baixo
1966336,0.062794,0,Baixo
1968725,0.013889,0,Baixo
1969002,0.003165,0,Baixo
1968997,0.062794,0,Baixo
1969009,0.071023,0,Baixo
1969011,0.029043,0,Baixo
1969020,0.023861,0,Baixo
1967845,0.003165,0,Baixo
1965399,0.023861,0,Baixo
1969035,0.090592,0,Baixo
1969038,0.029043,0,Baixo
1968742,0.029043,0,Baixo
1964838,0.090592,0,Baixo
1969066,0.013889,0,Baixo
1969054,0.013889,0,Baixo
1969081,0.045455,0,Baixo
1969079,0.013889,0,Baixo
1686129,0.143994,0,Baixo
1969078,0.029043,0,Baixo
1969102,0.009174,0,Baixo
1969083,0.003165,0,Baixo
1966080,0.062794,0,Baixo
1969100,0.010676,0,Baixo
1966065,0.013889,0,Baixo
1969110,0.001348,0,Baixo
1969109,0.029043,0,Baixo
1959814,0.029043,0,Baixo
1969084,0.013889,0,Baixo
1965435,0.137931,0,Baixo
1969089,0.001348,0,Baixo
1968646,0.071023,0,Baixo
1969115,0.001348,0,Baixo
1969114,0.029043,0,Baixo
1969040,0.090592,0,Baixo
1967033,0.071023,0,Baixo
1969062,0.029043,0,Baixo
1966310,0.0,0,Baixo
1967942,0.013889,0,Baixo
1968877,0.010676,0,Baixo
1968594,0.029043,0,Baixo
1968830,0.010676,0,Baixo
1969135,0.013889,0,Baixo
1969130,0.001348,0,Baixo
1969016,0.029043,0,Baixo
1957321,0.029043,0,Baixo
1968057,0.001348,0,Baixo
1968803,0.029043,0,Baixo
1967834,0.045455,0,Baixo
1969142,0.003165,0,Baixo
1969141,0.071023,0,Baixo
1965924,0.029043,0,Baixo
1969136,0.010676,0,Baixo
1969123,0.029043,0,Baixo
1968566,0.023861,0,Baixo
1962706,0.029043,0,Baixo
1969150,0.013889,0,Baixo
1966599,0.013889,0,Baixo
1969107,0.029043,0,Baixo
1969161,0.071023,0,Baixo
1966322,0.029043,0,Baixo
1962142,0.030303,0,Baixo
1969178,0.010676,0,Baixo
1969160,0.029043,0,Baixo
1969175,0.062794,0,Baixo
1960393,0.080586,0,Baixo
1853768,0.001348,0,Baixo
1969197,0.143994,0,Baixo
1966456,0.009174,0,Baixo
1969185,0.029043,0,Baixo
1964509,0.023861,0,Baixo
1969177,0.071023,0,Baixo
1968524,0.094203,0,Baixo
1969223,0.029043,0,Baixo
1969229,0.071023,0,Baixo
1969133,0.090592,0,Baixo
1969237,0.023861,0,Baixo
1960084,0.003165,0,Baixo
1969231,0.009174,0,Baixo
1944163,0.023861,0,Baixo
1968123,0.013889,0,Baixo
1969250,0.013889,0,Baixo
1951329,0.001348,0,Baixo
1967769,0.029043,0,Baixo
1969164,0.023861,0,Baixo
1956464,0.100213,0,Baixo
1969282,0.094203,0,Baixo
1969065,0.023861,0,Baixo
1968841,0.013889,0,Baixo
1969264,0.029043,0,Baixo
1969266,0.071023,0,Baixo
1969253,0.009174,0,Baixo
1968293,0.0,0,Baixo
1969204,0.010676,0,Baixo
1969159,0.030303,0,Baixo
1958170,0.071023,0,Baixo
1969243,0.029043,0,Baixo
1969272,0.013889,0,Baixo
1968391,0.029043,0,Baixo
1964736,0.029043,0,Baixo
1969127,0.100213,0,Baixo
1969188,0.080586,0,Baixo
1968180,0.029043,0,Baixo
1969303,0.062794,0,Baixo
1969196,0.010676,0,Baixo
1969301,0.029043,0,Baixo
1967173,0.013889,0,Baixo
1969318,0.100213,0,Baixo
1969317,0.013889,0,Baixo
1964021,0.013889,0,Baixo
1969283,0.029043,0,Baixo
1969273,0.143994,0,Baixo
1969321,0.013889,0,Baixo
1969326,0.100213,0,Baixo
1969307,0.013889,0,Baixo
1969334,0.013889,0,Baixo
1969338,0.010676,0,Baixo
1969330,0.029043,0,Baixo
1968738,0.029043,0,Baixo
1966565,0.023861,0,Baixo
1969345,0.010676,0,Baixo
1969353,0.029043,0,Baixo
1969235,0.010676,0,Baixo
1969355,0.013889,0,Baixo
1967788,0.071023,0,Baixo
1969368,0.013889,0,Baixo
1969367,0.023861,0,Baixo
1945186,0.029043,0,Baixo
1969379,0.003165,0,Baixo
1969293,0.080586,0,Baixo
1969234,0.023861,0,Baixo
1969391,0.010676,0,Baixo
1967526,0.080586,0,Baixo
1968683,0.023861,0,Baixo
1966164,0.013889,0,Baixo
1961520,0.071023,0,Baixo
1966473,0.100213,0,Baixo
1965193,0.003165,0,Baixo
1969407,0.010676,0,Baixo
1969202,0.071023,0,Baixo
1969277,0.080586,0,Baixo
1967257,0.166038,0,Baixo
1969405,0.009174,0,Baixo
1968905,0.013889,0,Baixo
1969420,0.071023,0,Baixo
1969315,0.071023,0,Baixo
1969424,0.029043,0,Baixo
1969408,0.010676,0,Baixo
1969431,0.013889,0,Baixo
1968476,0.062794,0,Baixo
1969430,0.100213,0,Baixo
1969429,0.062794,0,Baixo
1969448,0.090592,0,Baixo
1969464,0.001348,0,Baixo
1969213,0.062794,0,Baixo
1965224,0.023861,0,Baixo
1969440,0.010676,0,Baixo
1969404,0.029043,0,Baixo
1968397,0.143994,0,Baixo
1969423,0.013889,0,Baixo
1969469,0.029043,0,Baixo
1969485,0.094203,0,Baixo
1969519,0.094203,0,Baixo
1969518,0.029043,0,Baixo
1969509,0.023861,0,Baixo
1969494,0.029043,0,Baixo
1969495,0.001348,0,Baixo
1967903,0.001348,0,Baixo
1969556,0.062794,0,Baixo
1969522,0.029043,0,Baixo
1969521,0.029043,0,Baixo
1969536,0.023861,0,Baixo
1969526,0.029043,0,Baixo
1969446,0.013889,0,Baixo
1969564,0.023861,0,Baixo
1968326,0.003165,0,Baixo
1968795,0.071023,0,Baixo
1969560,0.013889,0,Baixo
1966217,0.045455,0,Baixo
1969601,0.009174,0,Baixo
1969598,0.010676,0,Baixo
1962589,0.010676,0,Baixo
1969585,0.013889,0,Baixo
1969470,0.029043,0,Baixo
1969606,0.013889,0,Baixo
1969596,0.029043,0,Baixo
1969605,0.080586,0,Baixo
1969565,0.023861,0,Baixo
1969611,0.029043,0,Baixo
1969579,0.029043,0,Baixo
1969590,0.071023,0,Baixo
1969320,0.062794,0,Baixo
1969612,0.029043,0,Baixo
1969603,0.013889,0,Baixo
1969618,0.094203,0,Baixo
1969625,0.029043,0,Baixo
1968482,0.013889,0,Baixo
1969278,0.003165,0,Baixo
1969624,0.029043,0,Baixo
1967098,0.071023,0,Baixo
1968067,0.029043,0,Baixo
1969182,0.013889,0,Baixo
1969461,0.003165,0,Baixo
1968595,0.100213,0,Baixo
1968428,0.071023,0,Baixo
1966261,0.071023,0,Baixo
1969667,0.010676,0,Baixo
1969676,0.071023,0,Baixo
1969674,0.001348,0,Baixo
1969671,0.003165,0,Baixo
1969672,0.100213,0,Baixo
1969489,0.062794,0,Baixo
1969643,0.023861,0,Baixo
1969647,0.013889,0,Baixo
1969651,0.009174,0,Baixo
1969638,0.009174,0,Baixo
1969589,0.009174,0,Baixo
1969706,0.013889,0,Baixo
1969425,0.080586,0,Baixo
1969537,0.013889,0,Baixo
1945282,0.029043,0,Baixo
1969116,0.009174,0,Baixo
1969670,0.013889,0,Baixo
1968419,0.030303,0,Baixo
1969768,0.029043,0,Baixo
1969655,0.023861,0,Baixo
1969747,0.071023,0,Baixo
1969779,0.003165,0,Baixo
1969566,0.100213,0,Baixo
1969570,0.143994,0,Baixo
1969764,0.013889,0,Baixo
1969773,0.062794,0,Baixo
1969801,0.029043,0,Baixo
1969770,0.029043,0,Baixo
1969628,0.163658,0,Baixo
1969806,0.023861,0,Baixo
1969785,0.009174,0,Baixo
1969790,0.143994,0,Baixo
1969831,0.001348,0,Baixo
1969767,0.029043,0,Baixo
1969661,0.029043,0,Baixo
1969562,0.010676,0,Baixo
1969640,0.062794,0,Baixo
1969835,0.029043,0,Baixo
1969360,0.029043,0,Baixo
1951641,0.100213,0,Baixo
1963924,0.013889,0,Baixo
1967179,0.029043,0,Baixo
1962728,0.100213,0,Baixo
1969254,0.045455,0,Baixo
1969847,0.029043,0,Baixo
1954829,0.013889,0,Baixo
1969549,0.143994,0,Baixo
1969866,0.100213,0,Baixo
1969863,0.029043,0,Baixo
1969874,0.003165,0,Baixo
1968031,0.029043,0,Baixo
1967796,0.062794,0,Baixo
1966664,0.029043,0,Baixo
1969876,0.045455,0,Baixo
1969865,0.100213,0,Baixo
1969897,0.029043,0,Baixo
1969892,0.029043,0,Baixo
1965715,0.029043,0,Baixo
1969844,0.0,0,Baixo
1969900,0.013889,0,Baixo
1966873,0.062794,0,Baixo
1966264,0.009174,0,Baixo
1969354,0.062794,0,Baixo
1969609,0.010676,0,Baixo
1969928,0.071023,0,Baixo
1969917,0.062794,0,Baixo
1969778,0.010676,0,Baixo
1960613,0.045455,0,Baixo
1969936,0.013889,0,Baixo
1967193,0.143994,0,Baixo
1969789,0.080586,0,Baixo
1966285,0.013889,0,Baixo
1969953,0.062794,0,Baixo
1969959,0.029043,0,Baixo
1969954,0.013889,0,Baixo
1969346,0.013889,0,Baixo
1969487,0.029043,0,Baixo
1944064,0.094203,0,Baixo
1969977,0.001348,0,Baixo
1969899,0.045455,0,Baixo
1762703,0.010676,0,Baixo
1956037,0.029043,0,Baixo
1968648,0.029043,0,Baixo
1970001,0.062794,0,Baixo
1970005,0.013889,0,Baixo
1969980,0.071023,0,Baixo
1969903,0.009174,0,Baixo
1969294,0.029043,0,Baixo
1966286,0.003165,0,Baixo
1970008,0.010676,0,Baixo
1970019,0.029043,0,Baixo
1970023,0.071023,0,Baixo
1970012,0.013889,0,Baixo
1969932,0.090592,0,Baixo
1970027,0.080586,0,Baixo
1968024,0.094203,0,Baixo
1962929,0.062794,0,Baixo
1970014,0.023861,0,Baixo
1970032,0.062794,0,Baixo
1896545,0.071023,0,Baixo
1970044,0.001348,0,Baixo
1970037,0.013889,0,Baixo
1938274,0.029043,0,Baixo
1970047,0.001348,0,Baixo
1970017,0.029043,0,Baixo
1968758,0.062794,0,Baixo
1968813,0.009174,0,Baixo
1970040,0.009174,0,Baixo
1965189,0.029043,0,Baixo
1970072,0.023861,0,Baixo
1966786,0.100213,0,Baixo
1968086,0.090592,0,Baixo
1970061,0.062794,0,Baixo
1968926,0.029043,0,Baixo
1970057,0.013889,0,Baixo
1961194,0.100213,0,Baixo
1969930,0.009174,0,Baixo
1968465,0.029043,0,Baixo
1970000,0.029043,0,Baixo
1970068,0.001348,0,Baixo
1969281,0.009174,0,Baixo
1970096,0.013889,0,Baixo
1968094,0.045455,0,Baixo
1966108,0.030303,0,Baixo
1970045,0.062794,0,Baixo
1948040,0.029043,0,Baixo
1970093,0.029043,0,Baixo
1712854,0.029043,0,Baixo
1969975,0.010676,0,Baixo
1968605,0.013889,0,Baixo
1968836,0.100213,0,Baixo
1970100,0.023861,0,Baixo
1969377,0.029043,0,Baixo
1970117,0.029043,0,Baixo
1970125,0.013889,0,Baixo
1969819,0.062794,0,Baixo
1968664,0.029043,0,Baixo
1970139,0.029043,0,Baixo
1970149,0.100213,0,Baixo
1959203,0.029043,0,Baixo
1970129,0.062794,0,Baixo
1956107,0.0,0,Baixo
1969887,0.062794,0,Baixo
1970163,0.010676,0,Baixo
1970165,0.009174,0,Baixo
1970158,0.013889,0,Baixo
1970146,0.013889,0,Baixo
1969577,0.010676,0,Baixo
1970081,0.009174,0,Baixo
1970179,0.009174,0,Baixo
1970136,0.029043,0,Baixo
1970189,0.013889,0,Baixo
1969730,0.010676,0,Baixo
1970169,0.029043,0,Baixo
1964095,0.029043,0,Baixo
1970198,0.023861,0,Baixo
1970191,0.010676,0,Baixo
1970192,0.013889,0,Baixo
1970132,0.090592,0,Baixo
1967657,0.013889,0,Baixo
1970197,0.010676,0,Baixo
1964255,0.029043,0,Baixo
1970204,0.001348,0,Baixo
1970208,0.045455,0,Baixo
1968718,0.071023,0,Baixo
1969898,0.003165,0,Baixo
1969839,0.013889,0,Baixo
1970236,0.062794,0,Baixo
1970227,0.029043,0,Baixo
1969472,0.029043,0,Baixo
1969501,0.080586,0,Baixo
1958865,0.029043,0,Baixo
1679887,0.029043,0,Baixo
1970240,0.100213,0,Baixo
1969979,0.001348,0,Baixo
1962914,0.029043,0,Baixo
1968865,0.045455,0,Baixo
1967982,0.013889,0,Baixo
1968455,0.003165,0,Baixo
1969649,0.062794,0,Baixo
1970231,0.001348,0,Baixo
1957100,0.100213,0,Baixo
1969808,0.013889,0,Baixo
1969291,0.013889,0,Baixo
1676103,0.013889,0,Baixo
1969923,0.010676,0,Baixo
1968412,0.010676,0,Baixo
1970137,0.023861,0,Baixo
1969832,0.009174,0,Baixo
1966360,0.013889,0,Baixo
1969946,0.023861,0,Baixo
1961755,0.029043,0,Baixo
1970258,0.0,0,Baixo
1967673,0.100213,0,Baixo
1969916,0.029043,0,Baixo
1970253,0.080586,0,Baixo
1968141,0.0,0,Baixo
1969830,0.010676,0,Baixo
1968259,0.029043,0,Baixo
1970244,0.003165,0,Baixo
1970283,0.009174,0,Baixo
1970216,0.062794,0,Baixo
1970251,0.029043,0,Baixo
1970273,0.003165,0,Baixo
1968882,0.029043,0,Baixo
1969776,0.013889,0,Baixo
1964375,0.090592,0,Baixo
1969940,0.023861,0,Baixo
1956094,0.163658,0,Baixo
1970059,0.071023,0,Baixo
1968937,0.029043,0,Baixo
1970300,0.023861,0,Baixo
1969015,0.023861,0,Baixo
1970295,0.029043,0,Baixo
1951104,0.023861,0,Baixo
1968323,0.0,0,Baixo
1967075,0.029043,0,Baixo
1861906,0.003165,0,Baixo
1970311,0.094203,0,Baixo
1967268,0.071023,0,Baixo
1970312,0.003165,0,Baixo
1970285,0.062794,0,Baixo
1970323,0.071023,0,Baixo
1969383,0.029043,0,Baixo
1960700,0.029043,0,Baixo
1970343,0.090592,0,Baixo
1958040,0.062794,0,Baixo
1970276,0.029043,0,Baixo
1970350,0.013889,0,Baixo
1966129,0.003165,0,Baixo
1970319,0.013889,0,Baixo
1970388,0.010676,0,Baixo
1964871,0.013889,0,Baixo
1962725,0.071023,0,Baixo
1969511,0.029043,0,Baixo
1970351,0.12069,0,Baixo
1970358,0.029043,0,Baixo
1968316,0.029043,0,Baixo
1965966,0.013889,0,Baixo
1969459,0.029043,0,Baixo
1968654,0.009174,0,Baixo
1970228,0.013889,0,Baixo
1843770,0.045455,0,Baixo
1969820,0.003165,0,Baixo
1970347,0.143994,0,Baixo
1970363,0.023861,0,Baixo
1970370,0.029043,0,Baixo
1970317,0.013889,0,Baixo
1960482,0.029043,0,Baixo
1460949,0.201923,0,Medio
1970348,0.071023,0,Baixo
1966505,0.029043,0,Baixo
1968833,0.013889,0,Baixo
1970393,0.013889,0,Baixo
1970399,0.090592,0,Baixo
1970171,0.100213,0,Baixo
1970413,0.029043,0,Baixo
1967859,0.163658,0,Baixo
1967161,0.100213,0,Baixo
1969569,0.023861,0,Baixo
1970407,0.071023,0,Baixo
1966458,0.029043,0,Baixo
1969137,0.045455,0,Baixo
1970378,0.029043,0,Baixo
1961179,0.029043,0,Baixo
1970446,0.0,0,Baixo
1970441,0.080586,0,Baixo
1970444,0.029043,0,Baixo
1970426,0.023861,0,Baixo
1960692,0.094203,0,Baixo
1969439,0.100213,0,Baixo
1970450,0.143994,0,Baixo
1952947,0.029043,0,Baixo
1968219,0.029043,0,Baixo
1970460,0.071023,0,Baixo
1970465,0.029043,0,Baixo
1970452,0.013889,0,Baixo
1968405,0.003165,0,Baixo
1970069,0.100213,0,Baixo
1964457,0.013889,0,Baixo
1967237,0.029043,0,Baixo
1970080,0.071023,0,Baixo
1967026,0.100213,0,Baixo
1970462,0.029043,0,Baixo
1970481,0.100213,0,Baixo
1970489,0.023861,0,Baixo
1970256,0.010676,0,Baixo
1953019,0.029043,0,Baixo
1968993,0.029043,0,Baixo
1970497,0.029043,0,Baixo
1970473,0.045455,0,Baixo
1970259,0.013889,0,Baixo
1970245,0.023861,0,Baixo
1969535,0.137931,0,Baixo
1970488,0.029043,0,Baixo
1970492,0.023861,0,Baixo
1970508,0.071023,0,Baixo
1970510,0.029043,0,Baixo
1970470,0.003165,0,Baixo
1970498,0.143994,0,Baixo
1969840,0.062794,0,Baixo
1970516,0.029043,0,Baixo
1970505,0.029043,0,Baixo
1970328,0.029043,0,Baixo
1970513,0.029043,0,Baixo
1953275,0.029043,0,Baixo
1970511,0.062794,0,Baixo
1969529,0.029043,0,Baixo
1970334,0.143994,0,Baixo
1969795,0.010676,0,Baixo
1970530,0.062794,0,Baixo
1970535,0.062794,0,Baixo
1970542,0.090592,0,Baixo
1970524,0.029043,0,Baixo
1970537,0.030303,0,Baixo
1970478,0.003165,0,Baixo
1969911,0.009174,0,Baixo
1970534,0.100213,0,Baixo
1968662,0.143994,0,Baixo
1970463,0.029043,0,Baixo
1969527,0.029043,0,Baixo
1970310,0.029043,0,Baixo
1970539,0.001348,0,Baixo
1970443,0.013889,0,Baixo
1967011,0.010676,0,Baixo
1970509,0.062794,0,Baixo
1970147,0.003165,0,Baixo
1959249,0.090592,0,Baixo
1970367,0.029043,0,Baixo
1970406,0.062794,0,Baixo
1969312,0.029043,0,Baixo
1969041,0.023861,0,Baixo
1968545,0.071023,0,Baixo
1968258,0.003165,0,Baixo
1966840,0.013889,0,Baixo
1970496,0.010676,0,Baixo
1970553,0.003165,0,Baixo
1970475,0.090592,0,Baixo
1970512,0.094203,0,Baixo
1970415,0.010676,0,Baixo
1818417,0.001348,0,Baixo
1969756,0.100213,0,Baixo
1969812,0.045455,0,Baixo
1967706,0.001348,0,Baixo
1833233,0.062794,0,Baixo
1967716,0.010676,0,Baixo
1970123,0.013889,0,Baixo
1970552,0.003165,0,Baixo
1970563,0.029043,0,Baixo
1955754,0.100213,0,Baixo
1970024,0.143994,0,Baixo
1970584,0.090592,0,Baixo
1968182,0.010676,0,Baixo
1961154,0.003165,0,Baixo
1961123,0.013889,0,Baixo
1970515,0.003165,0,Baixo
1970386,0.009174,0,Baixo
1970603,0.080586,0,Baixo
1945586,0.010676,0,Baixo
1970503,0.003165,0,Baixo
1966856,0.029043,0,Baixo
1958373,0.100213,0,Baixo
1970612,0.029043,0,Baixo
1963542,0.071023,0,Baixo
1966284,0.071023,0,Baixo
1964297,0.013889,0,Baixo
1970617,0.029043,0,Baixo
1949132,0.029043,0,Baixo
1970556,0.001348,0,Baixo
1969396,0.001348,0,Baixo
1970487,0.013889,0,Baixo
1962322,0.045455,0,Baixo
859308,0.010676,0,Baixo
1970479,0.003165,0,Baixo
1968819,0.071023,0,Baixo
1970625,0.003165,0,Baixo
1969221,0.100213,0,Baixo
1965326,0.100213,0,Baixo
1970632,0.029043,0,Baixo
1967575,0.029043,0,Baixo
1970641,0.062794,0,Baixo
1936293,0.071023,0,Baixo
1966189,0.029043,0,Baixo
1970642,0.001348,0,Baixo
1970649,0.0,0,Baixo
1959884,0.045455,0,Baixo
1969426,0.090592,0,Baixo
1963704,0.090592,0,Baixo
1970635,0.003165,0,Baixo
1970628,0.029043,0,Baixo
1970643,0.013889,0,Baixo
1967278,0.100213,0,Baixo
1966929,0.062794,0,Baixo
1970654,0.001348,0,Baixo
1966141,0.009174,0,Baixo
1970458,0.010676,0,Baixo
1966909,0.071023,0,Baixo
1873005,0.001348,0,Baixo
1970660,0.062794,0,Baixo
1969669,0.013889,0,Baixo
1951218,0.013889,0,Baixo
1970668,0.003165,0,Baixo
1970666,0.013889,0,Baixo
1970664,0.013889,0,Baixo
1969395,0.003165,0,Baixo
1969422,0.090592,0,Baixo
1970670,0.062794,0,Baixo
1970677,0.010676,0,Baixo
1969648,0.045455,0,Baixo
1957011,0.100213,0,Baixo
1969218,0.001348,0,Baixo
1957903,0.045455,0,Baixo
1969208,0.029043,0,Baixo
1970467,0.003165,0,Baixo
1967851,0.013889,0,Baixo
1970596,0.0,0,Baixo
1970703,0.023861,0,Baixo
1970304,0.010676,0,Baixo
1947438,0.029043,0,Baixo
1970440,0.003165,0,Baixo
1970587,0.013889,0,Baixo
1964899,0.071023,0,Baixo
1968232,0.029043,0,Baixo
1970715,0.029043,0,Baixo
1970711,0.023861,0,Baixo
1970657,0.010676,0,Baixo
1970723,0.029043,0,Baixo
1970724,0.029043,0,Baixo
1964305,0.029043,0,Baixo
1970675,0.001348,0,Baixo
1840094,0.013889,0,Baixo
1967988,0.071023,0,Baixo
1969147,0.100213,0,Baixo
1970693,0.023861,0,Baixo
1970740,0.013889,0,Baixo
1970586,0.080586,0,Baixo
1970747,0.023861,0,Baixo
1956897,0.062794,0,Baixo
1970329,0.029043,0,Baixo
1970762,0.023861,0,Baixo
1970760,0.013889,0,Baixo
1970738,0.062794,0,Baixo
1970773,0.013889,0,Baixo
1969530,0.003165,0,Baixo
1952406,0.080586,0,Baixo
1970777,0.023861,0,Baixo
1970795,0.0,0,Baixo
1968470,0.062794,0,Baixo
1969641,0.013889,0,Baixo
1970802,0.0,0,Baixo
1970772,0.071023,0,Baixo
1970796,0.023861,0,Baixo
1970804,0.013889,0,Baixo
1970816,0.071023,0,Baixo
1968880,0.029043,0,Baixo
1970798,0.013889,0,Baixo
1970784,0.003165,0,Baixo
1970812,0.029043,0,Baixo
1970821,0.090592,0,Baixo
1968930,0.023861,0,Baixo
1954663,0.029043,0,Baixo
1970758,0.029043,0,Baixo
1933124,0.010676,0,Baixo
1970142,0.023861,0,Baixo
1970800,0.062794,0,Baixo
1966405,0.163658,0,Baixo
1970854,0.009174,0,Baixo
1970845,0.071023,0,Baixo
1970837,0.029043,0,Baixo
1720187,0.010676,0,Baixo
1570875,0.100213,0,Baixo
1970858,0.023861,0,Baixo
1970855,0.029043,0,Baixo
1970834,0.013889,0,Baixo
1968307,0.2,0,Baixo
1970835,0.029043,0,Baixo
1961936,0.010676,0,Baixo
1970873,0.062794,0,Baixo
1970425,0.062794,0,Baixo
1970849,0.029043,0,Baixo
1970884,0.010676,0,Baixo
1970869,0.143994,0,Baixo
1969833,0.080586,0,Baixo
1968583,0.143994,0,Baixo
1968478,0.013889,0,Baixo
1970859,0.013889,0,Baixo
1968162,0.010676,0,Baixo
1967305,0.013889,0,Baixo
1968577,0.062794,0,Baixo
1970889,0.0,0,Baixo
1970903,0.0,0,Baixo
1969550,0.071023,0,Baixo
1970856,0.029043,0,Baixo
1970805,0.023861,0,Baixo
1970899,0.009174,0,Baixo
1970910,0.013889,0,Baixo
1914315,0.003165,0,Baixo
1969815,0.010676,0,Baixo
1970201,0.029043,0,Baixo
1970907,0.0,0,Baixo
1967910,0.013889,0,Baixo
1970233,0.023861,0,Baixo
1970922,0.023861,0,Baixo
1970927,0.003165,0,Baixo
1970928,0.010676,0,Baixo
1970926,0.029043,0,Baixo
1967156,0.029043,0,Baixo
1970908,0.029043,0,Baixo
1970941,0.010676,0,Baixo
1958875,0.090592,0,Baixo
1970499,0.071023,0,Baixo
1970935,0.029043,0,Baixo
1970885,0.062794,0,Baixo
1969919,0.062794,0,Baixo
1970932,0.013889,0,Baixo
1970860,0.003165,0,Baixo
1968717,0.143994,0,Baixo
1959459,0.062794,0,Baixo
1970956,0.0,0,Baixo
1966743,0.001348,0,Baixo
1970893,0.003165,0,Baixo
1970953,0.163658,0,Baixo
1970957,0.010676,0,Baixo
1970951,0.009174,0,Baixo
1970940,0.029043,0,Baixo
1970962,0.071023,0,Baixo
1970699,0.029043,0,Baixo
1970966,0.100213,0,Baixo
1970972,0.013889,0,Baixo
1966314,0.010676,0,Baixo
1967450,0.100213,0,Baixo
1969594,0.023861,0,Baixo
1970984,0.029043,0,Baixo
1969071,0.0,0,Baixo
1970987,0.029043,0,Baixo
1970992,0.003165,0,Baixo
1969214,0.029043,0,Baixo
1971002,0.010676,0,Baixo
1970752,0.023861,0,Baixo
1971007,0.009174,0,Baixo
1971008,0.094203,0,Baixo
1971011,0.013889,0,Baixo
1970672,0.029043,0,Baixo
1970857,0.013889,0,Baixo
1971010,0.071023,0,Baixo
1969180,0.029043,0,Baixo
1970292,0.100213,0,Baixo
1970349,0.071023,0,Baixo
1970904,0.009174,0,Baixo
1970669,0.071023,0,Baixo
1971045,0.001348,0,Baixo
1971044,0.013889,0,Baixo
1971047,0.090592,0,Baixo
1970599,0.023861,0,Baixo
1971058,0.013889,0,Baixo
1971062,0.0,0,Baixo
1971063,0.071023,0,Baixo
1971078,0.062794,0,Baixo
1971065,0.003165,0,Baixo
1971072,0.001348,0,Baixo
1971085,0.010676,0,Baixo
1960432,0.071023,0,Baixo
1971056,0.143994,0,Baixo
1971079,0.013889,0,Baixo
1842648,0.090592,0,Baixo
1970550,0.013889,0,Baixo
1971105,0.071023,0,Baixo
1969113,0.062794,0,Baixo
1971067,0.013889,0,Baixo
1969622,0.010676,0,Baixo
1970564,0.029043,0,Baixo
1971089,0.094203,0,Baixo
1969700,0.029043,0,Baixo
1971115,0.029043,0,Baixo
1971125,0.163658,0,Baixo
1969880,0.029043,0,Baixo
1971133,0.013889,0,Baixo
1956333,0.013889,0,Baixo
1971162,0.013889,0,Baixo
1971149,0.001348,0,Baixo
1971153,0.003165,0,Baixo
1969309,0.100213,0,Baixo
1971143,0.029043,0,Baixo
1966415,0.010676,0,Baixo
1971164,0.013889,0,Baixo
1963607,0.029043,0,Baixo
1970780,0.013889,0,Baixo
1970422,0.071023,0,Baixo
1971172,0.029043,0,Baixo
1969053,0.062794,0,Baixo
1967872,0.090592,0,Baixo
1962737,0.071023,0,Baixo
1949325,0.071023,0,Baixo
1957469,0.062794,0,Baixo
1971188,0.001348,0,Baixo
1971187,0.003165,0,Baixo
1971175,0.003165,0,Baixo
1969388,0.010676,0,Baixo
1971165,0.071023,0,Baixo
1971215,0.029043,0,Baixo
1971200,0.029043,0,Baixo
1969724,0.009174,0,Baixo
1971199,0.0,0,Baixo
1969192,0.090592,0,Baixo
1970909,0.029043,0,Baixo
1971167,0.062794,0,Baixo
1971238,0.001348,0,Baixo
1970346,0.029043,0,Baixo
1971226,0.029043,0,Baixo
1971206,0.062794,0,Baixo
1971253,0.023861,0,Baixo
1971236,0.029043,0,Baixo
1971252,0.013889,0,Baixo
1971243,0.009174,0,Baixo
1971283,0.010676,0,Baixo
1971240,0.029043,0,Baixo
1971277,0.029043,0,Baixo
1971234,0.100213,0,Baixo
1971280,0.0,0,Baixo
1971038,0.023861,0,Baixo
1971186,0.029043,0,Baixo
1971211,0.029043,0,Baixo
1971269,0.094203,0,Baixo
1970299,0.013889,0,Baixo
1970994,0.029043,0,Baixo
1971285,0.003165,0,Baixo
1971304,0.029043,0,Baixo
1971306,0.003165,0,Baixo
1957010,0.013889,0,Baixo
1952754,0.062794,0,Baixo
1971270,0.029043,0,Baixo
1971307,0.010676,0,Baixo
1971288,0.143994,0,Baixo
1971341,0.001348,0,Baixo
1971340,0.062794,0,Baixo
1944539,0.003165,0,Baixo
1971343,0.009174,0,Baixo
1971040,0.045455,0,Baixo
1971229,0.071023,0,Baixo
1969471,0.029043,0,Baixo
1971354,0.143994,0,Baixo
1970235,0.029043,0,Baixo
1971326,0.003165,0,Baixo
1971352,0.029043,0,Baixo
1971349,0.0,0,Baixo
1971353,0.013889,0,Baixo
1968740,0.143994,0,Baixo
1970701,0.071023,0,Baixo
1970571,0.013889,0,Baixo
1971370,0.023861,0,Baixo
1970880,0.029043,0,Baixo
1971371,0.010676,0,Baixo
1971389,0.080586,0,Baixo
1971388,0.003165,0,Baixo
1967298,0.090592,0,Baixo
1961090,0.094203,0,Baixo
1971274,0.013889,0,Baixo
1971375,0.029043,0,Baixo
1971223,0.029043,0,Baixo
1959000,0.045455,0,Baixo
1971264,0.029043,0,Baixo
1969169,0.045455,0,Baixo
1970591,0.013889,0,Baixo
1971401,0.010676,0,Baixo
1971398,0.029043,0,Baixo
1920327,0.062794,0,Baixo
1968144,0.013889,0,Baixo
1969163,0.071023,0,Baixo
1971318,0.003165,0,Baixo
1971404,0.029043,0,Baixo
1969060,0.013889,0,Baixo
1970716,0.045455,0,Baixo
1968692,0.009174,0,Baixo
1971320,0.010676,0,Baixo
1971346,0.009174,0,Baixo
1969443,0.013889,0,Baixo
1969434,0.029043,0,Baixo
1966522,0.003165,0,Baixo
1971411,0.013889,0,Baixo
1971383,0.013889,0,Baixo
1970028,0.071023,0,Baixo
1813962,0.013889,0,Baixo
1971446,0.013889,0,Baixo
1971429,0.010676,0,Baixo
1971444,0.029043,0,Baixo
1971442,0.013889,0,Baixo
1971422,0.009174,0,Baixo
1971350,0.029043,0,Baixo
1971330,0.080586,0,Baixo
1969149,0.163658,0,Baixo
1971449,0.045455,0,Baixo
1971459,0.010676,0,Baixo
1971460,0.023861,0,Baixo
1971469,0.062794,0,Baixo
1971450,0.029043,0,Baixo
1971465,0.009174,0,Baixo
1957122,0.071023,0,Baixo
1971241,0.0,0,Baixo
1971468,0.143994,0,Baixo
1971055,0.062794,0,Baixo
1967334,0.003165,0,Baixo
1958791,0.090592,0,Baixo
1968252,0.009174,0,Baixo
1971528,0.0,0,Baixo
1971477,0.029043,0,Baixo
1971520,0.137931,0,Baixo
1968233,0.001348,0,Baixo
1971491,0.013889,0,Baixo
1970915,0.009174,0,Baixo
1971286,0.029043,0,Baixo
1971534,0.030303,0,Baixo
1970262,0.029043,0,Baixo
1971516,0.029043,0,Baixo
1971479,0.023861,0,Baixo
1971399,0.045455,0,Baixo
1971506,0.010676,0,Baixo
1969895,0.029043,0,Baixo
1971496,0.023861,0,Baixo
1971541,0.029043,0,Baixo
1968527,0.013889,0,Baixo
1971552,0.013889,0,Baixo
1971544,0.100213,0,Baixo
1970447,0.100213,0,Baixo
1971554,0.029043,0,Baixo
1971539,0.100213,0,Baixo
1971524,0.013889,0,Baixo
1968359,0.062794,0,Baixo
1967142,0.062794,0,Baixo
1971551,0.013889,0,Baixo
1971560,0.080586,0,Baixo
1971562,0.143994,0,Baixo
1971582,0.013889,0,Baixo
1971580,0.001348,0,Baixo
1968909,0.003165,0,Baixo
1971600,0.009174,0,Baixo
1971585,0.029043,0,Baixo
1971108,0.029043,0,Baixo
1970950,0.003165,0,Baixo
1971603,0.0,0,Baixo
1971609,0.029043,0,Baixo
1971615,0.094203,0,Baixo
1971618,0.062794,0,Baixo
1970616,0.029043,0,Baixo
1971616,0.003165,0,Baixo
1971292,0.023861,0,Baixo
1969310,0.029043,0,Baixo
1970656,0.094203,0,Baixo
1971626,0.001348,0,Baixo
1970847,0.023861,0,Baixo
1969179,0.013889,0,Baixo
1967772,0.013889,0,Baixo
1971006,0.009174,0,Baixo
1971453,0.029043,0,Baixo
1971470,0.013889,0,Baixo
1967749,0.143994,0,Baixo
1971632,0.0,0,Baixo
1971641,0.163658,0,Baixo
1971623,0.062794,0,Baixo
1948251,0.003165,0,Baixo
1971651,0.013889,0,Baixo
1969187,0.029043,0,Baixo
1970506,0.013889,0,Baixo
1971645,0.080586,0,Baixo
1971652,0.090592,0,Baixo
1967690,0.100213,0,Baixo
1969805,0.029043,0,Baixo
1971648,0.013889,0,Baixo
1971664,0.013889,0,Baixo
1971597,0.029043,0,Baixo
1970554,0.045455,0,Baixo
1971502,0.0,0,Baixo
1969952,0.013889,0,Baixo
1971625,0.003165,0,Baixo
1971619,0.080586,0,Baixo
1971684,0.001348,0,Baixo
1971680,0.080586,0,Baixo
1971670,0.003165,0,Baixo
1954616,0.062794,0,Baixo
1971679,0.062794,0,Baixo
1971579,0.029043,0,Baixo
1971705,0.100213,0,Baixo
1971708,0.010676,0,Baixo
1971683,0.029043,0,Baixo
1971706,0.071023,0,Baixo
1968118,0.010676,0,Baixo
1915523,0.029043,0,Baixo
1950729,0.071023,0,Baixo
1971714,0.009174,0,Baixo
1971696,0.013889,0,Baixo
1971722,0.013889,0,Baixo
1832734,0.029043,0,Baixo
1971564,0.029043,0,Baixo
1971589,0.137931,0,Baixo
1971704,0.013889,0,Baixo
1970911,0.071023,0,Baixo
1971608,0.062794,0,Baixo
1767822,0.003165,0,Baixo
1970394,0.029043,0,Baixo
1971699,0.071023,0,Baixo
1956603,0.143994,0,Baixo
1969969,0.003165,0,Baixo
1956618,0.029043,0,Baixo
1971497,0.003165,0,Baixo
1971736,0.029043,0,Baixo
1970879,0.009174,0,Baixo
1971754,0.013889,0,Baixo
1969224,0.029043,0,Baixo
1970905,0.100213,0,Baixo
1968413,0.071023,0,Baixo
1971440,0.029043,0,Baixo
1971759,0.013889,0,Baixo
1971748,0.013889,0,Baixo
1971695,0.023861,0,Baixo
1969705,0.029043,0,Baixo
1971743,0.029043,0,Baixo
1971563,0.023861,0,Baixo
1971775,0.029043,0,Baixo
1970353,0.029043,0,Baixo
1971779,0.045455,0,Baixo
1969450,0.013889,0,Baixo
1971752,0.029043,0,Baixo
1971773,0.009174,0,Baixo
1971782,0.029043,0,Baixo
1970156,0.010676,0,Baixo
1971776,0.001348,0,Baixo
1971678,0.013889,0,Baixo
1971791,0.010676,0,Baixo
1971789,0.062794,0,Baixo
1970257,0.010676,0,Baixo
1971800,0.062794,0,Baixo
1971799,0.010676,0,Baixo
1971709,0.163658,0,Baixo
1971794,0.045455,0,Baixo
1971771,0.003165,0,Baixo
1087159,0.100213,0,Baixo
1971807,0.029043,0,Baixo
1971810,0.029043,0,Baixo
1970157,0.013889,0,Baixo
1971825,0.013889,0,Baixo
1971827,0.029043,0,Baixo
1971841,0.013889,0,Baixo
1963649,0.178571,0,Baixo
1970811,0.010676,0,Baixo
1971831,0.029043,0,Baixo
1971846,0.029043,0,Baixo
1971828,0.062794,0,Baixo
1971823,0.029043,0,Baixo
1971845,0.013889,0,Baixo
1971854,0.013889,0,Baixo
1946517,0.009174,0,Baixo
1877412,0.003165,0,Baixo
1971853,0.100213,0,Baixo
1971863,0.071023,0,Baixo
1971861,0.013889,0,Baixo
1971864,0.094203,0,Baixo
1971871,0.062794,0,Baixo
1966133,0.143994,0,Baixo
1971873,0.029043,0,Baixo
1968171,0.100213,0,Baixo
1971868,0.003165,0,Baixo
1971867,0.013889,0,Baixo
1971869,0.029043,0,Baixo
1971875,0.094203,0,Baixo
1971862,0.100213,0,Baixo
1970419,0.013889,0,Baixo
1437445,0.062794,0,Baixo
1970529,0.029043,0,Baixo
1971882,0.029043,0,Baixo
1971886,0.062794,0,Baixo
1949606,0.013889,0,Baixo
1971581,0.178571,0,Baixo
1971586,0.001348,0,Baixo
1969099,0.094203,0,Baixo
1971138,0.029043,0,Baixo
1971753,0.029043,0,Baixo
1971896,0.003165,0,Baixo
1968689,0.071023,0,Baixo
1970064,0.003165,0,Baixo
1969339,0.062794,0,Baixo
1971646,0.137931,0,Baixo
1950343,0.143994,0,Baixo
1971777,0.001348,0,Baixo
1971897,0.003165,0,Baixo
1970717,0.045455,0,Baixo
1954209,0.023861,0,Baixo
1971893,0.029043,0,Baixo
1971611,0.143994,0,Baixo
1954869,0.090592,0,Baixo
1971899,0.062794,0,Baixo
1971790,0.071023,0,Baixo
1971905,0.080586,0,Baixo
1971365,0.009174,0,Baixo
1971909,0.080586,0,Baixo
1971918,0.029043,0,Baixo
1971813,0.023861,0,Baixo
1966308,0.045455,0,Baixo
1121268,0.003165,0,Baixo
1971906,0.030303,0,Baixo
1971921,0.062794,0,Baixo
1971924,0.013889,0,Baixo
1971902,0.029043,0,Baixo
1971622,0.013889,0,Baixo
1971814,0.013889,0,Baixo
1953420,0.029043,0,Baixo
1971940,0.062794,0,Baixo
1971937,0.029043,0,Baixo
1971946,0.090592,0,Baixo
1971942,0.023861,0,Baixo
1971207,0.062794,0,Baixo
1969822,0.010676,0,Baixo
1971947,0.023861,0,Baixo
1969481,0.071023,0,Baixo
1971923,0.023861,0,Baixo
1970193,0.001348,0,Baixo
1971881,0.013889,0,Baixo
1969435,0.029043,0,Baixo
1971965,0.029043,0,Baixo
1970546,0.029043,0,Baixo
1958166,0.094203,0,Baixo
1968349,0.023861,0,Baixo
1971783,0.029043,0,Baixo
1951871,0.029043,0,Baixo
1968106,0.100213,0,Baixo
1970398,0.0,0,Baixo
1971954,0.013889,0,Baixo
1969620,0.029043,0,Baixo
1971970,0.094203,0,Baixo
1971977,0.013889,0,Baixo
1971976,0.029043,0,Baixo
1971982,0.010676,0,Baixo
1971972,0.0,0,Baixo
1970690,0.071023,0,Baixo
1971975,0.030303,0,Baixo
1967488,0.029043,0,Baixo
1971990,0.013889,0,Baixo
1971992,0.001348,0,Baixo
1971163,0.029043,0,Baixo
1971987,0.080586,0,Baixo
1971993,0.029043,0,Baixo
1971986,0.029043,0,Baixo
1971983,0.003165,0,Baixo
1967455,0.023861,0,Baixo
1971974,0.009174,0,Baixo
1971973,0.010676,0,Baixo
1971945,0.010676,0,Baixo
1971969,0.029043,0,Baixo
1972003,0.001348,0,Baixo
1971707,0.023861,0,Baixo
1971290,0.023861,0,Baixo
1971847,0.003165,0,Baixo
1971576,0.029043,0,Baixo
1972025,0.001348,0,Baixo
1972020,0.010676,0,Baixo
1944699,0.029043,0,Baixo
1971998,0.003165,0,Baixo
1972024,0.071023,0,Baixo
1972027,0.029043,0,Baixo
1968752,0.001348,0,Baixo
1972031,0.013889,0,Baixo
1961085,0.013889,0,Baixo
1971374,0.029043,0,Baixo
1971961,0.001348,0,Baixo
1971793,0.013889,0,Baixo
1968807,0.090592,0,Baixo
1969945,0.010676,0,Baixo
1972045,0.143994,0,Baixo
1972053,0.001348,0,Baixo
1970645,0.100213,0,Baixo
1964847,0.029043,0,Baixo
1963100,0.029043,0,Baixo
1968105,0.029043,0,Baixo
1971796,0.013889,0,Baixo
1971935,0.163658,0,Baixo
1972046,0.029043,0,Baixo
1971723,0.029043,0,Baixo
1972041,0.090592,0,Baixo
1972057,0.100213,0,Baixo
1972054,0.071023,0,Baixo
1972058,0.010676,0,Baixo
1968485,0.029043,0,Baixo
1972073,0.029043,0,Baixo
1972069,0.009174,0,Baixo
1972083,0.071023,0,Baixo
1972066,0.071023,0,Baixo
1964687,0.071023,0,Baixo
1970757,0.009174,0,Baixo
1941530,0.163658,0,Baixo
1972097,0.029043,0,Baixo
1972100,0.143994,0,Baixo
1972096,0.071023,0,Baixo
1970819,0.029043,0,Baixo
1966319,0.029043,0,Baixo
1970934,0.0,0,Baixo
1965234,0.013889,0,Baixo
1972109,0.009174,0,Baixo
1972015,0.010676,0,Baixo
1972099,0.023861,0,Baixo
1968368,0.013889,0,Baixo
1972084,0.062794,0,Baixo
1942186,0.013889,0,Baixo
1972115,0.010676,0,Baixo
1972118,0.090592,0,Baixo
1967750,0.029043,0,Baixo
1971675,0.003165,0,Baixo
1972120,0.010676,0,Baixo
1970640,0.023861,0,Baixo
1972114,0.001348,0,Baixo
1972130,0.143994,0,Baixo
1966850,0.094203,0,Baixo
1968500,0.062794,0,Baixo
1972127,0.029043,0,Baixo
1972151,0.062794,0,Baixo
1972134,0.071023,0,Baixo
1972135,0.013889,0,Baixo
1972157,0.013889,0,Baixo
1972186,0.013889,0,Baixo
1972191,0.023861,0,Baixo
1969475,0.009174,0,Baixo
1964607,0.100213,0,Baixo
1972199,0.003165,0,Baixo
1972080,0.029043,0,Baixo
1972208,0.001348,0,Baixo
1972221,0.001348,0,Baixo
1969153,0.009174,0,Baixo
1972172,0.071023,0,Baixo
1972223,0.013889,0,Baixo
1972218,0.009174,0,Baixo
1972232,0.013889,0,Baixo
1972235,0.080586,0,Baixo
1972213,0.173497,0,Baixo
1970705,0.090592,0,Baixo
1970341,0.023861,0,Baixo
1953076,0.030303,0,Baixo
1970525,0.029043,0,Baixo
1972262,0.029043,0,Baixo
1972201,0.010676,0,Baixo
1972230,0.029043,0,Baixo
1965534,0.010676,0,Baixo
1972265,0.013889,0,Baixo
1972222,0.100213,0,Baixo
1972260,0.029043,0,Baixo
1972271,0.013889,0,Baixo
1971533,0.029043,0,Baixo
1971911,0.071023,0,Baixo
1972268,0.010676,0,Baixo
1972273,0.029043,0,Baixo
1970076,0.029043,0,Baixo
1972229,0.090592,0,Baixo
1970532,0.029043,0,Baixo
1971244,0.029043,0,Baixo
1972108,0.029043,0,Baixo
1971693,0.071023,0,Baixo
1972250,0.009174,0,Baixo
1972285,0.100213,0,Baixo
1970212,0.071023,0,Baixo
1971176,0.080586,0,Baixo
1966808,0.080586,0,Baixo
1972111,0.100213,0,Baixo
1972195,0.013889,0,Baixo
1972298,0.029043,0,Baixo
1972184,0.163658,0,Baixo
1972312,0.0,0,Baixo
1972299,0.163658,0,Baixo
1971927,0.029043,0,Baixo
1968220,0.143994,0,Baixo
1972306,0.071023,0,Baixo
1971955,0.094203,0,Baixo
1969415,0.100213,0,Baixo
1961181,0.143994,0,Baixo
1972338,0.010676,0,Baixo
1966104,0.229935,0,Medio
1972316,0.100213,0,Baixo
1969781,0.090592,0,Baixo
1969782,0.029043,0,Baixo
1972356,0.013889,0,Baixo
1961757,0.100213,0,Baixo
1972363,0.010676,0,Baixo
1972021,0.029043,0,Baixo
1972362,0.001348,0,Baixo
1971721,0.080586,0,Baixo
1972371,0.045455,0,Baixo
1972301,0.003165,0,Baixo
1972383,0.071023,0,Baixo
1972378,0.12069,0,Baixo
1970078,0.029043,0,Baixo
1972379,0.080586,0,Baixo
1972347,0.143994,0,Baixo
1971183,0.029043,0,Baixo
1972210,0.013889,0,Baixo
1954836,0.0,0,Baixo
1972404,0.001348,0,Baixo
1972211,0.013889,0,Baixo
1947803,0.062794,0,Baixo
1972142,0.001348,0,Baixo
1972252,0.045455,0,Baixo
1969629,0.100213,0,Baixo
1972206,0.062794,0,Baixo
1970844,0.029043,0,Baixo
1972382,0.029043,0,Baixo
1971039,0.001348,0,Baixo
1972381,0.003165,0,Baixo
1972391,0.029043,0,Baixo
1972384,0.003165,0,Baixo
1972310,0.071023,0,Baixo
1972409,0.003165,0,Baixo
1972322,0.029043,0,Baixo
1972372,0.010676,0,Baixo
1972410,0.029043,0,Baixo
1972307,0.013889,0,Baixo
1972421,0.009174,0,Baixo
1972396,0.009174,0,Baixo
1972438,0.080586,0,Baixo
1972400,0.071023,0,Baixo
1972440,0.003165,0,Baixo
1972374,0.0,0,Baixo
1885918,0.12069,0,Baixo
1972456,0.029043,0,Baixo
1972464,0.013889,0,Baixo
1972365,0.094203,0,Baixo
1972441,0.062794,0,Baixo
1972452,0.013889,0,Baixo
1972413,0.029043,0,Baixo
1972458,0.009174,0,Baixo
1972444,0.029043,0,Baixo
1972468,0.163658,0,Baixo
1972467,0.062794,0,Baixo
1972446,0.029043,0,Baixo
1970783,0.214925,0,Medio
1972399,0.029043,0,Baixo
1972431,0.003165,0,Baixo
1972293,0.062794,0,Baixo
1964762,0.0,0,Baixo
1972433,0.013889,0,Baixo
1972498,0.001348,0,Baixo
1972463,0.023861,0,Baixo
1963095,0.009174,0,Baixo
1972488,0.029043,0,Baixo
1972495,0.029043,0,Baixo
1972492,0.001348,0,Baixo
1972453,0.071023,0,Baixo
1972416,0.010676,0,Baixo
1972392,0.010676,0,Baixo
1972508,0.045455,0,Baixo
1972455,0.163658,0,Baixo
1972415,0.009174,0,Baixo
1951276,0.023861,0,Baixo
1972408,0.030303,0,Baixo
1972535,0.001348,0,Baixo
1972466,0.062794,0,Baixo
1964481,0.003165,0,Baixo
1972544,0.143994,0,Baixo
1972539,0.029043,0,Baixo
1972555,0.029043,0,Baixo
1972541,0.009174,0,Baixo
1972557,0.009174,0,Baixo
1972560,0.0,0,Baixo
1972584,0.009174,0,Baixo
1972525,0.094203,0,Baixo
1900374,0.003165,0,Baixo
1972552,0.013889,0,Baixo
1972565,0.001348,0,Baixo
1972582,0.100213,0,Baixo
1972577,0.009174,0,Baixo
1972048,0.001348,0,Baixo
1972548,0.013889,0,Baixo
1972490,0.029043,0,Baixo
1972617,0.029043,0,Baixo
1972520,0.001348,0,Baixo
1972610,0.013889,0,Baixo
1972602,0.090592,0,Baixo
1972547,0.023861,0,Baixo
1972585,0.013889,0,Baixo
1972588,0.003165,0,Baixo
1972625,0.029043,0,Baixo
1972537,0.045455,0,Baixo
1972551,0.003165,0,Baixo
1972638,0.071023,0,Baixo
1972595,0.143994,0,Baixo
1972628,0.003165,0,Baixo
1972575,0.029043,0,Baixo
1972355,0.029043,0,Baixo
1972283,0.023861,0,Baixo
1972561,0.029043,0,Baixo
1972183,0.023861,0,Baixo
1972624,0.003165,0,Baixo
1972652,0.029583,0,Baixo
1972665,0.001348,0,Baixo
1972564,0.045455,0,Baixo
1972631,0.010676,0,Baixo
1972627,0.023861,0,Baixo
1972645,0.003165,0,Baixo
1972470,0.062794,0,Baixo
1972605,0.013889,0,Baixo
1972696,0.094203,0,Baixo
1972635,0.023861,0,Baixo
1972673,0.045455,0,Baixo
1972611,0.029043,0,Baixo
1972614,0.045455,0,Baixo
1972570,0.029043,0,Baixo
1972679,0.010676,0,Baixo
1972646,0.003165,0,Baixo
1972667,0.029043,0,Baixo
1972641,0.071023,0,Baixo
1972581,0.013889,0,Baixo
1972688,0.023861,0,Baixo
1972654,0.010676,0,Baixo
1972680,0.071023,0,Baixo
1972442,0.029043,0,Baixo
1972637,0.009174,0,Baixo
1972706,0.010676,0,Baixo
1972613,0.029043,0,Baixo
1972022,0.013889,0,Baixo
1972721,0.001348,0,Baixo
1972609,0.023861,0,Baixo
1972730,0.001348,0,Baixo
1972742,0.062794,0,Baixo
1972593,0.013889,0,Baixo
1972745,0.003165,0,Baixo
1972569,0.029043,0,Baixo
1972683,0.009174,0,Baixo
1972698,0.143994,0,Baixo
1972746,0.010676,0,Baixo
1970943,0.013889,0,Baixo
1972676,0.009174,0,Baixo
1972689,0.013889,0,Baixo
1972737,0.001348,0,Baixo
1972747,0.029043,0,Baixo
1972777,0.010676,0,Baixo
1972598,0.013889,0,Baixo
1972775,0.023861,0,Baixo
1972740,0.013889,0,Baixo
1972760,0.100213,0,Baixo
1972704,0.029043,0,Baixo
1972743,0.009174,0,Baixo
1972660,0.029043,0,Baixo
1972755,0.013889,0,Baixo
1972701,0.013889,0,Baixo
1972563,0.062794,0,Baixo
1972794,0.010676,0,Baixo
1972811,0.013889,0,Baixo
1972772,0.010676,0,Baixo
1972799,0.029043,0,Baixo
1972788,0.009174,0,Baixo
1972690,0.023861,0,Baixo
1969644,0.013889,0,Baixo
1972797,0.163658,0,Baixo
1972784,0.214925,0,Medio
1972825,0.001348,0,Baixo
1972608,0.062794,0,Baixo
1972138,0.029043,0,Baixo
1972834,0.029043,0,Baixo
1972814,0.023861,0,Baixo
1972867,0.029043,0,Baixo
1972884,0.003165,0,Baixo
1972839,0.166038,0,Baixo
1972840,0.013889,0,Baixo
1972878,0.013889,0,Baixo
1972830,0.045455,0,Baixo
1972766,0.062794,0,Baixo
1972875,0.013889,0,Baixo
1972903,0.023861,0,Baixo
1972820,0.090592,0,Baixo
1972831,0.029043,0,Baixo
1972713,0.009174,0,Baixo
1972886,0.029043,0,Baixo
1967624,0.029043,0,Baixo
1972924,0.029043,0,Baixo
1972907,0.062794,0,Baixo
1972482,0.062794,0,Baixo
1897861,0.009174,0,Baixo
1972967,0.029043,0,Baixo
1972962,0.009174,0,Baixo
1972949,0.029043,0,Baixo
1972976,0.013889,0,Baixo
1972929,0.013889,0,Baixo
1972968,0.010676,0,Baixo
1972974,0.143994,0,Baixo
1972856,0.013889,0,Baixo
1970655,0.029043,0,Baixo
1966051,0.001348,0,Baixo
1966515,0.013889,0,Baixo
1972996,0.003165,0,Baixo
1972950,0.003165,0,Baixo
1973004,0.029043,0,Baixo
1972815,0.029043,0,Baixo
1972927,0.003165,0,Baixo
1972992,0.001348,0,Baixo
1973017,0.062794,0,Baixo
1972955,0.013889,0,Baixo
1963520,0.080586,0,Baixo
1973011,0.001348,0,Baixo
1972979,0.013889,0,Baixo
1973026,0.012846,0,Baixo
1971834,0.029043,0,Baixo
1973023,0.080586,0,Baixo
1973027,0.001348,0,Baixo
1973002,0.080586,0,Baixo
1973024,0.013889,0,Baixo
1709220,0.143994,0,Baixo
1973008,0.029043,0,Baixo
1972435,0.029043,0,Baixo
1973034,0.029043,0,Baixo
1973076,0.100213,0,Baixo
1973091,0.0,0,Baixo
1973078,0.029043,0,Baixo
1973063,0.013889,0,Baixo
1973049,0.023861,0,Baixo
1973099,0.029043,0,Baixo
1973098,0.029043,0,Baixo
1973142,0.009174,0,Baixo
1973138,0.003165,0,Baixo
1973151,0.023861,0,Baixo
1972516,0.094203,0,Baixo
1973167,0.001348,0,Baixo
1973166,0.001348,0,Baixo
1973174,0.013889,0,Baixo
1973173,0.013889,0,Baixo
1973164,0.001348,0,Baixo
1973150,0.003165,0,Baixo
1972942,0.0,0,Baixo
1973093,0.001348,0,Baixo
1973055,0.010676,0,Baixo
1973204,0.003165,0,Baixo
1973201,0.001348,0,Baixo
1973202,0.029043,0,Baixo
1973210,0.003165,0,Baixo
1973214,0.029043,0,Baixo
1973203,0.010676,0,Baixo
1972412,0.029043,0,Baixo
1970502,0.062794,0,Baixo
1972483,0.010676,0,Baixo
1971325,0.029043,0,Baixo
1973254,0.010676,0,Baixo
1973260,0.001348,0,Baixo
1973216,0.062794,0,Baixo
1973256,0.001348,0,Baixo
1973281,0.010676,0,Baixo
1973258,0.013889,0,Baixo
1973176,0.029043,0,Baixo
1973162,0.013889,0,Baixo
1972966,0.100213,0,Baixo
1973277,0.009174,0,Baixo
1973283,0.003165,0,Baixo
1972543,0.013889,0,Baixo
1973285,0.023861,0,Baixo
1973255,0.029043,0,Baixo
1973301,0.029043,0,Baixo
1973269,0.009174,0,Baixo
1973328,0.090592,0,Baixo
1973327,0.013889,0,Baixo
1973334,0.062794,0,Baixo
1973215,0.003165,0,Baixo
1973326,0.009174,0,Baixo
1973339,0.071023,0,Baixo
1973325,0.029043,0,Baixo
1087627,0.023861,0,Baixo
1973338,0.001348,0,Baixo
1973343,0.143994,0,Baixo
1973319,0.003165,0,Baixo
1973361,0.023861,0,Baixo
1973447,0.003165,0,Baixo
1973378,0.009174,0,Baixo
1972451,0.010676,0,Baixo
1973433,0.029043,0,Baixo
1973379,0.003165,0,Baixo
1973384,0.029043,0,Baixo
1973389,0.013889,0,Baixo
1973396,0.094203,0,Baixo
1973492,0.029043,0,Baixo
1973494,0.062794,0,Baixo
1973437,0.100213,0,Baixo
1973421,0.100213,0,Baixo
1973409,0.029043,0,Baixo
1973428,0.029043,0,Baixo
1973376,0.143994,0,Baixo
1973464,0.062794,0,Baixo
1973375,0.023861,0,Baixo
1973426,0.029043,0,Baixo
1973544,0.003165,0,Baixo
1973475,0.003165,0,Baixo
1973348,0.071023,0,Baixo
1973517,0.003165,0,Baixo
1973429,0.023861,0,Baixo
1973406,0.009174,0,Baixo
1973488,0.029043,0,Baixo
1973577,0.143994,0,Baixo
1973598,0.013889,0,Baixo
1973455,0.029043,0,Baixo
1973481,0.100213,0,Baixo
1973498,0.143994,0,Baixo
1973454,0.029043,0,Baixo
1973599,0.013889,0,Baixo
1973547,0.029043,0,Baixo
1973503,0.003165,0,Baixo
1973535,0.009174,0,Baixo
1973501,0.023861,0,Baixo
1973425,0.100213,0,Baixo
1973377,0.023861,0,Baixo
1973441,0.071023,0,Baixo
1973442,0.010676,0,Baixo
1973403,0.100213,0,Baixo
1973430,0.062794,0,Baixo
1973382,0.013889,0,Baixo
1973394,0.029043,0,Baixo
1973418,0.029043,0,Baixo
1973562,0.071023,0,Baixo
1973549,0.143994,0,Baixo
1973508,0.062794,0,Baixo
1973400,0.013889,0,Baixo
1973646,0.013889,0,Baixo
1973602,0.029043,0,Baixo
1973460,0.013889,0,Baixo
1973462,0.071023,0,Baixo
1973619,0.029043,0,Baixo
1973452,0.080586,0,Baixo
1973527,0.013889,0,Baixo
1972994,0.003165,0,Baixo
1973358,0.010676,0,Baixo
1973629,0.023861,0,Baixo
1973401,0.029043,0,Baixo
1973392,0.045455,0,Baixo
1973385,0.023861,0,Baixo
1973557,0.029043,0,Baixo
1973538,0.071023,0,Baixo
1973694,0.009174,0,Baixo
1973459,0.023861,0,Baixo
1973438,0.029043,0,Baixo
1973413,0.013889,0,Baixo
1973510,0.003165,0,Baixo
1973666,0.003165,0,Baixo
1973564,0.062794,0,Baixo
1973551,0.163658,0,Baixo
1973443,0.013889,0,Baixo
1973640,0.003165,0,Baixo
1973710,0.045455,0,Baixo
1973388,0.045455,0,Baixo
1973586,0.003165,0,Baixo
1973559,0.029043,0,Baixo
1973624,0.029043,0,Baixo
1972964,0.029043,0,Baixo
1973605,0.009174,0,Baixo
1973506,0.137931,0,Baixo
1973515,0.013889,0,Baixo
1973448,0.080586,0,Baixo
1973561,0.023861,0,Baixo
1973458,0.009174,0,Baixo
1973434,0.090592,0,Baixo
1973468,0.009174,0,Baixo
1973696,0.030303,0,Baixo
1973589,0.013889,0,Baixo
1973374,0.013889,0,Baixo
1973518,0.023861,0,Baixo
1973513,0.023861,0,Baixo
1973499,0.080586,0,Baixo
1973511,0.029043,0,Baixo
1973744,0.080586,0,Baixo
1973661,0.163658,0,Baixo
1973663,0.013889,0,Baixo
1973588,0.062794,0,Baixo
1973758,0.010676,0,Baixo
1973672,0.023861,0,Baixo
1973439,0.062794,0,Baixo
1973773,0.010676,0,Baixo
1973560,0.143994,0,Baixo
1973540,0.001348,0,Baixo
1973346,0.029043,0,Baixo
1973039,0.029043,0,Baixo
1973423,0.023861,0,Baixo
1973466,0.009174,0,Baixo
1973490,0.009174,0,Baixo
1973534,0.013889,0,Baixo
1973732,0.071023,0,Baixo
1973352,0.010676,0,Baixo
1973766,0.009174,0,Baixo
1973767,0.100213,0,Baixo
1973721,0.029043,0,Baixo
1973679,0.003165,0,Baixo
1973731,0.029043,0,Baixo
1973801,0.029043,0,Baixo
1973420,0.013889,0,Baixo
1973786,0.062794,0,Baixo
1973774,0.071023,0,Baixo
1973548,0.013889,0,Baixo
1973436,0.090592,0,Baixo
1973522,0.001348,0,Baixo
1973595,0.029043,0,Baixo
1973616,0.010676,0,Baixo
1243634,0.166038,0,Baixo
1973820,0.029043,0,Baixo
1973727,0.003165,0,Baixo
1973575,0.029043,0,Baixo
1973533,0.071023,0,Baixo
1973789,0.013889,0,Baixo
1973571,0.071023,0,Baixo
1973592,0.062794,0,Baixo
1973742,0.090592,0,Baixo
1973752,0.045455,0,Baixo
1973782,0.013889,0,Baixo
1973746,0.029043,0,Baixo
1973330,0.029043,0,Baixo
1973373,0.090592,0,Baixo
1973827,0.071023,0,Baixo
1973724,0.003165,0,Baixo
1973796,0.029043,0,Baixo
1973689,0.062794,0,Baixo
1973815,0.030122,0,Baixo
1973824,0.029043,0,Baixo
1973614,0.071023,0,Baixo
1973542,0.009174,0,Baixo
1973670,0.071023,0,Baixo
1973641,0.100213,0,Baixo
1973580,0.023861,0,Baixo
1973869,0.009174,0,Baixo
1973877,0.003165,0,Baixo
1973371,0.071023,0,Baixo
1973819,0.062794,0,Baixo
1973828,0.001348,0,Baixo
1973504,0.029043,0,Baixo
1973303,0.003165,0,Baixo
1973862,0.023861,0,Baixo
1973839,0.003165,0,Baixo
1973736,0.062794,0,Baixo
1973410,0.071023,0,Baixo
1973622,0.029043,0,Baixo
1973697,0.094203,0,Baixo
1973300,0.100213,0,Baixo
1973903,0.045455,0,Baixo
1973656,0.009174,0,Baixo
1973404,0.029043,0,Baixo
1973783,0.003165,0,Baixo
1973671,0.010676,0,Baixo
1973858,0.0,0,Baixo
1973738,0.029043,0,Baixo
1973759,0.003165,0,Baixo
1973473,0.143994,0,Baixo
1973863,0.029043,0,Baixo
1973889,0.100213,0,Baixo
1973627,0.062794,0,Baixo
1973912,0.001348,0,Baixo
1971999,0.029043,0,Baixo
1973897,0.001348,0,Baixo
1973807,0.062794,0,Baixo
1973482,0.029043,0,Baixo
1973958,0.071023,0,Baixo
1973620,0.013889,0,Baixo
1973507,0.029043,0,Baixo
1973794,0.062794,0,Baixo
1966752,0.003165,0,Baixo
1971092,0.013889,0,Baixo
1973929,0.003165,0,Baixo
1973856,0.062794,0,Baixo
1973669,0.094203,0,Baixo
1973836,0.029043,0,Baixo
1973945,0.023861,0,Baixo
1973908,0.013889,0,Baixo
1973502,0.094203,0,Baixo
1973884,0.090592,0,Baixo
1973324,0.029043,0,Baixo
1973232,0.023861,0,Baixo
1973770,0.029043,0,Baixo
1973973,0.003165,0,Baixo
1973966,0.029043,0,Baixo
1973594,0.100213,0,Baixo
1974026,0.029043,0,Baixo
1973581,0.010676,0,Baixo
1974065,0.080586,0,Baixo
1973479,0.080586,0,Baixo
1974045,0.010676,0,Baixo
1971575,0.013889,0,Baixo
1971416,0.013889,0,Baixo
1972720,0.029043,0,Baixo
1973881,0.013889,0,Baixo
1974054,0.090592,0,Baixo
1973980,0.013889,0,Baixo
1969342,0.029043,0,Baixo
1973304,0.001348,0,Baixo
1973509,0.090592,0,Baixo
1973536,0.062794,0,Baixo
1973756,0.023861,0,Baixo
1974093,0.029043,0,Baixo
1973383,0.094203,0,Baixo
1973857,0.090592,0,Baixo
1974033,0.013889,0,Baixo
1973928,0.013889,0,Baixo
1973726,0.013889,0,Baixo
1973066,0.045455,0,Baixo
1973907,0.163658,0,Baixo
1974003,0.071023,0,Baixo
1973440,0.029043,0,Baixo
1974006,0.013889,0,Baixo
1973939,0.023861,0,Baixo
1973968,0.009174,0,Baixo
1974008,0.010676,0,Baixo
1973469,0.071023,0,Baixo
1974108,0.010676,0,Baixo
1974043,0.001348,0,Baixo
1973962,0.003165,0,Baixo
1974058,0.062794,0,Baixo
1974084,0.009174,0,Baixo
1973541,0.045455,0,Baixo
1973997,0.003165,0,Baixo
1973999,0.010676,0,Baixo
1974123,0.009174,0,Baixo
1973631,0.062794,0,Baixo
1974106,0.013889,0,Baixo
1974078,0.010676,0,Baixo
1972943,0.003165,0,Baixo
1974114,0.003165,0,Baixo
1974063,0.100213,0,Baixo
1974131,0.029043,0,Baixo
1974032,0.080586,0,Baixo
1974094,0.071023,0,Baixo
1974137,0.029043,0,Baixo
1974136,0.029043,0,Baixo
1974140,0.009174,0,Baixo
1974199,0.090592,0,Baixo
1973808,0.013889,0,Baixo
1974013,0.013889,0,Baixo
1973946,0.045455,0,Baixo
1817394,0.003165,0,Baixo
1973706,0.029043,0,Baixo
1971421,0.163658,0,Baixo
1974071,0.029043,0,Baixo
1974120,0.001348,0,Baixo
1974162,0.001348,0,Baixo
1973530,0.029043,0,Baixo
1974046,0.023861,0,Baixo
1973514,0.010676,0,Baixo
1974169,0.013889,0,Baixo
1973979,0.003165,0,Baixo
1973445,0.071023,0,Baixo
1973965,0.023861,0,Baixo
1973585,0.071023,0,Baixo
1974204,0.045455,0,Baixo
1974195,0.0,0,Baixo
1974181,0.013889,0,Baixo
1974170,0.029043,0,Baixo
1973160,0.009174,0,Baixo
1973930,0.013889,0,Baixo
1974133,0.100213,0,Baixo
1974112,0.080586,0,Baixo
1969807,0.013889,0,Baixo
1974187,0.009174,0,Baixo
1974249,0.062794,0,Baixo
1974155,0.062794,0,Baixo
1973990,0.010676,0,Baixo
1973033,0.013889,0,Baixo
1974263,0.090592,0,Baixo
1973848,0.023861,0,Baixo
1974161,0.010676,0,Baixo
1974265,0.143994,0,Baixo
1973673,0.013889,0,Baixo
1974234,0.013889,0,Baixo
1974138,0.029043,0,Baixo
1973520,0.009174,0,Baixo
703518,0.029043,0,Baixo
1974241,0.023861,0,Baixo
1974319,0.029043,0,Baixo
1947995,0.094203,0,Baixo
1974217,0.029043,0,Baixo
1974266,0.029043,0,Baixo
1974342,0.001348,0,Baixo
1973936,0.001348,0,Baixo
1973408,0.029043,0,Baixo
1974208,0.029043,0,Baixo
1974226,0.013889,0,Baixo
1974311,0.100213,0,Baixo
1974298,0.010676,0,Baixo
1974293,0.001348,0,Baixo
1974324,0.0,0,Baixo
1974286,0.010676,0,Baixo
1973699,0.013889,0,Baixo
1972953,0.010676,0,Baixo
1974297,0.003165,0,Baixo
1973975,0.029043,0,Baixo
1974126,0.010676,0,Baixo
1974284,0.163658,0,Baixo
1973825,0.029043,0,Baixo
1974326,0.143994,0,Baixo
1974111,0.023861,0,Baixo
1972012,0.013889,0,Baixo
1971857,0.090592,0,Baixo
1672278,0.062794,0,Baixo
1974454,0.003165,0,Baixo
1974351,0.100213,0,Baixo
1974349,0.178571,0,Baixo
1973700,0.029043,0,Baixo
1974422,0.029043,0,Baixo
1974424,0.071023,0,Baixo
1066495,0.029043,0,Baixo
1972486,0.062794,0,Baixo
1974475,0.090592,0,Baixo
1974315,0.029043,0,Baixo
1974440,0.045455,0,Baixo
1974438,0.062794,0,Baixo
1974442,0.029043,0,Baixo
1974444,0.0,0,Baixo
1974518,0.013889,0,Baixo
1974488,0.029043,0,Baixo
1974476,0.009174,0,Baixo
1974482,0.045455,0,Baixo
1974307,0.071023,0,Baixo
1974507,0.100213,0,Baixo
1974402,0.029043,0,Baixo
1972447,0.080586,0,Baixo
1972556,0.100213,0,Baixo
1974483,0.013889,0,Baixo
1974510,0.001348,0,Baixo
1974412,0.001348,0,Baixo
1974313,0.100213,0,Baixo
1974356,0.013889,0,Baixo
1973785,0.023861,0,Baixo
1974540,0.029043,0,Baixo
1974535,0.001348,0,Baixo
1974467,0.0,0,Baixo
1974555,0.009174,0,Baixo
1972932,0.100213,0,Baixo
1970827,0.010676,0,Baixo
1974392,0.0,0,Baixo
1973307,0.013889,0,Baixo
1973944,0.029043,0,Baixo
1974499,0.029043,0,Baixo
1971394,0.029043,0,Baixo
1591052,0.071023,0,Baixo
1974599,0.029043,0,Baixo
1973866,0.100213,0,Baixo
1974372,0.029043,0,Baixo
1974486,0.001348,0,Baixo
1974534,0.029043,0,Baixo
1974527,0.001348,0,Baixo
1974390,0.029043,0,Baixo
1974495,0.029043,0,Baixo
1973695,0.009174,0,Baixo
1973799,0.062794,0,Baixo
1972596,0.003165,0,Baixo
1974377,0.023861,0,Baixo
1972039,0.023861,0,Baixo
1974579,0.023861,0,Baixo
1974616,0.003165,0,Baixo
1974612,0.001348,0,Baixo
1974606,0.013889,0,Baixo
1974633,0.023861,0,Baixo
1961792,0.080586,0,Baixo
1974548,0.0,0,Baixo
1969261,0.062794,0,Baixo
1973853,0.029043,0,Baixo
1973161,0.009174,0,Baixo
1973711,0.023861,0,Baixo
1973686,0.003165,0,Baixo
1972938,0.003165,0,Baixo
1973451,0.094203,0,Baixo
1973465,0.071023,0,Baixo
1972920,0.003165,0,Baixo
1973342,0.013889,0,Baixo
1081697,0.143994,0,Baixo
1973642,0.003165,0,Baixo
1974015,0.023861,0,Baixo
1974132,0.010676,0,Baixo
1974085,0.029043,0,Baixo
1973583,0.010676,0,Baixo
1973524,0.029043,0,Baixo
1974028,0.010676,0,Baixo
1973603,0.010676,0,Baixo
1970594,0.013889,0,Baixo
1973537,0.071023,0,Baixo
1973554,0.009174,0,Baixo
1973432,0.023861,0,Baixo
1973634,0.001348,0,Baixo
1973888,0.029043,0,Baixo
1974214,0.013889,0,Baixo
1973474,0.090592,0,Baixo
1973667,0.001348,0,Baixo
1969176,0.090592,0,Baixo
1973926,0.001348,0,Baixo
1973573,0.003165,0,Baixo
1973556,0.029043,0,Baixo
1972748,0.010676,0,Baixo
1973493,0.100213,0,Baixo
1974713,0.062794,0,Baixo
1974689,0.001348,0,Baixo
1074161,0.013889,0,Baixo
1974250,0.090592,0,Baixo
1943961,0.023861,0,Baixo
1974190,0.013889,0,Baixo
1973053,0.029043,0,Baixo
1974730,0.023861,0,Baixo
1974709,0.009174,0,Baixo
1974669,0.009174,0,Baixo
1974526,0.013889,0,Baixo
1974626,0.013889,0,Baixo
1974658,0.001348,0,Baixo
1974657,0.010676,0,Baixo
1974710,0.029043,0,Baixo
1974697,0.001348,0,Baixo
1973909,0.003165,0,Baixo
1973187,0.013889,0,Baixo
1974761,0.013889,0,Baixo
1974701,0.001348,0,Baixo
1691619,0.062794,0,Baixo
1973137,0.029043,0,Baixo
1973612,0.013889,0,Baixo
1974196,0.013889,0,Baixo
1974757,0.009174,0,Baixo
1973110,0.143994,0,Baixo
1939127,0.090592,0,Baixo
1974648,0.029043,0,Baixo
1974815,0.013889,0,Baixo
1974770,0.003165,0,Baixo
1974791,0.003165,0,Baixo
1972900,0.023861,0,Baixo
1974824,0.003165,0,Baixo
1974793,0.023861,0,Baixo
1972618,0.023861,0,Baixo
1973972,0.029043,0,Baixo
1974565,0.009174,0,Baixo
1974492,0.001348,0,Baixo
1972302,0.029043,0,Baixo
1974833,0.010676,0,Baixo
1974698,0.013889,0,Baixo
1974724,0.003165,0,Baixo
1974839,0.029043,0,Baixo
1974819,0.137931,0,Baixo
1974742,0.071023,0,Baixo
1970682,0.029043,0,Baixo
1974787,0.013889,0,Baixo
1972403,0.009174,0,Baixo
1973830,0.029043,0,Baixo
1974840,0.029043,0,Baixo
1974411,0.029043,0,Baixo
1974794,0.001348,0,Baixo
1974817,0.010676,0,Baixo
1974809,0.010676,0,Baixo
1972957,0.029043,0,Baixo
1974898,0.001348,0,Baixo
1972597,0.010676,0,Baixo
1974637,0.100213,0,Baixo
1974751,0.023861,0,Baixo
1974814,0.010676,0,Baixo
1974820,0.029043,0,Baixo
1974875,0.013889,0,Baixo
1974399,0.010676,0,Baixo
1974870,0.013889,0,Baixo
1972512,0.062794,0,Baixo
1974927,0.029043,0,Baixo
1974866,0.010676,0,Baixo
1972880,0.013889,0,Baixo
1974932,0.090592,0,Baixo
1974908,0.013889,0,Baixo
1974667,0.029043,0,Baixo
1974354,0.003165,0,Baixo
1967310,0.071023,0,Baixo
1974617,0.062794,0,Baixo
1973130,0.009174,0,Baixo
1974949,0.010676,0,Baixo
1974948,0.013889,0,Baixo
1974542,0.009174,0,Baixo
1974795,0.062794,0,Baixo
1974922,0.013889,0,Baixo
1974968,0.029043,0,Baixo
1974940,0.013889,0,Baixo
1974990,0.029043,0,Baixo
1973118,0.001348,0,Baixo
1974950,0.010676,0,Baixo
1974991,0.013889,0,Baixo
1974941,0.029043,0,Baixo
1974962,0.010676,0,Baixo
1974986,0.009174,0,Baixo
1973065,0.010676,0,Baixo
1971205,0.029043,0,Baixo
1975017,0.080586,0,Baixo
1973832,0.003165,0,Baixo
1972963,0.166038,0,Baixo
1975048,0.0,0,Baixo
1975024,0.013889,0,Baixo
1975052,0.090592,0,Baixo
1972567,0.013889,0,Baixo
1975016,0.071023,0,Baixo
1972023,0.029043,0,Baixo
1974255,0.009174,0,Baixo
1975073,0.094203,0,Baixo
1975059,0.090592,0,Baixo
1714214,0.003165,0,Baixo
1975047,0.010676,0,Baixo
1974982,0.003165,0,Baixo
1973654,0.0,0,Baixo
1973565,0.100213,0,Baixo
1974021,0.001348,0,Baixo
1973772,0.029043,0,Baixo
1975038,0.009174,0,Baixo
1974176,0.029043,0,Baixo
1974274,0.010676,0,Baixo
1974999,0.001348,0,Baixo
1974530,0.010676,0,Baixo
1974572,0.013889,0,Baixo
1974668,0.010676,0,Baixo
1975049,0.062794,0,Baixo
1973444,0.029043,0,Baixo
1973449,0.013889,0,Baixo
1972913,0.023861,0,Baixo
1975079,0.143994,0,Baixo
1974333,0.003165,0,Baixo
1974977,0.166038,0,Baixo
1972659,0.090592,0,Baixo
1973568,0.071023,0,Baixo
1972419,0.013889,0,Baixo
1971968,0.029043,0,Baixo
1974107,0.003165,0,Baixo
1975100,0.013889,0,Baixo
1974580,0.013889,0,Baixo
1974396,0.013889,0,Baixo
1973718,0.003165,0,Baixo
1975097,0.023861,0,Baixo
1975004,0.009174,0,Baixo
1974954,0.071023,0,Baixo
1974546,0.003165,0,Baixo
1968601,0.029043,0,Baixo
1975090,0.010676,0,Baixo
1973743,0.023861,0,Baixo
1975128,0.029043,0,Baixo
1975101,0.023861,0,Baixo
1975040,0.029043,0,Baixo
1974357,0.029043,0,Baixo
1975111,0.029043,0,Baixo
1975126,0.001348,0,Baixo
1973757,0.062794,0,Baixo
1975071,0.013889,0,Baixo
1975159,0.023861,0,Baixo
1975146,0.001348,0,Baixo
1974413,0.023861,0,Baixo
1975127,0.029043,0,Baixo
1975051,0.003165,0,Baixo
1972951,0.009174,0,Baixo
1975026,0.094203,0,Baixo
1973812,0.062794,0,Baixo
1975177,0.013889,0,Baixo
1975125,0.143994,0,Baixo
1973322,0.013889,0,Baixo
1974914,0.045455,0,Baixo
1968920,0.023861,0,Baixo
1975142,0.013889,0,Baixo
712933,0.071023,0,Baixo
1975022,0.029043,0,Baixo
1975204,0.023861,0,Baixo
1974853,0.143994,0,Baixo
1975195,0.003165,0,Baixo
1975213,0.003165,0,Baixo
1975039,0.023861,0,Baixo
1975095,0.029043,0,Baixo
1968469,0.100213,0,Baixo
1972769,0.029043,0,Baixo
1974521,0.013889,0,Baixo
1975139,0.009174,0,Baixo
1969222,0.029043,0,Baixo
1974850,0.001348,0,Baixo
1975234,0.080586,0,Baixo
1975225,0.013889,0,Baixo
1975200,0.029043,0,Baixo
1974957,0.013889,0,Baixo
1974759,0.029043,0,Baixo
1975260,0.029043,0,Baixo
1975233,0.013889,0,Baixo
1975250,0.143994,0,Baixo
1975257,0.137931,0,Baixo
1971148,0.094203,0,Baixo
1975196,0.062794,0,Baixo
1975270,0.001348,0,Baixo
1974812,0.003165,0,Baixo
1974994,0.001348,0,Baixo
1972978,0.010676,0,Baixo
1975191,0.143994,0,Baixo
1975296,0.023861,0,Baixo
1974892,0.0,0,Baixo
1975229,0.029043,0,Baixo
1975197,0.001348,0,Baixo
1949984,0.029043,0,Baixo
1975307,0.013889,0,Baixo
1973949,0.029043,0,Baixo
1975240,0.009174,0,Baixo
1975335,0.080586,0,Baixo
1975263,0.009174,0,Baixo
1973058,0.003165,0,Baixo
1973991,0.029043,0,Baixo
1975336,0.100213,0,Baixo
1975123,0.029043,0,Baixo
1974897,0.013889,0,Baixo
1975302,0.029043,0,Baixo
1975326,0.214925,0,Medio
1975355,0.029043,0,Baixo
1975342,0.001348,0,Baixo
1975165,0.023861,0,Baixo
1975192,0.029043,0,Baixo
1974037,0.003165,0,Baixo
1975344,0.013889,0,Baixo
1974672,0.080586,0,Baixo
1975309,0.071023,0,Baixo
1975293,0.003165,0,Baixo
1975321,0.009174,0,Baixo
1975340,0.010676,0,Baixo
1975278,0.013889,0,Baixo
1975376,0.001348,0,Baixo
1975353,0.023861,0,Baixo
1975264,0.029043,0,Baixo
1975347,0.062794,0,Baixo
1975329,0.029043,0,Baixo
1975393,0.001348,0,Baixo
1973397,0.090592,0,Baixo
1974702,0.029043,0,Baixo
1975310,0.003165,0,Baixo
1975404,0.013889,0,Baixo
1975433,0.12069,0,Baixo
1975423,0.013889,0,Baixo
1968081,0.062794,0,Baixo
1974135,0.023861,0,Baixo
1975451,0.003165,0,Baixo
692831,0.010676,0,Baixo
1975467,0.010676,0,Baixo
1975432,0.001348,0,Baixo
1975441,0.023861,0,Baixo
1973947,0.143994,0,Baixo
1975244,0.023861,0,Baixo
1975378,0.029043,0,Baixo
1975478,0.023861,0,Baixo
1975439,0.001348,0,Baixo
1974466,0.071023,0,Baixo
1975176,0.009174,0,Baixo
1973035,0.003165,0,Baixo
1964353,0.062794,0,Baixo
1975140,0.0,0,Baixo
1975456,0.062794,0,Baixo
1974571,0.010676,0,Baixo
1975065,0.071023,0,Baixo
1512579,0.013889,0,Baixo
1974904,0.029043,0,Baixo
1973491,0.062794,0,Baixo
1975395,0.010676,0,Baixo
1971900,0.045455,0,Baixo
1973677,0.062794,0,Baixo
1974237,0.023861,0,Baixo
1974930,0.010676,0,Baixo
1973235,0.029043,0,Baixo
1974788,0.013889,0,Baixo
1966920,0.071023,0,Baixo
1975068,0.003165,0,Baixo
1972848,0.001348,0,Baixo
1974952,0.001348,0,Baixo
1975008,0.029043,0,Baixo
1975466,0.003165,0,Baixo
1975075,0.029043,0,Baixo
1974522,0.023861,0,Baixo
1975454,0.010676,0,Baixo
1975493,0.010676,0,Baixo
1975470,0.090592,0,Baixo
1975507,0.029043,0,Baixo
1969678,0.013889,0,Baixo
1972837,0.023861,0,Baixo
1724394,0.029043,0,Baixo
1972649,0.010676,0,Baixo
1975532,0.010676,0,Baixo
1971784,0.003165,0,Baixo
1973414,0.029043,0,Baixo
1975558,0.023861,0,Baixo
1975510,0.013889,0,Baixo
1975516,0.062794,0,Baixo
1975577,0.003165,0,Baixo
1972622,0.010676,0,Baixo
1974296,0.029043,0,Baixo
1975391,0.080586,0,Baixo
1967134,0.094203,0,Baixo
1975352,0.029043,0,Baixo
1975230,0.029043,0,Baixo
1975483,0.029043,0,Baixo
1975587,0.003165,0,Baixo
1975597,0.001348,0,Baixo
1975581,0.003165,0,Baixo
1974651,0.045455,0,Baixo
1975503,0.029043,0,Baixo
1974652,0.023861,0,Baixo
1975594,0.009174,0,Baixo
1975628,0.013889,0,Baixo
1975181,0.009174,0,Baixo
1967837,0.010676,0,Baixo
1975427,0.010676,0,Baixo
1974577,0.163658,0,Baixo
1975010,0.071023,0,Baixo
1975589,0.010676,0,Baixo
1973347,0.009174,0,Baixo
1965550,0.013889,0,Baixo
1975596,0.094203,0,Baixo
1975544,0.094203,0,Baixo
1975368,0.071023,0,Baixo
1975652,0.071023,0,Baixo
1975615,0.029043,0,Baixo
1975572,0.003165,0,Baixo
734754,0.029043,0,Baixo
1975046,0.023861,0,Baixo
1975653,0.013889,0,Baixo
1975388,0.009174,0,Baixo
1975610,0.013889,0,Baixo
1974741,0.062794,0,Baixo
1974714,0.100213,0,Baixo
1970597,0.100213,0,Baixo
1975690,0.010676,0,Baixo
1975686,0.010676,0,Baixo
1975697,0.023861,0,Baixo
1975700,0.003165,0,Baixo
1973196,0.009174,0,Baixo
1975730,0.010676,0,Baixo
633779,0.071023,0,Baixo
1973873,0.010676,0,Baixo
1973678,0.029043,0,Baixo
1975712,0.029043,0,Baixo
1975717,0.143994,0,Baixo
1972434,0.071023,0,Baixo
1975673,0.010676,0,Baixo
1975644,0.080586,0,Baixo
1975705,0.029043,0,Baixo
1975747,0.029043,0,Baixo
1974703,0.0,0,Baixo
1975748,0.013889,0,Baixo
1975541,0.003165,0,Baixo
1975788,0.023861,0,Baixo
1973282,0.029043,0,Baixo
1975413,0.029043,0,Baixo
1974110,0.062794,0,Baixo
1974923,0.001348,0,Baixo
1972632,0.080586,0,Baixo
1975752,0.080586,0,Baixo
1973259,0.013889,0,Baixo
1975765,0.029043,0,Baixo
1975801,0.062794,0,Baixo
1975567,0.143994,0,Baixo
1974393,0.003165,0,Baixo
1975422,0.001348,0,Baixo
1975806,0.029043,0,Baixo
1975849,0.001348,0,Baixo
1975844,0.009174,0,Baixo
1975795,0.001348,0,Baixo
1975536,0.003165,0,Baixo
1975824,0.010676,0,Baixo
1975665,0.003165,0,Baixo
1975492,0.029043,0,Baixo
1975740,0.013889,0,Baixo
1968027,0.013889,0,Baixo
1975851,0.003165,0,Baixo
1975411,0.023861,0,Baixo
1975491,0.071023,0,Baixo
1975410,0.013889,0,Baixo
1974069,0.100213,0,Baixo
1975798,0.001348,0,Baixo
1975855,0.071023,0,Baixo
1975827,0.029043,0,Baixo
1975400,0.0,0,Baixo
1972752,0.009174,0,Baixo
1975149,0.029043,0,Baixo
1975791,0.010676,0,Baixo
1975180,0.010676,0,Baixo
1975183,0.001348,0,Baixo
1972791,0.003165,0,Baixo
1975069,0.023861,0,Baixo
1975366,0.029043,0,Baixo
1975561,0.013889,0,Baixo
1972842,0.003165,0,Baixo
1975825,0.143994,0,Baixo
1973486,0.062794,0,Baixo
1973056,0.009174,0,Baixo
1975406,0.0,0,Baixo
1973657,0.013889,0,Baixo
1975853,0.010676,0,Baixo
1975612,0.001348,0,Baixo
1968679,0.029043,0,Baixo
1973823,0.003165,0,Baixo
1671070,0.100213,0,Baixo
1971395,0.009174,0,Baixo
1974802,0.013889,0,Baixo
1975707,0.013889,0,Baixo
1973986,0.003165,0,Baixo
1975756,0.013889,0,Baixo
1975878,0.029043,0,Baixo
1975731,0.013889,0,Baixo
1765687,0.062794,0,Baixo
1975861,0.029043,0,Baixo
1975830,0.029043,0,Baixo
1975944,0.029043,0,Baixo
1975876,0.029043,0,Baixo
1975874,0.071023,0,Baixo
1975901,0.029043,0,Baixo
1975892,0.080586,0,Baixo
1973068,0.100213,0,Baixo
1975884,0.023861,0,Baixo
1975937,0.023861,0,Baixo
1975948,0.010676,0,Baixo
1972702,0.023861,0,Baixo
1893999,0.090592,0,Baixo
1975833,0.013889,0,Baixo
1975928,0.029043,0,Baixo
1975969,0.029043,0,Baixo
1973775,0.090592,0,Baixo
1975988,0.029043,0,Baixo
1975995,0.023861,0,Baixo
1975880,0.071023,0,Baixo
1975346,0.100213,0,Baixo
1817676,0.090592,0,Baixo
1975923,0.003165,0,Baixo
1975975,0.062794,0,Baixo
1975979,0.094203,0,Baixo
1975785,0.010676,0,Baixo
1974935,0.100213,0,Baixo
1975537,0.071023,0,Baixo
1975805,0.071023,0,Baixo
1975951,0.090592,0,Baixo
1975864,0.100213,0,Baixo
1975053,0.010676,0,Baixo
1972604,0.029043,0,Baixo
1975737,0.029043,0,Baixo
1973337,0.080586,0,Baixo
1976000,0.143994,0,Baixo
1975382,0.003165,0,Baixo
1972603,0.100213,0,Baixo
1972931,0.045455,0,Baixo
1972657,0.001348,0,Baixo
1976034,0.045455,0,Baixo
1976021,0.071023,0,Baixo
1973064,0.023861,0,Baixo
1975684,0.178571,0,Baixo
1975913,0.009174,0,Baixo
1976033,0.010676,0,Baixo
1975773,0.062794,0,Baixo
1975226,0.062794,0,Baixo
1976045,0.023861,0,Baixo
1975241,0.003165,0,Baixo
1975953,0.029043,0,Baixo
1975424,0.010676,0,Baixo
1971966,0.009174,0,Baixo
1975860,0.013889,0,Baixo
1976072,0.12069,0,Baixo
1964954,0.100213,0,Baixo
1976046,0.071023,0,Baixo
1976073,0.001348,0,Baixo
1975593,0.029043,0,Baixo
1976106,0.013889,0,Baixo
1975682,0.010676,0,Baixo
1972940,0.163658,0,Baixo
1976053,0.003165,0,Baixo
1976139,0.100213,0,Baixo
1976126,0.062794,0,Baixo
1976079,0.029043,0,Baixo
1976135,0.143994,0,Baixo
1976113,0.062794,0,Baixo
1975122,0.013889,0,Baixo
1976151,0.178571,0,Baixo
1975964,0.100213,0,Baixo
1971447,0.013889,0,Baixo
1976003,0.001348,0,Baixo
1976152,0.010676,0,Baixo
1972357,0.062794,0,Baixo
1976023,0.029043,0,Baixo
1975497,0.090592,0,Baixo
1556101,0.003165,0,Baixo
1975631,0.003165,0,Baixo
1970555,0.143994,0,Baixo
1973424,0.029043,0,Baixo
1975674,0.143994,0,Baixo
1972896,0.013889,0,Baixo
1971050,0.013889,0,Baixo
1972644,0.013889,0,Baixo
1975642,0.001348,0,Baixo
1974142,0.090592,0,Baixo
1975796,0.071023,0,Baixo
1971811,0.062794,0,Baixo
1975527,0.003165,0,Baixo
1972832,0.071023,0,Baixo
1972574,0.071023,0,Baixo
1975020,0.009174,0,Baixo
1975611,0.001348,0,Baixo
1975675,0.071023,0,Baixo
1974987,0.0,0,Baixo
1972888,0.003165,0,Baixo
1976162,0.226481,0,Medio
1976036,0.010676,0,Baixo
1973771,0.023861,0,Baixo
1976186,0.029043,0,Baixo
1975284,0.030303,0,Baixo
1976189,0.013889,0,Baixo
1976207,0.029043,0,Baixo
1976165,0.013889,0,Baixo
1976084,0.094203,0,Baixo
1973100,0.080586,0,Baixo
1975212,0.013889,0,Baixo
1976203,0.062794,0,Baixo
1976083,0.010676,0,Baixo
1974153,0.029043,0,Baixo
1976212,0.029043,0,Baixo
1976213,0.045455,0,Baixo
1976217,0.062794,0,Baixo
1972697,0.029043,0,Baixo
1976132,0.003165,0,Baixo
1972550,0.013889,0,Baixo
1976209,0.071023,0,Baixo
1976170,0.001348,0,Baixo
1976202,0.003165,0,Baixo
1974975,0.001348,0,Baixo
1976075,0.010676,0,Baixo
1976239,0.062794,0,Baixo
1976118,0.029043,0,Baixo
1976219,0.029043,0,Baixo
1953815,0.029043,0,Baixo
1975889,0.001348,0,Baixo
1976201,0.009174,0,Baixo
1976226,0.0,0,Baixo
1736716,0.163658,0,Baixo
1976221,0.062794,0,Baixo
1976242,0.100213,0,Baixo
1883323,0.023861,0,Baixo
1976220,0.003165,0,Baixo
1975186,0.029043,0,Baixo
1976230,0.071023,0,Baixo
1971988,0.071023,0,Baixo
1975297,0.023861,0,Baixo
1976266,0.013889,0,Baixo
1972036,0.013889,0,Baixo
1976062,0.100213,0,Baixo
1975460,0.001348,0,Baixo
1976016,0.062794,0,Baixo
1976268,0.143994,0,Baixo
1976313,0.001348,0,Baixo
1976057,0.029043,0,Baixo
1972327,0.100213,0,Baixo
1976175,0.029043,0,Baixo
1975672,0.013889,0,Baixo
1973112,0.045455,0,Baixo
1975001,0.009174,0,Baixo
1976315,0.003165,0,Baixo
1964657,0.010676,0,Baixo
1976307,0.143994,0,Baixo
1976318,0.010676,0,Baixo
1976316,0.001348,0,Baixo
1974192,0.003165,0,Baixo
1969748,0.001348,0,Baixo
1976090,0.029043,0,Baixo
1976314,0.090592,0,Baixo
1976190,0.029043,0,Baixo
1970384,0.003165,0,Baixo
1973398,0.090592,0,Baixo
1976205,0.029043,0,Baixo
1976215,0.001348,0,Baixo
1975625,0.013889,0,Baixo
1976354,0.013889,0,Baixo
1975965,0.029043,0,Baixo
1976341,0.023861,0,Baixo
1973262,0.009174,0,Baixo
1976355,0.100213,0,Baixo
1974197,0.071023,0,Baixo
1969896,0.029043,0,Baixo
1976329,0.029043,0,Baixo
1976369,0.003165,0,Baixo
1976327,0.003165,0,Baixo
1976112,0.010676,0,Baixo
1925134,0.062794,0,Baixo
1976278,0.0,0,Baixo
1974309,0.100213,0,Baixo
1976393,0.013889,0,Baixo
1976409,0.013889,0,Baixo
1972369,0.029043,0,Baixo
1976284,0.0,0,Baixo
1976373,0.001348,0,Baixo
1975657,0.029043,0,Baixo
1957333,0.071023,0,Baixo
1973308,0.001348,0,Baixo
1976420,0.010676,0,Baixo
1976429,0.023861,0,Baixo
1976262,0.009174,0,Baixo
1976372,0.029043,0,Baixo
1976360,0.071023,0,Baixo
1976124,0.090592,0,Baixo
1976424,0.001348,0,Baixo
1976437,0.045455,0,Baixo
1976433,0.010676,0,Baixo
1974441,0.029043,0,Baixo
1976376,0.029043,0,Baixo
1975656,0.071023,0,Baixo
1971501,0.100213,0,Baixo
1974159,0.100213,0,Baixo
1976392,0.023861,0,Baixo
1973293,0.023861,0,Baixo
1975416,0.013889,0,Baixo
1976447,0.013889,0,Baixo
1976459,0.009174,0,Baixo
1976345,0.029043,0,Baixo
1970010,0.029043,0,Baixo
1976460,0.003165,0,Baixo
1976419,0.029043,0,Baixo
1973638,0.010676,0,Baixo
1614772,0.023861,0,Baixo
1976454,0.062794,0,Baixo
1970662,0.045455,0,Baixo
1976416,0.071023,0,Baixo
1976356,0.029043,0,Baixo
1972465,0.080586,0,Baixo
1976474,0.001348,0,Baixo
1976344,0.029043,0,Baixo
1975614,0.029043,0,Baixo
1976074,0.013889,0,Baixo
1976367,0.143994,0,Baixo
1976492,0.045455,0,Baixo
1973495,0.080586,0,Baixo
1974408,0.003165,0,Baixo
1975074,0.013889,0,Baixo
1976054,0.071023,0,Baixo
1970997,0.003165,0,Baixo
1972751,0.013889,0,Baixo
1972883,0.062794,0,Baixo
1972724,0.029043,0,Baixo
1975929,0.003165,0,Baixo
1976462,0.010676,0,Baixo
1953394,0.010676,0,Baixo
1976494,0.0,0,Baixo
1976478,0.029043,0,Baixo
1976508,0.001348,0,Baixo
1976484,0.009174,0,Baixo
1974971,0.001348,0,Baixo
1969673,0.010676,0,Baixo
1975920,0.001348,0,Baixo
1972647,0.029043,0,Baixo
1976526,0.062794,0,Baixo
1976511,0.029043,0,Baixo
1976286,0.071023,0,Baixo
1976471,0.090592,0,Baixo
1976490,0.013889,0,Baixo
1976535,0.029043,0,Baixo
1947694,0.013889,0,Baixo
1976501,0.013889,0,Baixo
1974976,0.013889,0,Baixo
1970052,0.029043,0,Baixo
1976544,0.009174,0,Baixo
1976541,0.010676,0,Baixo
1962121,0.003165,0,Baixo
1976136,0.071023,0,Baixo
1972493,0.080586,0,Baixo
1976401,0.023861,0,Baixo
1976103,0.100213,0,Baixo
1975816,0.010676,0,Baixo
1976512,0.010676,0,Baixo
1976476,0.029043,0,Baixo
1973018,0.062794,0,Baixo
1976455,0.003165,0,Baixo
1975994,0.013889,0,Baixo
1306050,0.013889,0,Baixo
1975461,0.029043,0,Baixo
1976572,0.094203,0,Baixo
1976293,0.029043,0,Baixo
1976517,0.001348,0,Baixo
1976553,0.013889,0,Baixo
1976550,0.009174,0,Baixo
1976522,0.080586,0,Baixo
1971761,0.010676,0,Baixo
1976432,0.062794,0,Baixo
1976590,0.013889,0,Baixo
1976561,0.010676,0,Baixo
1976600,0.010676,0,Baixo
1976577,0.003165,0,Baixo
1975539,0.001348,0,Baixo
1973921,0.013889,0,Baixo
1971456,0.013889,0,Baixo
1972546,0.143994,0,Baixo
1976498,0.010676,0,Baixo
1976415,0.013889,0,Baixo
1976597,0.013889,0,Baixo
1967810,0.029043,0,Baixo
1976547,0.010676,0,Baixo
1976631,0.071023,0,Baixo
1976588,0.010676,0,Baixo
1976579,0.071023,0,Baixo
1939152,0.029043,0,Baixo
1976573,0.100213,0,Baixo
1976632,0.003165,0,Baixo
1976164,0.023861,0,Baixo
1976598,0.013889,0,Baixo
1976633,0.029043,0,Baixo
1976188,0.010676,0,Baixo
1976375,0.013889,0,Baixo
1976613,0.010676,0,Baixo
1976660,0.013889,0,Baixo
1966194,0.071023,0,Baixo
1976574,0.013889,0,Baixo
1976332,0.013889,0,Baixo
1972977,0.023861,0,Baixo
1976012,0.029043,0,Baixo
1976642,0.001348,0,Baixo
1976651,0.001348,0,Baixo
1976662,0.080586,0,Baixo
1974766,0.023861,0,Baixo
1976618,0.010676,0,Baixo
1976668,0.045455,0,Baixo
1975959,0.029043,0,Baixo
1976319,0.003165,0,Baixo
1976568,0.071023,0,Baixo
1976659,0.003165,0,Baixo
1976583,0.013889,0,Baixo
1976687,0.013889,0,Baixo
1976548,0.003165,0,Baixo
1975459,0.003165,0,Baixo
1976671,0.071023,0,Baixo
1965504,0.090592,0,Baixo
1976265,0.071023,0,Baixo
1976701,0.010676,0,Baixo
1976560,0.071023,0,Baixo
1973140,0.029043,0,Baixo
1975443,0.013889,0,Baixo
1976663,0.029043,0,Baixo
1976639,0.071023,0,Baixo
1976698,0.003165,0,Baixo
1976675,0.013889,0,Baixo
1976569,0.062794,0,Baixo
1976539,0.030303,0,Baixo
1976712,0.009174,0,Baixo
1976719,0.009174,0,Baixo
1976725,0.010676,0,Baixo
1971818,0.029043,0,Baixo
1976609,0.013889,0,Baixo
1976483,0.143994,0,Baixo
1976706,0.045455,0,Baixo
1722043,0.003165,0,Baixo
1976676,0.080586,0,Baixo
1976738,0.013889,0,Baixo
1976713,0.001348,0,Baixo
1975255,0.023861,0,Baixo
1976669,0.029043,0,Baixo
1976513,0.013889,0,Baixo
1967962,0.023861,0,Baixo
1972188,0.163658,0,Baixo
1976742,0.010676,0,Baixo
1976721,0.010676,0,Baixo
1976519,0.023861,0,Baixo
1976716,0.029043,0,Baixo
1976754,0.010676,0,Baixo
1975318,0.001348,0,Baixo
1974712,0.003165,0,Baixo
1966245,0.100213,0,Baixo
1720205,0.013889,0,Baixo
1976751,0.009174,0,Baixo
558363,0.080586,0,Baixo
1976711,0.023861,0,Baixo
1976643,0.029043,0,Baixo
1976718,0.029043,0,Baixo
1976771,0.029043,0,Baixo
1974746,0.029043,0,Baixo
1975469,0.010676,0,Baixo
1976758,0.009174,0,Baixo
1974175,0.023861,0,Baixo
1976783,0.029043,0,Baixo
1976726,0.023861,0,Baixo
1976693,0.029043,0,Baixo
1976724,0.013889,0,Baixo
1920768,0.071023,0,Baixo
1976776,0.010676,0,Baixo
1976799,0.143994,0,Baixo
1976731,0.013889,0,Baixo
1976781,0.010676,0,Baixo
1976734,0.010676,0,Baixo
1971860,0.029043,0,Baixo
1976801,0.013889,0,Baixo
1976792,0.045455,0,Baixo
1976181,0.010676,0,Baixo
1976774,0.071023,0,Baixo
1976812,0.001348,0,Baixo
1975116,0.009174,0,Baixo
1976685,0.010676,0,Baixo
1976832,0.100213,0,Baixo
1971407,0.013889,0,Baixo
1976820,0.071023,0,Baixo
1976204,0.029043,0,Baixo
1971858,0.013889,0,Baixo
1976784,0.013889,0,Baixo
1976619,0.009174,0,Baixo
1975238,0.013889,0,Baixo
1976686,0.001348,0,Baixo
1976825,0.029043,0,Baixo
1976847,0.023861,0,Baixo
1970274,0.013889,0,Baixo
1976705,0.013889,0,Baixo
1976828,0.100213,0,Baixo
1968169,0.163658,0,Baixo
1976876,0.003165,0,Baixo
1976881,0.0,0,Baixo
1976806,0.029043,0,Baixo
1976794,0.013889,0,Baixo
1976857,0.143994,0,Baixo
1974718,0.010676,0,Baixo
1975668,0.071023,0,Baixo
1973025,0.094203,0,Baixo
1976870,0.009174,0,Baixo
1972946,0.062794,0,Baixo
1976491,0.045455,0,Baixo
1975258,0.013889,0,Baixo
1973868,0.071023,0,Baixo
1976835,0.003165,0,Baixo
1976932,0.094203,0,Baixo
1976887,0.013889,0,Baixo
1976911,0.009174,0,Baixo
1976967,0.062794,0,Baixo
1976933,0.009174,0,Baixo
1976936,0.013889,0,Baixo
1976924,0.163658,0,Baixo
1971933,0.023861,0,Baixo
1976874,0.010676,0,Baixo
1976954,0.030303,0,Baixo
1974728,0.029043,0,Baixo
1975220,0.003165,0,Baixo
1976816,0.029043,0,Baixo
1972042,0.090592,0,Baixo
1976989,0.003165,0,Baixo
1976974,0.009174,0,Baixo
1976937,0.001348,0,Baixo
1975719,0.071023,0,Baixo
1974764,0.029043,0,Baixo
1965069,0.100213,0,Baixo
1976996,0.001348,0,Baixo
1898402,0.009174,0,Baixo
1976005,0.003165,0,Baixo
1976947,0.100213,0,Baixo
1972626,0.090592,0,Baixo
1969462,0.029043,0,Baixo
1973351,0.010676,0,Baixo
1976944,0.071023,0,Baixo
1974874,0.029043,0,Baixo
1973061,0.100213,0,Baixo
1975221,0.045455,0,Baixo
1976439,0.003165,0,Baixo
1975640,0.029043,0,Baixo
1976235,0.010676,0,Baixo
1976080,0.062794,0,Baixo
1972960,0.003165,0,Baixo
1975012,0.029043,0,Baixo
1964618,0.013889,0,Baixo
1806273,0.010676,0,Baixo
1976271,0.023861,0,Baixo
1976987,0.003165,0,Baixo
1976592,0.029043,0,Baixo
1974166,0.029043,0,Baixo
1976630,0.029043,0,Baixo
1975362,0.029043,0,Baixo
1976923,0.013889,0,Baixo
1971483,0.023861,0,Baixo
1971488,0.062794,0,Baixo
1975643,0.100213,0,Baixo
1974758,0.029043,0,Baixo
1976428,0.010676,0,Baixo
1976554,0.001348,0,Baixo
1975916,0.003165,0,Baixo
1240845,0.010676,0,Baixo
1976915,0.001348,0,Baixo
1975088,0.013889,0,Baixo
1967057,0.023861,0,Baixo
1972236,0.023861,0,Baixo
1975766,0.029043,0,Baixo
1976140,0.0,0,Baixo
1951961,0.029043,0,Baixo
1946705,0.010676,0,Baixo
1976957,0.023861,0,Baixo
1976968,0.010676,0,Baixo
1974818,0.100213,0,Baixo
1976981,0.062794,0,Baixo
1976921,0.029043,0,Baixo
1976791,0.071023,0,Baixo
1972143,0.229935,0,Medio
1976963,0.013889,0,Baixo
1972648,0.023861,0,Baixo
1976955,0.023861,0,Baixo
1977000,0.029043,0,Baixo
1975526,0.029043,0,Baixo
1977008,0.029043,0,Baixo
1977031,0.029043,0,Baixo
1976976,0.010676,0,Baixo
1977046,0.100213,0,Baixo
1977039,0.071023,0,Baixo
1975792,0.100213,0,Baixo
1976795,0.029043,0,Baixo
1976894,0.013889,0,Baixo
855095,0.062794,0,Baixo
1956403,0.029043,0,Baixo
1976040,0.080586,0,Baixo
1977051,0.010676,0,Baixo
1977040,0.003165,0,Baixo
694131,0.010676,0,Baixo
1973953,0.100213,0,Baixo
1977052,0.001348,0,Baixo
1977081,0.080586,0,Baixo
1974227,0.029043,0,Baixo
1976381,0.062794,0,Baixo
1970814,0.0,0,Baixo
1976966,0.029043,0,Baixo
854043,0.009174,0,Baixo
1977076,0.143994,0,Baixo
1933541,0.009174,0,Baixo
1977098,0.029043,0,Baixo
1977061,0.080586,0,Baixo
1976945,0.045455,0,Baixo
1966225,0.071023,0,Baixo
1976975,0.003165,0,Baixo
1965969,0.003165,0,Baixo
1976267,0.071023,0,Baixo
1965725,0.045455,0,Baixo
1977097,0.029043,0,Baixo
1974798,0.023861,0,Baixo
1965675,0.094203,0,Baixo
1976736,0.023861,0,Baixo
1977043,0.029043,0,Baixo
1977111,0.003165,0,Baixo
1974614,0.001348,0,Baixo
1977092,0.023861,0,Baixo
1976901,0.214925,0,Medio
1977134,0.013889,0,Baixo
1977118,0.003165,0,Baixo
1977128,0.009174,0,Baixo
1975617,0.001348,0,Baixo
1975763,0.100213,0,Baixo
1977131,0.003165,0,Baixo
1976807,0.062794,0,Baixo
1977033,0.100213,0,Baixo
1976599,0.029043,0,Baixo
1977148,0.013889,0,Baixo
1974860,0.029043,0,Baixo
1977056,0.009174,0,Baixo
1977129,0.090592,0,Baixo
1976469,0.062794,0,Baixo
1974781,0.010676,0,Baixo
1977160,0.071023,0,Baixo
1969555,0.062794,0,Baixo
1977180,0.023861,0,Baixo
1977149,0.001348,0,Baixo
1976463,0.163658,0,Baixo
1977200,0.010676,0,Baixo
1977170,0.029043,0,Baixo
1581751,0.143994,0,Baixo
1977139,0.023861,0,Baixo
1977195,0.029043,0,Baixo
1977197,0.100213,0,Baixo
1977116,0.029043,0,Baixo
1974185,0.143994,0,Baixo
1977219,0.023861,0,Baixo
1977171,0.009174,0,Baixo
1971717,0.023861,0,Baixo
1976440,0.003165,0,Baixo
1977184,0.029043,0,Baixo
1975290,0.029043,0,Baixo
1976100,0.071023,0,Baixo
1976506,0.029043,0,Baixo
1976994,0.062794,0,Baixo
1976908,0.001348,0,Baixo
1976320,0.013889,0,Baixo
1973662,0.013889,0,Baixo
1976025,0.029043,0,Baixo
1974737,0.003165,0,Baixo
1975735,0.010676,0,Baixo
1974825,0.023861,0,Baixo
1977049,0.013889,0,Baixo
1974102,0.013889,0,Baixo
1974453,0.023861,0,Baixo
1976740,0.009174,0,Baixo
1976798,0.010676,0,Baixo
1974559,0.029043,0,Baixo
1973497,0.029043,0,Baixo
1977225,0.029043,0,Baixo
1977238,0.100213,0,Baixo
1972670,0.013889,0,Baixo
1976958,0.003165,0,Baixo
1976458,0.029043,0,Baixo
1977230,0.062794,0,Baixo
1763445,0.003165,0,Baixo
1976603,0.062794,0,Baixo
1972534,0.013889,0,Baixo
1977181,0.029043,0,Baixo
1977254,0.013889,0,Baixo
1977014,0.090592,0,Baixo
1977229,0.029043,0,Baixo
1977057,0.013889,0,Baixo
1977248,0.023861,0,Baixo
1977165,0.003165,0,Baixo
1972835,0.029043,0,Baixo
1977257,0.229935,0,Medio
1977273,0.003165,0,Baixo
1944604,0.013889,0,Baixo
1951621,0.029043,0,Baixo
1966167,0.090592,0,Baixo
1977287,0.071023,0,Baixo
1977264,0.013889,0,Baixo
1776344,0.071023,0,Baixo
1971434,0.062794,0,Baixo
1976666,0.029043,0,Baixo
1976128,0.071023,0,Baixo
1970944,0.071023,0,Baixo
1977268,0.045455,0,Baixo
1977189,0.029043,0,Baixo
1974586,0.023861,0,Baixo
1977187,0.010676,0,Baixo
1977218,0.029043,0,Baixo
1977290,0.003165,0,Baixo
1974716,0.001348,0,Baixo
1938101,0.062794,0,Baixo
1972621,0.163658,0,Baixo
1956314,0.100213,0,Baixo
1973225,0.029043,0,Baixo
1977054,0.080586,0,Baixo
1974220,0.071023,0,Baixo
1975394,0.013889,0,Baixo
1977308,0.013889,0,Baixo
1973261,0.029043,0,Baixo
1971710,0.013889,0,Baixo
1976166,0.030303,0,Baixo
1977298,0.009174,0,Baixo
1975037,0.013889,0,Baixo
1977239,0.013889,0,Baixo
1977322,0.023861,0,Baixo
1977321,0.010676,0,Baixo
1977327,0.003165,0,Baixo
1973739,0.029043,0,Baixo
1976496,0.029043,0,Baixo
1977301,0.023861,0,Baixo
1977244,0.001348,0,Baixo
1977267,0.003165,0,Baixo
1977053,0.003165,0,Baixo
1976101,0.062794,0,Baixo
1977335,0.013889,0,Baixo
1972921,0.045455,0,Baixo
1977270,0.010676,0,Baixo
1973779,0.029043,0,Baixo
1974177,0.100213,0,Baixo
1977360,0.023861,0,Baixo
1975743,0.029043,0,Baixo
1976762,0.0,0,Baixo
1977106,0.001348,0,Baixo
1976530,0.029043,0,Baixo
1964758,0.029043,0,Baixo
1976379,0.013889,0,Baixo
1972578,0.029043,0,Baixo
1977231,0.062794,0,Baixo
1977203,0.029043,0,Baixo
1977325,0.029043,0,Baixo
1977351,0.003165,0,Baixo
1977362,0.003165,0,Baixo
1977390,0.013889,0,Baixo
1975556,0.013889,0,Baixo
1977365,0.029043,0,Baixo
1975201,0.029043,0,Baixo
1977376,0.029043,0,Baixo
1977348,0.029043,0,Baixo
1976109,0.029043,0,Baixo
1977347,0.029043,0,Baixo
1977078,0.010676,0,Baixo
1977356,0.009174,0,Baixo
1977252,0.029043,0,Baixo
1976836,0.029043,0,Baixo
1977392,0.013889,0,Baixo
1977406,0.010676,0,Baixo
1977370,0.001348,0,Baixo
1976752,0.023861,0,Baixo
1977409,0.143994,0,Baixo
1975341,0.229935,0,Medio
1967842,0.029043,0,Baixo
1968282,0.013889,0,Baixo
1976406,0.029043,0,Baixo
1971150,0.029043,0,Baixo
1977242,0.001348,0,Baixo
1977087,0.013889,0,Baixo
1977015,0.009174,0,Baixo
1972549,0.029043,0,Baixo
1977028,0.009174,0,Baixo
1977164,0.009174,0,Baixo
1973702,0.029043,0,Baixo
1973597,0.023861,0,Baixo
1974224,0.009174,0,Baixo
1976405,0.010676,0,Baixo
1977415,0.045455,0,Baixo
1977003,0.029043,0,Baixo
1974202,0.023861,0,Baixo
1977359,0.013889,0,Baixo
1977442,0.029043,0,Baixo
1977434,0.163658,0,Baixo
1977369,0.010676,0,Baixo
1976108,0.013889,0,Baixo
1977363,0.003165,0,Baixo
1977459,0.143994,0,Baixo
1974496,0.029043,0,Baixo
1977396,0.010676,0,Baixo
1977418,0.013889,0,Baixo
1977464,0.010676,0,Baixo
1977438,0.009174,0,Baixo
1973074,0.062794,0,Baixo
1975092,0.029043,0,Baixo
1976310,0.080586,0,Baixo
1972716,0.010676,0,Baixo
1977469,0.013889,0,Baixo
1972669,0.010676,0,Baixo
1976246,0.013889,0,Baixo
1977497,0.013889,0,Baixo
1977484,0.001348,0,Baixo
1974569,0.029043,0,Baixo
1977481,0.009174,0,Baixo
1977492,0.009174,0,Baixo
1977305,0.013889,0,Baixo
1973563,0.010676,0,Baixo
1977498,0.013889,0,Baixo
1973372,0.137931,0,Baixo
1977477,0.094203,0,Baixo
1977514,0.013889,0,Baixo
1973545,0.071023,0,Baixo
1977501,0.001348,0,Baixo
1977474,0.001348,0,Baixo
1977518,0.045455,0,Baixo
1971018,0.090592,0,Baixo
1977531,0.029043,0,Baixo
1975808,0.094203,0,Baixo
1977538,0.010676,0,Baixo
1977493,0.009174,0,Baixo
1977368,0.001348,0,Baixo
1899238,0.010676,0,Baixo
1965828,0.062794,0,Baixo
1976753,0.010676,0,Baixo
1977553,0.029043,0,Baixo
1977546,0.029043,0,Baixo
1960885,0.143994,0,Baixo
1977545,0.029043,0,Baixo
1973496,0.071023,0,Baixo
1977382,0.094203,0,Baixo
1977505,0.071023,0,Baixo
1977554,0.029043,0,Baixo
1974670,0.010676,0,Baixo
1977585,0.090592,0,Baixo
1977579,0.013889,0,Baixo
1973693,0.023861,0,Baixo
1976683,0.013889,0,Baixo
1951064,0.062794,0,Baixo
1977320,0.029043,0,Baixo
980484,0.029043,0,Baixo
1977591,0.062794,0,Baixo
1972664,0.013889,0,Baixo
1977595,0.029043,0,Baixo
1977185,0.013889,0,Baixo
1977584,0.071023,0,Baixo
1976627,0.009174,0,Baixo
1977589,0.003165,0,Baixo
1977571,0.013889,0,Baixo
1977603,0.143994,0,Baixo
1973350,0.062794,0,Baixo
1977621,0.013889,0,Baixo
1977282,0.001348,0,Baixo
1974783,0.029043,0,Baixo
1975506,0.010676,0,Baixo
1977452,0.010676,0,Baixo
1977012,0.100213,0,Baixo
1973543,0.029043,0,Baixo
1977281,0.013889,0,Baixo
1976422,0.023861,0,Baixo
1976089,0.009174,0,Baixo
1976602,0.013889,0,Baixo
1953475,0.003165,0,Baixo
1977311,0.023861,0,Baixo
1971173,0.094203,0,Baixo
1966075,0.010676,0,Baixo
1974493,0.001348,0,Baixo
1973850,0.013889,0,Baixo
1972185,0.013889,0,Baixo
1977632,0.013889,0,Baixo
1977540,0.062794,0,Baixo
1977271,0.029043,0,Baixo
1976860,0.100213,0,Baixo
1977634,0.029043,0,Baixo
1977614,0.029043,0,Baixo
1977630,0.029043,0,Baixo
1977120,0.010676,0,Baixo
1977565,0.023861,0,Baixo
1977560,0.080586,0,Baixo
1977600,0.003165,0,Baixo
1977590,0.029043,0,Baixo
1977650,0.029043,0,Baixo
1943970,0.080586,0,Baixo
1977413,0.003165,0,Baixo
1972776,0.071023,0,Baixo
1977660,0.0,0,Baixo
1972749,0.12069,0,Baixo
1977667,0.010676,0,Baixo
1976305,0.023861,0,Baixo
1894046,0.023861,0,Baixo
1977289,0.029043,0,Baixo
1977422,0.029043,0,Baixo
1976051,0.100213,0,Baixo
1976222,0.029043,0,Baixo
1974943,0.12069,0,Baixo
1970234,0.010676,0,Baixo
1977192,0.013889,0,Baixo
1977624,0.013889,0,Baixo
1977670,0.029043,0,Baixo
1973776,0.062794,0,Baixo
1975962,0.001348,0,Baixo
1977038,0.062794,0,Baixo
1977666,0.080586,0,Baixo
1974219,0.010676,0,Baixo
1977692,0.003165,0,Baixo
1977539,0.009174,0,Baixo
1972655,0.029043,0,Baixo
1977050,0.023861,0,Baixo
1976129,0.029043,0,Baixo
1977686,0.029043,0,Baixo
1977558,0.023861,0,Baixo
1977551,0.029043,0,Baixo
1976745,0.023861,0,Baixo
1977718,0.009174,0,Baixo
1972427,0.023861,0,Baixo
1977709,0.100213,0,Baixo
1967911,0.029043,0,Baixo
1977668,0.143994,0,Baixo
1977704,0.009174,0,Baixo
1977734,0.029043,0,Baixo
1977724,0.143994,0,Baixo
1977741,0.023861,0,Baixo
1977778,0.010676,0,Baixo
1975455,0.001348,0,Baixo
1977725,0.003165,0,Baixo
1977760,0.010676,0,Baixo
1977774,0.010676,0,Baixo
1977751,0.029043,0,Baixo
1977763,0.013889,0,Baixo
1977756,0.013889,0,Baixo
1977875,0.100213,0,Baixo
1977916,0.071023,0,Baixo
1977810,0.090592,0,Baixo
1977867,0.029043,0,Baixo
1977781,0.071023,0,Baixo
1977812,0.023861,0,Baixo
1977783,0.100213,0,Baixo
1977927,0.029043,0,Baixo
1978029,0.094203,0,Baixo
1978063,0.010676,0,Baixo
1977815,0.029043,0,Baixo
1977955,0.029043,0,Baixo
1977894,0.010676,0,Baixo
1977878,0.100213,0,Baixo
1977856,0.013889,0,Baixo
1977768,0.029043,0,Baixo
1978148,0.009174,0,Baixo
1977886,0.023861,0,Baixo
1977837,0.090592,0,Baixo
1977543,0.029043,0,Baixo
1977829,0.029043,0,Baixo
1977809,0.045455,0,Baixo
1978102,0.029043,0,Baixo
1977755,0.001348,0,Baixo
1977775,0.137931,0,Baixo
1977861,0.029043,0,Baixo
1977761,0.029043,0,Baixo
1978072,0.080586,0,Baixo
1977762,0.003165,0,Baixo
1978071,0.029043,0,Baixo
1977888,0.029043,0,Baixo
1978089,0.023861,0,Baixo
1977807,0.001348,0,Baixo
1977808,0.013889,0,Baixo
1977987,0.029043,0,Baixo
1977906,0.071023,0,Baixo
1978030,0.003165,0,Baixo
1977931,0.023861,0,Baixo
1977769,0.029043,0,Baixo
1977805,0.062794,0,Baixo
1978065,0.003165,0,Baixo
1977766,0.013889,0,Baixo
1978182,0.029043,0,Baixo
1977744,0.071023,0,Baixo
1978017,0.080586,0,Baixo
1977845,0.029043,0,Baixo
1978093,0.100213,0,Baixo
1978081,0.010676,0,Baixo
1977785,0.013889,0,Baixo
1977935,0.023861,0,Baixo
1977828,0.029043,0,Baixo
1977974,0.023861,0,Baixo
1977885,0.029043,0,Baixo
1977821,0.013889,0,Baixo
1977985,0.0,0,Baixo
1977908,0.100213,0,Baixo
1977844,0.071023,0,Baixo
1977813,0.013889,0,Baixo
1977870,0.090592,0,Baixo
1978126,0.090592,0,Baixo
1978216,0.009174,0,Baixo
1977851,0.009174,0,Baixo
1977992,0.062794,0,Baixo
1977991,0.029043,0,Baixo
1978045,0.013889,0,Baixo
1977881,0.163658,0,Baixo
1978200,0.009174,0,Baixo
1977795,0.010676,0,Baixo
1978064,0.013889,0,Baixo
1977923,0.100213,0,Baixo
1978001,0.062794,0,Baixo
1978243,0.045455,0,Baixo
1977915,0.003165,0,Baixo
1978155,0.010676,0,Baixo
1977900,0.071023,0,Baixo
1977950,0.029043,0,Baixo
1134431,0.009174,0,Baixo
1978018,0.023861,0,Baixo
1978203,0.013889,0,Baixo
1978040,0.100213,0,Baixo
1977868,0.029043,0,Baixo
1977839,0.080586,0,Baixo
1978020,0.062794,0,Baixo
1978049,0.029043,0,Baixo
1978186,0.062794,0,Baixo
1977824,0.010676,0,Baixo
1977820,0.062794,0,Baixo
1977956,0.010676,0,Baixo
1977879,0.010676,0,Baixo
1977948,0.003165,0,Baixo
1977838,0.023861,0,Baixo
1978139,0.013889,0,Baixo
1978003,0.071023,0,Baixo
1973703,0.094203,0,Baixo
1978122,0.003165,0,Baixo
1978268,0.013889,0,Baixo
1977739,0.100213,0,Baixo
1978066,0.029043,0,Baixo
1978033,0.080586,0,Baixo
1978192,0.062794,0,Baixo
1977847,0.009174,0,Baixo
1977989,0.029043,0,Baixo
1978117,0.100213,0,Baixo
1978080,0.062794,0,Baixo
1977938,0.071023,0,Baixo
1978167,0.071023,0,Baixo
1978257,0.029043,0,Baixo
1977427,0.062794,0,Baixo
1978223,0.062794,0,Baixo
1977905,0.003165,0,Baixo
1978300,0.094203,0,Baixo
1977939,0.013889,0,Baixo
1978183,0.062794,0,Baixo
1978121,0.013889,0,Baixo
1977826,0.143994,0,Baixo
1978251,0.010676,0,Baixo
1977976,0.029043,0,Baixo
1977983,0.023861,0,Baixo
1978010,0.013889,0,Baixo
1977799,0.023861,0,Baixo
1977864,0.071023,0,Baixo
1978096,0.030303,0,Baixo
1978077,0.029043,0,Baixo
1977776,0.010676,0,Baixo
1978289,0.029043,0,Baixo
1685941,0.013889,0,Baixo
1977786,0.029043,0,Baixo
1978238,0.030303,0,Baixo
1977971,0.013889,0,Baixo
1978242,0.029043,0,Baixo
1977903,0.029043,0,Baixo
1977887,0.062794,0,Baixo
1977949,0.100213,0,Baixo
1978171,0.071023,0,Baixo
1978207,0.023861,0,Baixo
1977814,0.023861,0,Baixo
1977963,0.013889,0,Baixo
1978248,0.010676,0,Baixo
1978227,0.100213,0,Baixo
1977862,0.029043,0,Baixo
1978042,0.003165,0,Baixo
1978260,0.094203,0,Baixo
1947855,0.003165,0,Baixo
1978316,0.023861,0,Baixo
1978177,0.062794,0,Baixo
1978371,0.003165,0,Baixo
1978110,0.029043,0,Baixo
1977747,0.003165,0,Baixo
1978067,0.009174,0,Baixo
1978341,0.029043,0,Baixo
1978025,0.013889,0,Baixo
1977907,0.029043,0,Baixo
1978087,0.029043,0,Baixo
1978237,0.080586,0,Baixo
1978312,0.071023,0,Baixo
1978174,0.010676,0,Baixo
1977806,0.013889,0,Baixo
1978256,0.003165,0,Baixo
1977951,0.029043,0,Baixo
1978327,0.100213,0,Baixo
1978044,0.013889,0,Baixo
1978221,0.062794,0,Baixo
1978222,0.100213,0,Baixo
1977836,0.023861,0,Baixo
1977986,0.029043,0,Baixo
1978002,0.029043,0,Baixo
1978109,0.029043,0,Baixo
1978430,0.001348,0,Baixo
1978036,0.090592,0,Baixo
1978106,0.010676,0,Baixo
1978039,0.023861,0,Baixo
1978156,0.029043,0,Baixo
1978303,0.003165,0,Baixo
1978305,0.143994,0,Baixo
1978440,0.062794,0,Baixo
1978485,0.010676,0,Baixo
1978334,0.029043,0,Baixo
1977840,0.090592,0,Baixo
1978170,0.100213,0,Baixo
1976114,0.013889,0,Baixo
1978328,0.013889,0,Baixo
1978247,0.045455,0,Baixo
1978154,0.013889,0,Baixo
1973955,0.062794,0,Baixo
1978297,0.094203,0,Baixo
1978218,0.023861,0,Baixo
1978263,0.029043,0,Baixo
1978118,0.071023,0,Baixo
1978565,0.013889,0,Baixo
1978069,0.010676,0,Baixo
1978060,0.013889,0,Baixo
1978125,0.013889,0,Baixo
1978208,0.023861,0,Baixo
1977740,0.023861,0,Baixo
1977759,0.013889,0,Baixo
1978011,0.029043,0,Baixo
1978204,0.029043,0,Baixo
1978456,0.013889,0,Baixo
1978434,0.029043,0,Baixo
1978271,0.071023,0,Baixo
1978474,0.071023,0,Baixo
1978307,0.029043,0,Baixo
1978387,0.013889,0,Baixo
1978092,0.023861,0,Baixo
1978373,0.003165,0,Baixo
1978590,0.003165,0,Baixo
1978255,0.003165,0,Baixo
1978058,0.094203,0,Baixo
1978132,0.029043,0,Baixo
1978484,0.045455,0,Baixo
1978267,0.003165,0,Baixo
1978048,0.029043,0,Baixo
1978038,0.029043,0,Baixo
1978431,0.071023,0,Baixo
1978504,0.045455,0,Baixo
1978317,0.029043,0,Baixo
1978611,0.029043,0,Baixo
1978294,0.029043,0,Baixo
1978084,0.062794,0,Baixo
1978264,0.071023,0,Baixo
1977804,0.094203,0,Baixo
1978503,0.029043,0,Baixo
1978462,0.094203,0,Baixo
1978594,0.029043,0,Baixo
1978233,0.100213,0,Baixo
1977921,0.013889,0,Baixo
1978054,0.010676,0,Baixo
1978055,0.090592,0,Baixo
1977899,0.071023,0,Baixo
1978052,0.013889,0,Baixo
1978245,0.045455,0,Baixo
1978517,0.023861,0,Baixo
1978535,0.090592,0,Baixo
1978099,0.001348,0,Baixo
1978418,0.023861,0,Baixo
1978421,0.013889,0,Baixo
1978225,0.013889,0,Baixo
1978457,0.045455,0,Baixo
1976159,0.071023,0,Baixo
1978313,0.010676,0,Baixo
1978368,0.071023,0,Baixo
1978632,0.166038,0,Baixo
1977917,0.071023,0,Baixo
1978542,0.029043,0,Baixo
1978637,0.003165,0,Baixo
1978528,0.029043,0,Baixo
1978283,0.029043,0,Baixo
1978379,0.013889,0,Baixo
1978024,0.062794,0,Baixo
1977853,0.013889,0,Baixo
1977920,0.143994,0,Baixo
1978034,0.023861,0,Baixo
1976324,0.062794,0,Baixo
1978378,0.071023,0,Baixo
1978571,0.143994,0,Baixo
1978498,0.023861,0,Baixo
1978198,0.013889,0,Baixo
1978502,0.094203,0,Baixo
1978443,0.029043,0,Baixo
1978413,0.094203,0,Baixo
1974238,0.045455,0,Baixo
1978441,0.062794,0,Baixo
1978321,0.010676,0,Baixo
1972789,0.029043,0,Baixo
1978239,0.003165,0,Baixo
1978432,0.090592,0,Baixo
1978545,0.080586,0,Baixo
1978043,0.143994,0,Baixo
1978119,0.029043,0,Baixo
1977943,0.013889,0,Baixo
1978229,0.029043,0,Baixo
1978453,0.080586,0,Baixo
1977893,0.010676,0,Baixo
1978452,0.009174,0,Baixo
1978159,0.080586,0,Baixo
1978472,0.029043,0,Baixo
1978164,0.029043,0,Baixo
1978290,0.045455,0,Baixo
1978650,0.143994,0,Baixo
1978460,0.013889,0,Baixo
1978389,0.029043,0,Baixo
1978627,0.013889,0,Baixo
1978147,0.029043,0,Baixo
1978046,0.100213,0,Baixo
1978347,0.029043,0,Baixo
1978343,0.029043,0,Baixo
1978581,0.080586,0,Baixo
1978626,0.062794,0,Baixo
1978136,0.062794,0,Baixo
1978423,0.010676,0,Baixo
1978623,0.143994,0,Baixo
1978335,0.013889,0,Baixo
1977816,0.029043,0,Baixo
1978108,0.003165,0,Baixo
1973472,0.013889,0,Baixo
1972993,0.163658,0,Baixo
1978330,0.013889,0,Baixo
1978449,0.013889,0,Baixo
1978173,0.013889,0,Baixo
1975736,0.009174,0,Baixo
1978671,0.013889,0,Baixo
1978652,0.013889,0,Baixo
1978083,0.013889,0,Baixo
1973723,0.013889,0,Baixo
1977412,0.023861,0,Baixo
1977735,0.062794,0,Baixo
1978551,0.100213,0,Baixo
1978385,0.090592,0,Baixo
1978359,0.013889,0,Baixo
1977613,0.023861,0,Baixo
1978633,0.143994,0,Baixo
1978041,0.071023,0,Baixo
1978674,0.029043,0,Baixo
1978506,0.010676,0,Baixo
1976426,0.003165,0,Baixo
1973290,0.029043,0,Baixo
1978694,0.009174,0,Baixo
1978673,0.023861,0,Baixo
1978465,0.062794,0,Baixo
1978628,0.045455,0,Baixo
1969921,0.013889,0,Baixo
1978288,0.029043,0,Baixo
1977566,0.003165,0,Baixo
1977933,0.013889,0,Baixo
1976211,0.013889,0,Baixo
1978438,0.029043,0,Baixo
1973665,0.143994,0,Baixo
1978187,0.143994,0,Baixo
1978580,0.013889,0,Baixo
1978369,0.029043,0,Baixo
1977788,0.080586,0,Baixo
1978682,0.010676,0,Baixo
1978455,0.062794,0,Baixo
1978698,0.013889,0,Baixo
1978486,0.029043,0,Baixo
1978477,0.071023,0,Baixo
1978533,0.010676,0,Baixo
1978419,0.010676,0,Baixo
1978697,0.013889,0,Baixo
1978609,0.029043,0,Baixo
1978713,0.029043,0,Baixo
1978429,0.062794,0,Baixo
1978442,0.023861,0,Baixo
1978356,0.010676,0,Baixo
1978635,0.013889,0,Baixo
1978478,0.029043,0,Baixo
1978274,0.090592,0,Baixo
1978676,0.045455,0,Baixo
1977997,0.100213,0,Baixo
1978408,0.029043,0,Baixo
1978094,0.137931,0,Baixo
1978492,0.029043,0,Baixo
1978615,0.029043,0,Baixo
1978399,0.071023,0,Baixo
1978521,0.029043,0,Baixo
1978743,0.100213,0,Baixo
1978153,0.143994,0,Baixo
1978510,0.023861,0,Baixo
1978234,0.062794,0,Baixo
1978232,0.029043,0,Baixo
1977146,0.023861,0,Baixo
1978691,0.071023,0,Baixo
1945997,0.029043,0,Baixo
1978180,0.062794,0,Baixo
1977914,0.045455,0,Baixo
1978428,0.100213,0,Baixo
1978372,0.094203,0,Baixo
1842326,0.090592,0,Baixo
1978791,0.010676,0,Baixo
1978765,0.071023,0,Baixo
1978772,0.029043,0,Baixo
1977925,0.090592,0,Baixo
1978680,0.013889,0,Baixo
1976853,0.013889,0,Baixo
1977737,0.029043,0,Baixo
1978728,0.023861,0,Baixo
1978600,0.013889,0,Baixo
1977869,0.013889,0,Baixo
1978754,0.071023,0,Baixo
1978668,0.100213,0,Baixo
1978624,0.013889,0,Baixo
1978027,0.023861,0,Baixo
1978792,0.010676,0,Baixo
1969026,0.094203,0,Baixo
1978240,0.013889,0,Baixo
1975372,0.029043,0,Baixo
1949946,0.080586,0,Baixo
1978086,0.013889,0,Baixo
1978815,0.029043,0,Baixo
1978734,0.023861,0,Baixo
1978622,0.071023,0,Baixo
1978746,0.001348,0,Baixo
1978730,0.013889,0,Baixo
1978166,0.023861,0,Baixo
1978801,0.062794,0,Baixo
1978386,0.029043,0,Baixo
1978768,0.029043,0,Baixo
1978302,0.023861,0,Baixo
1978789,0.029043,0,Baixo
1978364,0.143994,0,Baixo
1975560,0.071023,0,Baixo
1977445,0.029043,0,Baixo
1978827,0.029043,0,Baixo
1978219,0.062794,0,Baixo
711945,0.010676,0,Baixo
1978659,0.029043,0,Baixo
1975442,0.0,0,Baixo
1978531,0.045455,0,Baixo
1978384,0.029043,0,Baixo
1978857,0.029043,0,Baixo
1978620,0.071023,0,Baixo
1978829,0.0,0,Baixo
1977970,0.062794,0,Baixo
1978292,0.010676,0,Baixo
1974834,0.003165,0,Baixo
562709,0.010676,0,Baixo
1978781,0.062794,0,Baixo
1973079,0.003165,0,Baixo
1978853,0.003165,0,Baixo
1978820,0.029043,0,Baixo
1975254,0.013889,0,Baixo
1978723,0.029043,0,Baixo
1978837,0.029043,0,Baixo
1971740,0.023861,0,Baixo
1978822,0.023861,0,Baixo
1977672,0.0,0,Baixo
1978700,0.003165,0,Baixo
1978745,0.003165,0,Baixo
1977013,0.001348,0,Baixo
1977843,0.062794,0,Baixo
1977201,0.090592,0,Baixo
1978568,0.023861,0,Baixo
1978903,0.029043,0,Baixo
1977977,0.010676,0,Baixo
1975914,0.143994,0,Baixo
1978749,0.013889,0,Baixo
1978917,0.094203,0,Baixo
1978873,0.013889,0,Baixo
1978866,0.071023,0,Baixo
1976993,0.029043,0,Baixo
1977954,0.029043,0,Baixo
1978835,0.090592,0,Baixo
1978859,0.010676,0,Baixo
1782409,0.023861,0,Baixo
1974034,0.029043,0,Baixo
1966915,0.071023,0,Baixo
1978436,0.010676,0,Baixo
1978855,0.003165,0,Baixo
1973894,0.143994,0,Baixo
1978161,0.029043,0,Baixo
1977865,0.166038,0,Baixo
1965901,0.062794,0,Baixo
1978889,0.029043,0,Baixo
1978921,0.071023,0,Baixo
1978913,0.013889,0,Baixo
1978774,0.023861,0,Baixo
1737760,0.010676,0,Baixo
1978939,0.013889,0,Baixo
1978013,0.013889,0,Baixo
1978613,0.029043,0,Baixo
1965833,0.094203,0,Baixo
1977913,0.023861,0,Baixo
1978748,0.023861,0,Baixo
1978949,0.071023,0,Baixo
1978916,0.045455,0,Baixo
1978407,0.023861,0,Baixo
1978929,0.0,0,Baixo
1978529,0.094203,0,Baixo
1978935,0.009174,0,Baixo
1974082,0.045455,0,Baixo
1974549,0.071023,0,Baixo
1978942,0.013889,0,Baixo
1977437,0.029043,0,Baixo
1978890,0.013889,0,Baixo
1975034,0.009174,0,Baixo
1974368,0.029043,0,Baixo
1978914,0.013889,0,Baixo
1978887,0.071023,0,Baixo
1978936,0.080586,0,Baixo
1977500,0.013889,0,Baixo
1974993,0.029043,0,Baixo
1978450,0.071023,0,Baixo
1978319,0.023861,0,Baixo
1978952,0.003165,0,Baixo
1978892,0.003165,0,Baixo
1977468,0.023861,0,Baixo
1978988,0.029043,0,Baixo
1978964,0.013889,0,Baixo
1978907,0.029043,0,Baixo
1978596,0.023861,0,Baixo
1978966,0.013889,0,Baixo
1978924,0.163658,0,Baixo
1978960,0.001348,0,Baixo
1977966,0.013889,0,Baixo
1975645,0.029043,0,Baixo
1978403,0.143994,0,Baixo
1978755,0.029043,0,Baixo
1978980,0.010676,0,Baixo
1978028,0.029043,0,Baixo
1973841,0.045455,0,Baixo
1978669,0.090592,0,Baixo
1978900,0.023861,0,Baixo
1978948,0.010676,0,Baixo
1978133,0.013889,0,Baixo
1978078,0.013889,0,Baixo
1536687,0.013889,0,Baixo
1978800,0.013889,0,Baixo
1978897,0.071023,0,Baixo
1978996,0.003165,0,Baixo
1978831,0.143994,0,Baixo
1978847,0.009174,0,Baixo
1970572,0.100213,0,Baixo
1979035,0.094203,0,Baixo
1979034,0.010676,0,Baixo
1972708,0.010676,0,Baixo
1978961,0.013889,0,Baixo
1978707,0.071023,0,Baixo
1900776,0.003165,0,Baixo
1979045,0.013889,0,Baixo
1972568,0.029043,0,Baixo
1979063,0.214925,0,Medio
1978967,0.100213,0,Baixo
1979080,0.029043,0,Baixo
1978982,0.003165,0,Baixo
1978992,0.010676,0,Baixo
1978570,0.003165,0,Baixo
1978586,0.0,0,Baixo
1978750,0.023861,0,Baixo
1978677,0.013889,0,Baixo
1978990,0.001348,0,Baixo
1978974,0.013889,0,Baixo
1977665,0.029043,0,Baixo
1979003,0.023861,0,Baixo
1978716,0.062794,0,Baixo
1978904,0.080586,0,Baixo
1979071,0.029043,0,Baixo
1979074,0.003165,0,Baixo
1979096,0.013889,0,Baixo
1971420,0.003165,0,Baixo
1978116,0.062794,0,Baixo
1978539,0.029043,0,Baixo
1979059,0.001348,0,Baixo
1977910,0.062794,0,Baixo
1978520,0.013889,0,Baixo
1979128,0.029043,0,Baixo
1978710,0.003165,0,Baixo
1979135,0.013889,0,Baixo
1979146,0.029043,0,Baixo
1974690,0.029043,0,Baixo
1977980,0.009174,0,Baixo
1979107,0.029043,0,Baixo
1977780,0.029043,0,Baixo
1978057,0.009174,0,Baixo
1977981,0.062794,0,Baixo
1978358,0.080586,0,Baixo
1977771,0.013889,0,Baixo
1979110,0.009174,0,Baixo
1978176,0.029043,0,Baixo
1979147,0.029043,0,Baixo
1978114,0.009174,0,Baixo
1979155,0.029043,0,Baixo
1978999,0.023861,0,Baixo
1978113,0.080586,0,Baixo
1978111,0.009174,0,Baixo
1977849,0.023861,0,Baixo
1978140,0.029043,0,Baixo
1978585,0.013889,0,Baixo
1978146,0.062794,0,Baixo
1978404,0.029043,0,Baixo
1978845,0.071023,0,Baixo
1977794,0.029043,0,Baixo
1979137,0.010676,0,Baixo
1978721,0.062794,0,Baixo
1977877,0.003165,0,Baixo
1979018,0.029043,0,Baixo
1977932,0.062794,0,Baixo
1978272,0.013889,0,Baixo
1978323,0.023861,0,Baixo
1978382,0.100213,0,Baixo
1978258,0.029043,0,Baixo
1978665,0.001348,0,Baixo
1978201,0.029043,0,Baixo
1979094,0.0,0,Baixo
1978810,0.080586,0,Baixo
1977764,0.090592,0,Baixo
1977942,0.062794,0,Baixo
1977872,0.010676,0,Baixo
1977860,0.029043,0,Baixo
1978337,0.071023,0,Baixo
1977902,0.029043,0,Baixo
1978144,0.100213,0,Baixo
1978329,0.029043,0,Baixo
1979151,0.010676,0,Baixo
1979148,0.013889,0,Baixo
1979134,0.071023,0,Baixo
1978558,0.023861,0,Baixo
1979130,0.045455,0,Baixo
1978993,0.062794,0,Baixo
1978483,0.029043,0,Baixo
1979175,0.009174,0,Baixo
1978199,0.143994,0,Baixo
1978986,0.080586,0,Baixo
1979204,0.013889,0,Baixo
1979117,0.071023,0,Baixo
1978304,0.062794,0,Baixo
1978767,0.029043,0,Baixo
1979208,0.0,0,Baixo
1979256,0.100213,0,Baixo
1977373,0.001348,0,Baixo
1971094,0.062794,0,Baixo
1979189,0.013889,0,Baixo
1971414,0.163658,0,Baixo
1817890,0.013889,0,Baixo
1978476,0.100213,0,Baixo
1969872,0.029043,0,Baixo
1978437,0.013889,0,Baixo
1979222,0.094203,0,Baixo
1973713,0.062794,0,Baixo
1979150,0.100213,0,Baixo
1979239,0.013889,0,Baixo
1978687,0.010676,0,Baixo
1979263,0.0,0,Baixo
1978391,0.080586,0,Baixo
1979289,0.062794,0,Baixo
1979305,0.023861,0,Baixo
1977586,0.013889,0,Baixo
1979237,0.045455,0,Baixo
1978648,0.013889,0,Baixo
1979037,0.045455,0,Baixo
1976173,0.009174,0,Baixo
1979118,0.010676,0,Baixo
1979209,0.100213,0,Baixo
1979214,0.013889,0,Baixo
1979121,0.013889,0,Baixo
1965844,0.029043,0,Baixo
1979167,0.12069,0,Baixo
1979288,0.003165,0,Baixo
1974388,0.009174,0,Baixo
1972912,0.023861,0,Baixo
1971123,0.029043,0,Baixo
1773537,0.071023,0,Baixo
1979255,0.029043,0,Baixo
1978752,0.003165,0,Baixo
1979199,0.100213,0,Baixo
1975807,0.023861,0,Baixo
1979087,0.0,0,Baixo
1972342,0.003165,0,Baixo
1979192,0.013889,0,Baixo
1972800,0.009174,0,Baixo
1979215,0.100213,0,Baixo
1976150,0.029043,0,Baixo
1979341,0.010676,0,Baixo
1979336,0.062794,0,Baixo
1978742,0.013889,0,Baixo
1978035,0.045455,0,Baixo
1979334,0.029043,0,Baixo
1979356,0.013889,0,Baixo
1459687,0.071023,0,Baixo
1979144,0.013889,0,Baixo
1979296,0.094203,0,Baixo
1979358,0.143994,0,Baixo
1979338,0.029043,0,Baixo
1974016,0.071023,0,Baixo
1979371,0.023861,0,Baixo
1646400,0.013889,0,Baixo
1978776,0.029043,0,Baixo
1979406,0.013889,0,Baixo
1978224,0.013889,0,Baixo
1978655,0.023861,0,Baixo
1979422,0.013889,0,Baixo
1978825,0.071023,0,Baixo
1979317,0.013889,0,Baixo
678122,0.013889,0,Baixo
1979378,0.071023,0,Baixo
1976620,0.029043,0,Baixo
1979404,0.100213,0,Baixo
1979437,0.023861,0,Baixo
1972401,0.003165,0,Baixo
1974299,0.003165,0,Baixo
1979391,0.013889,0,Baixo
1979252,0.013889,0,Baixo
1979421,0.029043,0,Baixo
1979281,0.013889,0,Baixo
1979072,0.0,0,Baixo
1979424,0.013889,0,Baixo
1976893,0.003165,0,Baixo
1971744,0.023861,0,Baixo
1977284,0.029043,0,Baixo
1977089,0.062794,0,Baixo
1979419,0.013889,0,Baixo
1979271,0.0,0,Baixo
1979447,0.013889,0,Baixo
1979025,0.029043,0,Baixo
1979418,0.013889,0,Baixo
1978861,0.062794,0,Baixo
1976905,0.003165,0,Baixo
1979486,0.009174,0,Baixo
1979161,0.023861,0,Baixo
1979460,0.010676,0,Baixo
1978736,0.009174,0,Baixo
1978351,0.013889,0,Baixo
1979171,0.029043,0,Baixo
1972043,0.013889,0,Baixo
1963290,0.045455,0,Baixo
1979463,0.071023,0,Baixo
1973086,0.023861,0,Baixo
1979440,0.013889,0,Baixo
1979325,0.013889,0,Baixo
1979191,0.009174,0,Baixo
1977607,0.010676,0,Baixo
1973314,0.100213,0,Baixo
1977911,0.071023,0,Baixo
1976027,0.001348,0,Baixo
1979243,0.029043,0,Baixo
1978617,0.013889,0,Baixo
1978661,0.009174,0,Baixo
1978299,0.090592,0,Baixo
1972898,0.003165,0,Baixo
1938841,0.013889,0,Baixo
1977680,0.013889,0,Baixo
1974280,0.009174,0,Baixo
1978883,0.003165,0,Baixo
1974767,0.003165,0,Baixo
1979038,0.013889,0,Baixo
1979015,0.029043,0,Baixo
1978439,0.029043,0,Baixo
1979079,0.013889,0,Baixo
1978451,0.013889,0,Baixo
1973664,0.009174,0,Baixo
1979510,0.163658,0,Baixo
1978862,0.029043,0,Baixo
1978970,0.029043,0,Baixo
1978951,0.009174,0,Baixo
1978388,0.029043,0,Baixo
1974039,0.029043,0,Baixo
1975064,0.023861,0,Baixo
1971005,0.062794,0,Baixo
1978019,0.100213,0,Baixo
1979481,0.013889,0,Baixo
1979008,0.023861,0,Baixo
1978006,0.010676,0,Baixo
1979254,0.003165,0,Baixo
1974784,0.0,0,Baixo
1971660,0.010676,0,Baixo
1979476,0.023861,0,Baixo
1979538,0.143994,0,Baixo
1979543,0.003165,0,Baixo
1901089,0.009174,0,Baixo
1978339,0.013889,0,Baixo
1977819,0.163658,0,Baixo
1979524,0.023861,0,Baixo
1976859,0.029043,0,Baixo
1973288,0.029043,0,Baixo
1979561,0.013889,0,Baixo
1979574,0.029043,0,Baixo
1971658,0.013889,0,Baixo
1979484,0.023861,0,Baixo
1979537,0.029043,0,Baixo
1979532,0.013889,0,Baixo
1979544,0.003165,0,Baixo
1979536,0.100213,0,Baixo
1976048,0.071023,0,Baixo
1979571,0.010676,0,Baixo
1979428,0.029043,0,Baixo
1979528,0.013889,0,Baixo
1979572,0.029043,0,Baixo
1979468,0.010676,0,Baixo
1979525,0.030303,0,Baixo
1979556,0.090592,0,Baixo
1979588,0.013889,0,Baixo
1977823,0.029043,0,Baixo
1963403,0.062794,0,Baixo
1973834,0.062794,0,Baixo
1979570,0.029043,0,Baixo
1976714,0.013889,0,Baixo
1979602,0.163658,0,Baixo
1969765,0.062794,0,Baixo
1979596,0.001348,0,Baixo
1979605,0.023861,0,Baixo
1979600,0.029043,0,Baixo
1979611,0.100213,0,Baixo
1979569,0.013889,0,Baixo
1974215,0.003165,0,Baixo
1974173,0.029043,0,Baixo
1979617,0.003165,0,Baixo
1979597,0.003165,0,Baixo
1979609,0.100213,0,Baixo
1977276,0.071023,0,Baixo
1978969,0.013889,0,Baixo
1979513,0.013889,0,Baixo
1977162,0.023861,0,Baixo
1972296,0.100213,0,Baixo
1979630,0.029043,0,Baixo
1979582,0.023861,0,Baixo
1979650,0.029043,0,Baixo
1977096,0.009174,0,Baixo
1978244,0.071023,0,Baixo
1979156,0.030303,0,Baixo
1979212,0.100213,0,Baixo
1979259,0.029043,0,Baixo
1973090,0.013889,0,Baixo
1979321,0.013889,0,Baixo
1979639,0.143994,0,Baixo
1977047,0.143994,0,Baixo
1942168,0.013889,0,Baixo
1976499,0.009174,0,Baixo
1977023,0.062794,0,Baixo
1979676,0.013889,0,Baixo
1978493,0.023861,0,Baixo
1979109,0.013889,0,Baixo
1979185,0.029043,0,Baixo
1971147,0.029043,0,Baixo
1974747,0.029043,0,Baixo
1977784,0.013889,0,Baixo
1976298,0.029043,0,Baixo
1973900,0.013889,0,Baixo
1979684,0.029043,0,Baixo
1979099,0.023861,0,Baixo
1975472,0.029043,0,Baixo
1979690,0.009174,0,Baixo
1971891,0.029043,0,Baixo
1888248,0.062794,0,Baixo
1979708,0.010676,0,Baixo
1979705,0.045455,0,Baixo
1979651,0.029043,0,Baixo
1979696,0.029043,0,Baixo
1979712,0.029043,0,Baixo
1979716,0.062794,0,Baixo
1979464,0.071023,0,Baixo
1978719,0.071023,0,Baixo
1741421,0.12069,0,Baixo
1979732,0.013889,0,Baixo
1972139,0.029043,0,Baixo
1979740,0.013889,0,Baixo
1979741,0.003165,0,Baixo
1976763,0.013889,0,Baixo
1979757,0.062794,0,Baixo
1979758,0.010676,0,Baixo
1974750,0.029043,0,Baixo
1979760,0.062794,0,Baixo
1977156,0.100213,0,Baixo
1979773,0.062794,0,Baixo
1974775,0.010676,0,Baixo
1979778,0.009174,0,Baixo
1973630,0.062794,0,Baixo
1979790,0.013889,0,Baixo
1979793,0.013889,0,Baixo
1979803,0.003165,0,Baixo
1979697,0.013889,0,Baixo
1975938,0.010676,0,Baixo
1979797,0.009174,0,Baixo
1973880,0.003165,0,Baixo
1978908,0.010676,0,Baixo
1979806,0.010676,0,Baixo
1979788,0.003165,0,Baixo
1978885,0.013889,0,Baixo
1979812,0.023861,0,Baixo
1979810,0.010676,0,Baixo
1979780,0.013889,0,Baixo
1978729,0.013889,0,Baixo
1952080,0.029043,0,Baixo
1724968,0.029043,0,Baixo
1979836,0.001348,0,Baixo
1977576,0.029043,0,Baixo
1977859,0.080586,0,Baixo
1972304,0.163658,0,Baixo
1972398,0.009174,0,Baixo
1973184,0.013889,0,Baixo
1974449,0.013889,0,Baixo
1978380,0.029043,0,Baixo
1979807,0.023861,0,Baixo
1966293,0.013889,0,Baixo
1977904,0.013889,0,Baixo
1972616,0.013889,0,Baixo
1979867,0.029043,0,Baixo
1975118,0.071023,0,Baixo
1979786,0.023861,0,Baixo
1979743,0.023861,0,Baixo
1973252,0.029043,0,Baixo
1975905,0.029043,0,Baixo
1979849,0.071023,0,Baixo
1973969,0.071023,0,Baixo
1979888,0.009174,0,Baixo
1979883,0.029043,0,Baixo
1978424,0.029043,0,Baixo
1976653,0.0,0,Baixo
1979848,0.062794,0,Baixo
1976644,0.010676,0,Baixo
1977530,0.001348,0,Baixo
1977803,0.143994,0,Baixo
1972908,0.013889,0,Baixo
1978509,0.045455,0,Baixo
1979904,0.062794,0,Baixo
1979906,0.029043,0,Baixo
1978074,0.080586,0,Baixo
1979913,0.013889,0,Baixo
1979919,0.0,0,Baixo
1965559,0.029043,0,Baixo
1978158,0.023861,0,Baixo
1977827,0.010676,0,Baixo
1975789,0.0,0,Baixo
1977707,0.009174,0,Baixo
1979228,0.029043,0,Baixo
1979954,0.003165,0,Baixo
1973790,0.071023,0,Baixo
1973362,0.071023,0,Baixo
1972167,0.029043,0,Baixo
1979958,0.013889,0,Baixo
1979950,0.013889,0,Baixo
1973816,0.143994,0,Baixo
1979938,0.009174,0,Baixo
1980017,0.080586,0,Baixo
1979990,0.071023,0,Baixo
1977846,0.071023,0,Baixo
1977058,0.013889,0,Baixo
1973212,0.009174,0,Baixo
1980041,0.003165,0,Baixo
1979694,0.094203,0,Baixo
1974608,0.163658,0,Baixo
1979903,0.143994,0,Baixo
1980062,0.029043,0,Baixo
1980045,0.013889,0,Baixo
1978311,0.062794,0,Baixo
1980068,0.001348,0,Baixo
1980082,0.013889,0,Baixo
1980075,0.143994,0,Baixo
1975548,0.029043,0,Baixo
1980102,0.010676,0,Baixo
1980001,0.001348,0,Baixo
1975818,0.010676,0,Baixo
1980122,0.009174,0,Baixo
1980016,0.023861,0,Baixo
1980137,0.001348,0,Baixo
688740,0.029043,0,Baixo
1977237,0.003165,0,Baixo
1980029,0.009174,0,Baixo
1971296,0.100213,0,Baixo
1979915,0.029043,0,Baixo
1979491,0.071023,0,Baixo
1980184,0.023861,0,Baixo
1968568,0.001348,0,Baixo
1977433,0.029043,0,Baixo
1961917,0.100213,0,Baixo
1976249,0.003165,0,Baixo
1980191,0.003165,0,Baixo
1974439,0.071023,0,Baixo
1979846,0.029043,0,Baixo
1974650,0.029043,0,Baixo
1973719,0.003165,0,Baixo
1978210,0.100213,0,Baixo
1974827,0.062794,0,Baixo
1949263,0.062794,0,Baixo
1980011,0.143994,0,Baixo
1979176,0.023861,0,Baixo
1980223,0.010676,0,Baixo
1980225,0.062794,0,Baixo
1944438,0.029043,0,Baixo
1980085,0.062794,0,Baixo
1980144,0.023861,0,Baixo
1980222,0.010676,0,Baixo
1980230,0.029043,0,Baixo
1978306,0.023861,0,Baixo
1972323,0.100213,0,Baixo
1976248,0.013889,0,Baixo
1980251,0.100213,0,Baixo
1980260,0.001348,0,Baixo
1980264,0.010676,0,Baixo
1972261,0.062794,0,Baixo
1980141,0.045455,0,Baixo
1970589,0.009174,0,Baixo
1976085,0.013889,0,Baixo
1957838,0.163658,0,Baixo
1980268,0.009174,0,Baixo
1980247,0.010676,0,Baixo
1976813,0.062794,0,Baixo
1975042,0.029043,0,Baixo
1980259,0.029043,0,Baixo
1979102,0.029043,0,Baixo
1972948,0.094203,0,Baixo
1980295,0.023861,0,Baixo
1980302,0.001348,0,Baixo
1980238,0.029043,0,Baixo
1980312,0.062794,0,Baixo
1980175,0.009174,0,Baixo
1980311,0.009174,0,Baixo
1980308,0.013889,0,Baixo
1980284,0.023861,0,Baixo
1974846,0.023861,0,Baixo
1980305,0.0,0,Baixo
1976451,0.143994,0,Baixo
1980338,0.080586,0,Baixo
1979813,0.003165,0,Baixo
1974907,0.010676,0,Baixo
1979417,0.062794,0,Baixo
1973083,0.029043,0,Baixo
1980304,0.062794,0,Baixo
1974154,0.090592,0,Baixo
1980044,0.029043,0,Baixo
1978480,0.029043,0,Baixo
1977678,0.001348,0,Baixo
1980317,0.023861,0,Baixo
1970620,0.013889,0,Baixo
1976567,0.100213,0,Baixo
1980372,0.009174,0,Baixo
1974938,0.071023,0,Baixo
1980332,0.009174,0,Baixo
1980392,0.029043,0,Baixo
1973088,0.001348,0,Baixo
1980289,0.013889,0,Baixo
1974210,0.029043,0,Baixo
1980375,0.013889,0,Baixo
1980409,0.001348,0,Baixo
1980327,0.045455,0,Baixo
1980391,0.062794,0,Baixo
1979642,0.003165,0,Baixo
1980404,0.023861,0,Baixo
1975535,0.003165,0,Baixo
1980410,0.071023,0,Baixo
1974145,0.062794,0,Baixo
1980412,0.010676,0,Baixo
1980297,0.045455,0,Baixo
1973648,0.029043,0,Baixo
1980383,0.023861,0,Baixo
1980104,0.003165,0,Baixo
1933584,0.023861,0,Baixo
1980342,0.023861,0,Baixo
1980430,0.013889,0,Baixo
1980369,0.023861,0,Baixo
1980276,0.029043,0,Baixo
1976770,0.062794,0,Baixo
1974379,0.009174,0,Baixo
1980399,0.013889,0,Baixo
1980433,0.013889,0,Baixo
1951471,0.001348,0,Baixo
1978185,0.062794,0,Baixo
1977779,0.100213,0,Baixo
1974341,0.023861,0,Baixo
1977729,0.143994,0,Baixo
1978647,0.013889,0,Baixo
1975584,0.029043,0,Baixo
1979643,0.009174,0,Baixo
1973579,0.062794,0,Baixo
1980047,0.013889,0,Baixo
1977990,0.029043,0,Baixo
1980456,0.003165,0,Baixo
1980157,0.009174,0,Baixo
1971334,0.029043,0,Baixo
1980468,0.143994,0,Baixo
1980425,0.010676,0,Baixo
1979551,0.090592,0,Baixo
1946149,0.023861,0,Baixo
1973712,0.013889,0,Baixo
1980467,0.029043,0,Baixo
1980423,0.010676,0,Baixo
1946325,0.029043,0,Baixo
1980206,0.023861,0,Baixo
1977628,0.071023,0,Baixo
1979331,0.029043,0,Baixo
1980439,0.023861,0,Baixo
1980485,0.009174,0,Baixo
1980459,0.029043,0,Baixo
1324057,0.045455,0,Baixo
1980470,0.029043,0,Baixo
1980486,0.003165,0,Baixo
1980483,0.080586,0,Baixo
1973904,0.013889,0,Baixo
1614695,0.003165,0,Baixo
1980407,0.010676,0,Baixo
1979894,0.010676,0,Baixo
1980493,0.010676,0,Baixo
1980159,0.009174,0,Baixo
1978977,0.062794,0,Baixo
1980360,0.029043,0,Baixo
1980507,0.010676,0,Baixo
1980335,0.100213,0,Baixo
1980511,0.029043,0,Baixo
1980403,0.029043,0,Baixo
1980503,0.009174,0,Baixo
1980531,0.009174,0,Baixo
1975091,0.029043,0,Baixo
1980505,0.010676,0,Baixo
1980424,0.023861,0,Baixo
1980413,0.029043,0,Baixo
1980522,0.001348,0,Baixo
1980351,0.010676,0,Baixo
1980190,0.010676,0,Baixo
1979878,0.071023,0,Baixo
1980506,0.009174,0,Baixo
1971584,0.166038,0,Baixo
1980529,0.100213,0,Baixo
1974113,0.045455,0,Baixo
1979866,0.003165,0,Baixo
1969324,0.013889,0,Baixo
1980535,0.029043,0,Baixo
1980490,0.003165,0,Baixo
1977715,0.003165,0,Baixo
1979828,0.003165,0,Baixo
1980553,0.029043,0,Baixo
1977654,0.029043,0,Baixo
1980560,0.143994,0,Baixo
1979075,0.001348,0,Baixo
1978672,0.029043,0,Baixo
1980035,0.029043,0,Baixo
1980482,0.023861,0,Baixo
1973435,0.062794,0,Baixo
1980510,0.029043,0,Baixo
1976942,0.029043,0,Baixo
1975553,0.090592,0,Baixo
1975102,0.143994,0,Baixo
1979626,0.143994,0,Baixo
1980546,0.029043,0,Baixo
1975850,0.010676,0,Baixo
1980555,0.013889,0,Baixo
1980598,0.100213,0,Baixo
1980589,0.003165,0,Baixo
1974221,0.009174,0,Baixo
1980565,0.010676,0,Baixo
1980480,0.029043,0,Baixo
1980597,0.010676,0,Baixo
1975219,0.029043,0,Baixo
1974655,0.010676,0,Baixo
1972879,0.062794,0,Baixo
1980610,0.010676,0,Baixo
1980616,0.003165,0,Baixo
1980583,0.071023,0,Baixo
1980615,0.143994,0,Baixo
1973822,0.029043,0,Baixo
1980588,0.010676,0,Baixo
1980491,0.013889,0,Baixo
1974207,0.071023,0,Baixo
1980607,0.029043,0,Baixo
1980249,0.029043,0,Baixo
1967448,0.023861,0,Baixo
1973275,0.2,0,Baixo
1980573,0.071023,0,Baixo
1980631,0.029043,0,Baixo
1980367,0.062794,0,Baixo
1980644,0.029043,0,Baixo
1980576,0.001348,0,Baixo
1980645,0.009174,0,Baixo
1980473,0.003165,0,Baixo
1979989,0.003165,0,Baixo
1977880,0.090592,0,Baixo
1980036,0.009174,0,Baixo
1980648,0.071023,0,Baixo
1980627,0.062794,0,Baixo
1980647,0.003165,0,Baixo
1978735,0.100213,0,Baixo
1980669,0.013889,0,Baixo
1980663,0.013889,0,Baixo
1980547,0.071023,0,Baixo
1980628,0.013889,0,Baixo
1980673,0.001348,0,Baixo
1980617,0.029043,0,Baixo
1979066,0.0,0,Baixo
1980642,0.013889,0,Baixo
1976309,0.029043,0,Baixo
1979693,0.045455,0,Baixo
1980143,0.062794,0,Baixo
1978068,0.029043,0,Baixo
1846318,0.080586,0,Baixo
1980365,0.013889,0,Baixo
1978572,0.029043,0,Baixo
1976193,0.071023,0,Baixo
1980474,0.001348,0,Baixo
1973539,0.010676,0,Baixo
1967360,0.045455,0,Baixo
1975398,0.010676,0,Baixo
1980667,0.010676,0,Baixo
1972004,0.071023,0,Baixo
1972685,0.029043,0,Baixo
1978598,0.062794,0,Baixo
1980633,0.023861,0,Baixo
1980581,0.013889,0,Baixo
1978103,0.166038,0,Baixo
1980674,0.100213,0,Baixo
1968826,0.090592,0,Baixo
1980569,0.023861,0,Baixo
1979685,0.013889,0,Baixo
1973525,0.001348,0,Baixo
1980620,0.010676,0,Baixo
1974631,0.010676,0,Baixo
1979898,0.009174,0,Baixo
1979593,0.045455,0,Baixo
1445068,0.029043,0,Baixo
1980723,0.062794,0,Baixo
1090650,0.143994,0,Baixo
1980621,0.029043,0,Baixo
1980707,0.045455,0,Baixo
1980187,0.010676,0,Baixo
1980715,0.013889,0,Baixo
1980688,0.013889,0,Baixo
1980701,0.013889,0,Baixo
1430145,0.013889,0,Baixo
1980719,0.029043,0,Baixo
1980698,0.023861,0,Baixo
1980514,0.029043,0,Baixo
1980377,0.013889,0,Baixo
1978573,0.029043,0,Baixo
1975380,0.013889,0,Baixo
1980718,0.013889,0,Baixo
1979785,0.062794,0,Baixo
1980743,0.013889,0,Baixo
1980087,0.029043,0,Baixo
1977323,0.023861,0,Baixo
1979580,0.094203,0,Baixo
1980738,0.0,0,Baixo
1968927,0.029043,0,Baixo
1973037,0.003165,0,Baixo
1980774,0.100213,0,Baixo
1977387,0.013889,0,Baixo
1980766,0.013889,0,Baixo
1977791,0.029043,0,Baixo
1980058,0.010676,0,Baixo
1980797,0.010676,0,Baixo
1954013,0.003165,0,Baixo
1980795,0.003165,0,Baixo
1975753,0.062794,0,Baixo
1979320,0.029043,0,Baixo
1980798,0.0,0,Baixo
1972790,0.100213,0,Baixo
1980782,0.009174,0,Baixo
1977622,0.100213,0,Baixo
1972193,0.023861,0,Baixo
1973959,0.062794,0,Baixo
1980804,0.029043,0,Baixo
1980815,0.071023,0,Baixo
1980834,0.0,0,Baixo
1980813,0.010676,0,Baixo
1972829,0.0,0,Baixo
1980671,0.045455,0,Baixo
1980843,0.029043,0,Baixo
1980722,0.010676,0,Baixo
1978298,0.100213,0,Baixo
1972095,0.010676,0,Baixo
1979024,0.023861,0,Baixo
1979567,0.045455,0,Baixo
1944441,0.071023,0,Baixo
1980876,0.010676,0,Baixo
1980850,0.001348,0,Baixo
1980846,0.045455,0,Baixo
1980851,0.029043,0,Baixo
1969878,0.023861,0,Baixo
1980869,0.029043,0,Baixo
1977697,0.029043,0,Baixo
1971345,0.009174,0,Baixo
1980849,0.010676,0,Baixo
1980900,0.013889,0,Baixo
1980840,0.071023,0,Baixo
1975132,0.029043,0,Baixo
1980602,0.010676,0,Baixo
1980887,0.013889,0,Baixo
1980525,0.001348,0,Baixo
1980809,0.009174,0,Baixo
1980810,0.013889,0,Baixo
1974343,0.029043,0,Baixo
1974671,0.003165,0,Baixo
1980570,0.029043,0,Baixo
1980853,0.013889,0,Baixo
1974359,0.013889,0,Baixo
1980676,0.100213,0,Baixo
1980871,0.001348,0,Baixo
1956860,0.062794,0,Baixo
1976641,0.071023,0,Baixo
1977717,0.029043,0,Baixo
1980799,0.023861,0,Baixo
1974961,0.029043,0,Baixo
1980888,0.013889,0,Baixo
1980915,0.029043,0,Baixo
1980759,0.062794,0,Baixo
1975154,0.030303,0,Baixo
1976161,0.062794,0,Baixo
1944477,0.010676,0,Baixo
1980814,0.0,0,Baixo
1980816,0.001348,0,Baixo
1980765,0.009174,0,Baixo
1979952,0.080586,0,Baixo
1980918,0.071023,0,Baixo
1980884,0.001348,0,Baixo
1980904,0.010676,0,Baixo
1949156,0.029043,0,Baixo
1980940,0.009174,0,Baixo
1980896,0.023861,0,Baixo
1980907,0.029043,0,Baixo
1980805,0.001348,0,Baixo
1980239,0.013889,0,Baixo
1980941,0.013889,0,Baixo
1980929,0.001348,0,Baixo
1980868,0.045455,0,Baixo
1943645,0.003165,0,Baixo
1980953,0.013889,0,Baixo
1978325,0.010676,0,Baixo
1980944,0.013889,0,Baixo
1980951,0.003165,0,Baixo
1978957,0.071023,0,Baixo
1980950,0.009174,0,Baixo
1976872,0.100213,0,Baixo
1980973,0.080586,0,Baixo
1980716,0.062794,0,Baixo
1980634,0.013889,0,Baixo
1973229,0.100213,0,Baixo
1979188,0.094203,0,Baixo
1977401,0.100213,0,Baixo
1980966,0.009174,0,Baixo
1980956,0.013889,0,Baixo
1978308,0.013889,0,Baixo
1980957,0.071023,0,Baixo
1980983,0.143994,0,Baixo
1980508,0.090592,0,Baixo
1951716,0.143994,0,Baixo
1975915,0.163658,0,Baixo
1975997,0.214925,0,Medio
1980769,0.010676,0,Baixo
1975569,0.029043,0,Baixo
1973887,0.013889,0,Baixo
1980975,0.029043,0,Baixo
1980450,0.071023,0,Baixo
1980764,0.029043,0,Baixo
1976236,0.029043,0,Baixo
1974152,0.029043,0,Baixo
1980895,0.029043,0,Baixo
1980749,0.003165,0,Baixo
1980635,0.010676,0,Baixo
1980540,0.029043,0,Baixo
1977010,0.029043,0,Baixo
1978101,0.023861,0,Baixo
1973895,0.001348,0,Baixo
1978397,0.013889,0,Baixo
1981054,0.010676,0,Baixo
1979407,0.071023,0,Baixo
1981052,0.062794,0,Baixo
1980034,0.013889,0,Baixo
1978838,0.013889,0,Baixo
1977777,0.071023,0,Baixo
1271464,0.094203,0,Baixo
1981077,0.013889,0,Baixo
1975603,0.003165,0,Baixo
1981005,0.100213,0,Baixo
1981092,0.029043,0,Baixo
1981075,0.100213,0,Baixo
1980649,0.003165,0,Baixo
1251394,0.010676,0,Baixo
1981082,0.003165,0,Baixo
1980690,0.009174,0,Baixo
1975306,0.062794,0,Baixo
1981071,0.062794,0,Baixo
1980863,0.001348,0,Baixo
1980477,0.029043,0,Baixo
1980577,0.013889,0,Baixo
1980196,0.029043,0,Baixo
1981059,0.029043,0,Baixo
1981081,0.100213,0,Baixo
1981105,0.013889,0,Baixo
1981104,0.030303,0,Baixo
1981096,0.062794,0,Baixo
1981095,0.003165,0,Baixo
1966992,0.029043,0,Baixo
1976468,0.013889,0,Baixo
1981121,0.010676,0,Baixo
1981078,0.023861,0,Baixo
1977714,0.013889,0,Baixo
1981083,0.009174,0,Baixo
1979142,0.062794,0,Baixo
1981125,0.010676,0,Baixo
661976,0.013889,0,Baixo
1977616,0.003165,0,Baixo
1978365,0.094203,0,Baixo
1981106,0.100213,0,Baixo
1974888,0.062794,0,Baixo
1979666,0.029043,0,Baixo
1981120,0.010676,0,Baixo
1981131,0.003165,0,Baixo
1980475,0.062794,0,Baixo
1981046,0.003165,0,Baixo
1981111,0.013889,0,Baixo
1979754,0.010676,0,Baixo
1981156,0.010676,0,Baixo
1980444,0.013889,0,Baixo
1964682,0.100213,0,Baixo
1981133,0.010676,0,Baixo
1981166,0.029043,0,Baixo
1977961,0.023861,0,Baixo
1973077,0.143994,0,Baixo
1981134,0.062794,0,Baixo
1968576,0.001348,0,Baixo
1981172,0.013889,0,Baixo
1981176,0.003165,0,Baixo
978140,0.013889,0,Baixo
1981033,0.003165,0,Baixo
1974436,0.080586,0,Baixo
1973707,0.029043,0,Baixo
1981153,0.023861,0,Baixo
1981170,0.094203,0,Baixo
1973407,0.029043,0,Baixo
1972291,0.013889,0,Baixo
1981144,0.001348,0,Baixo
1980819,0.010676,0,Baixo
1981117,0.029043,0,Baixo
1974515,0.062794,0,Baixo
1976273,0.163658,0,Baixo
1981174,0.094203,0,Baixo
1981184,0.013889,0,Baixo
1980186,0.013889,0,Baixo
1975096,0.030303,0,Baixo
1973500,0.003165,0,Baixo
1973264,0.009174,0,Baixo
1974088,0.029043,0,Baixo
1971820,0.029043,0,Baixo
1980998,0.062794,0,Baixo
1973652,0.003165,0,Baixo
1981151,0.071023,0,Baixo
1977432,0.029043,0,Baixo
1981150,0.013889,0,Baixo
1975863,0.013889,0,Baixo
1974325,0.013889,0,Baixo
1980226,0.001348,0,Baixo
1973675,0.071023,0,Baixo
1974924,0.071023,0,Baixo
1979671,0.029043,0,Baixo
1981029,0.013889,0,Baixo
1962145,0.12069,0,Baixo
1981233,0.163658,0,Baixo
1981218,0.029043,0,Baixo
1951441,0.029043,0,Baixo
1981229,0.094203,0,Baixo
1981241,0.023861,0,Baixo
1981239,0.029043,0,Baixo
1981243,0.001348,0,Baixo
1981226,0.100213,0,Baixo
1952202,0.100213,0,Baixo
1968567,0.071023,0,Baixo
1980917,0.009174,0,Baixo
1972047,0.001348,0,Baixo
1981258,0.001348,0,Baixo
1981261,0.010676,0,Baixo
1981248,0.029043,0,Baixo
1979578,0.080586,0,Baixo
1981211,0.143994,0,Baixo
1980982,0.029043,0,Baixo
1981263,0.094203,0,Baixo
1981235,0.001348,0,Baixo
1981207,0.010676,0,Baixo
1981276,0.009174,0,Baixo
1981289,0.062794,0,Baixo
1978276,0.094203,0,Baixo
1981179,0.029043,0,Baixo
1974755,0.094203,0,Baixo
1976295,0.029043,0,Baixo
1976518,0.029043,0,Baixo
1981284,0.010676,0,Baixo
1975228,0.062794,0,Baixo
1981272,0.010676,0,Baixo
1973273,0.071023,0,Baixo
1980932,0.029043,0,Baixo
1596304,0.013889,0,Baixo
1972642,0.0,0,Baixo
1981138,0.023861,0,Baixo
1981314,0.001348,0,Baixo
1981252,0.001348,0,Baixo
1957184,0.090592,0,Baixo
1972989,0.029043,0,Baixo
1981318,0.094203,0,Baixo
1980112,0.163658,0,Baixo
1981155,0.003165,0,Baixo
1981322,0.023861,0,Baixo
1981225,0.001348,0,Baixo
1981004,0.029043,0,Baixo
1979702,0.001348,0,Baixo
1981326,0.090592,0,Baixo
1979868,0.071023,0,Baixo
1979333,0.001348,0,Baixo
1727417,0.143994,0,Baixo
1981349,0.013889,0,Baixo
1981313,0.0,0,Baixo
1981316,0.010676,0,Baixo
1980880,0.013889,0,Baixo
1981245,0.013889,0,Baixo
1981332,0.023861,0,Baixo
1981260,0.010676,0,Baixo
1981325,0.023861,0,Baixo
1981364,0.010676,0,Baixo
1981353,0.090592,0,Baixo
1929535,0.013889,0,Baixo
1898282,0.003165,0,Baixo
1979007,0.001348,0,Baixo
1981343,0.163658,0,Baixo
1976240,0.090592,0,Baixo
1981107,0.100213,0,Baixo
1981365,0.013889,0,Baixo
1981308,0.029043,0,Baixo
1967867,0.029043,0,Baixo
1981340,0.010676,0,Baixo
1981328,0.023861,0,Baixo
1981368,0.013889,0,Baixo
1981389,0.013889,0,Baixo
1978564,0.094203,0,Baixo
1981390,0.013889,0,Baixo
1981387,0.013889,0,Baixo
1978794,0.013889,0,Baixo
1981336,0.029043,0,Baixo
1973876,0.062794,0,Baixo
1980147,0.029043,0,Baixo
1981338,0.013889,0,Baixo
1981253,0.062794,0,Baixo
1981399,0.023861,0,Baixo
1981375,0.023861,0,Baixo
1981410,0.143994,0,Baixo
1981403,0.003165,0,Baixo
1981422,0.013889,0,Baixo
1981347,0.023861,0,Baixo
1981418,0.029043,0,Baixo
1981254,0.013889,0,Baixo
1981380,0.010676,0,Baixo
1970062,0.090592,0,Baixo
1973050,0.029043,0,Baixo
1981415,0.013889,0,Baixo
1981405,0.003165,0,Baixo
1981430,0.003165,0,Baixo
1979504,0.010676,0,Baixo
1981417,0.029043,0,Baixo
1977312,0.013889,0,Baixo
1980683,0.013889,0,Baixo
1972700,0.029043,0,Baixo
1979658,0.013889,0,Baixo
1981423,0.080586,0,Baixo
1980828,0.003165,0,Baixo
1976814,0.013889,0,Baixo
1981450,0.013889,0,Baixo
1981437,0.045455,0,Baixo
1981425,0.094203,0,Baixo
1981443,0.100213,0,Baixo
1979550,0.029043,0,Baixo
1980515,0.071023,0,Baixo
1981453,0.143994,0,Baixo
1980655,0.013889,0,Baixo
1972844,0.003165,0,Baixo
1981452,0.029043,0,Baixo
1981428,0.013889,0,Baixo
1981473,0.071023,0,Baixo
1981476,0.071023,0,Baixo
1981431,0.062794,0,Baixo
1978543,0.100213,0,Baixo
1975562,0.003165,0,Baixo
1973918,0.100213,0,Baixo
1981469,0.003165,0,Baixo
1978841,0.023861,0,Baixo
1968332,0.045455,0,Baixo
1981465,0.003165,0,Baixo
1981486,0.013889,0,Baixo
1981480,0.001348,0,Baixo
1979555,0.013889,0,Baixo
1981459,0.029043,0,Baixo
1981457,0.013889,0,Baixo
1981494,0.023861,0,Baixo
1945445,0.045455,0,Baixo
1981514,0.029043,0,Baixo
1955982,0.080586,0,Baixo
1981463,0.003165,0,Baixo
1974151,0.013889,0,Baixo
1981503,0.001348,0,Baixo
1975253,0.030303,0,Baixo
1980156,0.013889,0,Baixo
1944810,0.003165,0,Baixo
1981202,0.003165,0,Baixo
1981495,0.080586,0,Baixo
1978741,0.013889,0,Baixo
1980899,0.010676,0,Baixo
1981215,0.0,0,Baixo
1979655,0.029043,0,Baixo
1978519,0.029043,0,Baixo
1974589,0.071023,0,Baixo
1976594,0.100213,0,Baixo
1981163,0.001348,0,Baixo
1981066,0.013889,0,Baixo
1972876,0.009174,0,Baixo
1981032,0.001348,0,Baixo
1981265,0.143994,0,Baixo
1980534,0.023861,0,Baixo
1981031,0.010676,0,Baixo
584936,0.010676,0,Baixo
1981200,0.013889,0,Baixo
1981366,0.013889,0,Baixo
1975099,0.023861,0,Baixo
1979624,0.001348,0,Baixo
1980385,0.010676,0,Baixo
1981192,0.023861,0,Baixo
1980333,0.023861,0,Baixo
1977403,0.010676,0,Baixo
1981145,0.003165,0,Baixo
1978261,0.071023,0,Baixo
1978918,0.009174,0,Baixo
1978398,0.010676,0,Baixo
1981026,0.013889,0,Baixo
1977752,0.023861,0,Baixo
1980708,0.023861,0,Baixo
1981477,0.013889,0,Baixo
1973047,0.003165,0,Baixo
1981491,0.023861,0,Baixo
1973910,0.013889,0,Baixo
1977471,0.013889,0,Baixo
1981527,0.045455,0,Baixo
1981544,0.163658,0,Baixo
1981550,0.003165,0,Baixo
1976385,0.029043,0,Baixo
1975055,0.029043,0,Baixo
1977004,0.023861,0,Baixo
1977223,0.013889,0,Baixo
1981464,0.009174,0,Baixo
1973649,0.100213,0,Baixo
1981543,0.010676,0,Baixo
1981402,0.090592,0,Baixo
1981562,0.029043,0,Baixo
1981085,0.029043,0,Baixo
1978037,0.001348,0,Baixo
1981154,0.090592,0,Baixo
1981569,0.090592,0,Baixo
1981548,0.009174,0,Baixo
1981553,0.090592,0,Baixo
1981566,0.090592,0,Baixo
1981484,0.013889,0,Baixo
1981529,0.009174,0,Baixo
1979564,0.163658,0,Baixo
1975392,0.029043,0,Baixo
1979554,0.029043,0,Baixo
1981585,0.029043,0,Baixo
1979902,0.100213,0,Baixo
1977132,0.080586,0,Baixo
1981582,0.080586,0,Baixo
1981568,0.001348,0,Baixo
1978813,0.029043,0,Baixo
1981591,0.094203,0,Baixo
1980105,0.062794,0,Baixo
1981581,0.062794,0,Baixo
1979201,0.013889,0,Baixo
1981559,0.013889,0,Baixo
1981573,0.003165,0,Baixo
1981180,0.071023,0,Baixo
1981610,0.090592,0,Baixo
1678788,0.071023,0,Baixo
1981611,0.001348,0,Baixo
1981091,0.029043,0,Baixo
1981354,0.100213,0,Baixo
1981504,0.010676,0,Baixo
1979595,0.003165,0,Baixo
1981605,0.001348,0,Baixo
1979613,0.029043,0,Baixo
1981447,0.003165,0,Baixo
1972909,0.029043,0,Baixo
1726404,0.023861,0,Baixo
1979837,0.029043,0,Baixo
1973628,0.071023,0,Baixo
1950840,0.013889,0,Baixo
1977924,0.071023,0,Baixo
1979023,0.062794,0,Baixo
1981587,0.062794,0,Baixo
1975783,0.029043,0,Baixo
1981628,0.062794,0,Baixo
1965738,0.010676,0,Baixo
1971583,0.003165,0,Baixo
1981627,0.001348,0,Baixo
1981620,0.029043,0,Baixo
1981538,0.003165,0,Baixo
1981633,0.029043,0,Baixo
1976680,0.029043,0,Baixo
1972623,0.013889,0,Baixo
1981664,0.062794,0,Baixo
1981649,0.001348,0,Baixo
1981660,0.013889,0,Baixo
1978684,0.029043,0,Baixo
1973705,0.071023,0,Baixo
1981307,0.094203,0,Baixo
1981653,0.003165,0,Baixo
1978357,0.071023,0,Baixo
1981327,0.029043,0,Baixo
1981606,0.001348,0,Baixo
1981679,0.029043,0,Baixo
1981675,0.045455,0,Baixo
1981251,0.029043,0,Baixo
1981657,0.029043,0,Baixo
1981676,0.003165,0,Baixo
1981334,0.029043,0,Baixo
1976919,0.010676,0,Baixo
1978309,0.163658,0,Baixo
1976708,0.029043,0,Baixo
1981671,0.010676,0,Baixo
1981683,0.030303,0,Baixo
1981545,0.013889,0,Baixo
1979436,0.023861,0,Baixo
1981705,0.029043,0,Baixo
1981680,0.003165,0,Baixo
1981080,0.062794,0,Baixo
1981682,0.013889,0,Baixo
1981678,0.100213,0,Baixo
1981686,0.010676,0,Baixo
1978608,0.029043,0,Baixo
1977629,0.071023,0,Baixo
1981460,0.013889,0,Baixo
1976621,0.029043,0,Baixo
1974369,0.029043,0,Baixo
1980931,0.003165,0,Baixo
1981376,0.003165,0,Baixo
1981222,0.010676,0,Baixo
1977926,0.029043,0,Baixo
1981451,0.029043,0,Baixo
1978912,0.009174,0,Baixo
1981177,0.023861,0,Baixo
1973964,0.029043,0,Baixo
1979644,0.094203,0,Baixo
691531,0.100213,0,Baixo
1975209,0.023861,0,Baixo
1977260,0.071023,0,Baixo
1981661,0.013889,0,Baixo
1972919,0.003165,0,Baixo
1981704,0.045455,0,Baixo
1981102,0.029043,0,Baixo
1981498,0.009174,0,Baixo
1981703,0.214925,0,Medio
1979912,0.009174,0,Baixo
1940477,0.001348,0,Baixo
1981710,0.071023,0,Baixo
1972911,0.163658,0,Baixo
1980019,0.001348,0,Baixo
1977993,0.094203,0,Baixo
1978753,0.029043,0,Baixo
1981681,0.010676,0,Baixo
1958580,0.029043,0,Baixo
1978764,0.090592,0,Baixo
1980682,0.080586,0,Baixo
1974806,0.029043,0,Baixo
1981723,0.013889,0,Baixo
1981607,0.071023,0,Baixo
1981249,0.013889,0,Baixo
1973457,0.100213,0,Baixo
1981696,0.029043,0,Baixo
1981537,0.010676,0,Baixo
1981700,0.045455,0,Baixo
1981743,0.009174,0,Baixo
1980032,0.062794,0,Baixo
1981337,0.029043,0,Baixo
1981751,0.0,0,Baixo
1975331,0.100213,0,Baixo
1981708,0.023861,0,Baixo
1979329,0.071023,0,Baixo
1981749,0.029043,0,Baixo
1980903,0.029043,0,Baixo
1966863,0.045455,0,Baixo
1981736,0.010676,0,Baixo
1981768,0.023861,0,Baixo
1979196,0.009174,0,Baixo
1981757,0.013889,0,Baixo
1980629,0.003165,0,Baixo
1981616,0.143994,0,Baixo
1981770,0.003165,0,Baixo
1981755,0.030303,0,Baixo
1981771,0.071023,0,Baixo
1981747,0.001348,0,Baixo
1981534,0.100213,0,Baixo
1974786,0.071023,0,Baixo
1980858,0.003165,0,Baixo
1974810,0.029043,0,Baixo
1981765,0.023861,0,Baixo
1981641,0.143994,0,Baixo
1975543,0.009174,0,Baixo
1981773,0.029043,0,Baixo
1973046,0.143994,0,Baixo
1977135,0.0,0,Baixo
1981789,0.023861,0,Baixo
1978363,0.062794,0,Baixo
1981586,0.029043,0,Baixo
1981786,0.143994,0,Baixo
1981701,0.0,0,Baixo
1980905,0.010676,0,Baixo
1968596,0.137931,0,Baixo
1974387,0.143994,0,Baixo
1981798,0.013889,0,Baixo
1981801,0.071023,0,Baixo
1975031,0.029043,0,Baixo
1981036,0.029043,0,Baixo
1981825,0.080586,0,Baixo
1981829,0.100213,0,Baixo
1976591,0.003165,0,Baixo
1981808,0.013889,0,Baixo
1981444,0.013889,0,Baixo
1981820,0.029043,0,Baixo
1981638,0.071023,0,Baixo
1981835,0.010676,0,Baixo
1981837,0.100213,0,Baixo
1972228,0.029043,0,Baixo
1975530,0.001348,0,Baixo
1981823,0.029043,0,Baixo
1975858,0.010676,0,Baixo
1980352,0.029043,0,Baixo
1971948,0.010676,0,Baixo
1981479,0.009174,0,Baixo
1979166,0.010676,0,Baixo
1979542,0.009174,0,Baixo
1974200,0.013889,0,Baixo
1981828,0.013889,0,Baixo
1976940,0.029043,0,Baixo
1979360,0.029043,0,Baixo
1975552,0.010676,0,Baixo
1981640,0.062794,0,Baixo
1978137,0.071023,0,Baixo
1975174,0.009174,0,Baixo
1981822,0.010676,0,Baixo
1981571,0.080586,0,Baixo
1981735,0.029043,0,Baixo
1978409,0.013889,0,Baixo
1981309,0.100213,0,Baixo
1981488,0.029043,0,Baixo
1980242,0.013889,0,Baixo
1973052,0.003165,0,Baixo
1974653,0.023861,0,Baixo
1981860,0.071023,0,Baixo
1981674,0.003165,0,Baixo
1981861,0.013889,0,Baixo
1981867,0.029043,0,Baixo
1980252,0.003165,0,Baixo
1981865,0.030303,0,Baixo
1981868,0.071023,0,Baixo
1973984,0.003165,0,Baixo
1981842,0.062794,0,Baixo
1981878,0.001348,0,Baixo
1981086,0.010676,0,Baixo
1981792,0.013889,0,Baixo
1970134,0.009174,0,Baixo
1981870,0.003165,0,Baixo
1981826,0.090592,0,Baixo
1979490,0.080586,0,Baixo
1979145,0.090592,0,Baixo
1972726,0.029043,0,Baixo
1977074,0.013889,0,Baixo
1979586,0.010676,0,Baixo
1980340,0.001348,0,Baixo
1981894,0.001348,0,Baixo
1981345,0.045455,0,Baixo
1978787,0.029043,0,Baixo
1981897,0.009174,0,Baixo
1981295,0.001348,0,Baixo
1981905,0.045455,0,Baixo
1981617,0.013889,0,Baixo
1966148,0.029043,0,Baixo
1968157,0.100213,0,Baixo
1981927,0.045455,0,Baixo
1976148,0.010676,0,Baixo
1981920,0.029043,0,Baixo
1981926,0.023861,0,Baixo
1981944,0.029043,0,Baixo
1981933,0.029043,0,Baixo
1980579,0.029043,0,Baixo
1977790,0.062794,0,Baixo
1981791,0.137931,0,Baixo
1981924,0.001348,0,Baixo
1981928,0.003165,0,Baixo
1981565,0.094203,0,Baixo
1980593,0.013889,0,Baixo
1980128,0.023861,0,Baixo
1978796,0.029043,0,Baixo
1981919,0.003165,0,Baixo
1977152,0.029043,0,Baixo
1976998,0.094203,0,Baixo
1981652,0.029043,0,Baixo
1980864,0.010676,0,Baixo
1981948,0.0,0,Baixo
1980758,0.013889,0,Baixo
1978578,0.100213,0,Baixo
1975632,0.080586,0,Baixo
1973957,0.003165,0,Baixo
1981939,0.013889,0,Baixo
1981887,0.100213,0,Baixo
1981556,0.029043,0,Baixo
1981961,0.009174,0,Baixo
1981953,0.029043,0,Baixo
1981955,0.009174,0,Baixo
1981969,0.003165,0,Baixo
1981964,0.029043,0,Baixo
1975847,0.029043,0,Baixo
1967437,0.029043,0,Baixo
1981967,0.0,0,Baixo
1981802,0.013889,0,Baixo
1981311,0.010676,0,Baixo
1971950,0.100213,0,Baixo
1981838,0.100213,0,Baixo
1973387,0.029043,0,Baixo
1973230,0.143994,0,Baixo
1981980,0.013889,0,Baixo
1981971,0.037921,0,Baixo
1982003,0.071023,0,Baixo
1981760,0.013889,0,Baixo
1978644,0.010676,0,Baixo
1973526,0.013889,0,Baixo
1976411,0.013889,0,Baixo
1975774,0.071023,0,Baixo
1981693,0.029043,0,Baixo
1973175,0.029043,0,Baixo
1980889,0.029043,0,Baixo
1981982,0.029043,0,Baixo
1981752,0.009174,0,Baixo
1975886,0.029043,0,Baixo
1978761,0.029043,0,Baixo
1981088,0.009174,0,Baixo
1964663,0.080586,0,Baixo
1981991,0.029043,0,Baixo
1974899,0.143994,0,Baixo
1981881,0.143994,0,Baixo
1981986,0.013889,0,Baixo
1981857,0.013889,0,Baixo
1978026,0.071023,0,Baixo
1981972,0.010676,0,Baixo
1980026,0.062794,0,Baixo
1817774,0.090592,0,Baixo
1981438,0.100213,0,Baixo
1981978,0.023861,0,Baixo
1981487,0.080586,0,Baixo
1982028,0.013889,0,Baixo
1980354,0.010676,0,Baixo
1982000,0.010676,0,Baixo
1982017,0.009174,0,Baixo
1982014,0.094203,0,Baixo
1978850,0.010676,0,Baixo
1947464,0.029043,0,Baixo
1982005,0.010676,0,Baixo
1982051,0.029043,0,Baixo
1977682,0.029043,0,Baixo
1972805,0.023861,0,Baixo
1982052,0.01967,0,Baixo
1972658,0.013889,0,Baixo
1982057,0.009174,0,Baixo
1973073,0.245455,0,Medio
1982066,0.013889,0,Baixo
1974998,0.023861,0,Baixo
1981994,0.029043,0,Baixo
1982079,0.143994,0,Baixo
1968707,0.062794,0,Baixo
1975957,0.029043,0,Baixo
1976831,0.143994,0,Baixo
1982073,0.071023,0,Baixo
1980906,0.010676,0,Baixo
1978489,0.029043,0,Baixo
1978143,0.100213,0,Baixo
1982091,0.023861,0,Baixo
1970861,0.100213,0,Baixo
1982053,0.009174,0,Baixo
1979172,0.013889,0,Baixo
1981020,0.062794,0,Baixo
1982103,0.001348,0,Baixo
1982049,0.001348,0,Baixo
1576367,0.003165,0,Baixo
1975409,0.003165,0,Baixo
1977030,0.029043,0,Baixo
1975887,0.003165,0,Baixo
1979921,0.029043,0,Baixo
1977597,0.029043,0,Baixo
1982114,0.010676,0,Baixo
1982104,0.023861,0,Baixo
1982107,0.100213,0,Baixo
1982116,0.003165,0,Baixo
1976078,0.029043,0,Baixo
1975418,0.001348,0,Baixo
1982125,0.029043,0,Baixo
1972251,0.010676,0,Baixo
1978318,0.080586,0,Baixo
1978202,0.094203,0,Baixo
1977060,0.003165,0,Baixo
1979964,0.009174,0,Baixo
1975810,0.010676,0,Baixo
1979081,0.062794,0,Baixo
1975831,0.062794,0,Baixo
1981957,0.023861,0,Baixo
1974739,0.013889,0,Baixo
1980650,0.029043,0,Baixo
1975646,0.013889,0,Baixo
1975619,0.013889,0,Baixo
1982151,0.013889,0,Baixo
1982154,0.009174,0,Baixo
1981734,0.163658,0,Baixo
1980873,0.010676,0,Baixo
1980825,0.010676,0,Baixo
1982159,0.010676,0,Baixo
1974127,0.003165,0,Baixo
1982117,0.080586,0,Baixo
1978332,0.100213,0,Baixo
1974837,0.090592,0,Baixo
1982158,0.001348,0,Baixo
1979162,0.013889,0,Baixo
1982137,0.071023,0,Baixo
1979871,0.023861,0,Baixo
1981067,0.029043,0,Baixo
1982136,0.003165,0,Baixo
1980776,0.029043,0,Baixo
1982146,0.143994,0,Baixo
1972719,0.001348,0,Baixo
1982139,0.010676,0,Baixo
1979847,0.143994,0,Baixo
1975148,0.023861,0,Baixo
1981540,0.094203,0,Baixo
1982121,0.045455,0,Baixo
1982188,0.010676,0,Baixo
1968940,0.013889,0,Baixo
1981970,0.013889,0,Baixo
1982203,0.071023,0,Baixo
1975021,0.003165,0,Baixo
1982211,0.100213,0,Baixo
1976852,0.094203,0,Baixo
1977647,0.010676,0,Baixo
1974878,0.100213,0,Baixo
1982213,0.013889,0,Baixo
1981946,0.029043,0,Baixo
1981690,0.009174,0,Baixo
1978956,0.013889,0,Baixo
1975033,0.062794,0,Baixo
1982113,0.013889,0,Baixo
1982183,0.003165,0,Baixo
1976122,0.001348,0,Baixo
1980210,0.029043,0,Baixo
1979173,0.080586,0,Baixo
1789290,0.080586,0,Baixo
1981501,0.009174,0,Baixo
1934410,0.029043,0,Baixo
1982245,0.071023,0,Baixo
1981788,0.013889,0,Baixo
1981213,0.062794,0,Baixo
1982020,0.023861,0,Baixo
1974338,0.029043,0,Baixo
1971053,0.100213,0,Baixo
1982258,0.023861,0,Baixo
1982268,0.013889,0,Baixo
1981992,0.029043,0,Baixo
1960874,0.090592,0,Baixo
1982277,0.013889,0,Baixo
1982267,0.013889,0,Baixo
1982264,0.071023,0,Baixo
1977246,0.013889,0,Baixo
1982273,0.010676,0,Baixo
1973270,0.010676,0,Baixo
1982195,0.023861,0,Baixo
1981552,0.090592,0,Baixo
1982288,0.023861,0,Baixo
1982295,0.003165,0,Baixo
1982278,0.100213,0,Baixo
1974149,0.029043,0,Baixo
1973223,0.143994,0,Baixo
1974967,0.001348,0,Baixo
1981785,0.013889,0,Baixo
1982152,0.013889,0,Baixo
1981629,0.013889,0,Baixo
1977338,0.0,0,Baixo
1980178,0.062794,0,Baixo
1981539,0.029043,0,Baixo
1982186,0.013889,0,Baixo
1982281,0.023861,0,Baixo
1981917,0.013889,0,Baixo
1982297,0.013889,0,Baixo
1392000,0.100213,0,Baixo
1969055,0.045455,0,Baixo
1982301,0.029043,0,Baixo
1977999,0.029043,0,Baixo
1975199,0.013889,0,Baixo
1982129,0.009174,0,Baixo
1981714,0.003165,0,Baixo
1981995,0.023861,0,Baixo
1978589,0.029043,0,Baixo
1982300,0.013889,0,Baixo
1982323,0.003165,0,Baixo
1982275,0.029043,0,Baixo
1975056,0.029043,0,Baixo
1982224,0.003165,0,Baixo
1982219,0.001348,0,Baixo
1982324,0.013889,0,Baixo
1974057,0.010676,0,Baixo
1982335,0.023861,0,Baixo
1980705,0.013889,0,Baixo
1981817,0.010676,0,Baixo
1982315,0.090592,0,Baixo
1982337,0.009174,0,Baixo
1980704,0.062794,0,Baixo
1982290,0.023861,0,Baixo
1972910,0.003165,0,Baixo
1982343,0.010676,0,Baixo
1982339,0.013889,0,Baixo
1982356,0.023861,0,Baixo
1982247,0.090592,0,Baixo
1972828,0.062794,0,Baixo
1982102,0.071023,0,Baixo
1982230,0.013889,0,Baixo
1982355,0.029043,0,Baixo
1974641,0.010676,0,Baixo
1971540,0.071023,0,Baixo
1974068,0.010676,0,Baixo
1980585,0.029043,0,Baixo
1977482,0.045455,0,Baixo
1970013,0.143994,0,Baixo
1982333,0.029043,0,Baixo
1976503,0.010676,0,Baixo
1979993,0.029043,0,Baixo
1971997,0.143994,0,Baixo
1683345,0.062794,0,Baixo
1979616,0.013889,0,Baixo
1982369,0.003165,0,Baixo
1982386,0.029043,0,Baixo
1982225,0.013889,0,Baixo
1982228,0.029043,0,Baixo
1982370,0.023861,0,Baixo
1982380,0.013889,0,Baixo
1982336,0.013889,0,Baixo
1982352,0.013889,0,Baixo
1979392,0.080586,0,Baixo
1961427,0.001348,0,Baixo
1975305,0.100213,0,Baixo
1982392,0.001348,0,Baixo
1975794,0.013889,0,Baixo
1982391,0.013889,0,Baixo
1982376,0.001348,0,Baixo
1982378,0.023861,0,Baixo
1980595,0.071023,0,Baixo
1976300,0.029043,0,Baixo
1973246,0.100213,0,Baixo
1939002,0.013889,0,Baixo
1982226,0.003165,0,Baixo
1982243,0.045455,0,Baixo
1979387,0.013889,0,Baixo
1978348,0.100213,0,Baixo
1982402,0.009174,0,Baixo
1982289,0.023861,0,Baixo
1982276,0.010676,0,Baixo
1950850,0.029043,0,Baixo
1977133,0.013889,0,Baixo
1979737,0.023861,0,Baixo
1981973,0.009174,0,Baixo
1979068,0.010676,0,Baixo
1981985,0.013889,0,Baixo
1976657,0.029043,0,Baixo
1975922,0.029043,0,Baixo
1979292,0.003165,0,Baixo
857807,0.029043,0,Baixo
1982435,0.009174,0,Baixo
1978603,0.013889,0,Baixo
1982429,0.062794,0,Baixo
1982433,0.009174,0,Baixo
1982436,0.029666,0,Baixo
1976850,0.094203,0,Baixo
1982418,0.023861,0,Baixo
1982231,0.029043,0,Baixo
1978070,0.045455,0,Baixo
1982394,0.029043,0,Baixo
1978567,0.090592,0,Baixo
1564426,0.071023,0,Baixo
1979755,0.023861,0,Baixo
1956545,0.010676,0,Baixo
1969775,0.009174,0,Baixo
1982452,0.045455,0,Baixo
1980115,0.062794,0,Baixo
1982458,0.010676,0,Baixo
1982439,0.009174,0,Baixo
1982282,0.023861,0,Baixo
1982441,0.029043,0,Baixo
1982455,0.013889,0,Baixo
1982469,0.013889,0,Baixo
1970727,0.003165,0,Baixo
1982467,0.010676,0,Baixo
1979403,0.013889,0,Baixo
1981908,0.013889,0,Baixo
1982478,0.071023,0,Baixo
1982255,0.013889,0,Baixo
1966340,0.143994,0,Baixo
1982432,0.003165,0,Baixo
1982479,0.001348,0,Baixo
848375,0.062794,0,Baixo
1981362,0.071023,0,Baixo
1976941,0.001348,0,Baixo
1982440,0.045455,0,Baixo
1982468,0.023861,0,Baixo
1976214,0.029043,0,Baixo
1981089,0.013889,0,Baixo
1982483,0.009174,0,Baixo
1979673,0.003165,0,Baixo
1979379,0.023861,0,Baixo
1982372,0.010676,0,Baixo
1977094,0.029043,0,Baixo
1982377,0.023861,0,Baixo
1982397,0.003165,0,Baixo
1982459,0.013889,0,Baixo
1970881,0.010676,0,Baixo
1979751,0.029043,0,Baixo
1898131,0.029043,0,Baixo
1982481,0.001348,0,Baixo
1982477,0.003165,0,Baixo
1976061,0.029043,0,Baixo
1982407,0.100213,0,Baixo
1980283,0.023861,0,Baixo
1979083,0.100213,0,Baixo
1982471,0.071023,0,Baixo
1982464,0.009174,0,Baixo
1980632,0.013889,0,Baixo
1967468,0.045455,0,Baixo
1981043,0.143994,0,Baixo
1982510,0.010676,0,Baixo
1972849,0.029043,0,Baixo
1982509,0.001348,0,Baixo
1982498,0.009174,0,Baixo
1982508,0.003165,0,Baixo
1974780,0.013889,0,Baixo
1982517,0.023861,0,Baixo
1976867,0.029043,0,Baixo
1981648,0.029043,0,Baixo
1982521,0.090592,0,Baixo
1982501,0.0,0,Baixo
1982522,0.023861,0,Baixo
1982516,0.001348,0,Baixo
1982399,0.023861,0,Baixo
1982520,0.009174,0,Baixo
1977643,0.071023,0,Baixo
1982511,0.062794,0,Baixo
1974978,0.062794,0,Baixo
1982530,0.023861,0,Baixo
1982528,0.029043,0,Baixo
1982546,0.010676,0,Baixo
1980859,0.090592,0,Baixo
1982555,0.003165,0,Baixo
1982556,0.062794,0,Baixo
1979722,0.010676,0,Baixo
1981614,0.045455,0,Baixo
1982566,0.010676,0,Baixo
1980665,0.090592,0,Baixo
1982568,0.029043,0,Baixo
1981759,0.003165,0,Baixo
1982588,0.010676,0,Baixo
1980961,0.071023,0,Baixo
1980613,0.029043,0,Baixo
1974421,0.013889,0,Baixo
1980176,0.029043,0,Baixo
1982592,0.029043,0,Baixo
1982594,0.029043,0,Baixo
1974198,0.071023,0,Baixo
1751530,0.023861,0,Baixo
1982597,0.013889,0,Baixo
1981603,0.100213,0,Baixo
1982609,0.013889,0,Baixo
1968249,0.062794,0,Baixo
1982612,0.023861,0,Baixo
1844177,0.071023,0,Baixo
1980894,0.003165,0,Baixo
1961905,0.029043,0,Baixo
1323222,0.010676,0,Baixo
1979859,0.013889,0,Baixo
1974678,0.029043,0,Baixo
1982619,0.013889,0,Baixo
1982628,0.010676,0,Baixo
1981455,0.001348,0,Baixo
1971856,0.094203,0,Baixo
1981065,0.080586,0,Baixo
1970218,0.100213,0,Baixo
1982631,0.029043,0,Baixo
1981363,0.009174,0,Baixo
1976514,0.029043,0,Baixo
1980784,0.071023,0,Baixo
1982632,0.029043,0,Baixo
1982643,0.009174,0,Baixo
1982729,0.023861,0,Baixo
1982712,0.003165,0,Baixo
1982676,0.001348,0,Baixo
1982711,0.009174,0,Baixo
1982700,0.029043,0,Baixo
1982681,0.003165,0,Baixo
1982679,0.0,0,Baixo
1980142,0.062794,0,Baixo
1982682,0.003165,0,Baixo
1982674,0.001348,0,Baixo
1982716,0.013889,0,Baixo
1982735,0.010676,0,Baixo
1982678,0.013889,0,Baixo
1982760,0.023861,0,Baixo
1982768,0.009174,0,Baixo
1982705,0.003165,0,Baixo
1982701,0.003165,0,Baixo
1979363,0.001348,0,Baixo
1982677,0.030303,0,Baixo
1982687,0.009174,0,Baixo
1982750,0.009174,0,Baixo
1982720,0.01731,0,Baixo
1982737,0.010676,0,Baixo
1982659,0.080586,0,Baixo
1982828,0.010676,0,Baixo
1982834,0.003165,0,Baixo
1982755,0.010676,0,Baixo
1982696,0.013889,0,Baixo
828025,0.003165,0,Baixo
1966681,0.010676,0,Baixo
1982740,0.001348,0,Baixo
1982758,0.001348,0,Baixo
1982792,0.0,0,Baixo
1982743,0.009174,0,Baixo
1982827,0.010676,0,Baixo
1982878,0.001348,0,Baixo
1981990,0.071023,0,Baixo
1982838,0.0,0,Baixo
1981762,0.001348,0,Baixo
1957452,0.071023,0,Baixo
1982726,0.023861,0,Baixo
1971109,0.013889,0,Baixo
1982706,0.009174,0,Baixo
1982861,0.003165,0,Baixo
1982903,0.163658,0,Baixo
1982928,0.003165,0,Baixo
1982870,0.010676,0,Baixo
1982438,0.100213,0,Baixo
1982120,0.001348,0,Baixo
1982941,0.163658,0,Baixo
1982946,0.029043,0,Baixo
1982894,0.013889,0,Baixo
1982862,0.029043,0,Baixo
1982899,0.001348,0,Baixo
1972606,0.100213,0,Baixo
1982694,0.013889,0,Baixo
1982931,0.094203,0,Baixo
1982815,0.009174,0,Baixo
1982717,0.013889,0,Baixo
1982979,0.013889,0,Baixo
1982950,0.003165,0,Baixo
1978927,0.029043,0,Baixo
1982765,0.013889,0,Baixo
1978532,0.013889,0,Baixo
1982992,0.010676,0,Baixo
1982968,0.003165,0,Baixo
1982904,0.013889,0,Baixo
1983008,0.062794,0,Baixo
1983001,0.013889,0,Baixo
1982314,0.029043,0,Baixo
1981019,0.094203,0,Baixo
1982772,0.0,0,Baixo
1983012,0.0,0,Baixo
1982956,0.029043,0,Baixo
1983009,0.062794,0,Baixo
1982986,0.071023,0,Baixo
1977306,0.010676,0,Baixo
1983049,0.001348,0,Baixo
1983066,0.0,0,Baixo
1982852,0.023861,0,Baixo
1983037,0.003165,0,Baixo
1983076,0.013889,0,Baixo
1983082,0.009174,0,Baixo
1983050,0.013889,0,Baixo
1983063,0.023861,0,Baixo
1983098,0.062794,0,Baixo
1981551,0.100213,0,Baixo
1981440,0.029043,0,Baixo
1983085,0.090592,0,Baixo
1610633,0.010676,0,Baixo
1980891,0.045455,0,Baixo
1979628,0.071023,0,Baixo
1983101,0.071023,0,Baixo
1983111,0.010676,0,Baixo
1982598,0.029043,0,Baixo
1983090,0.013889,0,Baixo
1983096,0.001348,0,Baixo
1983150,0.062794,0,Baixo
1983129,0.009174,0,Baixo
1957248,0.163658,0,Baixo
1982699,0.023861,0,Baixo
1982756,0.013889,0,Baixo
1442393,0.023861,0,Baixo
1983145,0.071023,0,Baixo
1982584,0.010676,0,Baixo
1983132,0.010676,0,Baixo
1982456,0.010676,0,Baixo
1983157,0.023861,0,Baixo
1983155,0.001348,0,Baixo
1983113,0.003165,0,Baixo
1979159,0.023861,0,Baixo
1981764,0.013889,0,Baixo
1817699,0.029043,0,Baixo
1983168,0.013889,0,Baixo
1983189,0.013889,0,Baixo
1982739,0.009174,0,Baixo
1983199,0.001348,0,Baixo
1983184,0.009174,0,Baixo
1983188,0.010676,0,Baixo
1983209,0.013889,0,Baixo
1982430,0.010676,0,Baixo
1979932,0.062794,0,Baixo
1977247,0.013889,0,Baixo
1982199,0.045455,0,Baixo
1983142,0.029043,0,Baixo
1983228,0.010676,0,Baixo
1982330,0.062794,0,Baixo
1983218,0.029043,0,Baixo
1973446,0.062794,0,Baixo
1983239,0.0,0,Baixo
1982274,0.062794,0,Baixo
1979745,0.030303,0,Baixo
1980463,0.100213,0,Baixo
1983250,0.029043,0,Baixo
1981022,0.029043,0,Baixo
1983181,0.003165,0,Baixo
1982780,0.003165,0,Baixo
1980733,0.001348,0,Baixo
1975272,0.010676,0,Baixo
1978471,0.010676,0,Baixo
1983269,0.080586,0,Baixo
1983284,0.071023,0,Baixo
1983287,0.071023,0,Baixo
1978464,0.062794,0,Baixo
1983068,0.003165,0,Baixo
1982412,0.071023,0,Baixo
1983286,0.013889,0,Baixo
1983290,0.010676,0,Baixo
1983275,0.003165,0,Baixo
1983314,0.029043,0,Baixo
1983313,0.100213,0,Baixo
1983266,0.029043,0,Baixo
1983304,0.013889,0,Baixo
1983276,0.013889,0,Baixo
1983322,0.094203,0,Baixo
1983325,0.013889,0,Baixo
1983345,0.071023,0,Baixo
1980272,0.009174,0,Baixo
1983347,0.029043,0,Baixo
1977757,0.062794,0,Baixo
1952177,0.009174,0,Baixo
1983318,0.071023,0,Baixo
1982033,0.023861,0,Baixo
1983306,0.009174,0,Baixo
1983282,0.029043,0,Baixo
1983363,0.023861,0,Baixo
1983367,0.023861,0,Baixo
1983388,0.029043,0,Baixo
1983350,0.045455,0,Baixo
1982976,0.001348,0,Baixo
1971510,0.013889,0,Baixo
1979608,0.023861,0,Baixo
1978499,0.013889,0,Baixo
1983386,0.023861,0,Baixo
1983371,0.009174,0,Baixo
1983404,0.009174,0,Baixo
1983246,0.071023,0,Baixo
1977241,0.023861,0,Baixo
1976030,0.100213,0,Baixo
1958836,0.045455,0,Baixo
1973306,0.029043,0,Baixo
1981072,0.023861,0,Baixo
1983417,0.100213,0,Baixo
1983429,0.029043,0,Baixo
1978922,0.010676,0,Baixo
1981267,0.013889,0,Baixo
1980487,0.062794,0,Baixo
1983431,0.010676,0,Baixo
1983443,0.071023,0,Baixo
1980205,0.029043,0,Baixo
1983444,0.029043,0,Baixo
1983353,0.013889,0,Baixo
1978864,0.071023,0,Baixo
1983020,0.009174,0,Baixo
1983463,0.029043,0,Baixo
1981037,0.009174,0,Baixo
1966229,0.010676,0,Baixo
1981800,0.090592,0,Baixo
1983471,0.163658,0,Baixo
1983495,0.013889,0,Baixo
1983458,0.013889,0,Baixo
1975166,0.029043,0,Baixo
1983485,0.029043,0,Baixo
1983474,0.062794,0,Baixo
1983507,0.010676,0,Baixo
1983505,0.003165,0,Baixo
1983528,0.062794,0,Baixo
1954916,0.023861,0,Baixo
1983532,0.029043,0,Baixo
1983537,0.062794,0,Baixo
1983513,0.013889,0,Baixo
1983527,0.003165,0,Baixo
1981281,0.023861,0,Baixo
1983543,0.009174,0,Baixo
1983112,0.029043,0,Baixo
1983433,0.029043,0,Baixo
1982428,0.029043,0,Baixo
1979152,0.029043,0,Baixo
1982354,0.062794,0,Baixo
1980063,0.023861,0,Baixo
1968424,0.090592,0,Baixo
1983541,0.062794,0,Baixo
1983570,0.071023,0,Baixo
1980373,0.062794,0,Baixo
1983589,0.062794,0,Baixo
1976670,0.013889,0,Baixo
1982774,0.001348,0,Baixo
1977398,0.029043,0,Baixo
1981597,0.143994,0,Baixo
1983437,0.100213,0,Baixo
1983568,0.029043,0,Baixo
1983594,0.003165,0,Baixo
1983575,0.003165,0,Baixo
1979833,0.001348,0,Baixo
1983592,0.003165,0,Baixo
1982239,0.013889,0,Baixo
1976224,0.001348,0,Baixo
1983583,0.045455,0,Baixo
1972117,0.003165,0,Baixo
1983596,0.013889,0,Baixo
1983604,0.029043,0,Baixo
1983603,0.100213,0,Baixo
1983620,0.003165,0,Baixo
1982794,0.003165,0,Baixo
1973071,0.062794,0,Baixo
1983611,0.003165,0,Baixo
1983577,0.010676,0,Baixo
1983605,0.090592,0,Baixo
1983619,0.029043,0,Baixo
1982913,0.001348,0,Baixo
1965420,0.029043,0,Baixo
1977833,0.029043,0,Baixo
1979450,0.013889,0,Baixo
1983613,0.071023,0,Baixo
1819825,0.003165,0,Baixo
1983660,0.013889,0,Baixo
1968953,0.010676,0,Baixo
1975030,0.029043,0,Baixo
1982453,0.009174,0,Baixo
1983656,0.010676,0,Baixo
1983674,0.003165,0,Baixo
1899642,0.013889,0,Baixo
1983670,0.009174,0,Baixo
1975775,0.013889,0,Baixo
1981713,0.010676,0,Baixo
1983673,0.029043,0,Baixo
1982149,0.009174,0,Baixo
1981396,0.029043,0,Baixo
1975954,0.080586,0,Baixo
1978566,0.013889,0,Baixo
1967038,0.094203,0,Baixo
1982565,0.013889,0,Baixo
1983691,0.143994,0,Baixo
1983509,0.023861,0,Baixo
1983214,0.062794,0,Baixo
1983694,0.045455,0,Baixo
1983700,0.062794,0,Baixo
1983707,0.029043,0,Baixo
1980030,0.003165,0,Baixo
1981923,0.003165,0,Baixo
1983709,0.029043,0,Baixo
1977448,0.013889,0,Baixo
1983698,0.029043,0,Baixo
1983467,0.0,0,Baixo
1983720,0.023861,0,Baixo
1983730,0.029043,0,Baixo
1975239,0.013889,0,Baixo
1983717,0.029043,0,Baixo
1983649,0.029043,0,Baixo
1983738,0.013889,0,Baixo
1983741,0.100213,0,Baixo
1983743,0.009174,0,Baixo
1983618,0.001348,0,Baixo
1969265,0.029043,0,Baixo
1983734,0.009174,0,Baixo
1980117,0.100213,0,Baixo
1975822,0.010676,0,Baixo
1983662,0.001348,0,Baixo
1983740,0.029043,0,Baixo
1983750,0.013889,0,Baixo
1982845,0.001348,0,Baixo
1983775,0.023861,0,Baixo
1983773,0.009174,0,Baixo
1983774,0.029043,0,Baixo
1983784,0.009174,0,Baixo
1983497,0.010676,0,Baixo
1980263,0.023861,0,Baixo
1966413,0.071023,0,Baixo
1983788,0.029043,0,Baixo
1975635,0.013889,0,Baixo
1931022,0.009174,0,Baixo
1981358,0.029043,0,Baixo
1983440,0.062794,0,Baixo
1983814,0.003165,0,Baixo
1982061,0.013889,0,Baixo
1983816,0.010676,0,Baixo
1983802,0.029043,0,Baixo
1983827,0.013889,0,Baixo
1983791,0.0,0,Baixo
1983792,0.029043,0,Baixo
1983794,0.009174,0,Baixo
1978505,0.023861,0,Baixo
1983852,0.062794,0,Baixo
1982012,0.029043,0,Baixo
1983861,0.029043,0,Baixo
1983860,0.009174,0,Baixo
1983853,0.009174,0,Baixo
1983826,0.013889,0,Baixo
1980996,0.013889,0,Baixo
1983805,0.071023,0,Baixo
1983782,0.023861,0,Baixo
1983621,0.003165,0,Baixo
1983870,0.010676,0,Baixo
1983874,0.143994,0,Baixo
1983545,0.029043,0,Baixo
1983880,0.071023,0,Baixo
1983011,0.013889,0,Baixo
1981639,0.009174,0,Baixo
1982570,0.003165,0,Baixo
1983888,0.010676,0,Baixo
958364,0.029043,0,Baixo
1867754,0.071023,0,Baixo
1983868,0.029043,0,Baixo
1983798,0.080586,0,Baixo
1983909,0.029043,0,Baixo
1983877,0.010676,0,Baixo
1983835,0.100213,0,Baixo
1983905,0.009174,0,Baixo
1983686,0.013889,0,Baixo
1978540,0.029043,0,Baixo
1973268,0.010676,0,Baixo
1975751,0.023861,0,Baixo
1977528,0.009174,0,Baixo
1977344,0.013889,0,Baixo
1983901,0.013889,0,Baixo
1983767,0.071023,0,Baixo
1983920,0.029043,0,Baixo
1983817,0.023861,0,Baixo
1983529,0.029043,0,Baixo
1983648,0.023861,0,Baixo
1983712,0.003165,0,Baixo
1983934,0.062794,0,Baixo
1795861,0.009174,0,Baixo
1982475,0.010676,0,Baixo
1982320,0.023861,0,Baixo
1983183,0.013889,0,Baixo
1983939,0.003165,0,Baixo
1975834,0.023861,0,Baixo
1983942,0.029043,0,Baixo
1981015,0.100213,0,Baixo
1983885,0.029043,0,Baixo
1976404,0.094203,0,Baixo
1983699,0.029043,0,Baixo
1983950,0.001348,0,Baixo
1720534,0.062794,0,Baixo
1983754,0.013889,0,Baixo
1983966,0.009174,0,Baixo
1983957,0.013889,0,Baixo
1983974,0.071023,0,Baixo
1966016,0.009174,0,Baixo
1982329,0.090592,0,Baixo
1983863,0.023861,0,Baixo
1983894,0.010676,0,Baixo
1983948,0.013889,0,Baixo
1983965,0.003165,0,Baixo
1975179,0.029043,0,Baixo
1983951,0.010676,0,Baixo
1983984,0.010676,0,Baixo
1983576,0.029043,0,Baixo
1983830,0.062794,0,Baixo
1983961,0.029043,0,Baixo
1983959,0.023861,0,Baixo
536323,0.100213,0,Baixo
1983964,0.013889,0,Baixo
1982448,0.071023,0,Baixo
1984012,0.013889,0,Baixo
1983445,0.0,0,Baixo
1982821,0.013889,0,Baixo
1984001,0.010676,0,Baixo
1977342,0.029043,0,Baixo
1983971,0.029043,0,Baixo
1982602,0.071023,0,Baixo
1984003,0.029043,0,Baixo
1981298,0.0,0,Baixo
1984023,0.003165,0,Baixo
1984039,0.001348,0,Baixo
1974235,0.010676,0,Baixo
1977588,0.010676,0,Baixo
1965371,0.029043,0,Baixo
1982068,0.029043,0,Baixo
1984043,0.003165,0,Baixo
1982233,0.029043,0,Baixo
1984047,0.009174,0,Baixo
1983976,0.010676,0,Baixo
1983890,0.010676,0,Baixo
1984037,0.029043,0,Baixo
1973320,0.062794,0,Baixo
1984065,0.001348,0,Baixo
1930316,0.013889,0,Baixo
1983928,0.013889,0,Baixo
1983993,0.013889,0,Baixo
1978511,0.071023,0,Baixo
1980258,0.013889,0,Baixo
1984045,0.010676,0,Baixo
1979784,0.029043,0,Baixo
1984076,0.071023,0,Baixo
1973013,0.100213,0,Baixo
1984007,0.029043,0,Baixo
1984081,0.080586,0,Baixo
1983912,0.013889,0,Baixo
1983997,0.023861,0,Baixo
1984066,0.003165,0,Baixo
1984082,0.001348,0,Baixo
1984022,0.029043,0,Baixo
1979670,0.010676,0,Baixo
1984053,0.013889,0,Baixo
1984068,0.009174,0,Baixo
1984088,0.003165,0,Baixo
1984093,0.001348,0,Baixo
1984086,0.013889,0,Baixo
1977395,0.001348,0,Baixo
1984120,0.013889,0,Baixo
1984114,0.029043,0,Baixo
1984101,0.029043,0,Baixo
1974879,0.013889,0,Baixo
1977631,0.030303,0,Baixo
1984079,0.029043,0,Baixo
1984095,0.029043,0,Baixo
1984117,0.163658,0,Baixo
1984100,0.029043,0,Baixo
1984112,0.013889,0,Baixo
1984020,0.013889,0,Baixo
1984107,0.029043,0,Baixo
1984115,0.029043,0,Baixo
1980097,0.023861,0,Baixo
1983866,0.0,0,Baixo
1970275,0.023861,0,Baixo
1981896,0.030303,0,Baixo
1984155,0.094203,0,Baixo
1984148,0.009174,0,Baixo
1975501,0.009174,0,Baixo
1984144,0.071023,0,Baixo
1984147,0.003165,0,Baixo
1984152,0.003165,0,Baixo
1984162,0.013889,0,Baixo
1984011,0.062794,0,Baixo
1984143,0.062794,0,Baixo
1984166,0.071023,0,Baixo
1983973,0.100213,0,Baixo
1984149,0.001348,0,Baixo
1982591,0.062794,0,Baixo
1980435,0.001348,0,Baixo
1984156,0.080586,0,Baixo
1983677,0.062794,0,Baixo
1984175,0.013889,0,Baixo
1970294,0.090592,0,Baixo
1984157,0.062794,0,Baixo
1984132,0.010676,0,Baixo
1984161,0.013889,0,Baixo
1984050,0.071023,0,Baixo
1974239,0.094203,0,Baixo
1983969,0.045455,0,Baixo
1984176,0.062794,0,Baixo
1984130,0.001348,0,Baixo
1982692,0.029043,0,Baixo
1984182,0.023861,0,Baixo
1983812,0.062794,0,Baixo
1981715,0.003165,0,Baixo
1984190,0.013889,0,Baixo
1980772,0.071023,0,Baixo
1984183,0.062794,0,Baixo
1984211,0.029043,0,Baixo
1960986,0.062794,0,Baixo
1984207,0.023861,0,Baixo
475601,0.090592,0,Baixo
1984070,0.029043,0,Baixo
1768199,0.029043,0,Baixo
1981462,0.029043,0,Baixo
1984218,0.001348,0,Baixo
1984169,0.178571,0,Baixo
1984198,0.071023,0,Baixo
1960018,0.003165,0,Baixo
1984230,0.062794,0,Baixo
1984052,0.023861,0,Baixo
1984237,0.100213,0,Baixo
1984234,0.023861,0,Baixo
1981424,0.045455,0,Baixo
1980411,0.029043,0,Baixo
1984255,0.003165,0,Baixo
1983534,0.100213,0,Baixo
1983900,0.163658,0,Baixo
1984248,0.143994,0,Baixo
1984185,0.001348,0,Baixo
1982138,0.013889,0,Baixo
1979748,0.090592,0,Baixo
1984243,0.003165,0,Baixo
1968425,0.062794,0,Baixo
1983837,0.023861,0,Baixo
1974782,0.023861,0,Baixo
1978651,0.013889,0,Baixo
1984275,0.010676,0,Baixo
1984278,0.023861,0,Baixo
1979664,0.013889,0,Baixo
1975540,0.100213,0,Baixo
1983926,0.029043,0,Baixo
1984269,0.143994,0,Baixo
1984016,0.071023,0,Baixo
1984285,0.001348,0,Baixo
1976210,0.071023,0,Baixo
1885347,0.163658,0,Baixo
1984286,0.023861,0,Baixo
1984272,0.062794,0,Baixo
1984233,0.013889,0,Baixo
1984284,0.003165,0,Baixo
1984287,0.013889,0,Baixo
1983915,0.029043,0,Baixo
1980779,0.013889,0,Baixo
1984279,0.009174,0,Baixo
1984299,0.0,0,Baixo
1984266,0.045455,0,Baixo
1984131,0.062794,0,Baixo
1984307,0.003165,0,Baixo
1973340,0.029043,0,Baixo
1984265,0.001348,0,Baixo
1981304,0.013889,0,Baixo
1984317,0.029043,0,Baixo
1984186,0.010676,0,Baixo
561485,0.029043,0,Baixo
1984340,0.023861,0,Baixo
1968914,0.029043,0,Baixo
1984349,0.013889,0,Baixo
1981592,0.003165,0,Baixo
1982550,0.009174,0,Baixo
1984358,0.013889,0,Baixo
1984364,0.023861,0,Baixo
1984345,0.071023,0,Baixo
1982536,0.001348,0,Baixo
1984347,0.229935,0,Medio
1329218,0.029043,0,Baixo
1984226,0.100213,0,Baixo
1984371,0.163658,0,Baixo
1984343,0.001348,0,Baixo
1984335,0.013889,0,Baixo
1984383,0.009174,0,Baixo
1984360,0.009174,0,Baixo
1976339,0.010676,0,Baixo
1984369,0.143994,0,Baixo
1984381,0.12069,0,Baixo
1984392,0.029043,0,Baixo
1984379,0.023861,0,Baixo
1984396,0.013889,0,Baixo
1984387,0.001348,0,Baixo
1979456,0.003165,0,Baixo
1984399,0.0,0,Baixo
1984060,0.013889,0,Baixo
1969931,0.001348,0,Baixo
1984407,0.029043,0,Baixo
1984408,0.010676,0,Baixo
1982465,0.143994,0,Baixo
1984414,0.003165,0,Baixo
1983994,0.029043,0,Baixo
1976604,0.003165,0,Baixo
1984413,0.029043,0,Baixo
1984316,0.023861,0,Baixo
1972432,0.062794,0,Baixo
1562878,0.013889,0,Baixo
1984217,0.062794,0,Baixo
1984431,0.062794,0,Baixo
1981654,0.029043,0,Baixo
1980587,0.013889,0,Baixo
1984447,0.029043,0,Baixo
1983383,0.003165,0,Baixo
1981859,0.009174,0,Baixo
1984441,0.166038,0,Baixo
1973070,0.062794,0,Baixo
1953888,0.100213,0,Baixo
1984464,0.001348,0,Baixo
1979459,0.013889,0,Baixo
1984455,0.013889,0,Baixo
1972678,0.029043,0,Baixo
1977578,0.029043,0,Baixo
1984470,0.009174,0,Baixo
1984468,0.029043,0,Baixo
1984481,0.023861,0,Baixo
1984463,0.010676,0,Baixo
1984475,0.0,0,Baixo
1984473,0.0,0,Baixo
1984483,0.023861,0,Baixo
1984429,0.013889,0,Baixo
1984482,0.003165,0,Baixo
1984467,0.023861,0,Baixo
1984502,0.023861,0,Baixo
1984492,0.001348,0,Baixo
1978606,0.029043,0,Baixo
1984484,0.0,0,Baixo
1984325,0.071023,0,Baixo
1984087,0.071023,0,Baixo
1970609,0.010676,0,Baixo
1979020,0.090592,0,Baixo
1982445,0.029043,0,Baixo
1984488,0.001348,0,Baixo
1984133,0.009174,0,Baixo
1983227,0.010676,0,Baixo
1984509,0.143994,0,Baixo
1984518,0.0,0,Baixo
1984500,0.009174,0,Baixo
1962072,0.001348,0,Baixo
1984477,0.013889,0,Baixo
1984229,0.029043,0,Baixo
1984503,0.071023,0,Baixo
1981732,0.010676,0,Baixo
1981360,0.029043,0,Baixo
1984538,0.080586,0,Baixo
1968333,0.137931,0,Baixo
1984541,0.029043,0,Baixo
1983572,0.001348,0,Baixo
1984561,0.010676,0,Baixo
1980679,0.090592,0,Baixo
1984466,0.010676,0,Baixo
1984563,0.045455,0,Baixo
1980946,0.001348,0,Baixo
1982868,0.029043,0,Baixo
1982847,0.010676,0,Baixo
1982937,0.010676,0,Baixo
1980739,0.009174,0,Baixo
1982697,0.009174,0,Baixo
1974894,0.029043,0,Baixo
1984581,0.001348,0,Baixo
1984420,0.029043,0,Baixo
1982470,0.029043,0,Baixo
1418831,0.071023,0,Baixo
1984590,0.029043,0,Baixo
1983580,0.029043,0,Baixo
1984597,0.009174,0,Baixo
1984591,0.0,0,Baixo
1984606,0.013889,0,Baixo
1984609,0.009174,0,Baixo
1983032,0.003165,0,Baixo
1982806,0.143994,0,Baixo
1978909,0.023861,0,Baixo
1979217,0.023861,0,Baixo
1973323,0.010676,0,Baixo
1984573,0.010676,0,Baixo
1984629,0.071023,0,Baixo
1966527,0.013889,0,Baixo
1980202,0.029043,0,Baixo
1974532,0.062794,0,Baixo
1984633,0.013889,0,Baixo
1977337,0.143994,0,Baixo
1984118,0.071023,0,Baixo
1984055,0.023861,0,Baixo
1984635,0.062794,0,Baixo
1980689,0.001348,0,Baixo
1984642,0.071023,0,Baixo
1984599,0.013889,0,Baixo
1983119,0.001348,0,Baixo
1954856,0.023861,0,Baixo
1984647,0.029043,0,Baixo
1979874,0.062794,0,Baixo
1984474,0.001348,0,Baixo
1980398,0.013889,0,Baixo
1984649,0.009174,0,Baixo
1984668,0.010676,0,Baixo
1983867,0.001348,0,Baixo
1984667,0.003165,0,Baixo
1984662,0.029043,0,Baixo
1983598,0.003165,0,Baixo
1984663,0.013889,0,Baixo
1984671,0.045455,0,Baixo
1981382,0.023861,0,Baixo
1984664,0.100213,0,Baixo
1978211,0.062794,0,Baixo
1984686,0.009174,0,Baixo
1984689,0.029043,0,Baixo
1950973,0.045455,0,Baixo
1984695,0.003165,0,Baixo
1983906,0.029043,0,Baixo
1968387,0.062794,0,Baixo
1984264,0.010676,0,Baixo
1972207,0.080586,0,Baixo
1982642,0.029043,0,Baixo
1976331,0.100213,0,Baixo
1973927,0.062794,0,Baixo
1982321,0.023861,0,Baixo
1984685,0.143994,0,Baixo
1984731,0.010676,0,Baixo
1984733,0.029043,0,Baixo
1984739,0.013889,0,Baixo
686958,0.143994,0,Baixo
1984740,0.071023,0,Baixo
1984745,0.023861,0,Baixo
1974659,0.001348,0,Baixo
1984749,0.003165,0,Baixo
1976142,0.029043,0,Baixo
1984748,0.010676,0,Baixo
1984790,0.023861,0,Baixo
1982016,0.080586,0,Baixo
1984734,0.062794,0,Baixo
1984773,0.001348,0,Baixo
1984803,0.009174,0,Baixo
1975793,0.029043,0,Baixo
1984460,0.029043,0,Baixo
1976417,0.045455,0,Baixo
1975145,0.010676,0,Baixo
1984380,0.062794,0,Baixo
1984813,0.029043,0,Baixo
1984789,0.009174,0,Baixo
1984828,0.062794,0,Baixo
1978195,0.029043,0,Baixo
1984833,0.001348,0,Baixo
1978715,0.143994,0,Baixo
1972059,0.003165,0,Baixo
1984843,0.094203,0,Baixo
1984850,0.029043,0,Baixo
1984747,0.013889,0,Baixo
1984860,0.029043,0,Baixo
1984862,0.029043,0,Baixo
1966041,0.029043,0,Baixo
1984880,0.023861,0,Baixo
1984855,0.071023,0,Baixo
1984807,0.062794,0,Baixo
1984893,0.0,0,Baixo
1984861,0.013889,0,Baixo
1984598,0.013889,0,Baixo
1969394,0.003165,0,Baixo
1984894,0.013889,0,Baixo
1984902,0.013889,0,Baixo
1984858,0.090592,0,Baixo
1984920,0.013889,0,Baixo
1984903,0.023861,0,Baixo
1984905,0.080586,0,Baixo
1984928,0.013889,0,Baixo
1984845,0.001348,0,Baixo
1974375,0.045455,0,Baixo
1984810,0.0,0,Baixo
1960894,0.090592,0,Baixo
1984923,0.029043,0,Baixo
1984933,0.013889,0,Baixo
1984281,0.030303,0,Baixo
1971767,0.0,0,Baixo
1983956,0.137931,0,Baixo
1984950,0.010676,0,Baixo
1968440,0.143994,0,Baixo
1984835,0.001348,0,Baixo
1984955,0.163658,0,Baixo
1984961,0.080586,0,Baixo
1969410,0.029043,0,Baixo
1984957,0.094203,0,Baixo
1984964,0.001348,0,Baixo
1984963,0.023861,0,Baixo
1984694,0.163658,0,Baixo
1984917,0.023861,0,Baixo
1979527,0.062794,0,Baixo
1984982,0.003165,0,Baixo
1982148,0.013889,0,Baixo
1984886,0.013889,0,Baixo
1981797,0.013889,0,Baixo
1984235,0.023861,0,Baixo
1984988,0.029043,0,Baixo
1984997,0.023861,0,Baixo
1984998,0.094203,0,Baixo
1984974,0.003165,0,Baixo
1985005,0.029043,0,Baixo
1985002,0.013889,0,Baixo
1895462,0.010676,0,Baixo
1984995,0.023861,0,Baixo
1984805,0.009174,0,Baixo
1984263,0.010676,0,Baixo
1985004,0.071023,0,Baixo
1985011,0.001348,0,Baixo
1985003,0.062794,0,Baixo
1982523,0.013889,0,Baixo
1983780,0.029043,0,Baixo
1985034,0.029043,0,Baixo
1985035,0.029043,0,Baixo
1985036,0.023861,0,Baixo
1985038,0.100213,0,Baixo
1985039,0.094203,0,Baixo
1983756,0.0,0,Baixo
1980672,0.071023,0,Baixo
1981841,0.029043,0,Baixo
1985040,0.071023,0,Baixo
1980658,0.029043,0,Baixo
1985046,0.010676,0,Baixo
1985027,0.029043,0,Baixo
1982460,0.003165,0,Baixo
1983324,0.009174,0,Baixo
1985050,0.029043,0,Baixo
1982784,0.090592,0,Baixo
1981361,0.010676,0,Baixo
1983277,0.013889,0,Baixo
1985058,0.013889,0,Baixo
1984937,0.071023,0,Baixo
1977125,0.062794,0,Baixo
1984763,0.071023,0,Baixo
1985033,0.100213,0,Baixo
1985048,0.013889,0,Baixo
1985063,0.013889,0,Baixo
1979163,0.009174,0,Baixo
1983610,0.001348,0,Baixo
1897218,0.013889,0,Baixo
1985080,0.100213,0,Baixo
1985091,0.003165,0,Baixo
1985049,0.100213,0,Baixo
1976338,0.001348,0,Baixo
1985107,0.094203,0,Baixo
1985105,0.029043,0,Baixo
1983725,0.009174,0,Baixo
1985115,0.045455,0,Baixo
1749287,0.023861,0,Baixo
1983064,0.143994,0,Baixo
1979197,0.029043,0,Baixo
1978004,0.029043,0,Baixo
1985120,0.100213,0,Baixo
1985109,0.071023,0,Baixo
1311849,0.029043,0,Baixo
1985106,0.029043,0,Baixo
1985060,0.029043,0,Baixo
1985128,0.029043,0,Baixo
1985131,0.071023,0,Baixo
1983824,0.001348,0,Baixo
1985116,0.003165,0,Baixo
1982341,0.029043,0,Baixo
1983550,0.029043,0,Baixo
1985139,0.143994,0,Baixo
1985137,0.029043,0,Baixo
1974623,0.071023,0,Baixo
1985140,0.094203,0,Baixo
1985103,0.029043,0,Baixo
1985149,0.010676,0,Baixo
1985133,0.003165,0,Baixo
1985154,0.100213,0,Baixo
1933530,0.010676,0,Baixo
1985151,0.071023,0,Baixo
1985167,0.029043,0,Baixo
1985166,0.009174,0,Baixo
1985129,0.029043,0,Baixo
1948537,0.029043,0,Baixo
1985159,0.023861,0,Baixo
1985158,0.001348,0,Baixo
1985144,0.013889,0,Baixo
1985171,0.013889,0,Baixo
1985186,0.009174,0,Baixo
1985188,0.010676,0,Baixo
1985178,0.029043,0,Baixo
1985146,0.062794,0,Baixo
1985194,0.001348,0,Baixo
1985196,0.013889,0,Baixo
1970155,0.003165,0,Baixo
1979182,0.062794,0,Baixo
1985189,0.010676,0,Baixo
1985211,0.010676,0,Baixo
1984614,0.001348,0,Baixo
1985143,0.071023,0,Baixo
1985226,0.243641,0,Medio
1985224,0.001348,0,Baixo
1974105,0.009174,0,Baixo
1985221,0.029043,0,Baixo
1985220,0.013889,0,Baixo
1925548,0.001348,0,Baixo
1969525,0.003165,0,Baixo
1985239,0.013889,0,Baixo
1985237,0.010676,0,Baixo
1985238,0.090592,0,Baixo
1985232,0.12069,0,Baixo
1985240,0.009174,0,Baixo
1985241,0.12069,0,Baixo
1985192,0.003165,0,Baixo
1971944,0.062794,0,Baixo
1985225,0.045455,0,Baixo
1983234,0.010676,0,Baixo
1985231,0.023861,0,Baixo
1975971,0.013889,0,Baixo
1985259,0.001348,0,Baixo
1985265,0.100213,0,Baixo
1982059,0.013889,0,Baixo
1985250,0.009174,0,Baixo
1985258,0.029043,0,Baixo
1985253,0.071023,0,Baixo
1985207,0.023861,0,Baixo
1985251,0.143994,0,Baixo
1985269,0.013889,0,Baixo
1985248,0.010676,0,Baixo
1985246,0.143994,0,Baixo
1985277,0.023861,0,Baixo
1984524,0.071023,0,Baixo
1975989,0.143994,0,Baixo
1985276,0.009174,0,Baixo
1985283,0.009174,0,Baixo
1984611,0.029043,0,Baixo
1985264,0.071023,0,Baixo
1978760,0.013889,0,Baixo
1970210,0.029043,0,Baixo
1985132,0.090592,0,Baixo
1984406,0.013889,0,Baixo
1985299,0.023861,0,Baixo
1985295,0.029043,0,Baixo
1985305,0.029043,0,Baixo
1984306,0.013889,0,Baixo
1985308,0.010676,0,Baixo
1985279,0.029043,0,Baixo
1924011,0.029043,0,Baixo
1985311,0.013889,0,Baixo
1985314,0.010676,0,Baixo
1983904,0.003165,0,Baixo
1985293,0.071023,0,Baixo
1985324,0.045455,0,Baixo
1983018,0.029043,0,Baixo
1985325,0.071023,0,Baixo
1985327,0.029043,0,Baixo
1985340,0.029043,0,Baixo
1985337,0.062794,0,Baixo
1985322,0.003165,0,Baixo
1985353,0.094203,0,Baixo
1985330,0.029043,0,Baixo
1985329,0.013889,0,Baixo
1985326,0.062794,0,Baixo
1985271,0.029043,0,Baixo
1985335,0.029043,0,Baixo
1985304,0.013889,0,Baixo
1985328,0.029043,0,Baixo
1985333,0.029043,0,Baixo
1967443,0.023861,0,Baixo
1985334,0.045455,0,Baixo
1985348,0.201923,0,Medio
1985370,0.023861,0,Baixo
1985358,0.013889,0,Baixo
1985359,0.013889,0,Baixo
1985300,0.023861,0,Baixo
1985356,0.029043,0,Baixo
1985357,0.143994,0,Baixo
1985371,0.062794,0,Baixo
1985372,0.003165,0,Baixo
1985346,0.062794,0,Baixo
1985315,0.029043,0,Baixo
1953576,0.029043,0,Baixo
1985379,0.163658,0,Baixo
1984993,0.001348,0,Baixo
1985210,0.100213,0,Baixo
1984418,0.010676,0,Baixo
1985364,0.080586,0,Baixo
1985205,0.013889,0,Baixo
1975906,0.029043,0,Baixo
1985090,0.062794,0,Baixo
1981937,0.071023,0,Baixo
1984954,0.062794,0,Baixo
1985362,0.010676,0,Baixo
1985354,0.071023,0,Baixo
1985382,0.013889,0,Baixo
1985301,0.013889,0,Baixo
1985384,0.100213,0,Baixo
1985388,0.013889,0,Baixo
1983735,0.143994,0,Baixo
1985373,0.12069,0,Baixo
1985381,0.062794,0,Baixo
1984106,0.100213,0,Baixo
1985410,0.029043,0,Baixo
1985399,0.003165,0,Baixo
1985355,0.090592,0,Baixo
1985130,0.013889,0,Baixo
1972587,0.010676,0,Baixo
1969656,0.013889,0,Baixo
1132613,0.013889,0,Baixo
1984778,0.029043,0,Baixo
737858,0.062794,0,Baixo
1985008,0.001348,0,Baixo
1985417,0.100213,0,Baixo
1985193,0.010676,0,Baixo
1985385,0.010676,0,Baixo
1980362,0.013889,0,Baixo
1985056,0.062794,0,Baixo
1985425,0.013889,0,Baixo
1985411,0.001348,0,Baixo
1985436,0.029043,0,Baixo
1670409,0.143994,0,Baixo
1985369,0.045455,0,Baixo
1985428,0.013889,0,Baixo
1985453,0.143994,0,Baixo
1985440,0.010676,0,Baixo
1985446,0.003165,0,Baixo
1985456,0.009174,0,Baixo
1985387,0.001348,0,Baixo
1985447,0.029043,0,Baixo
1985421,0.062794,0,Baixo
1985457,0.029043,0,Baixo
1978527,0.080586,0,Baixo
1981400,0.023861,0,Baixo
1972171,0.062794,0,Baixo
1985449,0.071023,0,Baixo
1985471,0.009174,0,Baixo
943560,0.090592,0,Baixo
1985475,0.0,0,Baixo
1985216,0.023861,0,Baixo
1985451,0.001348,0,Baixo
1985468,0.013889,0,Baixo
1985485,0.100213,0,Baixo
1978780,0.029043,0,Baixo
1985070,0.003165,0,Baixo
1985491,0.062794,0,Baixo
1985218,0.071023,0,Baixo
1985412,0.001348,0,Baixo
1985494,0.010676,0,Baixo
1985492,0.010676,0,Baixo
1985313,0.003165,0,Baixo
1985501,0.094203,0,Baixo
1975231,0.071023,0,Baixo
1985511,0.023861,0,Baixo
1985510,0.029043,0,Baixo
1985493,0.013889,0,Baixo
1985516,0.029043,0,Baixo
1967361,0.010676,0,Baixo
1985526,0.029043,0,Baixo
1984910,0.013889,0,Baixo
1985525,0.010676,0,Baixo
1981891,0.100213,0,Baixo
1985527,0.023861,0,Baixo
1984785,0.013889,0,Baixo
1985536,0.029043,0,Baixo
1985427,0.023861,0,Baixo
1985174,0.094203,0,Baixo
1985539,0.003165,0,Baixo
1985584,0.062794,0,Baixo
1985532,0.0,0,Baixo
1985541,0.029043,0,Baixo
1985555,0.029043,0,Baixo
1985572,0.094203,0,Baixo
1984869,0.003165,0,Baixo
1951464,0.100213,0,Baixo
1985620,0.062794,0,Baixo
1985616,0.010676,0,Baixo
1985580,0.009174,0,Baixo
1985618,0.013889,0,Baixo
1985624,0.029043,0,Baixo
1985219,0.023861,0,Baixo
1985645,0.001348,0,Baixo
1985641,0.010676,0,Baixo
1985625,0.029043,0,Baixo
1985646,0.010676,0,Baixo
1985652,0.009174,0,Baixo
1985659,0.029043,0,Baixo
1983135,0.013889,0,Baixo
1983681,0.023861,0,Baixo
1985669,0.062794,0,Baixo
1978833,0.010676,0,Baixo
1985676,0.0,0,Baixo
1979518,0.045455,0,Baixo
1984476,0.010676,0,Baixo
1985609,0.0,0,Baixo
1985656,0.010676,0,Baixo
1969791,0.013889,0,Baixo
1982907,0.013889,0,Baixo
1985696,0.023861,0,Baixo
1985702,0.010676,0,Baixo
1985610,0.013889,0,Baixo
1985679,0.013889,0,Baixo
1975639,0.010676,0,Baixo
1977661,0.029043,0,Baixo
1985705,0.094203,0,Baixo
1984959,0.001348,0,Baixo
1974660,0.080586,0,Baixo
1969926,0.003165,0,Baixo
1967940,0.071023,0,Baixo
1985722,0.009174,0,Baixo
1985726,0.013889,0,Baixo
1985592,0.013889,0,Baixo
1981839,0.090592,0,Baixo
1985611,0.100213,0,Baixo
1984457,0.029043,0,Baixo
1985738,0.080586,0,Baixo
1985745,0.029043,0,Baixo
1985714,0.009174,0,Baixo
1985395,0.009174,0,Baixo
1985758,0.0,0,Baixo
1977646,0.062794,0,Baixo
1985658,0.071023,0,Baixo
1985768,0.023861,0,Baixo
1985135,0.062794,0,Baixo
1975371,0.071023,0,Baixo
1958578,0.062794,0,Baixo
1984784,0.029043,0,Baixo
1985752,0.023861,0,Baixo
1985523,0.029043,0,Baixo
1984567,0.010676,0,Baixo
1985737,0.013889,0,Baixo
1985780,0.029043,0,Baixo
1985790,0.003165,0,Baixo
1985681,0.029043,0,Baixo
1984612,0.003165,0,Baixo
1970091,0.003165,0,Baixo
1985791,0.001348,0,Baixo
1985750,0.003165,0,Baixo
1985782,0.013889,0,Baixo
1985794,0.001348,0,Baixo
1985777,0.010676,0,Baixo
1985455,0.003165,0,Baixo
1985792,0.0,0,Baixo
1985797,0.013889,0,Baixo
1985801,0.094203,0,Baixo
1984302,0.003165,0,Baixo
1985811,0.010676,0,Baixo
1985821,0.094203,0,Baixo
1985814,0.001348,0,Baixo
1985803,0.094203,0,Baixo
1972129,0.045455,0,Baixo
1985817,0.010676,0,Baixo
1985170,0.062794,0,Baixo
1985826,0.0,0,Baixo
1979111,0.143994,0,Baixo
1985838,0.003165,0,Baixo
1985832,0.029043,0,Baixo
1985839,0.100213,0,Baixo
1985828,0.013889,0,Baixo
1984900,0.013889,0,Baixo
1985830,0.029043,0,Baixo
1983573,0.013889,0,Baixo
1982886,0.029043,0,Baixo
1985856,0.013889,0,Baixo
1984419,0.062794,0,Baixo
1973309,0.010676,0,Baixo
1984443,0.010676,0,Baixo
1981697,0.013889,0,Baixo
1985868,0.143994,0,Baixo
1985573,0.023861,0,Baixo
1976160,0.029043,0,Baixo
1985872,0.080586,0,Baixo
1983556,0.071023,0,Baixo
1985880,0.062794,0,Baixo
1969858,0.009174,0,Baixo
1985893,0.029043,0,Baixo
1981392,0.010676,0,Baixo
1984707,0.013889,0,Baixo
1977858,0.062794,0,Baixo
1982312,0.023861,0,Baixo
1977480,0.013889,0,Baixo
1984952,0.010676,0,Baixo
1982633,0.013889,0,Baixo
1981502,0.029043,0,Baixo
1983083,0.023861,0,Baixo
1985706,0.009174,0,Baixo
1983697,0.010676,0,Baixo
1983319,0.009174,0,Baixo
1980881,0.003165,0,Baixo
1981795,0.001348,0,Baixo
1980544,0.013889,0,Baixo
1984494,0.003165,0,Baixo
1972672,0.003165,0,Baixo
1981168,0.071023,0,Baixo
1980454,0.062794,0,Baixo
1984206,0.080586,0,Baixo
1983092,0.010676,0,Baixo
1983154,0.003165,0,Baixo
1983016,0.023861,0,Baixo
1983015,0.029043,0,Baixo
1983922,0.143994,0,Baixo
1985262,0.0,0,Baixo
1983844,0.003165,0,Baixo
1984208,0.023861,0,Baixo
1984219,0.003165,0,Baixo
1982142,0.029043,0,Baixo
1973278,0.013889,0,Baixo
1982962,0.003165,0,Baixo
1985342,0.029043,0,Baixo
1980735,0.001348,0,Baixo
1972941,0.029043,0,Baixo
1984865,0.029043,0,Baixo
1984875,0.001348,0,Baixo
1979663,0.029043,0,Baixo
1972284,0.071023,0,Baixo
1985672,0.001348,0,Baixo
1975337,0.013889,0,Baixo
1391173,0.071023,0,Baixo
1983772,0.003165,0,Baixo
1985352,0.094203,0,Baixo
1979393,0.029043,0,Baixo
1977224,0.010676,0,Baixo
1974317,0.029043,0,Baixo
1979975,0.013889,0,Baixo
1983061,0.0,0,Baixo
1982048,0.003165,0,Baixo
1982911,0.0,0,Baixo
1984844,0.0,0,Baixo
1984028,0.001348,0,Baixo
1965250,0.013889,0,Baixo
1983859,0.029043,0,Baixo
1983231,0.013889,0,Baixo
1985024,0.029043,0,Baixo
1983615,0.029043,0,Baixo
1985680,0.013889,0,Baixo
1985694,0.029043,0,Baixo
1985019,0.009174,0,Baixo
1985535,0.013889,0,Baixo
1930311,0.100213,0,Baixo
1985422,0.029043,0,Baixo
1985376,0.013889,0,Baixo
1985286,0.029043,0,Baixo
1985010,0.029043,0,Baixo
1983420,0.001348,0,Baixo
1974330,0.010676,0,Baixo
1976041,0.009174,0,Baixo
1985715,0.001348,0,Baixo
1974970,0.013889,0,Baixo
1985853,0.029043,0,Baixo
1985912,0.010676,0,Baixo
1985918,0.001348,0,Baixo
1973075,0.071023,0,Baixo
1985507,0.029043,0,Baixo
1983571,0.062794,0,Baixo
1985477,0.013889,0,Baixo
1982915,0.062794,0,Baixo
1983285,0.029043,0,Baixo
1985852,0.013889,0,Baixo
1984061,0.003165,0,Baixo
1985076,0.029043,0,Baixo
1985908,0.029043,0,Baixo
1982126,0.029043,0,Baixo
1981702,0.071023,0,Baixo
1983566,0.003165,0,Baixo
1983953,0.003165,0,Baixo
1983714,0.029043,0,Baixo
1985416,0.013889,0,Baixo
1983695,0.029043,0,Baixo
1436481,0.029043,0,Baixo
1982596,0.071023,0,Baixo
1985933,0.029043,0,Baixo
1977582,0.062794,0,Baixo
1985936,0.003165,0,Baixo
1983684,0.062794,0,Baixo
1985943,0.029043,0,Baixo
1979225,0.029043,0,Baixo
1978050,0.100213,0,Baixo
1985959,0.013889,0,Baixo
1985020,0.029043,0,Baixo
1985413,0.029043,0,Baixo
1985833,0.029043,0,Baixo
1985956,0.013889,0,Baixo
1983737,0.100213,0,Baixo
1983281,0.029043,0,Baixo
1985966,0.010676,0,Baixo
1985173,0.023861,0,Baixo
1812127,0.013889,0,Baixo
1977743,0.062794,0,Baixo
1984374,0.013889,0,Baixo
1982291,0.029043,0,Baixo
1985725,0.013889,0,Baixo
1982144,0.010676,0,Baixo
1982844,0.003165,0,Baixo
1980835,0.009174,0,Baixo
1985255,0.100213,0,Baixo
1984800,0.071023,0,Baixo
1978458,0.029043,0,Baixo
1981519,0.013889,0,Baixo
1969838,0.029043,0,Baixo
1985948,0.029043,0,Baixo
1985977,0.090592,0,Baixo
1985419,0.010676,0,Baixo
1973604,0.071023,0,Baixo
1973489,0.094203,0,Baixo
1984008,0.013889,0,Baixo
1979309,0.062794,0,Baixo
1951658,0.062794,0,Baixo
1984212,0.023861,0,Baixo
1985993,0.010676,0,Baixo
1983713,0.029043,0,Baixo
1985515,0.071023,0,Baixo
1985974,0.090592,0,Baixo
1979926,0.062794,0,Baixo
1974871,0.094203,0,Baixo
1986010,0.090592,0,Baixo
1984496,0.013889,0,Baixo
1986007,0.029043,0,Baixo
1986006,0.094203,0,Baixo
1972998,0.023861,0,Baixo
1986014,0.0,0,Baixo
1986017,0.094203,0,Baixo
1986011,0.062794,0,Baixo
1980054,0.094203,0,Baixo
1984639,0.013889,0,Baixo
1985697,0.013889,0,Baixo
1986000,0.080586,0,Baixo
1986009,0.010676,0,Baixo
1981278,0.010676,0,Baixo
1985179,0.010676,0,Baixo
1974288,0.010676,0,Baixo
1978821,0.023861,0,Baixo
1985415,0.003165,0,Baixo
1984032,0.010676,0,Baixo
1978518,0.029043,0,Baixo
1984142,0.090592,0,Baixo
1983097,0.013889,0,Baixo
1941405,0.013889,0,Baixo
1980420,0.029043,0,Baixo
1985368,0.062794,0,Baixo
1981902,0.010676,0,Baixo
1979767,0.0,0,Baixo
1968019,0.100213,0,Baixo
1969042,0.010676,0,Baixo
1979581,0.003165,0,Baixo
1986028,0.013889,0,Baixo
1985753,0.023861,0,Baixo
1981572,0.010676,0,Baixo
1986034,0.045455,0,Baixo
1986044,0.029043,0,Baixo
1975868,0.100213,0,Baixo
1985717,0.023861,0,Baixo
1979818,0.090592,0,Baixo
1986054,0.010676,0,Baixo
1972947,0.001348,0,Baixo
1984885,0.029043,0,Baixo
1969483,0.009174,0,Baixo
1986039,0.003165,0,Baixo
1986062,0.100213,0,Baixo
1975109,0.029043,0,Baixo
1975440,0.029043,0,Baixo
1985866,0.010676,0,Baixo
1986069,0.029043,0,Baixo
1986076,0.062794,0,Baixo
1985565,0.062794,0,Baixo
1983067,0.010676,0,Baixo
1983095,0.080586,0,Baixo
1983408,0.023861,0,Baixo
1981393,0.029043,0,Baixo
1973123,0.071023,0,Baixo
1979962,0.071023,0,Baixo
1986087,0.029043,0,Baixo
1986058,0.003165,0,Baixo
1986077,0.013889,0,Baixo
1985111,0.013889,0,Baixo
1986088,0.094203,0,Baixo
1981259,0.009174,0,Baixo
1985390,0.029043,0,Baixo
1982223,0.013889,0,Baixo
1986093,0.010676,0,Baixo
1957210,0.143994,0,Baixo
1985284,0.029043,0,Baixo
1984757,0.013889,0,Baixo
1986101,0.143994,0,Baixo
1982360,0.029043,0,Baixo
1985568,0.045455,0,Baixo
1985660,0.062794,0,Baixo
1986103,0.163658,0,Baixo
1981862,0.071023,0,Baixo
1977375,0.013889,0,Baixo
1985127,0.013889,0,Baixo
1985278,0.013889,0,Baixo
1982389,0.0,0,Baixo
1984021,0.029043,0,Baixo
1986074,0.029043,0,Baixo
1177042,0.013889,0,Baixo
1977258,0.029043,0,Baixo
1986117,0.029043,0,Baixo
1947975,0.143994,0,Baixo
1986106,0.010676,0,Baixo
1943639,0.013889,0,Baixo
1970055,0.071023,0,Baixo
1984947,0.010676,0,Baixo
1986120,0.013889,0,Baixo
1986118,0.003165,0,Baixo
1976873,0.0,0,Baixo
1986140,0.029043,0,Baixo
1171225,0.010676,0,Baixo
1923500,0.029043,0,Baixo
1986104,0.062794,0,Baixo
1983459,0.062794,0,Baixo
1986152,0.029043,0,Baixo
1986138,0.010676,0,Baixo
1980781,0.090592,0,Baixo
1986166,0.029043,0,Baixo
1986129,0.003165,0,Baixo
1986148,0.001348,0,Baixo
1974855,0.013889,0,Baixo
1986178,0.029043,0,Baixo
1986130,0.0,0,Baixo
1986179,0.029043,0,Baixo
1946589,0.100213,0,Baixo
1986167,0.029043,0,Baixo
1983931,0.029043,0,Baixo
1985622,0.013889,0,Baixo
1986128,0.045455,0,Baixo
1985252,0.010676,0,Baixo
1982201,0.001348,0,Baixo
1985312,0.0,0,Baixo
1978599,0.029043,0,Baixo
1983726,0.080586,0,Baixo
1974663,0.013889,0,Baixo
1984832,0.071023,0,Baixo
1984705,0.023861,0,Baixo
1964068,0.071023,0,Baixo
1981589,0.010676,0,Baixo
1982451,0.045455,0,Baixo
1978762,0.029043,0,Baixo
1965393,0.143994,0,Baixo
1986215,0.003165,0,Baixo
1986220,0.143994,0,Baixo
1984786,0.001348,0,Baixo
1972367,0.029043,0,Baixo
1986185,0.003165,0,Baixo
1986210,0.029043,0,Baixo
1986214,0.029043,0,Baixo
1986236,0.001348,0,Baixo
1986229,0.143994,0,Baixo
1976004,0.100213,0,Baixo
1986233,0.143994,0,Baixo
1983206,0.003165,0,Baixo
1984127,0.100213,0,Baixo
1986228,0.023861,0,Baixo
1986241,0.094203,0,Baixo
1986221,0.029043,0,Baixo
1986240,0.013889,0,Baixo
1985180,0.100213,0,Baixo
1982293,0.010676,0,Baixo
1974913,0.090592,0,Baixo
1972173,0.080586,0,Baixo
1973639,0.029043,0,Baixo
1868575,0.143994,0,Baixo
1986250,0.100213,0,Baixo
1978595,0.013889,0,Baixo
1969675,0.010676,0,Baixo
1986272,0.013889,0,Baixo
1986279,0.071023,0,Baixo
1972705,0.013889,0,Baixo
1984353,0.045455,0,Baixo
1960694,0.045455,0,Baixo
1973974,0.143994,0,Baixo
1986281,0.013889,0,Baixo
1983176,0.009174,0,Baixo
1853459,0.010676,0,Baixo
1979210,0.094203,0,Baixo
1986288,0.010676,0,Baixo
1983310,0.010676,0,Baixo
1977789,0.013889,0,Baixo
1984735,0.023861,0,Baixo
1983254,0.094203,0,Baixo
1983362,0.010676,0,Baixo
1986159,0.013889,0,Baixo
1965812,0.013889,0,Baixo
1985795,0.003165,0,Baixo
1985420,0.023861,0,Baixo
1977890,0.013889,0,Baixo
1977044,0.013889,0,Baixo
1986297,0.009174,0,Baixo
1975348,0.029043,0,Baixo
1965527,0.080586,0,Baixo
1976056,0.029043,0,Baixo
1982880,0.003165,0,Baixo
1980790,0.045455,0,Baixo
1986212,0.12069,0,Baixo
1986303,0.010676,0,Baixo
1954843,0.001348,0,Baixo
1986301,0.029043,0,Baixo
1985267,0.0,0,Baixo
1440063,0.100213,0,Baixo
1986190,0.009174,0,Baixo
1935068,0.013889,0,Baixo
1981411,0.045455,0,Baixo
1986314,0.013889,0,Baixo
1954879,0.029043,0,Baixo
1986302,0.013889,0,Baixo
1986333,0.163658,0,Baixo
1984273,0.023861,0,Baixo
1986347,0.013889,0,Baixo
1986351,0.071023,0,Baixo
1986336,0.013889,0,Baixo
1986354,0.023861,0,Baixo
1986356,0.009174,0,Baixo
1986026,0.071023,0,Baixo
1986371,0.013889,0,Baixo
1986377,0.009174,0,Baixo
1982221,0.003165,0,Baixo
1985942,0.071023,0,Baixo
1985955,0.023861,0,Baixo
1986369,0.010676,0,Baixo
1986198,0.003165,0,Baixo
1986278,0.029043,0,Baixo
1983895,0.029043,0,Baixo
1976466,0.023861,0,Baixo
1986329,0.071023,0,Baixo
1980207,0.0,0,Baixo
1980728,0.029043,0,Baixo
1986419,0.010676,0,Baixo
1986391,0.029043,0,Baixo
1986389,0.013889,0,Baixo
1986143,0.090592,0,Baixo
1973316,0.029043,0,Baixo
1468150,0.029043,0,Baixo
1963871,0.010676,0,Baixo
1976505,0.062794,0,Baixo
1986404,0.029043,0,Baixo
1983727,0.013889,0,Baixo
1978888,0.009174,0,Baixo
1985013,0.029043,0,Baixo
1984440,0.013889,0,Baixo
1968915,0.010676,0,Baixo
1986234,0.003165,0,Baixo
1983086,0.013889,0,Baixo
1984915,0.010676,0,Baixo
1982625,0.090592,0,Baixo
1974942,0.045455,0,Baixo
1986443,0.100213,0,Baixo
735472,0.094203,0,Baixo
1950686,0.071023,0,Baixo
1965510,0.045455,0,Baixo
1985288,0.0,0,Baixo
1985772,0.029043,0,Baixo
1985521,0.013889,0,Baixo
1986292,0.013889,0,Baixo
1952459,0.029043,0,Baixo
1971737,0.090592,0,Baixo
1985769,0.029043,0,Baixo
1985126,0.029043,0,Baixo
1986307,0.029043,0,Baixo
1986309,0.023861,0,Baixo
1981910,0.045455,0,Baixo
1984658,0.001348,0,Baixo
1986472,0.010676,0,Baixo
1986466,0.029043,0,Baixo
1986470,0.009174,0,Baixo
1971293,0.071023,0,Baixo
1972158,0.080586,0,Baixo
1246663,0.023861,0,Baixo
1986415,0.029043,0,Baixo
1986482,0.029043,0,Baixo
1986401,0.071023,0,Baixo
1986157,0.071023,0,Baixo
1986430,0.013889,0,Baixo
1986495,0.045455,0,Baixo
1986486,0.143994,0,Baixo
1986498,0.029043,0,Baixo
1986501,0.029043,0,Baixo
1985695,0.143994,0,Baixo
687278,0.009174,0,Baixo
1958222,0.013889,0,Baixo
1971439,0.029043,0,Baixo
1986380,0.029043,0,Baixo
1986513,0.029043,0,Baixo
1986494,0.009174,0,Baixo
1978874,0.003165,0,Baixo
1986505,0.003165,0,Baixo
1981331,0.010676,0,Baixo
1986516,0.009174,0,Baixo
1972970,0.009174,0,Baixo
1984604,0.029043,0,Baixo
1986191,0.062794,0,Baixo
1986525,0.023861,0,Baixo
1986524,0.045455,0,Baixo
1986254,0.010676,0,Baixo
1986227,0.080586,0,Baixo
1979104,0.029043,0,Baixo
1986406,0.013889,0,Baixo
1986542,0.100213,0,Baixo
1986540,0.090592,0,Baixo
1986461,0.062794,0,Baixo
1886683,0.029043,0,Baixo
1986546,0.003165,0,Baixo
1954358,0.062794,0,Baixo
1986526,0.029043,0,Baixo
1974662,0.013889,0,Baixo
1986183,0.029043,0,Baixo
1983954,0.013889,0,Baixo
1985547,0.023861,0,Baixo
1543513,0.029043,0,Baixo
1986552,0.029043,0,Baixo
1986553,0.071023,0,Baixo
1986558,0.010676,0,Baixo
1986563,0.003165,0,Baixo
1986126,0.003165,0,Baixo
1986543,0.029043,0,Baixo
1986458,0.023861,0,Baixo
1986452,0.003165,0,Baixo
1986559,0.071023,0,Baixo
1986459,0.023861,0,Baixo
1972675,0.013889,0,Baixo
1980165,0.029043,0,Baixo
1986562,0.001348,0,Baixo
1986576,0.094203,0,Baixo
1986163,0.023861,0,Baixo
1972987,0.029043,0,Baixo
1984840,0.001348,0,Baixo
1983614,0.013889,0,Baixo
1979577,0.100213,0,Baixo
1986595,0.029043,0,Baixo
1986579,0.094203,0,Baixo
1986023,0.003165,0,Baixo
1986594,0.003165,0,Baixo
1986520,0.029043,0,Baixo
1986556,0.013889,0,Baixo
1986583,0.062794,0,Baixo
1986601,0.013889,0,Baixo
1986610,0.023861,0,Baixo
1977366,0.143994,0,Baixo
1986548,0.023861,0,Baixo
1986599,0.010676,0,Baixo
1976412,0.029043,0,Baixo
1983369,0.010676,0,Baixo
1986624,0.003165,0,Baixo
1986122,0.029043,0,Baixo
1982381,0.013889,0,Baixo
1975345,0.013889,0,Baixo
1986604,0.062794,0,Baixo
1985480,0.010676,0,Baixo
1978664,0.013889,0,Baixo
1986620,0.214925,0,Medio
1980516,0.029043,0,Baixo
1986640,0.029043,0,Baixo
1986633,0.003165,0,Baixo
1986335,0.029043,0,Baixo
1986041,0.062794,0,Baixo
1986602,0.003165,0,Baixo
1986635,0.013889,0,Baixo
1974346,0.029043,0,Baixo
1986652,0.010676,0,Baixo
1986649,0.0,0,Baixo
1971455,0.143994,0,Baixo
1980140,0.013889,0,Baixo
1986656,0.023861,0,Baixo
1986661,0.029043,0,Baixo
1986657,0.003165,0,Baixo
1986528,0.029043,0,Baixo
1976029,0.143994,0,Baixo
1975776,0.045455,0,Baixo
1986648,0.010676,0,Baixo
1986685,0.080586,0,Baixo
1974362,0.010676,0,Baixo
1986531,0.003165,0,Baixo
1967975,0.100213,0,Baixo
1986660,0.071023,0,Baixo
1986662,0.001348,0,Baixo
1986689,0.029043,0,Baixo
1986698,0.010676,0,Baixo
1986598,0.029043,0,Baixo
1983629,0.003165,0,Baixo
1986711,0.013889,0,Baixo
1986675,0.163658,0,Baixo
1986706,0.001348,0,Baixo
1986666,0.023861,0,Baixo
984925,0.100213,0,Baixo
1986668,0.062794,0,Baixo
1986682,0.013889,0,Baixo
1985051,0.029043,0,Baixo
1986158,0.009174,0,Baixo
1985458,0.010676,0,Baixo
1982912,0.023861,0,Baixo
1986721,0.0,0,Baixo
1986258,0.029043,0,Baixo
1986697,0.013889,0,Baixo
1986672,0.045455,0,Baixo
1979474,0.013889,0,Baixo
1986725,0.0,0,Baixo
1985533,0.100213,0,Baixo
1983777,0.010676,0,Baixo
1981167,0.013889,0,Baixo
1966773,0.023861,0,Baixo
1986650,0.163658,0,Baixo
1986745,0.010676,0,Baixo
1836919,0.009174,0,Baixo
1986365,0.029043,0,Baixo
1986763,0.013889,0,Baixo
1324875,0.003165,0,Baixo
1986755,0.062794,0,Baixo
1985784,0.029043,0,Baixo
1986752,0.062794,0,Baixo
1986757,0.071023,0,Baixo
1986743,0.013889,0,Baixo
1986769,0.010676,0,Baixo
1986776,0.003165,0,Baixo
1981310,0.143994,0,Baixo
1978574,0.029043,0,Baixo
1986738,0.143994,0,Baixo
1986782,0.062794,0,Baixo
1986759,0.010676,0,Baixo
1986778,0.009174,0,Baixo
1976907,0.029043,0,Baixo
1966663,0.009174,0,Baixo
1986589,0.009174,0,Baixo
1986636,0.062794,0,Baixo
1976097,0.029043,0,Baixo
1983801,0.010676,0,Baixo
1986793,0.003165,0,Baixo
1981846,0.013889,0,Baixo
1986397,0.029043,0,Baixo
1967292,0.010676,0,Baixo
1986442,0.023861,0,Baixo
1986408,0.029043,0,Baixo
1982807,0.003165,0,Baixo
1985169,0.030303,0,Baixo
1986612,0.045455,0,Baixo
1983559,0.029043,0,Baixo
1975961,0.143994,0,Baixo
1986200,0.062794,0,Baixo
1972318,0.062794,0,Baixo
1986787,0.090592,0,Baixo
1975289,0.029043,0,Baixo
1986098,0.029043,0,Baixo
1986422,0.143994,0,Baixo
1976991,0.010676,0,Baixo
1986659,0.029043,0,Baixo
1980368,0.023861,0,Baixo
1986799,0.023861,0,Baixo
1972350,0.029043,0,Baixo
1986777,0.062794,0,Baixo
1642627,0.010676,0,Baixo
1986796,0.071023,0,Baixo
1986753,0.0,0,Baixo
1982162,0.062794,0,Baixo
1986765,0.062794,0,Baixo
1241107,0.062794,0,Baixo
1986741,0.009174,0,Baixo
1981561,0.071023,0,Baixo
1981238,0.029043,0,Baixo
1984953,0.062794,0,Baixo
1986775,0.013889,0,Baixo
1977245,0.003165,0,Baixo
1984699,0.090592,0,Baixo
1986783,0.029043,0,Baixo
1986823,0.010676,0,Baixo
1986839,0.080586,0,Baixo
1979674,0.029043,0,Baixo
1986454,0.094203,0,Baixo
1986108,0.080586,0,Baixo
1986846,0.013889,0,Baixo
1986836,0.010676,0,Baixo
1985870,0.009174,0,Baixo
1974900,0.029043,0,Baixo
1986817,0.013889,0,Baixo
1986868,0.010676,0,Baixo
1983768,0.071023,0,Baixo
1986825,0.100213,0,Baixo
1986866,0.029043,0,Baixo
1986858,0.023861,0,Baixo
1986850,0.029043,0,Baixo
1986869,0.009174,0,Baixo
1983148,0.013889,0,Baixo
1986717,0.029043,0,Baixo
1986872,0.023861,0,Baixo
1986880,0.009174,0,Baixo
1986890,0.029043,0,Baixo
1984395,0.029043,0,Baixo
1986876,0.029043,0,Baixo
1986888,0.013889,0,Baixo
1985320,0.100213,0,Baixo
1986517,0.100213,0,Baixo
1986889,0.029043,0,Baixo
1986863,0.062794,0,Baixo
1986901,0.100213,0,Baixo
1984966,0.071023,0,Baixo
1981367,0.023861,0,Baixo
1985851,0.029043,0,Baixo
1984640,0.062794,0,Baixo
1945246,0.090592,0,Baixo
1986895,0.023861,0,Baixo
1986471,0.029043,0,Baixo
1986822,0.062794,0,Baixo
1986004,0.071023,0,Baixo
1986784,0.029043,0,Baixo
1986567,0.013889,0,Baixo
1986723,0.023861,0,Baixo
1983000,0.001348,0,Baixo
1981904,0.010676,0,Baixo
1986286,0.003165,0,Baixo
1986735,0.003165,0,Baixo
1986884,0.009174,0,Baixo
1986898,0.029043,0,Baixo
1984556,0.143994,0,Baixo
1986663,0.029043,0,Baixo
1983402,0.010676,0,Baixo
1986861,0.009174,0,Baixo
1986900,0.029043,0,Baixo
1961971,0.029043,0,Baixo
1986902,0.071023,0,Baixo
1986920,0.023861,0,Baixo
1986907,0.029043,0,Baixo
1986357,0.009174,0,Baixo
1986933,0.010676,0,Baixo
1985285,0.071023,0,Baixo
1984341,0.045455,0,Baixo
1986566,0.029043,0,Baixo
1968642,0.0,0,Baixo
1986253,0.029043,0,Baixo
1977912,0.029043,0,Baixo
1976523,0.023861,0,Baixo
1986944,0.009174,0,Baixo
1974613,0.010676,0,Baixo
1986949,0.013889,0,Baixo
1983781,0.013889,0,Baixo
1986958,0.029043,0,Baixo
1983998,0.010676,0,Baixo
1986966,0.013889,0,Baixo
1986967,0.0,0,Baixo
1986971,0.010676,0,Baixo
1986970,0.062794,0,Baixo
1979482,0.029043,0,Baixo
1986957,0.013889,0,Baixo
1978131,0.013889,0,Baixo
1986980,0.100213,0,Baixo
1986950,0.009174,0,Baixo
1810363,0.062794,0,Baixo
1986989,0.003165,0,Baixo
1986981,0.062794,0,Baixo
1986959,0.090592,0,Baixo
1986587,0.062794,0,Baixo
1986954,0.100213,0,Baixo
1986875,0.010676,0,Baixo
1986964,0.009174,0,Baixo
1986987,0.009174,0,Baixo
1983947,0.023861,0,Baixo
1975770,0.062794,0,Baixo
1986993,0.013889,0,Baixo
1986877,0.010676,0,Baixo
1984365,0.013889,0,Baixo
1986909,0.010676,0,Baixo
1986758,0.029043,0,Baixo
1986992,0.062794,0,Baixo
1986996,0.029043,0,Baixo
1986968,0.013889,0,Baixo
1961270,0.010676,0,Baixo
734308,0.029043,0,Baixo
1977142,0.003165,0,Baixo
1987000,0.009174,0,Baixo
1983370,0.013889,0,Baixo
1975222,0.010676,0,Baixo
1987002,0.023861,0,Baixo
1987004,0.023861,0,Baixo
1987009,0.003165,0,Baixo
1986998,0.100213,0,Baixo
1987019,0.023861,0,Baixo
1987013,0.029043,0,Baixo
1987026,0.023861,0,Baixo
1986821,0.023861,0,Baixo
1986570,0.003165,0,Baixo
1985088,0.029043,0,Baixo
1986549,0.010676,0,Baixo
1987030,0.013889,0,Baixo
1987047,0.071023,0,Baixo
1984173,0.013889,0,Baixo
1987031,0.009174,0,Baixo
1986012,0.100213,0,Baixo
1951417,0.003165,0,Baixo
1986438,0.071023,0,Baixo
1987034,0.029043,0,Baixo
1581340,0.090592,0,Baixo
1987042,0.029043,0,Baixo
1679592,0.062794,0,Baixo
1987048,0.009174,0,Baixo
1295815,0.023861,0,Baixo
1987059,0.062794,0,Baixo
1973107,0.013889,0,Baixo
1987053,0.0,0,Baixo
1977036,0.029043,0,Baixo
1984981,0.029043,0,Baixo
1987044,0.090592,0,Baixo
1983137,0.003165,0,Baixo
1986749,0.003165,0,Baixo
1973211,0.143994,0,Baixo
1987076,0.029043,0,Baixo
1982363,0.013889,0,Baixo
1978978,0.013889,0,Baixo
1987078,0.010676,0,Baixo
1986840,0.010676,0,Baixo
1987074,0.013889,0,Baixo
1987032,0.001348,0,Baixo
1979852,0.009174,0,Baixo
1987090,0.029043,0,Baixo
1975269,0.013889,0,Baixo
1987080,0.010676,0,Baixo
1987067,0.029043,0,Baixo
1987073,0.071023,0,Baixo
1986881,0.029043,0,Baixo
1976197,0.062794,0,Baixo
1953880,0.080586,0,Baixo
1975512,0.143994,0,Baixo
1981547,0.029043,0,Baixo
1986999,0.023861,0,Baixo
1982423,0.029043,0,Baixo
1986791,0.013889,0,Baixo
1980025,0.029043,0,Baixo
1973186,0.062794,0,Baixo
1986935,0.010676,0,Baixo
1986988,0.010676,0,Baixo
1987111,0.029043,0,Baixo
1985774,0.010676,0,Baixo
1987099,0.001348,0,Baixo
1987110,0.009174,0,Baixo
1972812,0.029043,0,Baixo
1981746,0.071023,0,Baixo
1987113,0.001348,0,Baixo
1987109,0.071023,0,Baixo
1987103,0.029043,0,Baixo
1987121,0.013889,0,Baixo
1977641,0.001348,0,Baixo
1987128,0.001348,0,Baixo
1987129,0.023861,0,Baixo
1987135,0.009174,0,Baixo
1976815,0.029043,0,Baixo
1987092,0.009174,0,Baixo
1984587,0.010676,0,Baixo
1987138,0.010676,0,Baixo
1987140,0.001348,0,Baixo
1978576,0.029043,0,Baixo
1981045,0.009174,0,Baixo
1092973,0.023861,0,Baixo
1983548,0.080586,0,Baixo
1987142,0.013889,0,Baixo
1987146,0.0,0,Baixo
1987107,0.001348,0,Baixo
974738,0.071023,0,Baixo
1968160,0.090592,0,Baixo
1986621,0.001348,0,Baixo
1987157,0.001348,0,Baixo
1986090,0.062794,0,Baixo
1972653,0.023861,0,Baixo
1987169,0.071023,0,Baixo
1987162,0.163658,0,Baixo
1987132,0.009174,0,Baixo
1987126,0.029043,0,Baixo
1987156,0.013889,0,Baixo
1983914,0.062794,0,Baixo
1987119,0.023861,0,Baixo
1987149,0.045455,0,Baixo
1987160,0.013889,0,Baixo
1947877,0.143994,0,Baixo
1976500,0.071023,0,Baixo
1987170,0.010676,0,Baixo
1987165,0.029043,0,Baixo
1987164,0.045455,0,Baixo
1985538,0.009174,0,Baixo
1987192,0.013889,0,Baixo
1987173,0.029043,0,Baixo
1987177,0.094203,0,Baixo
1987131,0.013889,0,Baixo
1987150,0.045455,0,Baixo
1975086,0.010676,0,Baixo
1985716,0.013889,0,Baixo
1346264,0.029043,0,Baixo
1987190,0.023861,0,Baixo
1980927,0.009174,0,Baixo
1987203,0.003165,0,Baixo
1977143,0.013889,0,Baixo
1987139,0.029043,0,Baixo
1987187,0.029043,0,Baixo
1987178,0.003165,0,Baixo
1987198,0.029043,0,Baixo
1986780,0.030303,0,Baixo
1987017,0.013889,0,Baixo
1987147,0.001348,0,Baixo
1978235,0.100213,0,Baixo
1987206,0.029043,0,Baixo
1986925,0.003165,0,Baixo
1987220,0.100213,0,Baixo
1977723,0.029043,0,Baixo
1985502,0.013889,0,Baixo
1987214,0.013889,0,Baixo
1987014,0.029043,0,Baixo
1976044,0.010676,0,Baixo
1986716,0.010676,0,Baixo
1985183,0.003165,0,Baixo
1897141,0.023861,0,Baixo
1987105,0.001348,0,Baixo
1968308,0.071023,0,Baixo
1987223,0.029043,0,Baixo
1969488,0.029043,0,Baixo
1982484,0.029043,0,Baixo
1987230,0.0,0,Baixo
1987189,0.001348,0,Baixo
1987233,0.001348,0,Baixo
1982279,0.013889,0,Baixo
1987208,0.143994,0,Baixo
1986833,0.062794,0,Baixo
1972806,0.023861,0,Baixo
1983354,0.029043,0,Baixo
1985816,0.001348,0,Baixo
1987265,0.029043,0,Baixo
1987256,0.009174,0,Baixo
1987254,0.023861,0,Baixo
1984636,0.029043,0,Baixo
1987215,0.013889,0,Baixo
1986815,0.003165,0,Baixo
1974316,0.100213,0,Baixo
1987269,0.0,0,Baixo
1985950,0.071023,0,Baixo
1987159,0.010676,0,Baixo
1973081,0.029043,0,Baixo
1987293,0.003165,0,Baixo
1987184,0.013889,0,Baixo
1987296,0.029043,0,Baixo
1987196,0.001348,0,Baixo
1985142,0.143994,0,Baixo
1975823,0.143994,0,Baixo
1970575,0.100213,0,Baixo
1987312,0.045455,0,Baixo
1986936,0.143994,0,Baixo
1987278,0.003165,0,Baixo
1987249,0.001348,0,Baixo
1987305,0.013889,0,Baixo
1987281,0.071023,0,Baixo
1979279,0.013889,0,Baixo
1981321,0.013889,0,Baixo
1979055,0.094203,0,Baixo
1987330,0.010676,0,Baixo
1987315,0.023861,0,Baixo
1987311,0.013889,0,Baixo
1973574,0.029043,0,Baixo
1987319,0.013889,0,Baixo
1987355,0.023861,0,Baixo
1983815,0.094203,0,Baixo
1972971,0.071023,0,Baixo
1987277,0.029043,0,Baixo
1987339,0.080586,0,Baixo
1987272,0.003165,0,Baixo
1975565,0.143994,0,Baixo
1987379,0.029043,0,Baixo
1987341,0.013889,0,Baixo
1982058,0.001348,0,Baixo
1985287,0.143994,0,Baixo
1985303,0.023861,0,Baixo
1987264,0.003165,0,Baixo
1984184,0.100213,0,Baixo
1987384,0.029043,0,Baixo
1987400,0.029043,0,Baixo
1987386,0.013889,0,Baixo
1976435,0.029043,0,Baixo
1987314,0.045455,0,Baixo
1987350,0.029043,0,Baixo
1987404,0.029043,0,Baixo
1987411,0.062794,0,Baixo
1987422,0.010676,0,Baixo
1986737,0.001348,0,Baixo
1987325,0.010676,0,Baixo
1987287,0.080586,0,Baixo
1981774,0.071023,0,Baixo
1985383,0.166038,0,Baixo
1963029,0.003165,0,Baixo
1865752,0.013889,0,Baixo
1984404,0.010676,0,Baixo
1986383,0.023861,0,Baixo
1984529,0.023861,0,Baixo
1981730,0.029043,0,Baixo
1975429,0.062794,0,Baixo
1977178,0.080586,0,Baixo
1987435,0.013889,0,Baixo
1987426,0.090592,0,Baixo
1987413,0.029043,0,Baixo
1982615,0.009174,0,Baixo
1987348,0.023861,0,Baixo
1987415,0.013889,0,Baixo
1987313,0.029043,0,Baixo
1986426,0.0,0,Baixo
1987443,0.071023,0,Baixo
1982595,0.029043,0,Baixo
1987434,0.003165,0,Baixo
1978082,0.009174,0,Baixo
1987460,0.062794,0,Baixo
1987364,0.013889,0,Baixo
1985298,0.009174,0,Baixo
1987451,0.001348,0,Baixo
1986865,0.013889,0,Baixo
1987390,0.029043,0,Baixo
1987385,0.013889,0,Baixo
1972476,0.003165,0,Baixo
1987557,0.023861,0,Baixo
1987596,0.003165,0,Baixo
1987403,0.029043,0,Baixo
1987636,0.029043,0,Baixo
1970374,0.001348,0,Baixo
1976082,0.013889,0,Baixo
1987552,0.013889,0,Baixo
1983907,0.029043,0,Baixo
1987493,0.029043,0,Baixo
1987496,0.023861,0,Baixo
1987520,0.013889,0,Baixo
1987540,0.010676,0,Baixo
1987655,0.023861,0,Baixo
1987541,0.001348,0,Baixo
1987463,0.023861,0,Baixo
1987500,0.023861,0,Baixo
1987533,0.029043,0,Baixo
1987660,0.013889,0,Baixo
1987488,0.0,0,Baixo
1987746,0.010676,0,Baixo
1987476,0.062794,0,Baixo
1987610,0.010676,0,Baixo
1987498,0.001348,0,Baixo
1987703,0.010676,0,Baixo
1987593,0.013889,0,Baixo
1987453,0.229935,0,Medio
1987571,0.009174,0,Baixo
1987631,0.010676,0,Baixo
1987517,0.003165,0,Baixo
1987585,0.030303,0,Baixo
1987736,0.003165,0,Baixo
1987652,0.010676,0,Baixo
1987565,0.029043,0,Baixo
1987558,0.023861,0,Baixo
1987553,0.001348,0,Baixo
1987549,0.062794,0,Baixo
1987522,0.001348,0,Baixo
1689675,0.029043,0,Baixo
1969704,0.029043,0,Baixo
1987550,0.029043,0,Baixo
1987634,0.029043,0,Baixo
1987584,0.013889,0,Baixo
1987492,0.062794,0,Baixo
1987772,0.010676,0,Baixo
1987730,0.010676,0,Baixo
1987461,0.045455,0,Baixo
1987638,0.045455,0,Baixo
1987649,0.062794,0,Baixo
1984755,0.009174,0,Baixo
1981034,0.062794,0,Baixo
1987783,0.029043,0,Baixo
1985529,0.001348,0,Baixo
1987519,0.001348,0,Baixo
1987583,0.001348,0,Baixo
1987683,0.003165,0,Baixo
1987691,0.003165,0,Baixo
1987802,0.023861,0,Baixo
1987645,0.029043,0,Baixo
1987514,0.013889,0,Baixo
1984311,0.029043,0,Baixo
1987734,0.029043,0,Baixo
1987751,0.023861,0,Baixo
1987790,0.003165,0,Baixo
1978394,0.071023,0,Baixo
1987743,0.003165,0,Baixo
1987768,0.023861,0,Baixo
1987642,0.029043,0,Baixo
1987714,0.029043,0,Baixo
1987455,0.001348,0,Baixo
1987559,0.029043,0,Baixo
1987793,0.023861,0,Baixo
1987481,0.013889,0,Baixo
1987669,0.013889,0,Baixo
1987712,0.029043,0,Baixo
1987835,0.023861,0,Baixo
1987821,0.010676,0,Baixo
1987732,0.010676,0,Baixo
1987334,0.062794,0,Baixo
1987704,0.013889,0,Baixo
1987850,0.009174,0,Baixo
1987847,0.013889,0,Baixo
1987721,0.029043,0,Baixo
1987654,0.029043,0,Baixo
1987864,0.009174,0,Baixo
1987548,0.003165,0,Baixo
1973450,0.176674,0,Baixo
1972983,0.013889,0,Baixo
1987858,0.029043,0,Baixo
1987855,0.029043,0,Baixo
1987867,0.001348,0,Baixo
1987845,0.029043,0,Baixo
1987072,0.100213,0,Baixo
1985083,0.071023,0,Baixo
1987774,0.010676,0,Baixo
1987884,0.010676,0,Baixo
1986547,0.001348,0,Baixo
1987750,0.013889,0,Baixo
1986521,0.013889,0,Baixo
1987792,0.010676,0,Baixo
1986440,0.029043,0,Baixo
1987804,0.003165,0,Baixo
1987888,0.029043,0,Baixo
1987900,0.003165,0,Baixo
1987894,0.062794,0,Baixo
1987477,0.029043,0,Baixo
1987898,0.009174,0,Baixo
1987337,0.001348,0,Baixo
1987346,0.071023,0,Baixo
1972785,0.010676,0,Baixo
1985522,0.013889,0,Baixo
1987279,0.143994,0,Baixo
1987749,0.023861,0,Baixo
1982317,0.143994,0,Baixo
1987414,0.013889,0,Baixo
1987765,0.029043,0,Baixo
1987913,0.062794,0,Baixo
1987902,0.029043,0,Baixo
1987919,0.029043,0,Baixo
1986724,0.009174,0,Baixo
1987844,0.009174,0,Baixo
1987914,0.029043,0,Baixo
1973967,0.023861,0,Baixo
1987166,0.062794,0,Baixo
1987924,0.013889,0,Baixo
1984884,0.029043,0,Baixo
1987356,0.045455,0,Baixo
1987298,0.003165,0,Baixo
1987949,0.001348,0,Baixo
1976917,0.071023,0,Baixo
1987616,0.009174,0,Baixo
1986448,0.062794,0,Baixo
1987934,0.013889,0,Baixo
1987941,0.013889,0,Baixo
1977177,0.029043,0,Baixo
1987953,0.013889,0,Baixo
1987925,0.010676,0,Baixo
1987535,0.010676,0,Baixo
1972871,0.029043,0,Baixo
1987954,0.001348,0,Baixo
1974517,0.029043,0,Baixo
1984405,0.013889,0,Baixo
1987972,0.143994,0,Baixo
1983630,0.013889,0,Baixo
1807874,0.029043,0,Baixo
1987969,0.029043,0,Baixo
1607075,0.062794,0,Baixo
1987986,0.062794,0,Baixo
1987690,0.013889,0,Baixo
1986492,0.010676,0,Baixo
1987985,0.029043,0,Baixo
1983279,0.029043,0,Baixo
1987950,0.023861,0,Baixo
1975167,0.013889,0,Baixo
1987992,0.062794,0,Baixo
1987698,0.003165,0,Baixo
1987930,0.010676,0,Baixo
1987929,0.029043,0,Baixo
1987613,0.013889,0,Baixo
1987999,0.100213,0,Baixo
1987982,0.003165,0,Baixo
1973132,0.045455,0,Baixo
1987456,0.029043,0,Baixo
1433405,0.013889,0,Baixo
1987788,0.009174,0,Baixo
1922804,0.003165,0,Baixo
1987317,0.013889,0,Baixo
1988006,0.010676,0,Baixo
1988015,0.029043,0,Baixo
1988012,0.029043,0,Baixo
1987979,0.062794,0,Baixo
1988021,0.010676,0,Baixo
1988019,0.003165,0,Baixo
1972817,0.163658,0,Baixo
1988025,0.001348,0,Baixo
1988027,0.100213,0,Baixo
1984104,0.080586,0,Baixo
1981767,0.029043,0,Baixo
1988040,0.009174,0,Baixo
1988042,0.003165,0,Baixo
1981250,0.029043,0,Baixo
1970583,0.071023,0,Baixo
1988047,0.029043,0,Baixo
1988051,0.013889,0,Baixo
1987367,0.062794,0,Baixo
1988063,0.010676,0,Baixo
1974164,0.062794,0,Baixo
1986134,0.013889,0,Baixo
1976363,0.003165,0,Baixo
1988065,0.023861,0,Baixo
1953272,0.029043,0,Baixo
1985208,0.001348,0,Baixo
1987430,0.0,0,Baixo
1986703,0.023861,0,Baixo
1987327,0.013889,0,Baixo
1985995,0.143994,0,Baixo
1985988,0.029043,0,Baixo
1986832,0.029043,0,Baixo
1985564,0.071023,0,Baixo
1987068,0.010676,0,Baixo
1980209,0.009174,0,Baixo
1988088,0.009174,0,Baixo
1975894,0.045455,0,Baixo
1263145,0.029043,0,Baixo
1986226,0.029043,0,Baixo
1983349,0.029043,0,Baixo
1986294,0.029043,0,Baixo
1983389,0.013889,0,Baixo
1985991,0.062794,0,Baixo
1673141,0.029043,0,Baixo
1981416,0.001348,0,Baixo
1981073,0.010676,0,Baixo
1988105,0.013889,0,Baixo
1972712,0.029043,0,Baixo
1987439,0.071023,0,Baixo
1981583,0.010676,0,Baixo
1986916,0.001348,0,Baixo
1988121,0.094203,0,Baixo
1976047,0.143994,0,Baixo
1988104,0.003165,0,Baixo
1970588,0.029043,0,Baixo
1988124,0.100213,0,Baixo
1986696,0.010676,0,Baixo
1988028,0.003165,0,Baixo
1987227,0.029043,0,Baixo
1988115,0.090592,0,Baixo
1986080,0.001348,0,Baixo
1962171,0.100213,0,Baixo
1988129,0.029043,0,Baixo
1979960,0.029043,0,Baixo
1988144,0.029043,0,Baixo
1988155,0.029043,0,Baixo
1987235,0.013889,0,Baixo
1988134,0.013889,0,Baixo
1983854,0.201923,0,Medio
1988151,0.029043,0,Baixo
1988140,0.003165,0,Baixo
1988158,0.013889,0,Baixo
1859918,0.100213,0,Baixo
1988102,0.029043,0,Baixo
1987880,0.023861,0,Baixo
1982657,0.029043,0,Baixo
1971152,0.003165,0,Baixo
1835047,0.029043,0,Baixo
1986873,0.003165,0,Baixo
1977443,0.009174,0,Baixo
1988192,0.001348,0,Baixo
1988201,0.045455,0,Baixo
1956848,0.062794,0,Baixo
1628655,0.071023,0,Baixo
1983807,0.0,0,Baixo
1966868,0.029043,0,Baixo
1975370,0.010676,0,Baixo
1983806,0.100213,0,Baixo
1971844,0.023861,0,Baixo
1988215,0.080586,0,Baixo
1972802,0.023861,0,Baixo
1987328,0.0,0,Baixo
1987243,0.045455,0,Baixo
1972961,0.062794,0,Baixo
1973778,0.013889,0,Baixo
1988226,0.010676,0,Baixo
1978926,0.029043,0,Baixo
1988208,0.010676,0,Baixo
1988231,0.010676,0,Baixo
1984897,0.001348,0,Baixo
1978688,0.080586,0,Baixo
1986568,0.071023,0,Baixo
1986063,0.100213,0,Baixo
1988240,0.143994,0,Baixo
1988244,0.094203,0,Baixo
1988230,0.029043,0,Baixo
1988236,0.023861,0,Baixo
1783126,0.009174,0,Baixo
1988245,0.100213,0,Baixo
1988257,0.013889,0,Baixo
1988259,0.009174,0,Baixo
1988247,0.010676,0,Baixo
1978315,0.013889,0,Baixo
1977009,0.013889,0,Baixo
1988256,0.013889,0,Baixo
1790000,0.029043,0,Baixo
1986487,0.045455,0,Baixo
1972959,0.100213,0,Baixo
1955015,0.013889,0,Baixo
1988277,0.003165,0,Baixo
1954648,0.003165,0,Baixo
1988272,0.001348,0,Baixo
1819250,0.003165,0,Baixo
1988291,0.013889,0,Baixo
1988293,0.029043,0,Baixo
1988280,0.010676,0,Baixo
1988251,0.029043,0,Baixo
1988276,0.0,0,Baixo
1968103,0.013889,0,Baixo
1987432,0.062794,0,Baixo
1988322,0.029043,0,Baixo
1988287,0.003165,0,Baixo
1973219,0.003165,0,Baixo
1983963,0.029043,0,Baixo
1988333,0.009174,0,Baixo
1978469,0.013889,0,Baixo
1988296,0.009174,0,Baixo
1988329,0.003165,0,Baixo
1988355,0.003165,0,Baixo
1988321,0.023861,0,Baixo
664235,0.029043,0,Baixo
1986541,0.003165,0,Baixo
1081671,0.062794,0,Baixo
1983828,0.100213,0,Baixo
1988313,0.029043,0,Baixo
1988341,0.029043,0,Baixo
1987815,0.029043,0,Baixo
1975784,0.071023,0,Baixo
1988362,0.029043,0,Baixo
1987041,0.062794,0,Baixo
1987580,0.001348,0,Baixo
1988390,0.013889,0,Baixo
1988397,0.029043,0,Baixo
1987167,0.013889,0,Baixo
1988398,0.010676,0,Baixo
1972164,0.023861,0,Baixo
1987387,0.003165,0,Baixo
1986972,0.003165,0,Baixo
1972315,0.163658,0,Baixo
1988414,0.02291,0,Baixo
1981852,0.062794,0,Baixo
1988378,0.009174,0,Baixo
1988435,0.013889,0,Baixo
1670871,0.090592,0,Baixo
1988300,0.013889,0,Baixo
1978205,0.029043,0,Baixo
1988210,0.001348,0,Baixo
1988391,0.029043,0,Baixo
1988396,0.029043,0,Baixo
1988443,0.062794,0,Baixo
1988380,0.0,0,Baixo
1988445,0.029043,0,Baixo
1988468,0.045455,0,Baixo
1988472,0.003165,0,Baixo
1988439,0.023861,0,Baixo
1983488,0.029043,0,Baixo
1988463,0.062794,0,Baixo
1988478,0.013889,0,Baixo
1988485,0.001348,0,Baixo
1988359,0.013889,0,Baixo
1986732,0.013889,0,Baixo
1986042,0.023861,0,Baixo
1980865,0.062794,0,Baixo
1988212,0.023861,0,Baixo
1979779,0.009174,0,Baixo
1988347,0.029043,0,Baixo
1988479,0.001348,0,Baixo
1988490,0.013889,0,Baixo
1980727,0.023861,0,Baixo
1988508,0.0,0,Baixo
1988501,0.001348,0,Baixo
1988518,0.013889,0,Baixo
1986519,0.226481,0,Medio
1985682,0.013889,0,Baixo
1969758,0.080586,0,Baixo
1969692,0.013889,0,Baixo
1988504,0.001348,0,Baixo
1987707,0.023861,0,Baixo
1988497,0.013889,0,Baixo
1976434,0.029043,0,Baixo
1988538,0.001348,0,Baixo
1988548,0.062794,0,Baixo
1974790,0.029043,0,Baixo
1987428,0.029043,0,Baixo
1988557,0.062794,0,Baixo
1988442,0.003165,0,Baixo
1979973,0.001348,0,Baixo
1988177,0.094203,0,Baixo
1988413,0.029043,0,Baixo
1988570,0.029043,0,Baixo
1988560,0.071023,0,Baixo
1988579,0.029043,0,Baixo
1987210,0.009174,0,Baixo
1988429,0.003165,0,Baixo
1984205,0.013889,0,Baixo
1986467,0.143994,0,Baixo
1988585,0.023861,0,Baixo
1988024,0.009174,0,Baixo
1988599,0.029043,0,Baixo
1887386,0.029043,0,Baixo
1988587,0.023861,0,Baixo
1988565,0.029043,0,Baixo
1980395,0.013889,0,Baixo
1988616,0.090592,0,Baixo
1988608,0.009174,0,Baixo
1988612,0.009174,0,Baixo
1988617,0.062794,0,Baixo
1987810,0.001348,0,Baixo
1974461,0.100213,0,Baixo
1976834,0.009174,0,Baixo
1986550,0.009174,0,Baixo
1986628,0.013889,0,Baixo
1987064,0.029043,0,Baixo
1988369,0.029043,0,Baixo
1988339,0.0,0,Baixo
1988622,0.023861,0,Baixo
1988606,0.003165,0,Baixo
1986125,0.013889,0,Baixo
1988626,0.100213,0,Baixo
1987431,0.001348,0,Baixo
1988653,0.062794,0,Baixo
1963236,0.029043,0,Baixo
1988648,0.013889,0,Baixo
1764222,0.029043,0,Baixo
1986772,0.029043,0,Baixo
1988660,0.023861,0,Baixo
1983034,0.003165,0,Baixo
1988658,0.013889,0,Baixo
1968150,0.029043,0,Baixo
1988620,0.029043,0,Baixo
1988663,0.029043,0,Baixo
1986646,0.009174,0,Baixo
1988406,0.029043,0,Baixo
1988316,0.045455,0,Baixo
1987859,0.029043,0,Baixo
1986475,0.003165,0,Baixo
1988666,0.013889,0,Baixo
1988627,0.029043,0,Baixo
1988665,0.029043,0,Baixo
1988519,0.029043,0,Baixo
1987970,0.003165,0,Baixo
1988682,0.029043,0,Baixo
1987916,0.143994,0,Baixo
1987829,0.001348,0,Baixo
1979434,0.143994,0,Baixo
1988053,0.029043,0,Baixo
1988677,0.009174,0,Baixo
1941071,0.029043,0,Baixo
1988697,0.003165,0,Baixo
1988180,0.029043,0,Baixo
1988701,0.0,0,Baixo
1980228,0.029043,0,Baixo
1988668,0.071023,0,Baixo
1988690,0.071023,0,Baixo
1988523,0.001348,0,Baixo
1988709,0.023861,0,Baixo
1988642,0.009174,0,Baixo
1982309,0.045455,0,Baixo
1988713,0.003165,0,Baixo
1988707,0.062794,0,Baixo
1988728,0.143994,0,Baixo
1988705,0.013889,0,Baixo
1988698,0.013889,0,Baixo
1988716,0.010676,0,Baixo
1988706,0.029043,0,Baixo
1987425,0.013889,0,Baixo
1964721,0.023861,0,Baixo
1981496,0.029043,0,Baixo
1968852,0.003165,0,Baixo
1987112,0.029043,0,Baixo
1988710,0.029043,0,Baixo
1988715,0.029043,0,Baixo
1988555,0.010676,0,Baixo
1988729,0.013889,0,Baixo
1988712,0.029043,0,Baixo
1988723,0.023861,0,Baixo
1985222,0.029043,0,Baixo
1988733,0.029043,0,Baixo
1988739,0.013889,0,Baixo
1988751,0.029043,0,Baixo
1987058,0.094203,0,Baixo
1988702,0.013889,0,Baixo
1968170,0.013889,0,Baixo
1976899,0.071023,0,Baixo
1988270,0.013889,0,Baixo
1988747,0.013889,0,Baixo
1988762,0.029043,0,Baixo
1988737,0.023861,0,Baixo
1986398,0.029043,0,Baixo
1988767,0.0,0,Baixo
1988772,0.029043,0,Baixo
1988765,0.143994,0,Baixo
1988795,0.071023,0,Baixo
1988787,0.001348,0,Baixo
1988695,0.003165,0,Baixo
1988806,0.090592,0,Baixo
1986824,0.013889,0,Baixo
1988803,0.003165,0,Baixo
1988217,0.023861,0,Baixo
564493,0.029043,0,Baixo
1970115,0.029043,0,Baixo
1978236,0.029043,0,Baixo
1988558,0.023861,0,Baixo
1988817,0.062794,0,Baixo
1988515,0.013889,0,Baixo
1988821,0.062794,0,Baixo
1988681,0.003165,0,Baixo
1988807,0.029043,0,Baixo
1987809,0.013889,0,Baixo
1988838,0.143994,0,Baixo
1986116,0.023861,0,Baixo
1988678,0.013889,0,Baixo
1988842,0.071023,0,Baixo
1987885,0.023861,0,Baixo
1986730,0.062794,0,Baixo
1988830,0.010676,0,Baixo
1988825,0.009174,0,Baixo
1988848,0.029043,0,Baixo
1988451,0.062794,0,Baixo
1988786,0.013889,0,Baixo
1988840,0.029043,0,Baixo
1988853,0.003165,0,Baixo
1988793,0.013889,0,Baixo
1988863,0.013889,0,Baixo
1988858,0.003165,0,Baixo
1986201,0.045455,0,Baixo
1988864,0.029043,0,Baixo
1988850,0.003165,0,Baixo
1988243,0.023861,0,Baixo
1988855,0.071023,0,Baixo
1988870,0.100213,0,Baixo
1987082,0.009174,0,Baixo
1981042,0.013889,0,Baixo
1988869,0.013889,0,Baixo
1987458,0.010676,0,Baixo
1988866,0.009174,0,Baixo
1987033,0.009174,0,Baixo
1988875,0.094203,0,Baixo
1988911,0.094203,0,Baixo
1979354,0.143994,0,Baixo
1988893,0.001348,0,Baixo
1988148,0.013889,0,Baixo
1988937,0.029043,0,Baixo
1988921,0.029043,0,Baixo
1988822,0.071023,0,Baixo
1986627,0.013889,0,Baixo
1983818,0.029043,0,Baixo
1988927,0.009174,0,Baixo
1988930,0.010676,0,Baixo
1988629,0.001348,0,Baixo
1988824,0.062794,0,Baixo
1988961,0.062794,0,Baixo
1971995,0.023861,0,Baixo
1981040,0.029043,0,Baixo
1988949,0.009174,0,Baixo
1988951,0.062794,0,Baixo
1984452,0.001348,0,Baixo
1988967,0.013889,0,Baixo
1988908,0.013889,0,Baixo
1988919,0.003165,0,Baixo
1988932,0.062794,0,Baixo
1988033,0.003165,0,Baixo
1988936,0.062794,0,Baixo
1981301,0.029043,0,Baixo
1988968,0.071023,0,Baixo
1988966,0.003165,0,Baixo
1978805,0.009174,0,Baixo
1988985,0.029043,0,Baixo
1988976,0.062794,0,Baixo
1988854,0.013889,0,Baixo
1988916,0.010676,0,Baixo
1988989,0.100213,0,Baixo
1986499,0.071023,0,Baixo
1987651,0.029043,0,Baixo
1973146,0.080586,0,Baixo
1988994,0.013889,0,Baixo
1988964,0.013889,0,Baixo
1971665,0.100213,0,Baixo
1988982,0.062794,0,Baixo
1969905,0.023861,0,Baixo
1988820,0.100213,0,Baixo
1987193,0.003165,0,Baixo
1970967,0.010676,0,Baixo
1989013,0.013889,0,Baixo
1985630,0.001348,0,Baixo
1981093,0.029043,0,Baixo
1988676,0.029043,0,Baixo
1964629,0.010676,0,Baixo
1988860,0.001348,0,Baixo
1986686,0.029043,0,Baixo
1989026,0.0,0,Baixo
1988990,0.009174,0,Baixo
1947032,0.143994,0,Baixo
1971492,0.029043,0,Baixo
1987834,0.013889,0,Baixo
1989021,0.143994,0,Baixo
1988999,0.029043,0,Baixo
1989031,0.023861,0,Baixo
1989027,0.029043,0,Baixo
1939906,0.071023,0,Baixo
1989052,0.071023,0,Baixo
1989041,0.003165,0,Baixo
1988343,0.071023,0,Baixo
1989040,0.013889,0,Baixo
1989032,0.023861,0,Baixo
1981796,0.029043,0,Baixo
1988894,0.029043,0,Baixo
1988810,0.062794,0,Baixo
1987373,0.062794,0,Baixo
1984565,0.023861,0,Baixo
1988913,0.100213,0,Baixo
1989043,0.003165,0,Baixo
1989068,0.013889,0,Baixo
1989057,0.010676,0,Baixo
1989059,0.013889,0,Baixo
1988566,0.0,0,Baixo
1987362,0.062794,0,Baixo
1989085,0.001348,0,Baixo
1975445,0.013889,0,Baixo
1985973,0.001348,0,Baixo
1989098,0.062794,0,Baixo
1989073,0.062794,0,Baixo
1989035,0.143994,0,Baixo
1989089,0.0,0,Baixo
1989091,0.013889,0,Baixo
1989005,0.062794,0,Baixo
1989069,0.009174,0,Baixo
1988754,0.071023,0,Baixo
1989097,0.009174,0,Baixo
1989011,0.029043,0,Baixo
1988998,0.071023,0,Baixo
1988889,0.12069,0,Baixo
1988906,0.010676,0,Baixo
1988314,0.071023,0,Baixo
1918064,0.029043,0,Baixo
1988841,0.090592,0,Baixo
1988965,0.023861,0,Baixo
1989099,0.010676,0,Baixo
1989100,0.003165,0,Baixo
1989107,0.023861,0,Baixo
1980543,0.023861,0,Baixo
1988948,0.013889,0,Baixo
1988720,0.029043,0,Baixo
1986658,0.029043,0,Baixo
1988971,0.001348,0,Baixo
1988254,0.009174,0,Baixo
1987673,0.010676,0,Baixo
1981575,0.013889,0,Baixo
1989087,0.013889,0,Baixo
1988934,0.010676,0,Baixo
1987326,0.045455,0,Baixo
1982879,0.071023,0,Baixo
1989126,0.003165,0,Baixo
1982388,0.029043,0,Baixo
700002,0.080586,0,Baixo
1984180,0.003165,0,Baixo
1977705,0.062794,0,Baixo
1987789,0.029043,0,Baixo
1989015,0.094203,0,Baixo
1989034,0.013889,0,Baixo
1989133,0.010676,0,Baixo
1988996,0.062794,0,Baixo
1988959,0.023861,0,Baixo
1988941,0.0,0,Baixo
1988956,0.029043,0,Baixo
1989131,0.001348,0,Baixo
1989135,0.013889,0,Baixo
1971317,0.029043,0,Baixo
1986046,0.071023,0,Baixo
1988433,0.062794,0,Baixo
1989140,0.010676,0,Baixo
1989144,0.143994,0,Baixo
1975431,0.029043,0,Baixo
1989149,0.013889,0,Baixo
1988568,0.003165,0,Baixo
1989156,0.010676,0,Baixo
1989174,0.029043,0,Baixo
1989124,0.010676,0,Baixo
1989148,0.003165,0,Baixo
1989141,0.003165,0,Baixo
1976624,0.071023,0,Baixo
1984595,0.013889,0,Baixo
1988691,0.029043,0,Baixo
1986262,0.071023,0,Baixo
1987392,0.013889,0,Baixo
1986399,0.003165,0,Baixo
1989197,0.010676,0,Baixo
1989064,0.029043,0,Baixo
1974592,0.029043,0,Baixo
1988857,0.010676,0,Baixo
1986762,0.100213,0,Baixo
1986841,0.009174,0,Baixo
1989136,0.029043,0,Baixo
1989142,0.003165,0,Baixo
1989168,0.045455,0,Baixo
1989202,0.029043,0,Baixo
1978653,0.013889,0,Baixo
1989181,0.023861,0,Baixo
1989082,0.009174,0,Baixo
1986177,0.029043,0,Baixo
1989189,0.013889,0,Baixo
1989182,0.029043,0,Baixo
1989178,0.029043,0,Baixo
1989175,0.013889,0,Baixo
1989163,0.009174,0,Baixo
1989155,0.010676,0,Baixo
1989153,0.029043,0,Baixo
1975236,0.023861,0,Baixo
1989146,0.013889,0,Baixo
1988512,0.013889,0,Baixo
1984711,0.009174,0,Baixo
1989216,0.062794,0,Baixo
1989213,0.013889,0,Baixo
1989056,0.013889,0,Baixo
1989198,0.029043,0,Baixo
1976431,0.003165,0,Baixo
1989207,0.029043,0,Baixo
1978783,0.029043,0,Baixo
1989214,0.029043,0,Baixo
1989208,0.010676,0,Baixo
1989221,0.029043,0,Baixo
1988475,0.023861,0,Baixo
1989219,0.009174,0,Baixo
1989193,0.010676,0,Baixo
1989051,0.029043,0,Baixo
1980990,0.003165,0,Baixo
1986370,0.013889,0,Baixo
1981536,0.001348,0,Baixo
1989200,0.080586,0,Baixo
1989236,0.009174,0,Baixo
1989137,0.010676,0,Baixo
1970215,0.013889,0,Baixo
1989246,0.029043,0,Baixo
1986802,0.019754,0,Baixo
1985965,0.062794,0,Baixo
1989247,0.013889,0,Baixo
1732499,0.029043,0,Baixo
1982118,0.100213,0,Baixo
1972305,0.071023,0,Baixo
1981983,0.0,0,Baixo
1987958,0.013889,0,Baixo
1985848,0.143994,0,Baixo
1987323,0.029043,0,Baixo
1988815,0.013889,0,Baixo
1719658,0.071023,0,Baixo
1834247,0.023861,0,Baixo
1989251,0.009174,0,Baixo
1989159,0.009174,0,Baixo
1989253,0.029043,0,Baixo
1989275,0.003165,0,Baixo
1974796,0.010676,0,Baixo
1987745,0.029043,0,Baixo
1989288,0.010676,0,Baixo
1988778,0.100213,0,Baixo
1989220,0.0,0,Baixo
1988186,0.001348,0,Baixo
1989272,0.009174,0,Baixo
1988735,0.013889,0,Baixo
1987637,0.013889,0,Baixo
1989273,0.010676,0,Baixo
1989315,0.029043,0,Baixo
1989092,0.013889,0,Baixo
1975677,0.143994,0,Baixo
1987423,0.029043,0,Baixo
1988365,0.029043,0,Baixo
1988536,0.013889,0,Baixo
1987101,0.023861,0,Baixo
1989312,0.010676,0,Baixo
1989169,0.071023,0,Baixo
1989324,0.094203,0,Baixo
1988218,0.003165,0,Baixo
1989166,0.023861,0,Baixo
1978500,0.010676,0,Baixo
1987136,0.009174,0,Baixo
1989319,0.090592,0,Baixo
1989132,0.029043,0,Baixo
1974816,0.030303,0,Baixo
1565423,0.010676,0,Baixo
1989327,0.009174,0,Baixo
1989339,0.003165,0,Baixo
1989338,0.013889,0,Baixo
1989307,0.029043,0,Baixo
1989317,0.062794,0,Baixo
1989262,0.009174,0,Baixo
1989284,0.009174,0,Baixo
1989350,0.090592,0,Baixo
1989336,0.013889,0,Baixo
1989326,0.100213,0,Baixo
1982514,0.009174,0,Baixo
1989352,0.003165,0,Baixo
1989353,0.009174,0,Baixo
1944297,0.010676,0,Baixo
1987144,0.029043,0,Baixo
1984708,0.094203,0,Baixo
1989245,0.013889,0,Baixo
1975160,0.062794,0,Baixo
1971826,0.029043,0,Baixo
1974378,0.029043,0,Baixo
1989226,0.013889,0,Baixo
1981016,0.029043,0,Baixo
1023937,0.023861,0,Baixo
1951294,0.062794,0,Baixo
1988246,0.100213,0,Baixo
1989297,0.029043,0,Baixo
1989378,0.023861,0,Baixo
1987118,0.013889,0,Baixo
1989075,0.010676,0,Baixo
1954021,0.029043,0,Baixo
1984572,0.001348,0,Baixo
1989369,0.001348,0,Baixo
1989376,0.100213,0,Baixo
1989227,0.029043,0,Baixo
1979178,0.143994,0,Baixo
1987259,0.090592,0,Baixo
1985903,0.029043,0,Baixo
1989396,0.045455,0,Baixo
1987349,0.013889,0,Baixo
1989414,0.009174,0,Baixo
1989050,0.013889,0,Baixo
1988808,0.029043,0,Baixo
1989373,0.143994,0,Baixo
1989405,0.023861,0,Baixo
1980428,0.100213,0,Baixo
1984653,0.010676,0,Baixo
1254205,0.094203,0,Baixo
1979122,0.029043,0,Baixo
1989417,0.023861,0,Baixo
1984522,0.045455,0,Baixo
1989423,0.023861,0,Baixo
1985201,0.013889,0,Baixo
1989375,0.029043,0,Baixo
1984669,0.009174,0,Baixo
1989429,0.001348,0,Baixo
1989295,0.013889,0,Baixo
1980659,0.094203,0,Baixo
1924306,0.010676,0,Baixo
1987740,0.013889,0,Baixo
1975764,0.062794,0,Baixo
1988473,0.029043,0,Baixo
1951755,0.062794,0,Baixo
1989228,0.100213,0,Baixo
1989444,0.013889,0,Baixo
1989045,0.163658,0,Baixo
1988895,0.143994,0,Baixo
1986789,0.163658,0,Baixo
1987800,0.013889,0,Baixo
1989440,0.094203,0,Baixo
1989442,0.023861,0,Baixo
1989420,0.010676,0,Baixo
1988607,0.029043,0,Baixo
1972538,0.009174,0,Baixo
1989453,0.029043,0,Baixo
1985904,0.090592,0,Baixo
1989400,0.013889,0,Baixo
1989471,0.009174,0,Baixo
1979963,0.090592,0,Baixo
1969824,0.045455,0,Baixo
1989472,0.023861,0,Baixo
1978241,0.029043,0,Baixo
1982222,0.062794,0,Baixo
1989437,0.029043,0,Baixo
1989479,0.013889,0,Baixo
1988741,0.100213,0,Baixo
1987861,0.062794,0,Baixo
1981706,0.030303,0,Baixo
1989464,0.029043,0,Baixo
1989473,0.029043,0,Baixo
1989454,0.009174,0,Baixo
1988938,0.029043,0,Baixo
1989419,0.029043,0,Baixo
1979127,0.023861,0,Baixo
1989498,0.013889,0,Baixo
1978703,0.029043,0,Baixo
1984432,0.023861,0,Baixo
1989468,0.013889,0,Baixo
1980561,0.013889,0,Baixo
1989466,0.0,0,Baixo
1989192,0.029043,0,Baixo
1989527,0.071023,0,Baixo
1979667,0.062794,0,Baixo
1989480,0.013889,0,Baixo
1989530,0.071023,0,Baixo
1989106,0.013889,0,Baixo
1989507,0.013889,0,Baixo
1989505,0.029043,0,Baixo
1989493,0.029043,0,Baixo
1989514,0.013889,0,Baixo
1986733,0.080586,0,Baixo
1989511,0.023861,0,Baixo
1987819,0.009174,0,Baixo
1977835,0.062794,0,Baixo
1988392,0.010676,0,Baixo
1983728,0.010676,0,Baixo
1989546,0.023861,0,Baixo
1982306,0.023861,0,Baixo
1989528,0.029043,0,Baixo
1989508,0.013889,0,Baixo
1989460,0.071023,0,Baixo
1989533,0.090592,0,Baixo
1981449,0.013889,0,Baixo
1989183,0.062794,0,Baixo
1978562,0.023861,0,Baixo
1989554,0.143994,0,Baixo
1989127,0.071023,0,Baixo
1978473,0.029043,0,Baixo
1987988,0.010676,0,Baixo
1989566,0.013889,0,Baixo
1989549,0.0,0,Baixo
1989548,0.009174,0,Baixo
1989463,0.029043,0,Baixo
1978683,0.029043,0,Baixo
1988904,0.029043,0,Baixo
1989541,0.010676,0,Baixo
1985917,0.013889,0,Baixo
1979294,0.029043,0,Baixo
1989576,0.003165,0,Baixo
1987335,0.023861,0,Baixo
1989569,0.029043,0,Baixo
1986350,0.013889,0,Baixo
1989564,0.023861,0,Baixo
1987263,0.029043,0,Baixo
1979515,0.062794,0,Baixo
1989565,0.029043,0,Baixo
1989467,0.062794,0,Baixo
1989613,0.023861,0,Baixo
1981499,0.013889,0,Baixo
1989592,0.029043,0,Baixo
1989615,0.023861,0,Baixo
1977897,0.023861,0,Baixo
1370223,0.013889,0,Baixo
1987767,0.029043,0,Baixo
1989614,0.029043,0,Baixo
1989618,0.003165,0,Baixo
1966411,0.029043,0,Baixo
1989365,0.023861,0,Baixo
1980382,0.009174,0,Baixo
1986707,0.023861,0,Baixo
1989555,0.010676,0,Baixo
1989491,0.029043,0,Baixo
1989619,0.029043,0,Baixo
1988258,0.013889,0,Baixo
1989623,0.013889,0,Baixo
1979891,0.071023,0,Baixo
1982634,0.039532,0,Baixo
1989597,0.029043,0,Baixo
1989422,0.010676,0,Baixo
1989415,0.013889,0,Baixo
1989523,0.013889,0,Baixo
1979942,0.080586,0,Baixo
1982476,0.023861,0,Baixo
1989524,0.010676,0,Baixo
1989660,0.003165,0,Baixo
1988220,0.062794,0,Baixo
1988050,0.013889,0,Baixo
1989643,0.029043,0,Baixo
1987554,0.010676,0,Baixo
1989500,0.003165,0,Baixo
1989585,0.010676,0,Baixo
1989663,0.0,0,Baixo
1989644,0.013889,0,Baixo
1989680,0.062794,0,Baixo
1989645,0.029043,0,Baixo
1989610,0.003165,0,Baixo
1989655,0.003165,0,Baixo
1989675,0.009174,0,Baixo
1979713,0.100213,0,Baixo
1989646,0.0,0,Baixo
1980922,0.003165,0,Baixo
1989595,0.0,0,Baixo
1989688,0.013889,0,Baixo
1989661,0.013889,0,Baixo
1989697,0.003165,0,Baixo
1989659,0.0,0,Baixo
1989693,0.013889,0,Baixo
1986805,0.013889,0,Baixo
1989689,0.003165,0,Baixo
1989699,0.045455,0,Baixo
1989243,0.062794,0,Baixo
1989599,0.013889,0,Baixo
1989678,0.001348,0,Baixo
1989733,0.013889,0,Baixo
1989671,0.009174,0,Baixo
1989719,0.003165,0,Baixo
1989458,0.029043,0,Baixo
1989668,0.062794,0,Baixo
1989729,0.010676,0,Baixo
1989739,0.001348,0,Baixo
1509508,0.090592,0,Baixo
1972586,0.003165,0,Baixo
1989605,0.001348,0,Baixo
1987662,0.029043,0,Baixo
1986024,0.010676,0,Baixo
1989776,0.010676,0,Baixo
1989715,0.001348,0,Baixo
1989752,0.013889,0,Baixo
1978660,0.029043,0,Baixo
1989791,0.001348,0,Baixo
1988488,0.001348,0,Baixo
1989756,0.029043,0,Baixo
1989742,0.003165,0,Baixo
1989743,0.003165,0,Baixo
1989439,0.013889,0,Baixo
1989757,0.003165,0,Baixo
1989748,0.003165,0,Baixo
1983330,0.009174,0,Baixo
1989769,0.003165,0,Baixo
1989686,0.029043,0,Baixo
1989770,0.023861,0,Baixo
1989763,0.071023,0,Baixo
1989793,0.009174,0,Baixo
1989786,0.003165,0,Baixo
1989787,0.009174,0,Baixo
1989815,0.010676,0,Baixo
1989687,0.090592,0,Baixo
1989735,0.003165,0,Baixo
1989745,0.009174,0,Baixo
1989862,0.009174,0,Baixo
1989765,0.090592,0,Baixo
1989721,0.001348,0,Baixo
1988954,0.100213,0,Baixo
1989747,0.003165,0,Baixo
1989705,0.013889,0,Baixo
1989730,0.001348,0,Baixo
1989764,0.013889,0,Baixo
1989820,0.029043,0,Baixo
1979160,0.029043,0,Baixo
1989789,0.023861,0,Baixo
1989698,0.013889,0,Baixo
1989727,0.001348,0,Baixo
1989829,0.001348,0,Baixo
1978454,0.029043,0,Baixo
1982181,0.029043,0,Baixo
1989740,0.003165,0,Baixo
1989634,0.009174,0,Baixo
1986882,0.090592,0,Baixo
1989861,0.001348,0,Baixo
1989830,0.062794,0,Baixo
1978808,0.071023,0,Baixo
1989891,0.003165,0,Baixo
1989845,0.003165,0,Baixo
1989859,0.001348,0,Baixo
1787421,0.080586,0,Baixo
1989009,0.013889,0,Baixo
1989563,0.029043,0,Baixo
1989725,0.013889,0,Baixo
1989886,0.023861,0,Baixo
1989908,0.013889,0,Baixo
1978495,0.023861,0,Baixo
1989844,0.029043,0,Baixo
1989885,0.023861,0,Baixo
1989914,0.023861,0,Baixo
1989823,0.062794,0,Baixo
1989907,0.045455,0,Baixo
1989924,0.022256,0,Baixo
1978152,0.080586,0,Baixo
1977922,0.045455,0,Baixo
1985952,0.013889,0,Baixo
1989868,0.029043,0,Baixo
1984872,0.013889,0,Baixo
1979808,0.003165,0,Baixo
1985445,0.045455,0,Baixo
1989684,0.009174,0,Baixo
1989858,0.001348,0,Baixo
1963210,0.029043,0,Baixo
1979480,0.009174,0,Baixo
1989798,0.003165,0,Baixo
1989933,0.001348,0,Baixo
1989932,0.013889,0,Baixo
1986947,0.062794,0,Baixo
1989945,0.023861,0,Baixo
1927535,0.143994,0,Baixo
1985764,0.013889,0,Baixo
1987239,0.029043,0,Baixo
1989929,0.029043,0,Baixo
1989775,0.001348,0,Baixo
1989492,0.100213,0,Baixo
1989882,0.009174,0,Baixo
1989965,0.001348,0,Baixo
1988805,0.071023,0,Baixo
1989976,0.071023,0,Baixo
1989906,0.003165,0,Baixo
1989957,0.029043,0,Baixo
1989822,0.001348,0,Baixo
1989962,0.023861,0,Baixo
1989963,0.009174,0,Baixo
1989980,0.062794,0,Baixo
1989904,0.029043,0,Baixo
1989572,0.001348,0,Baixo
1989758,0.001348,0,Baixo
1987174,0.023861,0,Baixo
1989968,0.029043,0,Baixo
1989985,0.029043,0,Baixo
1977796,0.023861,0,Baixo
1989425,0.062794,0,Baixo
1989392,0.009174,0,Baixo
1989979,0.003165,0,Baixo
1989987,0.013889,0,Baixo
1989956,0.143994,0,Baixo
1988833,0.029043,0,Baixo
1990030,0.013889,0,Baixo
1990000,0.001348,0,Baixo
1990008,0.100213,0,Baixo
1983447,0.013889,0,Baixo
1989927,0.010676,0,Baixo
1990015,0.010676,0,Baixo
1990025,0.010676,0,Baixo
1990011,0.094203,0,Baixo
1990032,0.029043,0,Baixo
1986586,0.010676,0,Baixo
1990060,0.023861,0,Baixo
1990039,0.001348,0,Baixo
1988458,0.010676,0,Baixo
1989941,0.029043,0,Baixo
1990042,0.013889,0,Baixo
1990010,0.013889,0,Baixo
1990019,0.062794,0,Baixo
1990035,0.009174,0,Baixo
1989973,0.009174,0,Baixo
1989970,0.023861,0,Baixo
1990054,0.029043,0,Baixo
1989865,0.013889,0,Baixo
1981317,0.029043,0,Baixo
1990081,0.013889,0,Baixo
1979725,0.029043,0,Baixo
1990018,0.100213,0,Baixo
1039129,0.143994,0,Baixo
1990076,0.013889,0,Baixo
1989681,0.029043,0,Baixo
1990057,0.029043,0,Baixo
1989993,0.071023,0,Baixo
1990074,0.003165,0,Baixo
1990009,0.080586,0,Baixo
1990068,0.045455,0,Baixo
1990079,0.013889,0,Baixo
1990002,0.023861,0,Baixo
1990109,0.0,0,Baixo
1989077,0.090592,0,Baixo
1978228,0.029043,0,Baixo
1990105,0.071023,0,Baixo
1990106,0.013889,0,Baixo
1990078,0.010676,0,Baixo
1986892,0.013889,0,Baixo
1987452,0.001348,0,Baixo
1989913,0.003165,0,Baixo
1990021,0.071023,0,Baixo
1985157,0.023861,0,Baixo
1990064,0.029043,0,Baixo
1976292,0.010676,0,Baixo
1978882,0.023861,0,Baixo
1981744,0.003165,0,Baixo
1910002,0.013889,0,Baixo
1990111,0.010676,0,Baixo
1990115,0.094203,0,Baixo
1990093,0.013889,0,Baixo
1985708,0.023861,0,Baixo
1990113,0.029043,0,Baixo
1990127,0.001348,0,Baixo
1987036,0.010676,0,Baixo
1989233,0.013889,0,Baixo
1979774,0.071023,0,Baixo
1990134,0.003165,0,Baixo
1990117,0.029043,0,Baixo
1990142,0.062794,0,Baixo
1990108,0.001348,0,Baixo
1983473,0.030303,0,Baixo
1990150,0.010676,0,Baixo
1990152,0.003165,0,Baixo
1990148,0.100213,0,Baixo
1989774,0.001348,0,Baixo
1989518,0.013889,0,Baixo
1989790,0.003165,0,Baixo
1986712,0.013889,0,Baixo
1989889,0.045455,0,Baixo
1989801,0.001348,0,Baixo
1989873,0.010676,0,Baixo
1989581,0.001348,0,Baixo
1987291,0.003165,0,Baixo
1989961,0.003165,0,Baixo
1978602,0.023861,0,Baixo
1989939,0.001348,0,Baixo
1989807,0.013889,0,Baixo
1989780,0.001348,0,Baixo
1987115,0.045455,0,Baixo
1990149,0.0,0,Baixo
1989103,0.013889,0,Baixo
1990163,0.029043,0,Baixo
1990170,0.001348,0,Baixo
1990164,0.023861,0,Baixo
1988431,0.029043,0,Baixo
1990179,0.023861,0,Baixo
1990185,0.029043,0,Baixo
1975583,0.090592,0,Baixo
1987401,0.080586,0,Baixo
1990104,0.003165,0,Baixo
1986973,0.029043,0,Baixo
1990180,0.080586,0,Baixo
1990033,0.001348,0,Baixo
1989119,0.029043,0,Baixo
1990186,0.071023,0,Baixo
1983955,0.071023,0,Baixo
1990062,0.001348,0,Baixo
1990155,0.013889,0,Baixo
1990088,0.001348,0,Baixo
1980590,0.062794,0,Baixo
1990208,0.001348,0,Baixo
1980974,0.013889,0,Baixo
1990189,0.023861,0,Baixo
1990200,0.0,0,Baixo
1990226,0.023861,0,Baixo
1990237,0.010676,0,Baixo
1990225,0.029043,0,Baixo
1944919,0.023861,0,Baixo
1978544,0.029043,0,Baixo
1990230,0.009174,0,Baixo
1990220,0.013889,0,Baixo
1985272,0.029043,0,Baixo
1990239,0.003165,0,Baixo
1988418,0.029043,0,Baixo
1989872,0.009174,0,Baixo
1990238,0.029043,0,Baixo
1986740,0.062794,0,Baixo
1990212,0.029043,0,Baixo
1990214,0.003165,0,Baixo
1985949,0.062794,0,Baixo
1989920,0.001348,0,Baixo
1989928,0.001348,0,Baixo
1990166,0.013889,0,Baixo
1989833,0.003165,0,Baixo
1989191,0.013889,0,Baixo
1990229,0.001348,0,Baixo
1989724,0.001348,0,Baixo
1990050,0.013889,0,Baixo
1990087,0.013889,0,Baixo
1990258,0.023861,0,Baixo
1990271,0.009174,0,Baixo
1990250,0.029043,0,Baixo
1990277,0.013889,0,Baixo
1990282,0.029043,0,Baixo
1990204,0.003165,0,Baixo
1989832,0.029043,0,Baixo
1990242,0.029043,0,Baixo
1989587,0.243641,0,Medio
1989573,0.029043,0,Baixo
1990281,0.003165,0,Baixo
1989436,0.094203,0,Baixo
1989408,0.029043,0,Baixo
1989393,0.029043,0,Baixo
1990286,0.062794,0,Baixo
1978537,0.013889,0,Baixo
1989381,0.003165,0,Baixo
1989372,0.045455,0,Baixo
1990283,0.029043,0,Baixo
1989367,0.010676,0,Baixo
1990288,0.013889,0,Baixo
1989361,0.013889,0,Baixo
1990292,0.029043,0,Baixo
1989335,0.062794,0,Baixo
1627456,0.029043,0,Baixo
1985989,0.023861,0,Baixo
1989330,0.2,0,Baixo
1989358,0.045455,0,Baixo
1988837,0.029043,0,Baixo
1989357,0.062794,0,Baixo
1989348,0.023861,0,Baixo
1989347,0.023861,0,Baixo
1986695,0.080586,0,Baixo
1989329,0.178571,0,Baixo
1990280,0.029043,0,Baixo
1989340,0.029043,0,Baixo
1990297,0.023861,0,Baixo
1990287,0.013889,0,Baixo
1990310,0.009174,0,Baixo
1986449,0.029043,0,Baixo
1990307,0.023861,0,Baixo
1990312,0.029043,0,Baixo
1988987,0.080586,0,Baixo
1989510,0.013889,0,Baixo
1989915,0.029043,0,Baixo
1990324,0.013889,0,Baixo
1932748,0.100213,0,Baixo
1990336,0.071023,0,Baixo
1988912,0.009174,0,Baixo
1985910,0.045455,0,Baixo
1985488,0.003165,0,Baixo
1986295,0.071023,0,Baixo
1990356,0.010676,0,Baixo
1989875,0.003165,0,Baixo
1987060,0.013889,0,Baixo
1988931,0.010676,0,Baixo
1990360,0.003165,0,Baixo
1990367,0.029043,0,Baixo
1989911,0.023861,0,Baixo
1935557,0.100213,0,Baixo
1990373,0.013889,0,Baixo
1990279,0.013889,0,Baixo
1989080,0.029043,0,Baixo
1990309,0.001348,0,Baixo
1989867,0.013889,0,Baixo
1990377,0.062794,0,Baixo
1990378,0.100213,0,Baixo
1990400,0.010676,0,Baixo
1990392,0.029043,0,Baixo
1989700,0.003165,0,Baixo
1990390,0.013889,0,Baixo
1975843,0.029043,0,Baixo
1990398,0.003165,0,Baixo
1990145,0.003165,0,Baixo
1990051,0.029043,0,Baixo
1990420,0.071023,0,Baixo
1971715,0.023861,0,Baixo
1990434,0.010676,0,Baixo
1987370,0.023861,0,Baixo
1986141,0.013889,0,Baixo
1990432,0.003165,0,Baixo
1990348,0.013889,0,Baixo
1989800,0.0,0,Baixo
1989925,0.010676,0,Baixo
1990439,0.001348,0,Baixo
1990456,0.100213,0,Baixo
1989229,0.003165,0,Baixo
1990207,0.071023,0,Baixo
1990196,0.023861,0,Baixo
1988686,0.071023,0,Baixo
1990477,0.023861,0,Baixo
1970945,0.001348,0,Baixo
1989494,0.045455,0,Baixo
1990460,0.029043,0,Baixo
1990487,0.029043,0,Baixo
1987322,0.062794,0,Baixo
1990490,0.013889,0,Baixo
1990494,0.029043,0,Baixo
1990496,0.100213,0,Baixo
1989234,0.029043,0,Baixo
1990515,0.001348,0,Baixo
1990497,0.001348,0,Baixo
1752787,0.100213,0,Baixo
1971848,0.023861,0,Baixo
1989497,0.003165,0,Baixo
1990510,0.029043,0,Baixo
1990531,0.029043,0,Baixo
1990483,0.001348,0,Baixo
1990545,0.071023,0,Baixo
1990512,0.029043,0,Baixo
1990567,0.062794,0,Baixo
1990529,0.029043,0,Baixo
1990569,0.010676,0,Baixo
1990559,0.023861,0,Baixo
1990555,0.029043,0,Baixo
1988386,0.013889,0,Baixo
1990505,0.010676,0,Baixo
1990598,0.003165,0,Baixo
1990553,0.009174,0,Baixo
1990607,0.009174,0,Baixo
1986977,0.010676,0,Baixo
1990293,0.029043,0,Baixo
1990538,0.029043,0,Baixo
1990514,0.001348,0,Baixo
1497575,0.080586,0,Baixo
1743847,0.010676,0,Baixo
1990509,0.010676,0,Baixo
1990590,0.013889,0,Baixo
1990520,0.010676,0,Baixo
1977202,0.001348,0,Baixo
1989629,0.010676,0,Baixo
1990638,0.080586,0,Baixo
1990618,0.071023,0,Baixo
1988621,0.013889,0,Baixo
1990536,0.023861,0,Baixo
1986771,0.001348,0,Baixo
1990359,0.013889,0,Baixo
1990633,0.003165,0,Baixo
1990568,0.029043,0,Baixo
1990621,0.013889,0,Baixo
1990636,0.001348,0,Baixo
1990547,0.045455,0,Baixo
1990643,0.003165,0,Baixo
1990586,0.013889,0,Baixo
1990653,0.013889,0,Baixo
1990102,0.029043,0,Baixo
1989263,0.013889,0,Baixo
1990696,0.100213,0,Baixo
1990703,0.001348,0,Baixo
1990679,0.029043,0,Baixo
1990699,0.009174,0,Baixo
1990354,0.009174,0,Baixo
1990710,0.100213,0,Baixo
1956331,0.062794,0,Baixo
1990701,0.009174,0,Baixo
1819900,0.100213,0,Baixo
1990361,0.0,0,Baixo
1990096,0.003165,0,Baixo
1990720,0.010676,0,Baixo
1990717,0.029043,0,Baixo
1982398,0.029043,0,Baixo
1990716,0.029043,0,Baixo
1990724,0.0,0,Baixo
1990671,0.029043,0,Baixo
1989531,0.023861,0,Baixo
1987347,0.071023,0,Baixo
1990737,0.029043,0,Baixo
1990736,0.001348,0,Baixo
1990745,0.062794,0,Baixo
1990689,0.001348,0,Baixo
1990733,0.045455,0,Baixo
1956865,0.100213,0,Baixo
1990676,0.029043,0,Baixo
1990768,0.090592,0,Baixo
1990773,0.013889,0,Baixo
1986147,0.023861,0,Baixo
1983783,0.071023,0,Baixo
1990738,0.013889,0,Baixo
1969848,0.010676,0,Baixo
1990777,0.013889,0,Baixo
1990542,0.029043,0,Baixo
1990740,0.013889,0,Baixo
1989501,0.029043,0,Baixo
1593017,0.013889,0,Baixo
1974849,0.062794,0,Baixo
1989841,0.010676,0,Baixo
1990387,0.013889,0,Baixo
1990789,0.100213,0,Baixo
1969614,0.023861,0,Baixo
1988117,0.013889,0,Baixo
1982145,0.029043,0,Baixo
1990576,0.023861,0,Baixo
1989601,0.029043,0,Baixo
1990072,0.009174,0,Baixo
1990478,0.010676,0,Baixo
1716602,0.080586,0,Baixo
1990748,0.029043,0,Baixo
1990765,0.071023,0,Baixo
1990783,0.023861,0,Baixo
1988290,0.143994,0,Baixo
1990818,0.013889,0,Baixo
1989648,0.010676,0,Baixo
1990798,0.062794,0,Baixo
1990797,0.010676,0,Baixo
1990753,0.013889,0,Baixo
1990819,0.029043,0,Baixo
1990793,0.100213,0,Baixo
1988802,0.010676,0,Baixo
1987910,0.003165,0,Baixo
1989707,0.010676,0,Baixo
1988852,0.029043,0,Baixo
1988262,0.009174,0,Baixo
1990685,0.094203,0,Baixo
1988103,0.013009,0,Baixo
1990830,0.023861,0,Baixo
1990682,0.029043,0,Baixo
1990743,0.062794,0,Baixo
1990820,0.062794,0,Baixo
1989509,0.013889,0,Baixo
1989438,0.001348,0,Baixo
1990831,0.029043,0,Baixo
1990782,0.009174,0,Baixo
1990868,0.100213,0,Baixo
1990869,0.001348,0,Baixo
1990808,0.009174,0,Baixo
1990666,0.029043,0,Baixo
1990817,0.009174,0,Baixo
1990877,0.013889,0,Baixo
1988248,0.071023,0,Baixo
1990840,0.029043,0,Baixo
1954597,0.100213,0,Baixo
1975973,0.003165,0,Baixo
1989289,0.143994,0,Baixo
1990908,0.023861,0,Baixo
1932007,0.029043,0,Baixo
1987984,0.001348,0,Baixo
1990904,0.003165,0,Baixo
1990898,0.009174,0,Baixo
1990905,0.029043,0,Baixo
1990910,0.029043,0,Baixo
1990750,0.029043,0,Baixo
1989762,0.001348,0,Baixo
1990752,0.003165,0,Baixo
1990915,0.013889,0,Baixo
1990948,0.143994,0,Baixo
1990920,0.029043,0,Baixo
1990122,0.029043,0,Baixo
1990345,0.029043,0,Baixo
1983375,0.001348,0,Baixo
1990919,0.003165,0,Baixo
1990056,0.071023,0,Baixo
1990943,0.071023,0,Baixo
1989593,0.029043,0,Baixo
1990947,0.013889,0,Baixo
1989550,0.009174,0,Baixo
1990963,0.029043,0,Baixo
1990937,0.062794,0,Baixo
1990881,0.001348,0,Baixo
1609128,0.013889,0,Baixo
1990795,0.010676,0,Baixo
1990988,0.010676,0,Baixo
1990895,0.013889,0,Baixo
1990100,0.010676,0,Baixo
1990578,0.029043,0,Baixo
1990592,0.071023,0,Baixo
1976747,0.029043,0,Baixo
1990067,0.003165,0,Baixo
1990686,0.009174,0,Baixo
1990981,0.010676,0,Baixo
1957895,0.080586,0,Baixo
1987420,0.001348,0,Baixo
1989461,0.013889,0,Baixo
1990300,0.010676,0,Baixo
1984992,0.003165,0,Baixo
1978991,0.010676,0,Baixo
1990660,0.010676,0,Baixo
1990741,0.062794,0,Baixo
1990223,0.003165,0,Baixo
1990841,0.029043,0,Baixo
1991000,0.071023,0,Baixo
1990977,0.013889,0,Baixo
1990976,0.009174,0,Baixo
1991019,0.023861,0,Baixo
1991022,0.045455,0,Baixo
1989540,0.045455,0,Baixo
1990930,0.013889,0,Baixo
1985086,0.001348,0,Baixo
1990968,0.013889,0,Baixo
1991011,0.013889,0,Baixo
1991046,0.029043,0,Baixo
1991065,0.013889,0,Baixo
1990990,0.163658,0,Baixo
1765420,0.071023,0,Baixo
1988483,0.090592,0,Baixo
1978848,0.023861,0,Baixo
1990801,0.029043,0,Baixo
1990347,0.029043,0,Baixo
1991056,0.001348,0,Baixo
1990970,0.013889,0,Baixo
1991029,0.045455,0,Baixo
1991060,0.010676,0,Baixo
1972264,0.003165,0,Baixo
1990771,0.029043,0,Baixo
1991088,0.143994,0,Baixo
1990708,0.001348,0,Baixo
1986298,0.094203,0,Baixo
1990760,0.045455,0,Baixo
1991127,0.001348,0,Baixo
1987191,0.029043,0,Baixo
1991041,0.003165,0,Baixo
1990965,0.029043,0,Baixo
1991123,0.001348,0,Baixo
1991125,0.071023,0,Baixo
1991128,0.001348,0,Baixo
1991147,0.003165,0,Baixo
1990887,0.029043,0,Baixo
1991101,0.100213,0,Baixo
1991097,0.029043,0,Baixo
1990936,0.003165,0,Baixo
1988271,0.010676,0,Baixo
1989959,0.013889,0,Baixo
1990747,0.013889,0,Baixo
1991165,0.009174,0,Baixo
1990889,0.090592,0,Baixo
1990158,0.009174,0,Baixo
1991138,0.001348,0,Baixo
1991151,0.001348,0,Baixo
1989761,0.001348,0,Baixo
1991170,0.029043,0,Baixo
1991176,0.013889,0,Baixo
1991030,0.080586,0,Baixo
1990996,0.163658,0,Baixo
1991168,0.029043,0,Baixo
1976823,0.071023,0,Baixo
1991012,0.013889,0,Baixo
1991177,0.010676,0,Baixo
1989732,0.001348,0,Baixo
1988509,0.029043,0,Baixo
1968890,0.003165,0,Baixo
1990802,0.029043,0,Baixo
1991158,0.094203,0,Baixo
1978763,0.029043,0,Baixo
1989382,0.090592,0,Baixo
1991195,0.023861,0,Baixo
1991104,0.013889,0,Baixo
1987043,0.080586,0,Baixo
1990121,0.001348,0,Baixo
1989459,0.003165,0,Baixo
1979466,0.062794,0,Baixo
1991167,0.013889,0,Baixo
1991081,0.029043,0,Baixo
1989617,0.062794,0,Baixo
1991105,0.009174,0,Baixo
1991203,0.013889,0,Baixo
1991225,0.029043,0,Baixo
1990850,0.100213,0,Baixo
1991196,0.062794,0,Baixo
1991152,0.001348,0,Baixo
1990640,0.013889,0,Baixo
1989270,0.062794,0,Baixo
1976570,0.071023,0,Baixo
1991248,0.013889,0,Baixo
1990518,0.001348,0,Baixo
1988142,0.080586,0,Baixo
1991229,0.001348,0,Baixo
1991268,0.071023,0,Baixo
1991274,0.001348,0,Baixo
1991232,0.029043,0,Baixo
1990422,0.0,0,Baixo
1991313,0.163658,0,Baixo
1991302,0.003165,0,Baixo
1988641,0.023861,0,Baixo
1978197,0.013889,0,Baixo
1991317,0.009174,0,Baixo
1991184,0.143994,0,Baixo
1991235,0.062794,0,Baixo
1989044,0.003165,0,Baixo
1991182,0.062794,0,Baixo
1991314,0.071023,0,Baixo
1984422,0.013889,0,Baixo
1991335,0.029043,0,Baixo
1988611,0.010676,0,Baixo
1982100,0.029043,0,Baixo
1991345,0.029043,0,Baixo
1991240,0.003165,0,Baixo
1989383,0.009174,0,Baixo
1990451,0.013889,0,Baixo
1988816,0.010676,0,Baixo
1990599,0.071023,0,Baixo
1991334,0.003165,0,Baixo
1990995,0.029043,0,Baixo
1991074,0.003165,0,Baixo
1990757,0.029043,0,Baixo
1987297,0.009174,0,Baixo
1990822,0.100213,0,Baixo
1984289,0.045455,0,Baixo
1991111,0.013889,0,Baixo
1991159,0.001348,0,Baixo
1991291,0.003165,0,Baixo
1989802,0.001348,0,Baixo
1987877,0.029043,0,Baixo
1991359,0.009174,0,Baixo
1987475,0.009174,0,Baixo
1991364,0.029043,0,Baixo
1991245,0.010676,0,Baixo
1937188,0.100213,0,Baixo
1646187,0.009174,0,Baixo
1986867,0.013889,0,Baixo
1991082,0.045455,0,Baixo
1988407,0.010676,0,Baixo
1983752,0.071023,0,Baixo
1985845,0.013889,0,Baixo
1991328,0.023861,0,Baixo
1991387,0.062794,0,Baixo
1990903,0.029043,0,Baixo
1991411,0.080586,0,Baixo
1991272,0.029043,0,Baixo
1986289,0.013889,0,Baixo
1968051,0.010676,0,Baixo
1987271,0.163658,0,Baixo
1991385,0.029043,0,Baixo
1975135,0.013889,0,Baixo
1991413,0.030303,0,Baixo
1991429,0.029043,0,Baixo
1991416,0.010676,0,Baixo
1991412,0.010676,0,Baixo
1991382,0.009174,0,Baixo
1988773,0.013889,0,Baixo
1991083,0.029043,0,Baixo
1989720,0.003165,0,Baixo
1991408,0.003165,0,Baixo
1972571,0.062794,0,Baixo
1991433,0.013889,0,Baixo
1991419,0.023861,0,Baixo
1991445,0.013889,0,Baixo
1991375,0.003165,0,Baixo
1991428,0.029043,0,Baixo
1991449,0.029043,0,Baixo
1991452,0.071023,0,Baixo
1991438,0.003165,0,Baixo
1988403,0.013889,0,Baixo
1991460,0.001348,0,Baixo
1991389,0.062794,0,Baixo
1990294,0.013889,0,Baixo
1990095,0.013889,0,Baixo
1991483,0.100213,0,Baixo
1991468,0.001348,0,Baixo
1991436,0.062794,0,Baixo
1989255,0.013889,0,Baixo
1991482,0.013889,0,Baixo
1989824,0.003165,0,Baixo
1990615,0.045455,0,Baixo
1991059,0.003165,0,Baixo
1968310,0.029043,0,Baixo
1991517,0.029043,0,Baixo
1988532,0.023861,0,Baixo
1985945,0.100213,0,Baixo
1988757,0.062794,0,Baixo
1989711,0.010676,0,Baixo
1991519,0.029043,0,Baixo
1991530,0.100213,0,Baixo
1991499,0.013889,0,Baixo
1991495,0.163658,0,Baixo
1991420,0.009174,0,Baixo
1991534,0.071023,0,Baixo
1991513,0.163658,0,Baixo
1988846,0.143994,0,Baixo
1991515,0.003165,0,Baixo
1968251,0.090592,0,Baixo
1988402,0.003165,0,Baixo
1991532,0.045455,0,Baixo
1990549,0.009174,0,Baixo
1977288,0.009174,0,Baixo
1991547,0.003165,0,Baixo
1991518,0.143994,0,Baixo
1991545,0.013889,0,Baixo
1991554,0.003165,0,Baixo
1991562,0.062794,0,Baixo
1986067,0.009174,0,Baixo
1991289,0.003165,0,Baixo
1989809,0.003165,0,Baixo
1991572,0.062794,0,Baixo
1991559,0.013889,0,Baixo
1991556,0.080586,0,Baixo
1989983,0.029043,0,Baixo
1991561,0.029043,0,Baixo
1991581,0.009174,0,Baixo
1991042,0.003165,0,Baixo
1991553,0.013889,0,Baixo
1989096,0.029043,0,Baixo
1991577,0.062794,0,Baixo
1991290,0.029043,0,Baixo
1991454,0.013889,0,Baixo
1991018,0.090592,0,Baixo
1991330,0.143994,0,Baixo
1990845,0.013889,0,Baixo
1991395,0.100213,0,Baixo
1991605,0.029043,0,Baixo
1991592,0.029043,0,Baixo
1988441,0.003165,0,Baixo
1991615,0.023861,0,Baixo
1964373,0.071023,0,Baixo
1990143,0.013889,0,Baixo
1991618,0.029043,0,Baixo
1991593,0.010676,0,Baixo
1991590,0.001348,0,Baixo
1982384,0.045455,0,Baixo
1991455,0.023861,0,Baixo
1991632,0.003165,0,Baixo
1980736,0.010676,0,Baixo
1991619,0.013889,0,Baixo
1991640,0.029043,0,Baixo
1991633,0.062794,0,Baixo
1991646,0.029043,0,Baixo
1991651,0.013889,0,Baixo
1991440,0.029043,0,Baixo
1975108,0.029043,0,Baixo
1991675,0.003165,0,Baixo
1991588,0.003165,0,Baixo
1991461,0.003165,0,Baixo
1991622,0.001348,0,Baixo
1984618,0.010676,0,Baixo
1991644,0.029043,0,Baixo
1991671,0.001348,0,Baixo
1991616,0.094203,0,Baixo
1989612,0.029043,0,Baixo
1991691,0.023861,0,Baixo
1991705,0.094203,0,Baixo
1990221,0.071023,0,Baixo
1991687,0.013889,0,Baixo
1961895,0.062794,0,Baixo
1990668,0.071023,0,Baixo
1991733,0.010676,0,Baixo
1986271,0.029043,0,Baixo
1099449,0.071023,0,Baixo
1991718,0.003165,0,Baixo
1991714,0.003165,0,Baixo
1991715,0.003165,0,Baixo
1742756,0.029043,0,Baixo
1991414,0.100213,0,Baixo
1991727,0.023861,0,Baixo
1991695,0.071023,0,Baixo
1991740,0.062794,0,Baixo
1991576,0.080586,0,Baixo
1989061,0.071023,0,Baixo
1991728,0.013889,0,Baixo
1989333,0.003165,0,Baixo
1991756,0.003165,0,Baixo
1991298,0.029043,0,Baixo
1985386,0.013889,0,Baixo
1991751,0.013889,0,Baixo
1991627,0.010676,0,Baixo
1991785,0.009174,0,Baixo
1991776,0.029043,0,Baixo
1857330,0.029043,0,Baixo
1991765,0.090592,0,Baixo
1986203,0.003165,0,Baixo
1991696,0.045455,0,Baixo
1991771,0.12069,0,Baixo
1991745,0.001348,0,Baixo
1991801,0.010676,0,Baixo
1991793,0.062794,0,Baixo
1986623,0.143994,0,Baixo
1991804,0.013889,0,Baixo
1991790,0.029043,0,Baixo
1991795,0.001348,0,Baixo
1991796,0.003165,0,Baixo
1974256,0.023861,0,Baixo
1989129,0.013889,0,Baixo
1989306,0.071023,0,Baixo
1991724,0.029043,0,Baixo
1991816,0.023861,0,Baixo
1991422,0.023861,0,Baixo
1991824,0.029043,0,Baixo
1991840,0.062794,0,Baixo
1981775,0.062794,0,Baixo
1991346,0.029043,0,Baixo
1991802,0.029043,0,Baixo
1991871,0.071023,0,Baixo
1991845,0.029043,0,Baixo
1989535,0.029043,0,Baixo
1991886,0.010676,0,Baixo
1991877,0.013889,0,Baixo
1990659,0.062794,0,Baixo
1991865,0.003165,0,Baixo
1991847,0.003165,0,Baixo
1991814,0.029043,0,Baixo
1991909,0.009174,0,Baixo
1991536,0.009174,0,Baixo
1991473,0.029043,0,Baixo
565749,0.003165,0,Baixo
1991725,0.013889,0,Baixo
1986694,0.013889,0,Baixo
1991888,0.009174,0,Baixo
1991658,0.013889,0,Baixo
1991707,0.029043,0,Baixo
1991371,0.071023,0,Baixo
1991332,0.010676,0,Baixo
1991558,0.009174,0,Baixo
1991555,0.029043,0,Baixo
1991808,0.013889,0,Baixo
1990759,0.009174,0,Baixo
1976091,0.029043,0,Baixo
1990709,0.009174,0,Baixo
1991500,0.029043,0,Baixo
1991684,0.010676,0,Baixo
1983535,0.071023,0,Baixo
1991907,0.029043,0,Baixo
1991798,0.029043,0,Baixo
1974992,0.029043,0,Baixo
1991923,0.029043,0,Baixo
1990389,0.013889,0,Baixo
1991731,0.010676,0,Baixo
1991919,0.003165,0,Baixo
1978120,0.010676,0,Baixo
1991928,0.001348,0,Baixo
1991898,0.0,0,Baixo
1987837,0.010676,0,Baixo
1922071,0.029043,0,Baixo
1991939,0.071023,0,Baixo
1989122,0.013889,0,Baixo
1991908,0.001348,0,Baixo
1991942,0.100213,0,Baixo
1991843,0.010676,0,Baixo
1963270,0.100213,0,Baixo
1991937,0.071023,0,Baixo
1991945,0.029043,0,Baixo
1991343,0.001348,0,Baixo
1991990,0.001348,0,Baixo
1991373,0.008078,0,Baixo
1991589,0.023861,0,Baixo
1991966,0.023861,0,Baixo
1946063,0.003165,0,Baixo
1991774,0.013889,0,Baixo
1989673,0.013889,0,Baixo
1991989,0.009174,0,Baixo
1991991,0.080586,0,Baixo
1991993,0.071023,0,Baixo
1992010,0.100213,0,Baixo
1992019,0.013889,0,Baixo
1992020,0.143994,0,Baixo
1991978,0.010676,0,Baixo
1991997,0.243641,0,Medio
1990591,0.029043,0,Baixo
1991925,0.062794,0,Baixo
1979381,0.071023,0,Baixo
1992027,0.029043,0,Baixo
1990184,0.009174,0,Baixo
1992011,0.001348,0,Baixo
1975542,0.080586,0,Baixo
1990713,0.013889,0,Baixo
1991918,0.045455,0,Baixo
1986424,0.010676,0,Baixo
1991827,0.029043,0,Baixo
1991680,0.100213,0,Baixo
1992043,0.029043,0,Baixo
1992045,0.003165,0,Baixo
1989279,0.023861,0,Baixo
1992058,0.009174,0,Baixo
1980860,0.029043,0,Baixo
1986491,0.029043,0,Baixo
1992052,0.080586,0,Baixo
1992056,0.029043,0,Baixo
1992075,0.013889,0,Baixo
1992077,0.009174,0,Baixo
1986946,0.045455,0,Baixo
1991726,0.029043,0,Baixo
1992067,0.023861,0,Baixo
1987252,0.029043,0,Baixo
1991931,0.100213,0,Baixo
1991992,0.003165,0,Baixo
1988166,0.003165,0,Baixo
1988662,0.009174,0,Baixo
1989568,0.010676,0,Baixo
1992006,0.029043,0,Baixo
1982887,0.010676,0,Baixo
1992092,0.062794,0,Baixo
1991971,0.062794,0,Baixo
1989977,0.003165,0,Baixo
1989953,0.013889,0,Baixo
1990978,0.029043,0,Baixo
1992091,0.029043,0,Baixo
1988651,0.062794,0,Baixo
1992113,0.013889,0,Baixo
1972656,0.029043,0,Baixo
1992116,0.023861,0,Baixo
1991998,0.013889,0,Baixo
1449289,0.009174,0,Baixo
1992112,0.010676,0,Baixo
1991912,0.023861,0,Baixo
1992127,0.010676,0,Baixo
1992126,0.013889,0,Baixo
1992054,0.013889,0,Baixo
1992124,0.013889,0,Baixo
1992135,0.010676,0,Baixo
1990944,0.023861,0,Baixo
1989079,0.029043,0,Baixo
1986690,0.013889,0,Baixo
1975384,0.029043,0,Baixo
1991720,0.013889,0,Baixo
1992144,0.029043,0,Baixo
1992151,0.029043,0,Baixo
1992143,0.001348,0,Baixo
1991431,0.013889,0,Baixo
1991563,0.010676,0,Baixo
1992130,0.0,0,Baixo
1991496,0.016902,0,Baixo
1991601,0.001348,0,Baixo
1992038,0.010676,0,Baixo
1985661,0.029043,0,Baixo
1992165,0.029043,0,Baixo
565365,0.029043,0,Baixo
1992158,0.003165,0,Baixo
1992147,0.010676,0,Baixo
1989411,0.045455,0,Baixo
1992178,0.013889,0,Baixo
1992161,0.010676,0,Baixo
1992100,0.009174,0,Baixo
1992182,0.003165,0,Baixo
1986894,0.009174,0,Baixo
1987005,0.010676,0,Baixo
1992012,0.010676,0,Baixo
1992205,0.001348,0,Baixo
1992145,0.003165,0,Baixo
1992210,0.100213,0,Baixo
1992081,0.143994,0,Baixo
1992140,0.12069,0,Baixo
1992204,0.003165,0,Baixo
1991930,0.013889,0,Baixo
1991243,0.001348,0,Baixo
1992193,0.013889,0,Baixo
1991768,0.045455,0,Baixo
1989701,0.045455,0,Baixo
1992014,0.029043,0,Baixo
1992219,0.010676,0,Baixo
1992221,0.023861,0,Baixo
1990864,0.029043,0,Baixo
1955552,0.001348,0,Baixo
1992031,0.062794,0,Baixo
1990264,0.009174,0,Baixo
1992022,0.013889,0,Baixo
1991859,0.023861,0,Baixo
1990859,0.094203,0,Baixo
1990167,0.013889,0,Baixo
1972991,0.062794,0,Baixo
1990763,0.143994,0,Baixo
1992005,0.013889,0,Baixo
1989302,0.090592,0,Baixo
1992230,0.029043,0,Baixo
1980280,0.090592,0,Baixo
1975066,0.029043,0,Baixo
1989677,0.013889,0,Baixo
1992237,0.003165,0,Baixo
1981593,0.029043,0,Baixo
1991857,0.062794,0,Baixo
1988184,0.013889,0,Baixo
1992257,0.100213,0,Baixo
1986891,0.013889,0,Baixo
1992247,0.100213,0,Baixo
1975117,0.029043,0,Baixo
1992173,0.003165,0,Baixo
1992268,0.029043,0,Baixo
1988005,0.071023,0,Baixo
1934059,0.003165,0,Baixo
1992255,0.029043,0,Baixo
1946900,0.062794,0,Baixo
1992280,0.010676,0,Baixo
1988975,0.013889,0,Baixo
1989431,0.010676,0,Baixo
1991842,0.029043,0,Baixo
1940571,0.009174,0,Baixo
1985041,0.071023,0,Baixo
1992156,0.029043,0,Baixo
1991161,0.003165,0,Baixo
1989487,0.023861,0,Baixo
1991497,0.003165,0,Baixo
1992284,0.023861,0,Baixo
1991283,0.090592,0,Baixo
1992298,0.001348,0,Baixo
1992248,0.100213,0,Baixo
1992329,0.071023,0,Baixo
1992084,0.143994,0,Baixo
1985294,0.143994,0,Baixo
1992203,0.029043,0,Baixo
1984140,0.013889,0,Baixo
1992323,0.029043,0,Baixo
1972202,0.010676,0,Baixo
1991370,0.013889,0,Baixo
1982540,0.100213,0,Baixo
1989130,0.071023,0,Baixo
1991819,0.166038,0,Baixo
1992311,0.009174,0,Baixo
1992032,0.029043,0,Baixo
1992353,0.062794,0,Baixo
1992349,0.003165,0,Baixo
1992358,0.062794,0,Baixo
1992348,0.029043,0,Baixo
1992369,0.062794,0,Baixo
1992362,0.062794,0,Baixo
1992360,0.029043,0,Baixo
1992380,0.0,0,Baixo
1992374,0.143994,0,Baixo
1992384,0.013889,0,Baixo
1981181,0.003165,0,Baixo
684928,0.143994,0,Baixo
1989874,0.010676,0,Baixo
1992371,0.013889,0,Baixo
1992222,0.029043,0,Baixo
1987709,0.029043,0,Baixo
1992103,0.009174,0,Baixo
1992188,0.029043,0,Baixo
1992138,0.090592,0,Baixo
1992287,0.029043,0,Baixo
1990506,0.029043,0,Baixo
1990504,0.013889,0,Baixo
1992142,0.143994,0,Baixo
1966489,0.003165,0,Baixo
1991365,0.030303,0,Baixo
1992354,0.003165,0,Baixo
1992334,0.010676,0,Baixo
1992393,0.013889,0,Baixo
1992414,0.009174,0,Baixo
1992412,0.062794,0,Baixo
1980830,0.029043,0,Baixo
1992415,0.071023,0,Baixo
686880,0.090592,0,Baixo
1988264,0.010676,0,Baixo
1669047,0.029043,0,Baixo
1960397,0.029043,0,Baixo
1989837,0.009174,0,Baixo
1992403,0.023861,0,Baixo
1992410,0.003165,0,Baixo
1992404,0.029043,0,Baixo
1992131,0.2,0,Baixo
1992437,0.009174,0,Baixo
1990447,0.009174,0,Baixo
1992429,0.009174,0,Baixo
1991112,0.029043,0,Baixo
1984834,0.090592,0,Baixo
1992390,0.071023,0,Baixo
1992291,0.023861,0,Baixo
1991367,0.023861,0,Baixo
1992467,0.003165,0,Baixo
1992411,0.001348,0,Baixo
1992466,0.0,0,Baixo
1992473,0.045455,0,Baixo
1992450,0.163658,0,Baixo
1992363,0.001348,0,Baixo
1992452,0.003165,0,Baixo
1983457,0.062794,0,Baixo
1990013,0.029043,0,Baixo
1987973,0.029043,0,Baixo
1992471,0.010676,0,Baixo
1992370,0.023861,0,Baixo
1992364,0.071023,0,Baixo
1992212,0.0,0,Baixo
1992472,0.029043,0,Baixo
1992481,0.001348,0,Baixo
1992499,0.010676,0,Baixo
1992392,0.023861,0,Baixo
1991038,0.071023,0,Baixo
1992498,0.003165,0,Baixo
1992050,0.062794,0,Baixo
1990906,0.013889,0,Baixo
1946776,0.163658,0,Baixo
1992505,0.001348,0,Baixo
1992510,0.071023,0,Baixo
1992447,0.023861,0,Baixo
1992509,0.003165,0,Baixo
1992455,0.090592,0,Baixo
1990794,0.029043,0,Baixo
1992497,0.010676,0,Baixo
1992407,0.023861,0,Baixo
1989332,0.071023,0,Baixo
1991450,0.023861,0,Baixo
1979364,0.013889,0,Baixo
1992226,0.013889,0,Baixo
1991960,0.013889,0,Baixo
1987878,0.143994,0,Baixo
1992419,0.029043,0,Baixo
1989783,0.013889,0,Baixo
1991148,0.029043,0,Baixo
1988137,0.029043,0,Baixo
1973014,0.163658,0,Baixo
1989486,0.023861,0,Baixo
1979691,0.003165,0,Baixo
1458943,0.013889,0,Baixo
1992215,0.010676,0,Baixo
1992564,0.045455,0,Baixo
1992548,0.023861,0,Baixo
1990190,0.029043,0,Baixo
1992553,0.009174,0,Baixo
1992568,0.010676,0,Baixo
1991883,0.100213,0,Baixo
1992569,0.023861,0,Baixo
1985203,0.013889,0,Baixo
1713641,0.009174,0,Baixo
1992592,0.029043,0,Baixo
1973842,0.013889,0,Baixo
1992581,0.100213,0,Baixo
1992524,0.029043,0,Baixo
1991750,0.003165,0,Baixo
1992562,0.001348,0,Baixo
1992605,0.062794,0,Baixo
1947894,0.013889,0,Baixo
1992589,0.010676,0,Baixo
1992598,0.0,0,Baixo
1992599,0.013889,0,Baixo
1992613,0.013889,0,Baixo
1986255,0.090592,0,Baixo
1561193,0.029043,0,Baixo
1992579,0.001348,0,Baixo
1992615,0.010676,0,Baixo
1992522,0.010676,0,Baixo
1992628,0.100213,0,Baixo
1992614,0.003165,0,Baixo
1992492,0.013889,0,Baixo
1992359,0.013889,0,Baixo
1992633,0.010676,0,Baixo
1992621,0.029043,0,Baixo
1992630,0.062794,0,Baixo
1992432,0.023861,0,Baixo
1992612,0.029043,0,Baixo
1987221,0.013889,0,Baixo
1992421,0.001348,0,Baixo
1992217,0.029043,0,Baixo
1992656,0.023861,0,Baixo
1992551,0.003165,0,Baixo
1992654,0.163658,0,Baixo
1988095,0.023861,0,Baixo
1992297,0.010676,0,Baixo
1721570,0.010676,0,Baixo
1972674,0.013889,0,Baixo
1991905,0.045455,0,Baixo
1984525,0.029043,0,Baixo
1992677,0.001348,0,Baixo
1992057,0.029043,0,Baixo
1992682,0.013889,0,Baixo
1992669,0.023861,0,Baixo
1989741,0.010676,0,Baixo
1991462,0.029043,0,Baixo
1992454,0.010676,0,Baixo
1992685,0.003165,0,Baixo
1987457,0.062794,0,Baixo
1987357,0.023861,0,Baixo
1992671,0.009174,0,Baixo
1991602,0.013889,0,Baixo
1989692,0.080586,0,Baixo
1992692,0.045455,0,Baixo
1992722,0.062794,0,Baixo
1979220,0.009174,0,Baixo
1992707,0.013889,0,Baixo
1991180,0.009174,0,Baixo
1720948,0.010676,0,Baixo
1990543,0.010676,0,Baixo
1992723,0.001348,0,Baixo
1992720,0.009174,0,Baixo
1975412,0.143994,0,Baixo
1992761,0.029043,0,Baixo
1992686,0.023861,0,Baixo
1992664,0.023861,0,Baixo
1990296,0.100213,0,Baixo
1992750,0.023861,0,Baixo
1992770,0.023861,0,Baixo
1992806,0.001348,0,Baixo
1992735,0.029043,0,Baixo
1990746,0.071023,0,Baixo
1992507,0.029043,0,Baixo
1989445,0.029043,0,Baixo
1991835,0.029043,0,Baixo
1990651,0.003165,0,Baixo
1981989,0.029043,0,Baixo
1992663,0.029043,0,Baixo
1992816,0.010676,0,Baixo
1985673,0.029043,0,Baixo
1992840,0.029043,0,Baixo
1988367,0.023861,0,Baixo
1992732,0.013889,0,Baixo
1992729,0.010676,0,Baixo
1992788,0.010676,0,Baixo
1980350,0.013889,0,Baixo
1992690,0.029043,0,Baixo
1989110,0.013889,0,Baixo
1992861,0.010676,0,Baixo
1992132,0.0,0,Baixo
1992773,0.029043,0,Baixo
1990053,0.029043,0,Baixo
1992887,0.029043,0,Baixo
1992864,0.003165,0,Baixo
1992747,0.029043,0,Baixo
1991061,0.023861,0,Baixo
1992855,0.029043,0,Baixo
1992886,0.013889,0,Baixo
1979125,0.143994,0,Baixo
1992570,0.003165,0,Baixo
1992251,0.013889,0,Baixo
1992758,0.013889,0,Baixo
1988601,0.029043,0,Baixo
1990276,0.029043,0,Baixo
1992902,0.003165,0,Baixo
1973007,0.062794,0,Baixo
1992475,0.045455,0,Baixo
1991052,0.001348,0,Baixo
1992894,0.010676,0,Baixo
1992935,0.001348,0,Baixo
1992791,0.029043,0,Baixo
1992836,0.029043,0,Baixo
1951109,0.003165,0,Baixo
1992930,0.100213,0,Baixo
1980614,0.062794,0,Baixo
1990156,0.029043,0,Baixo
1992945,0.013889,0,Baixo
1988084,0.045455,0,Baixo
1987833,0.003165,0,Baixo
1992951,0.013889,0,Baixo
1988073,0.009174,0,Baixo
1654138,0.029043,0,Baixo
1992937,0.100213,0,Baixo
1992978,0.009174,0,Baixo
1989877,0.013889,0,Baixo
1992805,0.003165,0,Baixo
1992922,0.080586,0,Baixo
1992976,0.013889,0,Baixo
1992838,0.062794,0,Baixo
1992994,0.023861,0,Baixo
1992915,0.071023,0,Baixo
1989856,0.001348,0,Baixo
1992772,0.013889,0,Baixo
1671551,0.023861,0,Baixo
1992857,0.013889,0,Baixo
1992763,0.013889,0,Baixo
1992884,0.001348,0,Baixo
1993011,0.010676,0,Baixo
1989971,0.013889,0,Baixo
1992281,0.045455,0,Baixo
1992149,0.023861,0,Baixo
1992187,0.143994,0,Baixo
1992106,0.100213,0,Baixo
1992021,0.001348,0,Baixo
1992998,0.010676,0,Baixo
1992989,0.013889,0,Baixo
1992967,0.062794,0,Baixo
1993020,0.013889,0,Baixo
1990723,0.010676,0,Baixo
1993027,0.071023,0,Baixo
1993029,0.029043,0,Baixo
1990241,0.029043,0,Baixo
1990049,0.090592,0,Baixo
1975841,0.163658,0,Baixo
1990534,0.029043,0,Baixo
1993016,0.010676,0,Baixo
1992908,0.023861,0,Baixo
1993048,0.100213,0,Baixo
1992601,0.009174,0,Baixo
1988200,0.029043,0,Baixo
1985074,0.009174,0,Baixo
1993067,0.062794,0,Baixo
1988680,0.029043,0,Baixo
1993069,0.002718,0,Baixo
1993071,0.013889,0,Baixo
1990396,0.029043,0,Baixo
1988281,0.013889,0,Baixo
1993072,0.013889,0,Baixo
1992422,0.029043,0,Baixo
1993087,0.029043,0,Baixo
1990811,0.029043,0,Baixo
1988670,0.030303,0,Baixo
1992139,0.009174,0,Baixo
1993098,0.100213,0,Baixo
1993097,0.029043,0,Baixo
1993106,0.029043,0,Baixo
1990433,0.013889,0,Baixo
1992547,0.071023,0,Baixo
1993108,0.013889,0,Baixo
1991946,0.062794,0,Baixo
1991480,0.013889,0,Baixo
1670725,0.045455,0,Baixo
1993096,0.013889,0,Baixo
1990465,0.013889,0,Baixo
1993125,0.023861,0,Baixo
1990459,0.062794,0,Baixo
1992004,0.029043,0,Baixo
1991951,0.100213,0,Baixo
1990594,0.023861,0,Baixo
1992155,0.071023,0,Baixo
1989403,0.090592,0,Baixo
1993132,0.029043,0,Baixo
1992996,0.010676,0,Baixo
1992984,0.013889,0,Baixo
1991858,0.001348,0,Baixo
1990414,0.029043,0,Baixo
1993155,0.001348,0,Baixo
1993171,0.001348,0,Baixo
1991388,0.029043,0,Baixo
1993172,0.029043,0,Baixo
1993180,0.013889,0,Baixo
1989125,0.029043,0,Baixo
1993185,0.029043,0,Baixo
1993192,0.023861,0,Baixo
1992238,0.023861,0,Baixo
1993191,0.010676,0,Baixo
1976678,0.029043,0,Baixo
1993197,0.029043,0,Baixo
1993103,0.029043,0,Baixo
1992264,0.029043,0,Baixo
1944732,0.071023,0,Baixo
1993178,0.010676,0,Baixo
1992829,0.080586,0,Baixo
1993216,0.071023,0,Baixo
1993033,0.029043,0,Baixo
1993218,0.013889,0,Baixo
1993224,0.010676,0,Baixo
1980059,0.143994,0,Baixo
1993188,0.071023,0,Baixo
1992988,0.013889,0,Baixo
1991663,0.029043,0,Baixo
1992565,0.013889,0,Baixo
1992490,0.013889,0,Baixo
1992826,0.045455,0,Baixo
1992071,0.080586,0,Baixo
1989276,0.001348,0,Baixo
1980513,0.001348,0,Baixo
1988449,0.023861,0,Baixo
1993239,0.029043,0,Baixo
1992629,0.013889,0,Baixo
1993247,0.003165,0,Baixo
1990900,0.009174,0,Baixo
1993258,0.023861,0,Baixo
1993254,0.029043,0,Baixo
1993249,0.071023,0,Baixo
1991539,0.023861,0,Baixo
1993253,0.090592,0,Baixo
1986976,0.009174,0,Baixo
1993264,0.029043,0,Baixo
1993269,0.062794,0,Baixo
1993277,0.023861,0,Baixo
1862814,0.029043,0,Baixo
1989469,0.137931,0,Baixo
1992960,0.029043,0,Baixo
1993261,0.029043,0,Baixo
1986360,0.163658,0,Baixo
1985512,0.023861,0,Baixo
1993325,0.029043,0,Baixo
1991786,0.001348,0,Baixo
1990810,0.009174,0,Baixo
1945954,0.023861,0,Baixo
1993315,0.003165,0,Baixo
1993285,0.045455,0,Baixo
1991894,0.013889,0,Baixo
1993371,0.045455,0,Baixo
1992245,0.029043,0,Baixo
1993350,0.001348,0,Baixo
1993131,0.013889,0,Baixo
1993199,0.226481,0,Medio
1991686,0.010676,0,Baixo
1990952,0.071023,0,Baixo
1993221,0.029043,0,Baixo
1978638,0.100213,0,Baixo
1983540,0.029043,0,Baixo
1993405,0.0,0,Baixo
1993360,0.029043,0,Baixo
1993383,0.029043,0,Baixo
1993281,0.029043,0,Baixo
1993408,0.001348,0,Baixo
1993417,0.100213,0,Baixo
1992725,0.062794,0,Baixo
1993423,0.001348,0,Baixo
1993432,0.023861,0,Baixo
1990836,0.001348,0,Baixo
1993433,0.009174,0,Baixo
1993411,0.029043,0,Baixo
1992174,0.001348,0,Baixo
1993422,0.001348,0,Baixo
1993459,0.029043,0,Baixo
1993462,0.0,0,Baixo
1993409,0.029043,0,Baixo
1993385,0.090592,0,Baixo
1971169,0.023861,0,Baixo
1991378,0.001348,0,Baixo
1989639,0.013889,0,Baixo
1993476,0.029043,0,Baixo
1992399,0.010676,0,Baixo
1990764,0.094203,0,Baixo
1989452,0.010676,0,Baixo
1993505,0.003165,0,Baixo
1750434,0.010676,0,Baixo
1986133,0.071023,0,Baixo
1993501,0.013889,0,Baixo
1993450,0.013889,0,Baixo
1991215,0.100213,0,Baixo
1978612,0.009174,0,Baixo
1988877,0.023861,0,Baixo
1993514,0.001348,0,Baixo
1993465,0.003165,0,Baixo
1993468,0.062794,0,Baixo
1987945,0.010676,0,Baixo
1993506,0.023861,0,Baixo
1986687,0.029043,0,Baixo
1974350,0.029043,0,Baixo
1993461,0.010676,0,Baixo
1993511,0.009174,0,Baixo
1993548,0.003165,0,Baixo
1993515,0.071023,0,Baixo
1992351,0.029043,0,Baixo
1992549,0.029043,0,Baixo
1993307,0.029043,0,Baixo
1989185,0.0,0,Baixo
1993173,0.029043,0,Baixo
1992591,0.013889,0,Baixo
1992928,0.010676,0,Baixo
1993541,0.029043,0,Baixo
1988873,0.143994,0,Baixo
1993516,0.090592,0,Baixo
1993496,0.009174,0,Baixo
1993491,0.013889,0,Baixo
1993529,0.010676,0,Baixo
1823330,0.080586,0,Baixo
1992769,0.023861,0,Baixo
1990694,0.013889,0,Baixo
1990721,0.009174,0,Baixo
1993510,0.071023,0,Baixo
1993336,0.029043,0,Baixo
1993523,0.003165,0,Baixo
1993567,0.029043,0,Baixo
1993420,0.045455,0,Baixo
1993557,0.045455,0,Baixo
1993570,0.143994,0,Baixo
1993531,0.023861,0,Baixo
1993562,0.029043,0,Baixo
1992107,0.023861,0,Baixo
1992717,0.029043,0,Baixo
1993017,0.023861,0,Baixo
1827760,0.062794,0,Baixo
1993590,0.003165,0,Baixo
1993369,0.100213,0,Baixo
1993594,0.062794,0,Baixo
1993537,0.003165,0,Baixo
1993609,0.010676,0,Baixo
1992962,0.013889,0,Baixo
1992198,0.001348,0,Baixo
1993618,0.009174,0,Baixo
1993573,0.013889,0,Baixo
1990502,0.062794,0,Baixo
1725989,0.013889,0,Baixo
1991967,0.010676,0,Baixo
1993535,0.003165,0,Baixo
1993625,0.071023,0,Baixo
1990884,0.080586,0,Baixo
1993627,0.013889,0,Baixo
1993578,0.0,0,Baixo
1993589,0.029043,0,Baixo
1993633,0.023861,0,Baixo
1993610,0.029043,0,Baixo
1993615,0.010676,0,Baixo
1993631,0.003165,0,Baixo
1990882,0.029043,0,Baixo
1993659,0.029043,0,Baixo
1993664,0.029043,0,Baixo
1993612,0.023861,0,Baixo
1982837,0.013889,0,Baixo
1993683,0.013889,0,Baixo
1993677,0.010676,0,Baixo
1993675,0.013889,0,Baixo
1993680,0.003165,0,Baixo
1992557,0.029043,0,Baixo
1979698,0.013889,0,Baixo
1992846,0.071023,0,Baixo
1992575,0.0,0,Baixo
1993365,0.0,0,Baixo
1993700,0.001348,0,Baixo
1993649,0.010676,0,Baixo
1993704,0.0,0,Baixo
1993410,0.029043,0,Baixo
1992033,0.029043,0,Baixo
1993695,0.029043,0,Baixo
1993719,0.029043,0,Baixo
1993714,0.013889,0,Baixo
1993628,0.062794,0,Baixo
1993727,0.0,0,Baixo
1993702,0.029043,0,Baixo
1993657,0.045455,0,Baixo
1993730,0.013889,0,Baixo
1715775,0.0,0,Baixo
1499533,0.013889,0,Baixo
1993219,0.100213,0,Baixo
1988279,0.003165,0,Baixo
1973271,0.029043,0,Baixo
1993734,0.013889,0,Baixo
1992883,0.071023,0,Baixo
1993346,0.023861,0,Baixo
1993725,0.009174,0,Baixo
1993722,0.013889,0,Baixo
1993765,0.010676,0,Baixo
1988149,0.003165,0,Baixo
1993760,0.029043,0,Baixo
1993720,0.023861,0,Baixo
1993782,0.029043,0,Baixo
1992085,0.029043,0,Baixo
1993787,0.013889,0,Baixo
1992094,0.045455,0,Baixo
1991660,0.013889,0,Baixo
1991656,0.029043,0,Baixo
1993821,0.071023,0,Baixo
1991197,0.071023,0,Baixo
1992352,0.003165,0,Baixo
1993834,0.029043,0,Baixo
1979106,0.013889,0,Baixo
1993827,0.071023,0,Baixo
1993826,0.100213,0,Baixo
1989265,0.062794,0,Baixo
1978832,0.001348,0,Baixo
1991629,0.029043,0,Baixo
1990614,0.009174,0,Baixo
1991263,0.001348,0,Baixo
1992273,0.029043,0,Baixo
1991647,0.226481,0,Medio
1993855,0.045455,0,Baixo
1993861,0.013889,0,Baixo
1993470,0.010676,0,Baixo
1993835,0.009174,0,Baixo
1948885,0.013889,0,Baixo
1794513,0.029043,0,Baixo
1991643,0.143994,0,Baixo
1989010,0.009174,0,Baixo
1991139,0.001348,0,Baixo
1993832,0.003165,0,Baixo
1991586,0.009174,0,Baixo
1993858,0.023861,0,Baixo
1993841,0.071023,0,Baixo
1991770,0.029043,0,Baixo
1991549,0.029043,0,Baixo
1993813,0.143994,0,Baixo
1993865,0.0,0,Baixo
1991520,0.003165,0,Baixo
1993622,0.003165,0,Baixo
1991546,0.100213,0,Baixo
1237214,0.003165,0,Baixo
1991432,0.001348,0,Baixo
1991310,0.137931,0,Baixo
1993801,0.029043,0,Baixo
1993843,0.029043,0,Baixo
1991026,0.090592,0,Baixo
1972813,0.163658,0,Baixo
1991527,0.013889,0,Baixo
1992734,0.003165,0,Baixo
1993891,0.0,0,Baixo
1993747,0.090592,0,Baixo
1993694,0.010676,0,Baixo
1992818,0.029043,0,Baixo
1990579,0.029043,0,Baixo
1991463,0.023861,0,Baixo
1993553,0.003165,0,Baixo
1991341,0.071023,0,Baixo
1992716,0.029043,0,Baixo
1993810,0.013889,0,Baixo
1991339,0.062794,0,Baixo
1991304,0.013889,0,Baixo
1991338,0.080586,0,Baixo
1993899,0.013889,0,Baixo
1993907,0.010676,0,Baixo
1993895,0.013889,0,Baixo
1965276,0.029043,0,Baixo
1977067,0.029043,0,Baixo
1971681,0.010676,0,Baixo
1990931,0.094203,0,Baixo
1993897,0.080586,0,Baixo
1993194,0.009174,0,Baixo
1993629,0.100213,0,Baixo
1990566,0.010676,0,Baixo
1993890,0.023861,0,Baixo
1989457,0.090592,0,Baixo
1993512,0.001348,0,Baixo
1989416,0.029043,0,Baixo
1993867,0.009174,0,Baixo
1993931,0.010676,0,Baixo
1993941,0.100213,0,Baixo
1992882,0.010676,0,Baixo
1993937,0.023861,0,Baixo
1993967,0.003165,0,Baixo
1989406,0.003165,0,Baixo
1989345,0.003165,0,Baixo
1989341,0.023861,0,Baixo
1993955,0.009174,0,Baixo
1989316,0.009174,0,Baixo
1974222,0.062794,0,Baixo
1992003,0.100213,0,Baixo
1645175,0.100213,0,Baixo
1993997,0.029043,0,Baixo
1993799,0.010676,0,Baixo
1992927,0.013889,0,Baixo
1992168,0.029043,0,Baixo
1993993,0.029043,0,Baixo
1992282,0.071023,0,Baixo
1991202,0.100213,0,Baixo
1994004,0.003165,0,Baixo
1993688,0.071023,0,Baixo
1994021,0.062794,0,Baixo
1990844,0.029043,0,Baixo
1987419,0.001348,0,Baixo
1994035,0.029043,0,Baixo
1993753,0.010676,0,Baixo
1993994,0.003165,0,Baixo
1981508,0.071023,0,Baixo
1945046,0.013889,0,Baixo
1994031,0.013889,0,Baixo
1993887,0.023861,0,Baixo
1994037,0.010676,0,Baixo
1964210,0.062794,0,Baixo
1994055,0.023861,0,Baixo
1985296,0.071023,0,Baixo
1993057,0.029043,0,Baixo
1960726,0.029043,0,Baixo
1993666,0.001348,0,Baixo
1994051,0.023861,0,Baixo
1933730,0.100213,0,Baixo
1968623,0.090592,0,Baixo
1993920,0.013889,0,Baixo
1991255,0.003165,0,Baixo
1993981,0.029043,0,Baixo
1973477,0.090592,0,Baixo
1994048,0.013889,0,Baixo
1994078,0.090592,0,Baixo
1994057,0.023861,0,Baixo
1994072,0.029043,0,Baixo
1994041,0.013889,0,Baixo
1994088,0.001348,0,Baixo
1994128,0.023861,0,Baixo
1994140,0.029043,0,Baixo
1994081,0.029043,0,Baixo
1993081,0.013889,0,Baixo
1994152,0.001348,0,Baixo
1994145,0.001348,0,Baixo
1405223,0.029043,0,Baixo
1993438,0.023861,0,Baixo
1994084,0.062794,0,Baixo
1994159,0.0,0,Baixo
1994138,0.009174,0,Baixo
1994119,0.009174,0,Baixo
1994053,0.003165,0,Baixo
1994132,0.137931,0,Baixo
1990953,0.013889,0,Baixo
1993317,0.010676,0,Baixo
1993651,0.030303,0,Baixo
1994169,0.009174,0,Baixo
1986885,0.003165,0,Baixo
1994151,0.003165,0,Baixo
1994178,0.023861,0,Baixo
1965767,0.201923,0,Medio
1994171,0.029043,0,Baixo
1994189,0.023861,0,Baixo
1984601,0.029043,0,Baixo
1986503,0.100213,0,Baixo
1994183,0.029043,0,Baixo
1994192,0.029043,0,Baixo
1994129,0.013889,0,Baixo
1742386,0.023861,0,Baixo
1994207,0.029043,0,Baixo
1993235,0.029043,0,Baixo
1994166,0.029043,0,Baixo
1976902,0.013889,0,Baixo
1992069,0.029043,0,Baixo
1994202,0.013889,0,Baixo
1993447,0.094203,0,Baixo
1993874,0.003165,0,Baixo
1992910,0.023861,0,Baixo
1993977,0.029043,0,Baixo
1993979,0.062794,0,Baixo
1993327,0.010676,0,Baixo
1994131,0.009174,0,Baixo
1994218,0.001348,0,Baixo
1994201,0.062794,0,Baixo
1994182,0.0,0,Baixo
1994214,0.045455,0,Baixo
1994209,0.023861,0,Baixo
1992799,0.100213,0,Baixo
1994195,0.001348,0,Baixo
1993101,0.062794,0,Baixo
1994227,0.003165,0,Baixo
1992658,0.029043,0,Baixo
1994090,0.003165,0,Baixo
1994196,0.023861,0,Baixo
1994215,0.010676,0,Baixo
1994236,0.010676,0,Baixo
1978324,0.029043,0,Baixo
1994197,0.003165,0,Baixo
1994212,0.029043,0,Baixo
1991952,0.009174,0,Baixo
1994243,0.003165,0,Baixo
1989084,0.029043,0,Baixo
1989447,0.100213,0,Baixo
1982133,0.029043,0,Baixo
1994250,0.023861,0,Baixo
1994210,0.013889,0,Baixo
1993689,0.010676,0,Baixo
1994223,0.003165,0,Baixo
1994262,0.100213,0,Baixo
1994264,0.045455,0,Baixo
1993338,0.029043,0,Baixo
1993636,0.023861,0,Baixo
1991394,0.071023,0,Baixo
1992845,0.029043,0,Baixo
1994121,0.003165,0,Baixo
1994271,0.001348,0,Baixo
1994273,0.062794,0,Baixo
1994285,0.071023,0,Baixo
1994266,0.009174,0,Baixo
1994267,0.071023,0,Baixo
1991697,0.010676,0,Baixo
1994251,0.010676,0,Baixo
1992162,0.013889,0,Baixo
1994282,0.010676,0,Baixo
1994295,0.003165,0,Baixo
1994269,0.0,0,Baixo
1994292,0.029043,0,Baixo
1994300,0.010676,0,Baixo
1990426,0.003165,0,Baixo
1971171,0.029043,0,Baixo
1994280,0.013889,0,Baixo
1988437,0.090592,0,Baixo
1994288,0.100213,0,Baixo
1993934,0.029043,0,Baixo
1994315,0.013889,0,Baixo
1993564,0.009174,0,Baixo
1994335,0.029043,0,Baixo
1994317,0.013889,0,Baixo
1994308,0.029043,0,Baixo
1990639,0.090592,0,Baixo
1994342,0.001348,0,Baixo
1991398,0.071023,0,Baixo
1993701,0.143994,0,Baixo
1994332,0.071023,0,Baixo
1985742,0.029043,0,Baixo
1994355,0.013889,0,Baixo
1994314,0.062794,0,Baixo
1989896,0.003165,0,Baixo
1991034,0.071023,0,Baixo
1992939,0.029043,0,Baixo
1974473,0.090592,0,Baixo
1994389,0.0,0,Baixo
1994199,0.013889,0,Baixo
1946188,0.080586,0,Baixo
1994373,0.001348,0,Baixo
1994367,0.029587,0,Baixo
1993987,0.013889,0,Baixo
1991199,0.001348,0,Baixo
1994411,0.010676,0,Baixo
1978641,0.029043,0,Baixo
1993806,0.003165,0,Baixo
1994414,0.0,0,Baixo
1994413,0.062794,0,Baixo
1994408,0.010676,0,Baixo
1992532,0.013889,0,Baixo
1994424,0.009174,0,Baixo
1974277,0.100213,0,Baixo
1994420,0.009174,0,Baixo
1994410,0.013889,0,Baixo
1993234,0.062794,0,Baixo
1994442,0.010676,0,Baixo
1994432,0.023861,0,Baixo
571840,0.010676,0,Baixo
1994433,0.013889,0,Baixo
1994454,0.013889,0,Baixo
1992819,0.062794,0,Baixo
1986750,0.029043,0,Baixo
1933548,0.029043,0,Baixo
1994241,0.010676,0,Baixo
1994443,0.029043,0,Baixo
1994436,0.003165,0,Baixo
1994455,0.003165,0,Baixo
1992073,0.023861,0,Baixo
1994429,0.013889,0,Baixo
1948617,0.062794,0,Baixo
1994472,0.0,0,Baixo
1994396,0.013889,0,Baixo
1989209,0.010676,0,Baixo
1989577,0.029043,0,Baixo
1994467,0.013889,0,Baixo
1994402,0.003165,0,Baixo
1994482,0.12069,0,Baixo
1994440,0.013889,0,Baixo
1968487,0.010676,0,Baixo
1994483,0.013889,0,Baixo
1994485,0.013889,0,Baixo
1985822,0.071023,0,Baixo
1994496,0.029043,0,Baixo
1994505,0.013889,0,Baixo
1994501,0.045455,0,Baixo
1994510,0.001348,0,Baixo
1994446,0.001348,0,Baixo
1991823,0.010676,0,Baixo
1994508,0.029043,0,Baixo
1994523,0.013889,0,Baixo
1966759,0.143994,0,Baixo
1994444,0.062794,0,Baixo
1994532,0.029043,0,Baixo
1993053,0.071023,0,Baixo
1994488,0.013889,0,Baixo
1994471,0.013889,0,Baixo
1990430,0.023861,0,Baixo
1991106,0.029043,0,Baixo
1974098,0.013889,0,Baixo
1994517,0.062794,0,Baixo
1990575,0.013889,0,Baixo
1994303,0.062794,0,Baixo
1993930,0.013889,0,Baixo
1987961,0.100213,0,Baixo
1966601,0.090592,0,Baixo
1990946,0.062794,0,Baixo
1994476,0.010676,0,Baixo
1994504,0.029043,0,Baixo
1994550,0.013889,0,Baixo
1994154,0.029043,0,Baixo
1990734,0.001348,0,Baixo
1994141,0.003165,0,Baixo
1993086,0.029043,0,Baixo
1993387,0.029043,0,Baixo
1994135,0.023861,0,Baixo
1990463,0.010676,0,Baixo
1994534,0.001348,0,Baixo
1988789,0.013889,0,Baixo
1994535,0.029043,0,Baixo
1992745,0.029043,0,Baixo
1994066,0.071023,0,Baixo
1994544,0.010676,0,Baixo
1994177,0.062794,0,Baixo
1992529,0.029043,0,Baixo
1994208,0.0,0,Baixo
1985770,0.013889,0,Baixo
1993999,0.023861,0,Baixo
1994462,0.013889,0,Baixo
1992294,0.071023,0,Baixo
1994555,0.013889,0,Baixo
1994521,0.013889,0,Baixo
1994194,0.013889,0,Baixo
1789867,0.143994,0,Baixo
1994338,0.009174,0,Baixo
1994038,0.023861,0,Baixo
1993276,0.045455,0,Baixo
1993237,0.071023,0,Baixo
1994576,0.029043,0,Baixo
1994579,0.029043,0,Baixo
1994587,0.0,0,Baixo
1994540,0.023861,0,Baixo
1986490,0.071023,0,Baixo
1994586,0.062794,0,Baixo
1994589,0.013889,0,Baixo
1994596,0.003165,0,Baixo
1994541,0.010676,0,Baixo
1992848,0.023861,0,Baixo
1979386,0.023861,0,Baixo
1994558,0.023861,0,Baixo
1986573,0.029043,0,Baixo
1994516,0.029043,0,Baixo
1994600,0.013889,0,Baixo
1994607,0.013889,0,Baixo
1992309,0.023861,0,Baixo
1980448,0.013889,0,Baixo
1994612,0.013889,0,Baixo
1946852,0.062794,0,Baixo
1994637,0.029043,0,Baixo
1994648,0.071023,0,Baixo
1994669,0.013889,0,Baixo
1991670,0.029043,0,Baixo
1994602,0.003165,0,Baixo
1994649,0.143994,0,Baixo
1973933,0.013889,0,Baixo
1994646,0.001348,0,Baixo
1994613,0.062794,0,Baixo
1994536,0.013889,0,Baixo
1994655,0.003165,0,Baixo
1949451,0.029043,0,Baixo
1994614,0.009174,0,Baixo
1992180,0.029043,0,Baixo
1975701,0.013889,0,Baixo
1992876,0.163658,0,Baixo
1994599,0.003165,0,Baixo
1994509,0.013889,0,Baixo
1992713,0.090592,0,Baixo
1994677,0.029043,0,Baixo
1992366,0.100213,0,Baixo
1994634,0.001348,0,Baixo
1981740,0.009174,0,Baixo
1994263,0.001348,0,Baixo
1993079,0.062794,0,Baixo
1994578,0.010676,0,Baixo
1994674,0.010676,0,Baixo
1994695,0.010676,0,Baixo
1990564,0.023861,0,Baixo
1991230,0.029043,0,Baixo
1994666,0.013889,0,Baixo
1986630,0.029043,0,Baixo
1992609,0.013889,0,Baixo
1989609,0.010676,0,Baixo
1984787,0.029043,0,Baixo
1756184,0.045455,0,Baixo
1968475,0.062794,0,Baixo
1991222,0.029043,0,Baixo
1993533,0.029043,0,Baixo
1988687,0.029043,0,Baixo
1994700,0.023861,0,Baixo
1993758,0.010676,0,Baixo
1972801,0.029043,0,Baixo
1990383,0.003165,0,Baixo
1994687,0.029043,0,Baixo
1994610,0.003165,0,Baixo
1748953,0.013889,0,Baixo
1993984,0.062794,0,Baixo
1994652,0.010676,0,Baixo
1994708,0.062794,0,Baixo
1994651,0.029043,0,Baixo
1993711,0.045455,0,Baixo
1994711,0.100213,0,Baixo
1963882,0.071023,0,Baixo
1958024,0.080586,0,Baixo
1992736,0.071023,0,Baixo
1951189,0.001348,0,Baixo
1994726,0.029043,0,Baixo
1994725,0.009174,0,Baixo
1979819,0.009174,0,Baixo
1976772,0.013889,0,Baixo
1990375,0.009174,0,Baixo
1994738,0.143994,0,Baixo
1992169,0.003165,0,Baixo
1967067,0.029043,0,Baixo
1991073,0.001348,0,Baixo
1994751,0.009174,0,Baixo
1973879,0.080586,0,Baixo
1994451,0.013889,0,Baixo
1994740,0.029043,0,Baixo
1994252,0.100213,0,Baixo
1991192,0.029043,0,Baixo
1994556,0.010676,0,Baixo
1994743,0.029043,0,Baixo
1994762,0.071023,0,Baixo
1994732,0.010676,0,Baixo
1639200,0.094203,0,Baixo
1992792,0.003165,0,Baixo
1974211,0.071023,0,Baixo
1936318,0.201923,0,Medio
1932411,0.143994,0,Baixo
1932406,0.001348,0,Baixo
1942063,0.090592,0,Baixo
1938942,0.029043,0,Baixo
1935880,0.163658,0,Baixo
1621732,0.094203,0,Baixo
1936927,0.143994,0,Baixo
1994770,0.029043,0,Baixo
1932592,0.029043,0,Baixo
1930745,0.009174,0,Baixo
1935029,0.003165,0,Baixo
1936796,0.029043,0,Baixo
1928851,0.010676,0,Baixo
1936710,0.010676,0,Baixo
1918351,0.094203,0,Baixo
1807526,0.029043,0,Baixo
1962373,0.029043,0,Baixo
1616807,0.071023,0,Baixo
1945350,0.029043,0,Baixo
1994766,0.100213,0,Baixo
1994767,0.013889,0,Baixo
1994774,0.045455,0,Baixo
1994458,0.029043,0,Baixo
1991186,0.023861,0,Baixo
1992274,0.062794,0,Baixo
1992341,0.023861,0,Baixo
1994682,0.023861,0,Baixo
1992991,0.062794,0,Baixo
1992146,0.090592,0,Baixo
1992197,0.029043,0,Baixo
1988922,0.029043,0,Baixo
1993165,0.001348,0,Baixo
1976366,0.094203,0,Baixo
1994580,0.0,0,Baixo
1992521,0.001348,0,Baixo
1991852,0.003165,0,Baixo
1994654,0.071023,0,Baixo
1994759,0.029043,0,Baixo
1963119,0.029043,0,Baixo
1994552,0.023861,0,Baixo
1991791,0.001348,0,Baixo
1985289,0.229935,0,Medio
1747130,0.013889,0,Baixo
1994815,0.003165,0,Baixo
1990907,0.023861,0,Baixo
1972982,0.029043,0,Baixo
1994818,0.0,0,Baixo
1985392,0.029043,0,Baixo
1991600,0.143994,0,Baixo
1994761,0.029043,0,Baixo
1994842,0.029043,0,Baixo
1989620,0.0,0,Baixo
1989296,0.010676,0,Baixo
1994843,0.013889,0,Baixo
1994841,0.023861,0,Baixo
1993242,0.094203,0,Baixo
1994835,0.013889,0,Baixo
1994845,0.009174,0,Baixo
1994847,0.003165,0,Baixo
1994852,0.029043,0,Baixo
1993217,0.090592,0,Baixo
1994799,0.013889,0,Baixo
1994858,0.023861,0,Baixo
1994854,0.001348,0,Baixo
1994493,0.009174,0,Baixo
1994870,0.003165,0,Baixo
1994868,0.010676,0,Baixo
1994802,0.009174,0,Baixo
1994849,0.029043,0,Baixo
1994895,0.062794,0,Baixo
1994686,0.023861,0,Baixo
1994878,0.023861,0,Baixo
1992462,0.029043,0,Baixo
1994893,0.013889,0,Baixo
1994884,0.001348,0,Baixo
1994896,0.029043,0,Baixo
1994902,0.023861,0,Baixo
1977326,0.100213,0,Baixo
1990482,0.029043,0,Baixo
1990648,0.071023,0,Baixo
1990728,0.029043,0,Baixo
1994850,0.062794,0,Baixo
1994919,0.001348,0,Baixo
1994887,0.029043,0,Baixo
1993424,0.062794,0,Baixo
1994804,0.010676,0,Baixo
1994865,0.013889,0,Baixo
1994898,0.100213,0,Baixo
1994940,0.013889,0,Baixo
1994568,0.009174,0,Baixo
1994623,0.143994,0,Baixo
1994941,0.013889,0,Baixo
1994950,0.013889,0,Baixo
1992854,0.062794,0,Baixo
1994816,0.009174,0,Baixo
1994889,0.023861,0,Baixo
1994938,0.100213,0,Baixo
1994925,0.100213,0,Baixo
1994783,0.010676,0,Baixo
1994961,0.009174,0,Baixo
1974575,0.143994,0,Baixo
1994904,0.023861,0,Baixo
1994945,0.062794,0,Baixo
1994954,0.029043,0,Baixo
1810252,0.029043,0,Baixo
1994929,0.029043,0,Baixo
1994946,0.029043,0,Baixo
1994970,0.013889,0,Baixo
1991297,0.013889,0,Baixo
1994975,0.013889,0,Baixo
1994668,0.013889,0,Baixo
1991149,0.045455,0,Baixo
1990870,0.029043,0,Baixo
1991028,0.029043,0,Baixo
1994113,0.013889,0,Baixo
1994989,0.214925,0,Medio
1988945,0.071023,0,Baixo
1994735,0.029043,0,Baixo
1994976,0.001348,0,Baixo
1966680,0.023861,0,Baixo
1981094,0.029043,0,Baixo
1992445,0.143994,0,Baixo
1994996,0.013889,0,Baixo
1980135,0.062794,0,Baixo
1987380,0.029043,0,Baixo
1995018,0.100213,0,Baixo
1983216,0.029043,0,Baixo
1995015,0.013889,0,Baixo
1993478,0.062794,0,Baixo
1994990,0.001348,0,Baixo
1995021,0.013889,0,Baixo
1995006,0.010676,0,Baixo
1995017,0.029043,0,Baixo
1990069,0.01406,0,Baixo
1995026,0.029043,0,Baixo
1668204,0.013889,0,Baixo
1989821,0.013889,0,Baixo
1993070,0.009174,0,Baixo
1995035,0.010676,0,Baixo
1992015,0.030303,0,Baixo
1995037,0.013889,0,Baixo
1995053,0.071023,0,Baixo
1995055,0.143994,0,Baixo
1940364,0.062794,0,Baixo
1991286,0.003165,0,Baixo
1989516,0.010676,0,Baixo
1995039,0.0,0,Baixo
1995002,0.013889,0,Baixo
1991396,0.013889,0,Baixo
1994848,0.062794,0,Baixo
1973195,0.029043,0,Baixo
1995073,0.062794,0,Baixo
1994977,0.013889,0,Baixo
1995059,0.029043,0,Baixo
1994776,0.013889,0,Baixo
1994903,0.029043,0,Baixo
1992072,0.030303,0,Baixo
1995067,0.314286,0,Medio
1994571,0.029043,0,Baixo
1995070,0.001348,0,Baixo
1989047,0.010676,0,Baixo
1995095,0.003165,0,Baixo
1983822,0.010676,0,Baixo
1995050,0.013889,0,Baixo
1953308,0.029043,0,Baixo
1995097,0.045455,0,Baixo
1995096,0.029043,0,Baixo
1992434,0.013889,0,Baixo
1994323,0.001348,0,Baixo
1993779,0.029043,0,Baixo
1983776,0.029043,0,Baixo
1994417,0.023861,0,Baixo
1995094,0.029043,0,Baixo
1991625,0.023861,0,Baixo
1995098,0.029043,0,Baixo
1993789,0.029043,0,Baixo
1995109,0.009174,0,Baixo
1992955,0.010676,0,Baixo
1995126,0.094203,0,Baixo
1995125,0.010676,0,Baixo
1578937,0.090592,0,Baixo
1994187,0.029043,0,Baixo
1995148,0.029043,0,Baixo
1978702,0.029043,0,Baixo
1986338,0.029043,0,Baixo
1995156,0.029043,0,Baixo
1993456,0.029043,0,Baixo
1925864,0.071023,0,Baixo
1992888,0.029043,0,Baixo
1984448,0.013889,0,Baixo
1933843,0.100213,0,Baixo
1995164,0.029043,0,Baixo
984222,0.062794,0,Baixo
1995121,0.013889,0,Baixo
1995168,0.023861,0,Baixo
1995166,0.100213,0,Baixo
1995174,0.029043,0,Baixo
1995169,0.009174,0,Baixo
1995140,0.003165,0,Baixo
1995188,0.0,0,Baixo
1995193,0.029043,0,Baixo
1995158,0.0,0,Baixo
1991262,0.071023,0,Baixo
1995189,0.029043,0,Baixo
1995110,0.003165,0,Baixo
1992164,0.010676,0,Baixo
1995177,0.001348,0,Baixo
1995216,0.003165,0,Baixo
1995220,0.100213,0,Baixo
1995078,0.003165,0,Baixo
1995154,0.094203,0,Baixo
1994991,0.029043,0,Baixo
1984540,0.062794,0,Baixo
1988844,0.029043,0,Baixo
1995105,0.071023,0,Baixo
1994670,0.009174,0,Baixo
1995118,0.003165,0,Baixo
1992675,0.001348,0,Baixo
1988972,0.029043,0,Baixo
1995191,0.010676,0,Baixo
1975571,0.013889,0,Baixo
1995232,0.029043,0,Baixo
1995225,0.003165,0,Baixo
1995243,0.013889,0,Baixo
1994913,0.029043,0,Baixo
1977663,0.013889,0,Baixo
1995046,0.013889,0,Baixo
1995252,0.029043,0,Baixo
1995228,0.029043,0,Baixo
1993156,0.029043,0,Baixo
1995114,0.100213,0,Baixo
1995280,0.010676,0,Baixo
1995275,0.013889,0,Baixo
1975917,0.003165,0,Baixo
1987038,0.023861,0,Baixo
1995251,0.009174,0,Baixo
1991402,0.071023,0,Baixo
1995310,0.094203,0,Baixo
1991472,0.071023,0,Baixo
1992640,0.010676,0,Baixo
1995287,0.003165,0,Baixo
1995304,0.029043,0,Baixo
1995321,0.013889,0,Baixo
1933953,0.029043,0,Baixo
1995115,0.010676,0,Baixo
1995270,0.100213,0,Baixo
1993640,0.062794,0,Baixo
1992961,0.029043,0,Baixo
1995312,0.143994,0,Baixo
1995277,0.090592,0,Baixo
1995256,0.071023,0,Baixo
1995293,0.003165,0,Baixo
1995298,0.013889,0,Baixo
1995160,0.023861,0,Baixo
1994349,0.013889,0,Baixo
1995316,0.010676,0,Baixo
1995332,0.003165,0,Baixo
1982153,0.062794,0,Baixo
1995102,0.001348,0,Baixo
1995327,0.045455,0,Baixo
1731856,0.029043,0,Baixo
1995060,0.029043,0,Baixo
1995368,0.029043,0,Baixo
1995308,0.029043,0,Baixo
1995290,0.029043,0,Baixo
1995375,0.029043,0,Baixo
1995198,0.003165,0,Baixo
1995261,0.0,0,Baixo
1995348,0.001348,0,Baixo
1995370,0.045455,0,Baixo
1995390,0.029043,0,Baixo
1995336,0.062794,0,Baixo
1991121,0.013889,0,Baixo
1995394,0.062794,0,Baixo
1993475,0.023861,0,Baixo
1995351,0.001348,0,Baixo
1994958,0.071023,0,Baixo
1995402,0.023861,0,Baixo
1994969,0.023861,0,Baixo
1995382,0.071023,0,Baixo
1995269,0.003165,0,Baixo
1995405,0.029043,0,Baixo
1995397,0.013889,0,Baixo
1995404,0.045455,0,Baixo
1994844,0.029043,0,Baixo
1994459,0.080586,0,Baixo
1995401,0.029043,0,Baixo
1995384,0.045455,0,Baixo
1995307,0.029043,0,Baixo
1995314,0.062794,0,Baixo
1995413,0.071023,0,Baixo
1995423,0.100213,0,Baixo
1995400,0.029043,0,Baixo
1995341,0.029043,0,Baixo
1992095,0.013889,0,Baixo
1995439,0.029043,0,Baixo
1993348,0.013889,0,Baixo
1995337,0.071023,0,Baixo
1995194,0.029043,0,Baixo
1991299,0.094203,0,Baixo
1995456,0.023861,0,Baixo
1951043,0.010676,0,Baixo
1995450,0.003165,0,Baixo
1995437,0.010676,0,Baixo
1995408,0.029043,0,Baixo
1995449,0.029043,0,Baixo
1995446,0.023861,0,Baixo
1995463,0.029043,0,Baixo
1994630,0.045455,0,Baixo
1978704,0.094203,0,Baixo
1995477,0.013889,0,Baixo
1984069,0.010676,0,Baixo
1995482,0.013889,0,Baixo
1991261,0.029043,0,Baixo
1994994,0.001348,0,Baixo
1995484,0.009174,0,Baixo
1995487,0.001348,0,Baixo
1995499,0.071023,0,Baixo
1979493,0.062794,0,Baixo
1995219,0.013889,0,Baixo
1992885,0.094203,0,Baixo
1995481,0.100213,0,Baixo
1995509,0.013889,0,Baixo
1995520,0.029043,0,Baixo
1995492,0.090592,0,Baixo
1993638,0.090592,0,Baixo
1995512,0.029043,0,Baixo
1989556,0.003165,0,Baixo
1995523,0.029043,0,Baixo
1995521,0.013889,0,Baixo
1991866,0.062794,0,Baixo
1995288,0.045455,0,Baixo
1995496,0.080586,0,Baixo
1995551,0.001348,0,Baixo
1995548,0.071023,0,Baixo
1995498,0.023861,0,Baixo
1992401,0.013889,0,Baixo
1995559,0.013889,0,Baixo
1990918,0.100213,0,Baixo
1995562,0.009174,0,Baixo
1991442,0.071023,0,Baixo
1993063,0.062794,0,Baixo
1995575,0.029043,0,Baixo
1995407,0.013889,0,Baixo
1992802,0.071023,0,Baixo
1994590,0.100213,0,Baixo
1995596,0.001348,0,Baixo
1987489,0.029043,0,Baixo
1995600,0.045455,0,Baixo
1994986,0.071023,0,Baixo
1994480,0.071023,0,Baixo
1995609,0.029043,0,Baixo
1991392,0.009174,0,Baixo
1994518,0.013889,0,Baixo
1644820,0.029043,0,Baixo
1995626,0.029043,0,Baixo
1995627,0.009174,0,Baixo
1995624,0.003165,0,Baixo
1752273,0.003165,0,Baixo
1951459,0.029043,0,Baixo
1977556,0.029043,0,Baixo
1995315,0.003165,0,Baixo
1993796,0.013889,0,Baixo
1995474,0.062794,0,Baixo
1995641,0.030303,0,Baixo
1995442,0.029043,0,Baixo
1995642,0.001348,0,Baixo
1993926,0.013889,0,Baixo
1995648,0.010676,0,Baixo
1972619,0.023861,0,Baixo
1986746,0.010676,0,Baixo
1995621,0.010676,0,Baixo
1974156,0.023861,0,Baixo
1967764,0.029043,0,Baixo
1995613,0.029043,0,Baixo
1995660,0.013889,0,Baixo
1991638,0.029043,0,Baixo
1995322,0.094203,0,Baixo
1896655,0.071023,0,Baixo
1994546,0.013889,0,Baixo
1988228,0.001348,0,Baixo
1995265,0.100213,0,Baixo
1995003,0.003165,0,Baixo
1979483,0.023861,0,Baixo
1995682,0.029043,0,Baixo
1992635,0.013889,0,Baixo
1994296,0.009174,0,Baixo
1995649,0.010676,0,Baixo
1995587,0.013889,0,Baixo
1995678,0.023861,0,Baixo
1986465,0.013889,0,Baixo
1983831,0.013889,0,Baixo
1975076,0.100213,0,Baixo
1992689,0.013889,0,Baixo
1992223,0.100213,0,Baixo
1993912,0.029043,0,Baixo
1992597,0.029043,0,Baixo
1831752,0.071023,0,Baixo
1994575,0.029043,0,Baixo
1993260,0.045455,0,Baixo
1941673,0.013889,0,Baixo
1995711,0.010676,0,Baixo
1958910,0.023861,0,Baixo
1995707,0.010676,0,Baixo
1988685,0.023861,0,Baixo
1973218,0.023861,0,Baixo
1995717,0.143994,0,Baixo
1995708,0.010676,0,Baixo
1394632,0.062794,0,Baixo
1995720,0.010676,0,Baixo
1009752,0.045455,0,Baixo
1995730,0.023861,0,Baixo
1995733,0.023861,0,Baixo
1944954,0.029043,0,Baixo
1989249,0.080586,0,Baixo
1993454,0.029043,0,Baixo
1993771,0.010676,0,Baixo
1986997,0.029043,0,Baixo
1992895,0.143994,0,Baixo
1993507,0.100213,0,Baixo
1995731,0.029043,0,Baixo
1995763,0.013889,0,Baixo
1995162,0.062794,0,Baixo
1995736,0.003165,0,Baixo
1994260,0.143994,0,Baixo
1995751,0.029043,0,Baixo
1995234,0.013889,0,Baixo
1990739,0.029043,0,Baixo
1993776,0.013889,0,Baixo
1981709,0.013889,0,Baixo
1988189,0.062794,0,Baixo
1995775,0.029043,0,Baixo
1994351,0.001348,0,Baixo
1995788,0.029043,0,Baixo
1995787,0.029043,0,Baixo
1974289,0.062794,0,Baixo
1995790,0.029043,0,Baixo
1995718,0.013889,0,Baixo
1995769,0.013889,0,Baixo
1995802,0.029043,0,Baixo
1992133,0.029043,0,Baixo
1994099,0.100213,0,Baixo
1995806,0.029043,0,Baixo
1995760,0.009174,0,Baixo
1995099,0.009174,0,Baixo
1995812,0.013889,0,Baixo
1987352,0.029043,0,Baixo
1990945,0.029043,0,Baixo
1995816,0.013889,0,Baixo
1995383,0.071023,0,Baixo
1995827,0.013889,0,Baixo
1959305,0.143994,0,Baixo
1953230,0.010676,0,Baixo
1995821,0.029043,0,Baixo
1995745,0.001348,0,Baixo
1992631,0.100213,0,Baixo
1995832,0.094203,0,Baixo
1969741,0.163658,0,Baixo
1717706,0.062794,0,Baixo
1988206,0.009174,0,Baixo
1990832,0.003165,0,Baixo
1995813,0.029043,0,Baixo
1995837,0.143994,0,Baixo
1995856,0.023861,0,Baixo
1995622,0.003165,0,Baixo
1995672,0.094203,0,Baixo
1958956,0.143994,0,Baixo
1985402,0.010676,0,Baixo
1995859,0.003165,0,Baixo
1978899,0.029043,0,Baixo
1910864,0.062794,0,Baixo
1995871,0.029043,0,Baixo
1993297,0.029043,0,Baixo
1995873,0.013889,0,Baixo
1995874,0.001348,0,Baixo
1995867,0.029043,0,Baixo
1995875,0.001348,0,Baixo
1994742,0.010676,0,Baixo
1990416,0.013889,0,Baixo
1995883,0.0,0,Baixo
1994399,0.062794,0,Baixo
1995879,0.003165,0,Baixo
1995890,0.010676,0,Baixo
1995465,0.029043,0,Baixo
1995893,0.029043,0,Baixo
1975169,0.029043,0,Baixo
1974403,0.029043,0,Baixo
1988740,0.029043,0,Baixo
1995885,0.045455,0,Baixo
1995896,0.009174,0,Baixo
1991900,0.071023,0,Baixo
1995150,0.010676,0,Baixo
1995870,0.013889,0,Baixo
1994276,0.010676,0,Baixo
1995415,0.029043,0,Baixo
1995852,0.009174,0,Baixo
1994254,0.090592,0,Baixo
1995902,0.029043,0,Baixo
1995908,0.010676,0,Baixo
1995911,0.029043,0,Baixo
1995399,0.010676,0,Baixo
1995912,0.029043,0,Baixo
1990511,0.003165,0,Baixo
1995746,0.023861,0,Baixo
1993150,0.029043,0,Baixo
1973683,0.029043,0,Baixo
1975933,0.013889,0,Baixo
1975089,0.214925,0,Medio
1995930,0.029043,0,Baixo
1994944,0.013889,0,Baixo
1987397,0.090592,0,Baixo
1985902,0.090592,0,Baixo
1995834,0.013889,0,Baixo
1991086,0.045455,0,Baixo
1995931,0.001348,0,Baixo
1995380,0.023861,0,Baixo
1995900,0.071023,0,Baixo
1993376,0.029043,0,Baixo
1995940,0.029043,0,Baixo
1995656,0.010676,0,Baixo
1993508,0.029043,0,Baixo
1993712,0.071023,0,Baixo
1992906,0.029043,0,Baixo
1995915,0.045455,0,Baixo
1995946,0.071023,0,Baixo
1995913,0.023861,0,Baixo
1986814,0.010676,0,Baixo
1995843,0.009174,0,Baixo
1995945,0.001348,0,Baixo
1995948,0.062794,0,Baixo
1995957,0.071023,0,Baixo
1959941,0.062794,0,Baixo
1974587,0.062794,0,Baixo
1995934,0.100213,0,Baixo
1995917,0.029043,0,Baixo
1994643,0.094203,0,Baixo
1993863,0.029043,0,Baixo
1994401,0.023861,0,Baixo
1762983,0.023861,0,Baixo
1977642,0.010676,0,Baixo
1995972,0.013889,0,Baixo
1995679,0.013889,0,Baixo
1995975,0.010676,0,Baixo
1966488,0.029043,0,Baixo
1973177,0.029043,0,Baixo
1995964,0.010676,0,Baixo
1995991,0.143994,0,Baixo
1995928,0.045455,0,Baixo
1982725,0.003165,0,Baixo
1996010,0.023861,0,Baixo
1995515,0.090592,0,Baixo
1950037,0.080586,0,Baixo
1995997,0.143994,0,Baixo
1995965,0.071023,0,Baixo
1993448,0.023861,0,Baixo
1995916,0.029043,0,Baixo
1991557,0.071023,0,Baixo
1982187,0.029043,0,Baixo
1995406,0.090592,0,Baixo
1995979,0.029043,0,Baixo
1988766,0.100213,0,Baixo
1989218,0.029043,0,Baixo
1996027,0.023861,0,Baixo
1993554,0.023861,0,Baixo
1994358,0.010676,0,Baixo
1079402,0.029043,0,Baixo
1994106,0.013889,0,Baixo
1996012,0.029043,0,Baixo
1996035,0.001348,0,Baixo
972186,0.100213,0,Baixo
1996030,0.029043,0,Baixo
1996052,0.062794,0,Baixo
1996037,0.001348,0,Baixo
1984729,0.029043,0,Baixo
1996047,0.013889,0,Baixo
1995149,0.010676,0,Baixo
1996043,0.003165,0,Baixo
1661158,0.029043,0,Baixo
1996066,0.029043,0,Baixo
1996060,0.094203,0,Baixo
1996067,0.010676,0,Baixo
1996055,0.029043,0,Baixo
1996044,0.029043,0,Baixo
1996022,0.029043,0,Baixo
1995359,0.071023,0,Baixo
1993159,0.003165,0,Baixo
1996053,0.029043,0,Baixo
1995876,0.029043,0,Baixo
1995861,0.003165,0,Baixo
1992381,0.062794,0,Baixo
1994365,0.013889,0,Baixo
1995825,0.163658,0,Baixo
1994993,0.003165,0,Baixo
1993421,0.029043,0,Baixo
1995782,0.045455,0,Baixo
1995898,0.045455,0,Baixo
1995320,0.009174,0,Baixo
1994361,0.029043,0,Baixo
1996062,0.013889,0,Baixo
1995752,0.029043,0,Baixo
1996085,0.100213,0,Baixo
1995884,0.003165,0,Baixo
1993187,0.009174,0,Baixo
1995851,0.062794,0,Baixo
1996077,0.100213,0,Baixo
1968172,0.137931,0,Baixo
1992440,0.029043,0,Baixo
1996088,0.029043,0,Baixo
1989252,0.010676,0,Baixo
1996093,0.062794,0,Baixo
1996076,0.029043,0,Baixo
1995527,0.023861,0,Baixo
1996048,0.100213,0,Baixo
1985442,0.023861,0,Baixo
1995410,0.013889,0,Baixo
1994071,0.013889,0,Baixo
1554627,0.062794,0,Baixo
1994824,0.009174,0,Baixo
1996112,0.029043,0,Baixo
1936161,0.010676,0,Baixo
1996123,0.023861,0,Baixo
1996108,0.023861,0,Baixo
1996099,0.009174,0,Baixo
1960746,0.080586,0,Baixo
1984909,0.003165,0,Baixo
1996135,0.023861,0,Baixo
1996122,0.029043,0,Baixo
1992899,0.029043,0,Baixo
1996142,0.143994,0,Baixo
1996120,0.029043,0,Baixo
1995303,0.029043,0,Baixo
1961840,0.029043,0,Baixo
1995671,0.030303,0,Baixo
1996115,0.094203,0,Baixo
1996095,0.166038,0,Baixo
1992441,0.010676,0,Baixo
1996111,0.023861,0,Baixo
1996149,0.003165,0,Baixo
1373536,0.003165,0,Baixo
1991064,0.029043,0,Baixo
1996158,0.013889,0,Baixo
1979704,0.029043,0,Baixo
1995082,0.013889,0,Baixo
1995947,0.029043,0,Baixo
1996147,0.003165,0,Baixo
1996165,0.023861,0,Baixo
1995982,0.062794,0,Baixo
1995941,0.071023,0,Baixo
1993857,0.013889,0,Baixo
1996181,0.029043,0,Baixo
1973764,0.094203,0,Baixo
1996109,0.0,0,Baixo
1996073,0.029043,0,Baixo
1996145,0.013889,0,Baixo
1996039,0.100213,0,Baixo
1996152,0.023861,0,Baixo
1996168,0.010676,0,Baixo
1996185,0.029043,0,Baixo
1975943,0.029043,0,Baixo
1996179,0.003165,0,Baixo
1996173,0.080586,0,Baixo
1996194,0.013889,0,Baixo
1996203,0.062794,0,Baixo
1995676,0.029043,0,Baixo
1990942,0.062794,0,Baixo
1993764,0.071023,0,Baixo
1996017,0.003165,0,Baixo
1987155,0.029043,0,Baixo
1996190,0.062794,0,Baixo
1553694,0.013889,0,Baixo
1995357,0.029043,0,Baixo
1995952,0.143994,0,Baixo
1996189,0.023861,0,Baixo
1996110,0.023861,0,Baixo
1996223,0.013889,0,Baixo
1996213,0.013889,0,Baixo
1987906,0.045455,0,Baixo
1996199,0.062794,0,Baixo
1990974,0.023861,0,Baixo
1991464,0.062794,0,Baixo
1996193,0.0,0,Baixo
1996249,0.013889,0,Baixo
1996084,0.013889,0,Baixo
1996183,0.001348,0,Baixo
1996205,0.003165,0,Baixo
1996261,0.013889,0,Baixo
1996265,0.029043,0,Baixo
1949939,0.023861,0,Baixo
1996285,0.003165,0,Baixo
1996286,0.029043,0,Baixo
1993460,0.100213,0,Baixo
1993003,0.071023,0,Baixo
1993811,0.094203,0,Baixo
1996297,0.010676,0,Baixo
1990949,0.023861,0,Baixo
1996172,0.029043,0,Baixo
1993759,0.062794,0,Baixo
1991226,0.010676,0,Baixo
1996292,0.023861,0,Baixo
1996248,0.010676,0,Baixo
1990340,0.013889,0,Baixo
1993735,0.071023,0,Baixo
1996306,0.023861,0,Baixo
1992379,0.029043,0,Baixo
1996191,0.029043,0,Baixo
1941654,0.071023,0,Baixo
1996308,0.029043,0,Baixo
1974119,0.062794,0,Baixo
1996316,0.013889,0,Baixo
1936262,0.062794,0,Baixo
1995052,0.013889,0,Baixo
1996332,0.001348,0,Baixo
1996315,0.029043,0,Baixo
1986555,0.029043,0,Baixo
1994278,0.029265,0,Baixo
1996133,0.001348,0,Baixo
1995786,0.010676,0,Baixo
1972370,0.12069,0,Baixo
1996339,0.009174,0,Baixo
1996347,0.010676,0,Baixo
1996355,0.029043,0,Baixo
1987482,0.010676,0,Baixo
1996242,0.013889,0,Baixo
1996277,0.029043,0,Baixo
1980914,0.023861,0,Baixo
1996345,0.029043,0,Baixo
1996235,0.009174,0,Baixo
1996063,0.013889,0,Baixo
1995705,0.029043,0,Baixo
1986720,0.013889,0,Baixo
1994109,0.009174,0,Baixo
1991760,0.029043,0,Baixo
1996351,0.0,0,Baixo
1994693,0.029043,0,Baixo
1996051,0.023861,0,Baixo
1996208,0.013889,0,Baixo
1989311,0.013889,0,Baixo
842032,0.003165,0,Baixo
1995511,0.001348,0,Baixo
1996357,0.001348,0,Baixo
1977123,0.062794,0,Baixo
1996359,0.013889,0,Baixo
1987175,0.029043,0,Baixo
1996378,0.029043,0,Baixo
1965252,0.029043,0,Baixo
1996325,0.029043,0,Baixo
1996247,0.010676,0,Baixo
1995981,0.013889,0,Baixo
1995869,0.029043,0,Baixo
1996383,0.143994,0,Baixo
1996385,0.013889,0,Baixo
1994435,0.013889,0,Baixo
1995389,0.029043,0,Baixo
1996376,0.029043,0,Baixo
1996372,0.071023,0,Baixo
1988722,0.023861,0,Baixo
1996388,0.029043,0,Baixo
1996404,0.029043,0,Baixo
1823222,0.080586,0,Baixo
1974644,0.001348,0,Baixo
1991606,0.062794,0,Baixo
1995445,0.080586,0,Baixo
1996381,0.009174,0,Baixo
1996395,0.003165,0,Baixo
1996405,0.071023,0,Baixo
1983703,0.062794,0,Baixo
1974803,0.062794,0,Baixo
1992869,0.080586,0,Baixo
1996407,0.009174,0,Baixo
1861816,0.029043,0,Baixo
1994935,0.013889,0,Baixo
1995886,0.02333,0,Baixo
1996417,0.013889,0,Baixo
1996403,0.023861,0,Baixo
1996431,0.029043,0,Baixo
1996432,0.094203,0,Baixo
1973129,0.100213,0,Baixo
1996439,0.071023,0,Baixo
1996421,0.013889,0,Baixo
1995933,0.071023,0,Baixo
1996436,0.029043,0,Baixo
1996448,0.090592,0,Baixo
1996430,0.143994,0,Baixo
1996437,0.001348,0,Baixo
1996445,0.003165,0,Baixo
1994008,0.029043,0,Baixo
1996447,0.029043,0,Baixo
1996450,0.029043,0,Baixo
1996453,0.143994,0,Baixo
1996456,0.12069,0,Baixo
1995392,0.062794,0,Baixo
1996446,0.010676,0,Baixo
1996196,0.023861,0,Baixo
1996271,0.013889,0,Baixo
1996086,0.029043,0,Baixo
1996406,0.013889,0,Baixo
1990391,0.023861,0,Baixo
1994042,0.010676,0,Baixo
1996346,0.003165,0,Baixo
1996444,0.003165,0,Baixo
1971385,0.010676,0,Baixo
1996467,0.029043,0,Baixo
1996195,0.029043,0,Baixo
1996455,0.062794,0,Baixo
1996461,0.013889,0,Baixo
1994701,0.013889,0,Baixo
1965894,0.143994,0,Baixo
1996305,0.062794,0,Baixo
1996484,0.029043,0,Baixo
1996489,0.029043,0,Baixo
1981832,0.010676,0,Baixo
1994542,0.029043,0,Baixo
1994973,0.163658,0,Baixo
1974925,0.062794,0,Baixo
1994149,0.062794,0,Baixo
1996127,0.100213,0,Baixo
1996502,0.062794,0,Baixo
1996506,0.090592,0,Baixo
1990256,0.003165,0,Baixo
1927834,0.090592,0,Baixo
1996503,0.023861,0,Baixo
1996492,0.013889,0,Baixo
1996483,0.010676,0,Baixo
1995329,0.013889,0,Baixo
1995866,0.094203,0,Baixo
1995376,0.062794,0,Baixo
1996523,0.029043,0,Baixo
1996459,0.003165,0,Baixo
1967391,0.045455,0,Baixo
1996500,0.071023,0,Baixo
1982646,0.062794,0,Baixo
1994494,0.009174,0,Baixo
1989164,0.023861,0,Baixo
1982395,0.071023,0,Baixo
1973412,0.100213,0,Baixo
1996222,0.094203,0,Baixo
1996511,0.029043,0,Baixo
1996513,0.029043,0,Baixo
1995630,0.003165,0,Baixo
1990473,0.071023,0,Baixo
1996458,0.023861,0,Baixo
1996510,0.023861,0,Baixo
1996336,0.003165,0,Baixo
1996526,0.0,0,Baixo
1949038,0.009174,0,Baixo
1988338,0.080586,0,Baixo
1996561,0.029043,0,Baixo
1996564,0.029043,0,Baixo
1977592,0.100213,0,Baixo
1996559,0.013889,0,Baixo
1996566,0.062794,0,Baixo
1996380,0.013889,0,Baixo
1996326,0.023861,0,Baixo
1990374,0.010676,0,Baixo
1992278,0.029043,0,Baixo
1972767,0.029043,0,Baixo
1996560,0.010676,0,Baixo
1974880,0.013889,0,Baixo
1960965,0.045455,0,Baixo
1994811,0.023861,0,Baixo
1996081,0.062794,0,Baixo
1981840,0.143994,0,Baixo
1994894,0.029043,0,Baixo
1996565,0.013889,0,Baixo
1992236,0.062794,0,Baixo
1996408,0.003165,0,Baixo
1996600,0.029043,0,Baixo
1995585,0.071023,0,Baixo
1996596,0.013889,0,Baixo
1996604,0.003165,0,Baixo
1996001,0.029043,0,Baixo
1995985,0.013889,0,Baixo
1996608,0.001348,0,Baixo
1996632,0.062794,0,Baixo
1996553,0.003165,0,Baixo
1996333,0.029043,0,Baixo
1996529,0.080586,0,Baixo
1954236,0.029043,0,Baixo
1996586,0.029043,0,Baixo
1990838,0.023861,0,Baixo
1996614,0.013889,0,Baixo
1996625,0.013889,0,Baixo
1996457,0.090592,0,Baixo
1989094,0.137931,0,Baixo
1996616,0.010676,0,Baixo
1994478,0.029043,0,Baixo
1996613,0.009174,0,Baixo
1989625,0.080586,0,Baixo
1996649,0.029043,0,Baixo
1968422,0.010676,0,Baixo
1996619,0.003165,0,Baixo
1996116,0.080586,0,Baixo
1996644,0.023861,0,Baixo
1996648,0.100213,0,Baixo
1996662,0.143994,0,Baixo
1991055,0.045455,0,Baixo
1981160,0.029043,0,Baixo
1996664,0.029043,0,Baixo
1995510,0.013889,0,Baixo
1980083,0.071023,0,Baixo
1996665,0.001348,0,Baixo
1996658,0.010676,0,Baixo
1996646,0.009174,0,Baixo
1993949,0.029043,0,Baixo
1996621,0.001348,0,Baixo
1961627,0.029043,0,Baixo
1996686,0.029043,0,Baixo
1996188,0.029043,0,Baixo
1963060,0.029043,0,Baixo
1993731,0.023861,0,Baixo
1996102,0.029043,0,Baixo
1996668,0.013889,0,Baixo
1996674,0.001348,0,Baixo
1996681,0.029043,0,Baixo
1996273,0.013889,0,Baixo
1994161,0.0,0,Baixo
1996690,0.013889,0,Baixo
1996301,0.029043,0,Baixo
1996669,0.100213,0,Baixo
1996474,0.010676,0,Baixo
1996387,0.013889,0,Baixo
1996688,0.045455,0,Baixo
1996236,0.010676,0,Baixo
1996234,0.029043,0,Baixo
1984370,0.071023,0,Baixo
1985247,0.009174,0,Baixo
1996687,0.023861,0,Baixo
1994512,0.013889,0,Baixo
1996656,0.009174,0,Baixo
1957854,0.029043,0,Baixo
1996689,0.010676,0,Baixo
1996428,0.013889,0,Baixo
1996700,0.001348,0,Baixo
1928683,0.029043,0,Baixo
1994130,0.062794,0,Baixo
1995323,0.013889,0,Baixo
1982334,0.013889,0,Baixo
1993364,0.023861,0,Baixo
1989072,0.071023,0,Baixo
1959625,0.100213,0,Baixo
1989180,0.010676,0,Baixo
1996711,0.003165,0,Baixo
1996713,0.009174,0,Baixo
1980777,0.010676,0,Baixo
1996601,0.062794,0,Baixo
1996702,0.001348,0,Baixo
1996707,0.023861,0,Baixo
1996633,0.029043,0,Baixo
1994147,0.062794,0,Baixo
1996557,0.029043,0,Baixo
1996716,0.029043,0,Baixo
1974502,0.010676,0,Baixo
1992292,0.013889,0,Baixo
1990979,0.013889,0,Baixo
1994803,0.029043,0,Baixo
1996733,0.0,0,Baixo
1990302,0.062794,0,Baixo
1996732,0.071023,0,Baixo
1996580,0.009174,0,Baixo
1990834,0.009174,0,Baixo
1996719,0.143994,0,Baixo
1996748,0.023861,0,Baixo
1996740,0.003165,0,Baixo
1996757,0.010676,0,Baixo
1961488,0.010676,0,Baixo
1995311,0.029043,0,Baixo
1258036,0.094203,0,Baixo
1995381,0.029043,0,Baixo
1996401,0.0,0,Baixo
1987016,0.023861,0,Baixo
1994979,0.029043,0,Baixo
1996754,0.010676,0,Baixo
1996777,0.023861,0,Baixo
1996554,0.009174,0,Baixo
1991781,0.013889,0,Baixo
1986127,0.010676,0,Baixo
1977615,0.010676,0,Baixo
1996692,0.001348,0,Baixo
1977179,0.029043,0,Baixo
1990527,0.029043,0,Baixo
1973941,0.100213,0,Baixo
1973286,0.013889,0,Baixo
1996031,0.143994,0,Baixo
1996630,0.062794,0,Baixo
1996755,0.013889,0,Baixo
1996728,0.010676,0,Baixo
1858929,0.071023,0,Baixo
1996735,0.010676,0,Baixo
1974205,0.062794,0,Baixo
1996767,0.003165,0,Baixo
1996742,0.009174,0,Baixo
1996756,0.0,0,Baixo
1996753,0.013889,0,Baixo
1996749,0.045455,0,Baixo
1996769,0.100213,0,Baixo
1996752,0.071023,0,Baixo
1996768,0.013889,0,Baixo
1951965,0.062794,0,Baixo
1996629,0.023861,0,Baixo
1996709,0.163658,0,Baixo
1996747,0.009174,0,Baixo
1996771,0.094203,0,Baixo
1996775,0.029043,0,Baixo
1996781,0.023861,0,Baixo
1295996,0.001348,0,Baixo
1996706,0.009174,0,Baixo
1993971,0.029643,0,Baixo
1996766,0.010676,0,Baixo
1996786,0.062794,0,Baixo
1996792,0.029043,0,Baixo
1996784,0.080586,0,Baixo
1986913,0.013889,0,Baixo
1953718,0.143994,0,Baixo
1966421,0.143994,0,Baixo
1995385,0.029043,0,Baixo
1995422,0.062794,0,Baixo
1996795,0.071023,0,Baixo
1989090,0.009174,0,Baixo
1996790,0.023861,0,Baixo
1990114,0.013889,0,Baixo
1996682,0.029043,0,Baixo
1996808,0.009174,0,Baixo
1995365,0.029043,0,Baixo
1996794,0.029043,0,Baixo
1996802,0.009174,0,Baixo
1995248,0.029043,0,Baixo
1996801,0.001348,0,Baixo
1995962,0.071023,0,Baixo
1744334,0.071023,0,Baixo
1996820,0.071023,0,Baixo
1996804,0.029043,0,Baixo
1996810,0.080586,0,Baixo
1996809,0.029043,0,Baixo
1978536,0.013889,0,Baixo
1996825,0.013889,0,Baixo
1996819,0.010676,0,Baixo
1994780,0.029043,0,Baixo
1991102,0.003165,0,Baixo
1996824,0.013889,0,Baixo
1927103,0.062794,0,Baixo
1996829,0.029043,0,Baixo
1976291,0.013889,0,Baixo
1947170,0.029043,0,Baixo
1984624,0.029043,0,Baixo
1996787,0.013889,0,Baixo
1813771,0.071023,0,Baixo
1996833,0.062794,0,Baixo
1996818,0.001348,0,Baixo
1996831,0.090592,0,Baixo
1996226,0.013889,0,Baixo
1973591,0.062794,0,Baixo
1996485,0.029043,0,Baixo
1995100,0.214925,0,Medio
1994065,0.013889,0,Baixo
1995728,0.029043,0,Baixo
1981271,0.013889,0,Baixo
1977608,0.013889,0,Baixo
1996582,0.001348,0,Baixo
1996817,0.080586,0,Baixo
1981958,0.010676,0,Baixo
1943219,0.163658,0,Baixo
1996782,0.062794,0,Baixo
1996849,0.013889,0,Baixo
1993581,0.010676,0,Baixo
1996857,0.071023,0,Baixo
1996866,0.013889,0,Baixo
1994758,0.062794,0,Baixo
1982044,0.094203,0,Baixo
1996002,0.010676,0,Baixo
1995571,0.029043,0,Baixo
1996045,0.029043,0,Baixo
1993291,0.010676,0,Baixo
1996729,0.071023,0,Baixo
1996860,0.013889,0,Baixo
1996788,0.001348,0,Baixo
1975397,0.029043,0,Baixo
1954381,0.062794,0,Baixo
1986653,0.010676,0,Baixo
1995207,0.009174,0,Baixo
1993667,0.003165,0,Baixo
1982998,0.029043,0,Baixo
1996811,0.030303,0,Baixo
1986219,0.013889,0,Baixo
1993201,0.029043,0,Baixo
1996884,0.013889,0,Baixo
1996879,0.062794,0,Baixo
1996885,0.143994,0,Baixo
1766622,0.029043,0,Baixo
1996888,0.143994,0,Baixo
1996875,0.013889,0,Baixo
1990157,0.029043,0,Baixo
1996872,0.003165,0,Baixo
1996869,0.029043,0,Baixo
1996877,0.143994,0,Baixo
1996873,0.013889,0,Baixo
1996900,0.009174,0,Baixo
1996891,0.029043,0,Baixo
1988909,0.071023,0,Baixo
1996907,0.003165,0,Baixo
1978410,0.029043,0,Baixo
1852969,0.013889,0,Baixo
1981148,0.009174,0,Baixo
1996863,0.001348,0,Baixo
1986433,0.062794,0,Baixo
1806667,0.045455,0,Baixo
1996911,0.029043,0,Baixo
1747704,0.045455,0,Baixo
1996915,0.094203,0,Baixo
1996916,0.013889,0,Baixo
1996906,0.023861,0,Baixo
1996910,0.029043,0,Baixo
1993966,0.001348,0,Baixo
1996945,0.013889,0,Baixo
1977304,0.013889,0,Baixo
1996929,0.023861,0,Baixo
1996932,0.045455,0,Baixo
1996949,0.062794,0,Baixo
1996920,0.013889,0,Baixo
1996927,0.001348,0,Baixo
1996936,0.013889,0,Baixo
1996947,0.062794,0,Baixo
1996952,0.001348,0,Baixo
1996946,0.013889,0,Baixo
1969252,0.029043,0,Baixo
1986607,0.029043,0,Baixo
1994093,0.003165,0,Baixo
1996944,0.143994,0,Baixo
1996890,0.010676,0,Baixo
1996934,0.029043,0,Baixo
1996924,0.010676,0,Baixo
1996948,0.023861,0,Baixo
1996940,0.062794,0,Baixo
1996933,0.045455,0,Baixo
1996926,0.001348,0,Baixo
1994817,0.029043,0,Baixo
1989622,0.029043,0,Baixo
1996041,0.023861,0,Baixo
1974607,0.094203,0,Baixo
1985886,0.094203,0,Baixo
1996954,0.029043,0,Baixo
1996931,0.010676,0,Baixo
1996666,0.023861,0,Baixo
1996964,0.013889,0,Baixo
1996973,0.013889,0,Baixo
1996870,0.029043,0,Baixo
1993755,0.013889,0,Baixo
1993853,0.029043,0,Baixo
1777088,0.045455,0,Baixo
1976896,0.023861,0,Baixo
1996841,0.029043,0,Baixo
1996844,0.013889,0,Baixo
1076399,0.013889,0,Baixo
1976430,0.023861,0,Baixo
1991763,0.029043,0,Baixo
1996918,0.029043,0,Baixo
1994644,0.003165,0,Baixo
1983638,0.045455,0,Baixo
1996622,0.029043,0,Baixo
1964130,0.143994,0,Baixo
1974189,0.029043,0,Baixo
1996987,0.023861,0,Baixo
1996806,0.003165,0,Baixo
1995994,0.009174,0,Baixo
1997005,0.009174,0,Baixo
1995715,0.001348,0,Baixo
1996717,0.062794,0,Baixo
1996904,0.023861,0,Baixo
1996845,0.045455,0,Baixo
1954593,0.029043,0,Baixo
1996992,0.013889,0,Baixo
1975699,0.029043,0,Baixo
1997001,0.003165,0,Baixo
1996994,0.013889,0,Baixo
1996909,0.001348,0,Baixo
1991211,0.0,0,Baixo
1996999,0.029043,0,Baixo
1997011,0.009174,0,Baixo
1997017,0.003165,0,Baixo
1991023,0.143994,0,Baixo
1996991,0.013889,0,Baixo
1983080,0.009174,0,Baixo
1981466,0.029043,0,Baixo
1997006,0.062794,0,Baixo
1997008,0.009174,0,Baixo
1992338,0.100213,0,Baixo
1995460,0.013889,0,Baixo
1997010,0.143994,0,Baixo
1961724,0.029043,0,Baixo
1997032,0.010676,0,Baixo
1991143,0.062794,0,Baixo
1995347,0.163658,0,Baixo
1996207,0.013889,0,Baixo
1994840,0.143994,0,Baixo
1996881,0.010676,0,Baixo
1997022,0.143994,0,Baixo
1996902,0.001348,0,Baixo
1996361,0.013889,0,Baixo
1989012,0.010676,0,Baixo
1996759,0.013889,0,Baixo
1997013,0.003165,0,Baixo
1996985,0.090592,0,Baixo
1996025,0.003165,0,Baixo
1997041,0.001348,0,Baixo
1982653,0.003165,0,Baixo
1985268,0.029043,0,Baixo
1979801,0.013889,0,Baixo
1997052,0.0,0,Baixo
1996984,0.029043,0,Baixo
1986300,0.143994,0,Baixo
1997024,0.029043,0,Baixo
1996930,0.100213,0,Baixo
1948004,0.013889,0,Baixo
1996515,0.013889,0,Baixo
1996054,0.029043,0,Baixo
1997028,0.029043,0,Baixo
1974336,0.071023,0,Baixo
1997049,0.009174,0,Baixo
1997043,0.029043,0,Baixo
1995850,0.062794,0,Baixo
1995970,0.029043,0,Baixo
1973976,0.029043,0,Baixo
1997058,0.013889,0,Baixo
1997066,0.010676,0,Baixo
1977416,0.003165,0,Baixo
1995428,0.023861,0,Baixo
1997057,0.094203,0,Baixo
1972515,0.029043,0,Baixo
1995379,0.062794,0,Baixo
1978726,0.071023,0,Baixo
1993345,0.029043,0,Baixo
1997047,0.029043,0,Baixo
1967327,0.029043,0,Baixo
1996842,0.071023,0,Baixo
1997084,0.013889,0,Baixo
1995281,0.003165,0,Baixo
1997068,0.029043,0,Baixo
1997034,0.045455,0,Baixo
1986809,0.029043,0,Baixo
1990821,0.010676,0,Baixo
1991124,0.010676,0,Baixo
1997030,0.029043,0,Baixo
1997051,0.009174,0,Baixo
1997090,0.010676,0,Baixo
1997085,0.009174,0,Baixo
1572719,0.062794,0,Baixo
1993089,0.029043,0,Baixo
1994877,0.001348,0,Baixo
1997076,0.009174,0,Baixo
1989652,0.029043,0,Baixo
1995543,0.029043,0,Baixo
1985052,0.100213,0,Baixo
1997102,0.029043,0,Baixo
1996377,0.143994,0,Baixo
1997094,0.009174,0,Baixo
1995561,0.029043,0,Baixo
1997114,0.029043,0,Baixo
1997095,0.013889,0,Baixo
1996998,0.023861,0,Baixo
1062157,0.029043,0,Baixo
1997116,0.143994,0,Baixo
1996479,0.029043,0,Baixo
1994633,0.062794,0,Baixo
1997072,0.029043,0,Baixo
1996675,0.090592,0,Baixo
1996776,0.029043,0,Baixo
1996965,0.029043,0,Baixo
1990455,0.090592,0,Baixo
1996153,0.071023,0,Baixo
1994705,0.029043,0,Baixo
1997126,0.029043,0,Baixo
1992618,0.013889,0,Baixo
1997103,0.029043,0,Baixo
1997132,0.023861,0,Baixo
1997134,0.029043,0,Baixo
1653213,0.023861,0,Baixo
1997128,0.010676,0,Baixo
1997130,0.003165,0,Baixo
1997142,0.010676,0,Baixo
1997137,0.013889,0,Baixo
1996317,0.013889,0,Baixo
1997122,0.010676,0,Baixo
1991980,0.023861,0,Baixo
1997148,0.166038,0,Baixo
1994156,0.009174,0,Baixo
1997157,0.029043,0,Baixo
1980986,0.013889,0,Baixo
1926716,0.010676,0,Baixo
1997139,0.071023,0,Baixo
1962887,0.023861,0,Baixo
1965472,0.010676,0,Baixo
1997145,0.029043,0,Baixo
1954850,0.029043,0,Baixo
1974688,0.143994,0,Baixo
1997182,0.100213,0,Baixo
1997180,0.003165,0,Baixo
1822747,0.071023,0,Baixo
1997152,0.023861,0,Baixo
1995267,0.003165,0,Baixo
1996951,0.029043,0,Baixo
1996708,0.009174,0,Baixo
1997192,0.094203,0,Baixo
1986144,0.029043,0,Baixo
1997174,0.009174,0,Baixo
1997183,0.090592,0,Baixo
1997198,0.062794,0,Baixo
1997195,0.071023,0,Baixo
1997193,0.045455,0,Baixo
1997104,0.094203,0,Baixo
1997186,0.013889,0,Baixo
1997179,0.029043,0,Baixo
1985053,0.029043,0,Baixo
1997197,0.0,0,Baixo
1996552,0.029043,0,Baixo
1997173,0.009174,0,Baixo
1996961,0.062794,0,Baixo
1997210,0.009174,0,Baixo
1864955,0.163658,0,Baixo
1997205,0.009174,0,Baixo
1997138,0.013889,0,Baixo
1997201,0.045455,0,Baixo
1997097,0.010676,0,Baixo
1997222,0.010676,0,Baixo
1992376,0.023861,0,Baixo
1997108,0.062794,0,Baixo
1996034,0.029043,0,Baixo
1992115,0.062794,0,Baixo
1996280,0.080586,0,Baixo
1997127,0.009174,0,Baixo
1997225,0.029043,0,Baixo
1996993,0.001348,0,Baixo
1994709,0.003165,0,Baixo
1995592,0.029043,0,Baixo
1997236,0.029043,0,Baixo
1997211,0.062794,0,Baixo
1978553,0.045455,0,Baixo
1979563,0.003165,0,Baixo
1997233,0.062794,0,Baixo
1995517,0.045455,0,Baixo
1997156,0.003165,0,Baixo
1973803,0.013889,0,Baixo
1986874,0.071023,0,Baixo
1997252,0.0,0,Baixo
301277,0.071023,0,Baixo
1992283,0.029043,0,Baixo
1990444,0.029043,0,Baixo
1997244,0.001348,0,Baixo
1997124,0.023861,0,Baixo
1997260,0.013889,0,Baixo
1997234,0.071023,0,Baixo
1997238,0.029043,0,Baixo
1995353,0.029043,0,Baixo
1997039,0.009174,0,Baixo
1996212,0.013889,0,Baixo
1997275,0.023861,0,Baixo
1997251,0.013889,0,Baixo
1992136,0.001348,0,Baixo
1997087,0.045455,0,Baixo
1986569,0.029043,0,Baixo
1997110,0.001348,0,Baixo
1984842,0.023861,0,Baixo
1997202,0.029043,0,Baixo
1997246,0.029043,0,Baixo
1992486,0.029043,0,Baixo
1997151,0.062794,0,Baixo
1997172,0.023861,0,Baixo
1995161,0.023861,0,Baixo
1997155,0.030303,0,Baixo
1997093,0.029043,0,Baixo
1950350,0.100213,0,Baixo
1997256,0.090592,0,Baixo
1996986,0.023861,0,Baixo
1995616,0.001348,0,Baixo
1997033,0.013889,0,Baixo
1997310,0.029043,0,Baixo
1992695,0.143994,0,Baixo
1995480,0.045455,0,Baixo
1997283,0.010676,0,Baixo
1997293,0.009174,0,Baixo
1991831,0.0,0,Baixo
1997003,0.023861,0,Baixo
1997298,0.029043,0,Baixo
1997295,0.029043,0,Baixo
1987098,0.029043,0,Baixo
1994778,0.029043,0,Baixo
1997309,0.029043,0,Baixo
1996164,0.029043,0,Baixo
1997286,0.071023,0,Baixo
1997304,0.029043,0,Baixo
1997320,0.071023,0,Baixo
1993162,0.071023,0,Baixo
1995910,0.023861,0,Baixo
1997327,0.080586,0,Baixo
1993329,0.090592,0,Baixo
1997263,0.0,0,Baixo
1997329,0.071023,0,Baixo
1997269,0.080586,0,Baixo
1997316,0.009174,0,Baixo
1980387,0.062794,0,Baixo
1997277,0.062794,0,Baixo
1990674,0.023861,0,Baixo
1990603,0.013889,0,Baixo
1988302,0.071023,0,Baixo
1994730,0.029043,0,Baixo
1992924,0.013889,0,Baixo
1993909,0.009174,0,Baixo
1995418,0.023861,0,Baixo
1990513,0.029043,0,Baixo
1986574,0.001348,0,Baixo
1997348,0.023861,0,Baixo
466590,0.009174,0,Baixo
1974305,0.045455,0,Baixo
1997354,0.029043,0,Baixo
1980274,0.071023,0,Baixo
1997349,0.029043,0,Baixo
1997353,0.029043,0,Baixo
1997317,0.090592,0,Baixo
1997362,0.071023,0,Baixo
1997341,0.029043,0,Baixo
1988498,0.013889,0,Baixo
1081428,0.010676,0,Baixo
1997372,0.029043,0,Baixo
1974398,0.071023,0,Baixo
1997092,0.023861,0,Baixo
1997374,0.029043,0,Baixo
1997382,0.003165,0,Baixo
1965544,0.029043,0,Baixo
690725,0.013889,0,Baixo
1997394,0.0,0,Baixo
1969545,0.029043,0,Baixo
1996412,0.029043,0,Baixo
1993932,0.029043,0,Baixo
1997154,0.029043,0,Baixo
1974811,0.062794,0,Baixo
1990295,0.009174,0,Baixo
1996606,0.013889,0,Baixo
1997417,0.045455,0,Baixo
1996901,0.045455,0,Baixo
1997423,0.023861,0,Baixo
1997420,0.029043,0,Baixo
1995388,0.030303,0,Baixo
1608130,0.029043,0,Baixo
1997411,0.062794,0,Baixo
1980197,0.013889,0,Baixo
1997430,0.009174,0,Baixo
1995854,0.013889,0,Baixo
1972795,0.029043,0,Baixo
1992511,0.029043,0,Baixo
1997185,0.062794,0,Baixo
1997123,0.023861,0,Baixo
472357,0.137931,0,Baixo
1997432,0.029043,0,Baixo
1997367,0.029043,0,Baixo
1997402,0.062794,0,Baixo
1995306,0.163658,0,Baixo
1997459,0.023861,0,Baixo
1995989,0.029043,0,Baixo
1997166,0.071023,0,Baixo
1996673,0.023861,0,Baixo
1965148,0.001348,0,Baixo
1997484,0.214925,0,Medio
1988111,0.010676,0,Baixo
1939563,0.029043,0,Baixo
1997490,0.023861,0,Baixo
1997494,0.030303,0,Baixo
1997485,0.013889,0,Baixo
1997483,0.013889,0,Baixo
1997507,0.009174,0,Baixo
1995844,0.010676,0,Baixo
1993641,0.029043,0,Baixo
1997503,0.013889,0,Baixo
1997506,0.023861,0,Baixo
1997514,0.003165,0,Baixo
1995008,0.013889,0,Baixo
1997515,0.010676,0,Baixo
1997500,0.013889,0,Baixo
1976563,0.029043,0,Baixo
1997486,0.013889,0,Baixo
1997261,0.010676,0,Baixo
1997525,0.003165,0,Baixo
1996935,0.013889,0,Baixo
1997532,0.003165,0,Baixo
1997527,0.013889,0,Baixo
1997521,0.029043,0,Baixo
1985815,0.071023,0,Baixo
1997217,0.137931,0,Baixo
1996435,0.062794,0,Baixo
1464423,0.003165,0,Baixo
1997539,0.100213,0,Baixo
1997543,0.001348,0,Baixo
1997544,0.003165,0,Baixo
1997550,0.100213,0,Baixo
1997540,0.013889,0,Baixo
1996807,0.029043,0,Baixo
1993209,0.094203,0,Baixo
1984215,0.029043,0,Baixo
1997555,0.166038,0,Baixo
1997481,0.062794,0,Baixo
1997561,0.003165,0,Baixo
1997551,0.029043,0,Baixo
1997562,0.071023,0,Baixo
1997453,0.001348,0,Baixo
1997558,0.013889,0,Baixo
1997554,0.009174,0,Baixo
1997574,0.029043,0,Baixo
1997566,0.0,0,Baixo
1997578,0.010676,0,Baixo
1997569,0.029043,0,Baixo
1690866,0.163658,0,Baixo
1968247,0.010676,0,Baixo
1997576,0.013889,0,Baixo
1997538,0.023861,0,Baixo
1995058,0.001348,0,Baixo
1995824,0.013889,0,Baixo
1855267,0.013889,0,Baixo
1997568,0.071023,0,Baixo
1984852,0.013889,0,Baixo
1997591,0.003165,0,Baixo
1997469,0.010676,0,Baixo
1997575,0.009174,0,Baixo
1997595,0.029043,0,Baixo
1997599,0.001348,0,Baixo
1997612,0.003165,0,Baixo
1997609,0.013889,0,Baixo
1997614,0.001348,0,Baixo
1997605,0.029043,0,Baixo
1997610,0.009174,0,Baixo
1997616,0.010676,0,Baixo
1854654,0.023861,0,Baixo
1997542,0.023861,0,Baixo
1997171,0.062794,0,Baixo
1997162,0.100213,0,Baixo
1997631,0.003165,0,Baixo
1997630,0.003165,0,Baixo
1979787,0.029043,0,Baixo
1839979,0.009174,0,Baixo
1990249,0.023861,0,Baixo
1980526,0.094203,0,Baixo
1997121,0.094203,0,Baixo
1997651,0.062794,0,Baixo
1997140,0.003165,0,Baixo
1997656,0.029043,0,Baixo
1997663,0.009174,0,Baixo
1997652,0.010676,0,Baixo
1997655,0.071023,0,Baixo
1939230,0.094203,0,Baixo
1995995,0.003165,0,Baixo
1997215,0.029043,0,Baixo
1997666,0.023861,0,Baixo
1997474,0.023861,0,Baixo
1993392,0.100213,0,Baixo
1997623,0.009174,0,Baixo
1997678,0.013889,0,Baixo
1997679,0.029043,0,Baixo
1997673,0.080586,0,Baixo
1994403,0.062794,0,Baixo
1972741,0.100213,0,Baixo
1997691,0.003165,0,Baixo
1997696,0.009174,0,Baixo
1985214,0.143994,0,Baixo
1989981,0.009174,0,Baixo
1997705,0.062794,0,Baixo
1997683,0.023861,0,Baixo
1997608,0.001348,0,Baixo
1997704,0.029043,0,Baixo
1997712,0.013889,0,Baixo
1997670,0.094203,0,Baixo
1778386,0.090592,0,Baixo
1997706,0.029043,0,Baixo
1997723,0.023861,0,Baixo
1997722,0.010676,0,Baixo
1997331,0.003165,0,Baixo
1997725,0.013889,0,Baixo
1995131,0.001348,0,Baixo
1997720,0.010676,0,Baixo
1995960,0.100213,0,Baixo
1997728,0.029043,0,Baixo
1990236,0.013889,0,Baixo
1997516,0.009174,0,Baixo
1997716,0.071023,0,Baixo
1997735,0.029043,0,Baixo
1997743,0.029043,0,Baixo
1997428,0.013889,0,Baixo
1997726,0.090592,0,Baixo
1933193,0.071023,0,Baixo
1995792,0.003165,0,Baixo
1997732,0.013889,0,Baixo
1968995,0.023861,0,Baixo
1997040,0.062794,0,Baixo
1997744,0.010676,0,Baixo
1997752,0.080586,0,Baixo
1997677,0.003165,0,Baixo
1997730,0.001348,0,Baixo
1997303,0.013889,0,Baixo
1997724,0.029043,0,Baixo
1987405,0.001348,0,Baixo
1996959,0.143994,0,Baixo
1997687,0.029043,0,Baixo
1997755,0.029043,0,Baixo
1775530,0.029043,0,Baixo
1997778,0.029043,0,Baixo
1992536,0.094203,0,Baixo
1997698,0.009174,0,Baixo
1988535,0.003165,0,Baixo
1997213,0.013889,0,Baixo
1997719,0.071023,0,Baixo
1997761,0.023861,0,Baixo
1996451,0.029043,0,Baixo
1673738,0.143994,0,Baixo
1996424,0.062794,0,Baixo
1991094,0.013889,0,Baixo
1997791,0.013889,0,Baixo
1997797,0.029043,0,Baixo
1997547,0.0,0,Baixo
1932550,0.045455,0,Baixo
1997799,0.094203,0,Baixo
1995905,0.100213,0,Baixo
1995089,0.009174,0,Baixo
1948555,0.029043,0,Baixo
1997809,0.071023,0,Baixo
1997776,0.062794,0,Baixo
1997826,0.029043,0,Baixo
1994788,0.029043,0,Baixo
1995044,0.010676,0,Baixo
1997839,0.013889,0,Baixo
1997643,0.071023,0,Baixo
1997845,0.100213,0,Baixo
1997885,0.029043,0,Baixo
1997934,0.100213,0,Baixo
1998046,0.071023,0,Baixo
1997731,0.029043,0,Baixo
1997872,0.029043,0,Baixo
1997863,0.100213,0,Baixo
1997919,0.013889,0,Baixo
1997866,0.100213,0,Baixo
1997887,0.009174,0,Baixo
1997857,0.094203,0,Baixo
1998076,0.029043,0,Baixo
1997873,0.045455,0,Baixo
1997986,0.12069,0,Baixo
1997967,0.029043,0,Baixo
1997935,0.062794,0,Baixo
1997920,0.029043,0,Baixo
1997951,0.029043,0,Baixo
1997886,0.029043,0,Baixo
1997899,0.010676,0,Baixo
1998054,0.071023,0,Baixo
1998017,0.045455,0,Baixo
1997911,0.100213,0,Baixo
1997989,0.094203,0,Baixo
1997884,0.062794,0,Baixo
1997877,0.029043,0,Baixo
1998148,0.023861,0,Baixo
1997983,0.003165,0,Baixo
1997915,0.0,0,Baixo
1998002,0.100213,0,Baixo
1998061,0.013889,0,Baixo
1998073,0.029043,0,Baixo
1997869,0.010676,0,Baixo
1997985,0.029043,0,Baixo
1997932,0.029043,0,Baixo
1997897,0.071023,0,Baixo
1997956,0.029043,0,Baixo
1997903,0.003165,0,Baixo
1998034,0.071023,0,Baixo
1997977,0.163658,0,Baixo
1997946,0.003165,0,Baixo
1998029,0.013889,0,Baixo
1997937,0.029043,0,Baixo
1997900,0.143994,0,Baixo
1998009,0.029043,0,Baixo
1998096,0.013889,0,Baixo
1998003,0.0,0,Baixo
1997913,0.029043,0,Baixo
1997954,0.071023,0,Baixo
1998108,0.030303,0,Baixo
1997928,0.013889,0,Baixo
1998000,0.003165,0,Baixo
1998026,0.029043,0,Baixo
1998173,0.029043,0,Baixo
1997874,0.029043,0,Baixo
1997878,0.013889,0,Baixo
1998042,0.013889,0,Baixo
1997992,0.100213,0,Baixo
1997849,0.023861,0,Baixo
1998067,0.001348,0,Baixo
1998006,0.003165,0,Baixo
1997971,0.143994,0,Baixo
1998106,0.029043,0,Baixo
1997910,0.013889,0,Baixo
1997922,0.013889,0,Baixo
1997924,0.045455,0,Baixo
1998117,0.010676,0,Baixo
1997929,0.001348,0,Baixo
1998161,0.001348,0,Baixo
1998134,0.013889,0,Baixo
1998189,0.062794,0,Baixo
1998085,0.100213,0,Baixo
1997879,0.080586,0,Baixo
1997904,0.029043,0,Baixo
1997916,0.143994,0,Baixo
1998083,0.0,0,Baixo
1998194,0.013889,0,Baixo
1997847,0.029043,0,Baixo
1997999,0.029043,0,Baixo
1998139,0.029043,0,Baixo
1997153,0.029043,0,Baixo
1998240,0.023861,0,Baixo
1998235,0.029043,0,Baixo
1997939,0.009174,0,Baixo
1998037,0.062794,0,Baixo
1998156,0.029043,0,Baixo
1997875,0.023861,0,Baixo
1997880,0.029043,0,Baixo
1998129,0.013889,0,Baixo
1997973,0.071023,0,Baixo
1997926,0.013889,0,Baixo
1997993,0.010676,0,Baixo
1997970,0.003165,0,Baixo
1997906,0.071023,0,Baixo
1997960,0.071023,0,Baixo
1997965,0.143994,0,Baixo
1998221,0.029043,0,Baixo
1997893,0.023861,0,Baixo
1998222,0.029043,0,Baixo
1998130,0.001348,0,Baixo
1998175,0.0,0,Baixo
1997835,0.062794,0,Baixo
1998181,0.071023,0,Baixo
1998306,0.062794,0,Baixo
1998321,0.071023,0,Baixo
1998162,0.029043,0,Baixo
1998112,0.062794,0,Baixo
1998060,0.023861,0,Baixo
1998059,0.143994,0,Baixo
1998186,0.009174,0,Baixo
1997871,0.029043,0,Baixo
1998153,0.013889,0,Baixo
1998128,0.023861,0,Baixo
1998295,0.029043,0,Baixo
1997912,0.100213,0,Baixo
1998246,0.023861,0,Baixo
1998149,0.071023,0,Baixo
1998091,0.029043,0,Baixo
1998142,0.094203,0,Baixo
1998090,0.029043,0,Baixo
1997644,0.013889,0,Baixo
1998010,0.045455,0,Baixo
1998337,0.029043,0,Baixo
1998330,0.062794,0,Baixo
1997848,0.029043,0,Baixo
1998266,0.003165,0,Baixo
1998315,0.071023,0,Baixo
1998308,0.009174,0,Baixo
1998326,0.029043,0,Baixo
1998258,0.071023,0,Baixo
1998265,0.010676,0,Baixo
1998127,0.023861,0,Baixo
1998191,0.013889,0,Baixo
1998125,0.071023,0,Baixo
1998270,0.023861,0,Baixo
1997995,0.062794,0,Baixo
1997914,0.100213,0,Baixo
1997918,0.013889,0,Baixo
1998223,0.010676,0,Baixo
1998205,0.010676,0,Baixo
1998437,0.013889,0,Baixo
1998347,0.143994,0,Baixo
1998341,0.009174,0,Baixo
1998056,0.029043,0,Baixo
1998368,0.001348,0,Baixo
1998396,0.023861,0,Baixo
1998151,0.023861,0,Baixo
1998229,0.0,0,Baixo
1998040,0.029043,0,Baixo
1998310,0.100213,0,Baixo
1997955,0.010676,0,Baixo
1998225,0.029043,0,Baixo
1998259,0.062794,0,Baixo
1998051,0.045455,0,Baixo
1998324,0.023861,0,Baixo
1998303,0.029043,0,Baixo
1998327,0.023861,0,Baixo
1998336,0.029043,0,Baixo
1998359,0.029043,0,Baixo
1998158,0.003165,0,Baixo
1998207,0.062794,0,Baixo
1998237,0.029043,0,Baixo
1998395,0.062794,0,Baixo
1998394,0.071023,0,Baixo
1998366,0.023861,0,Baixo
1998301,0.071023,0,Baixo
1998318,0.003165,0,Baixo
1998038,0.023861,0,Baixo
1998287,0.100213,0,Baixo
1998234,0.013889,0,Baixo
1974754,0.009174,0,Baixo
1998220,0.0,0,Baixo
1998254,0.030303,0,Baixo
1998424,0.003165,0,Baixo
1997860,0.001348,0,Baixo
1997865,0.045455,0,Baixo
1998249,0.010676,0,Baixo
1998356,0.071023,0,Baixo
1998388,0.010676,0,Baixo
1998209,0.013889,0,Baixo
1997974,0.143994,0,Baixo
1998346,0.010676,0,Baixo
1998111,0.029043,0,Baixo
1998340,0.009174,0,Baixo
1998213,0.062794,0,Baixo
1998429,0.029043,0,Baixo
1998534,0.062794,0,Baixo
1998260,0.029043,0,Baixo
1998296,0.023861,0,Baixo
1998275,0.013889,0,Baixo
1998289,0.029043,0,Baixo
1998495,0.143994,0,Baixo
1998387,0.010676,0,Baixo
1998305,0.029043,0,Baixo
1998004,0.029043,0,Baixo
1998491,0.029043,0,Baixo
1997950,0.003165,0,Baixo
1998370,0.029043,0,Baixo
1997908,0.029043,0,Baixo
1998378,0.029043,0,Baixo
1998206,0.003165,0,Baixo
1998261,0.023861,0,Baixo
1998164,0.100213,0,Baixo
1998464,0.013889,0,Baixo
1998468,0.029043,0,Baixo
1998540,0.062794,0,Baixo
1998280,0.009174,0,Baixo
1998304,0.062794,0,Baixo
1998521,0.029043,0,Baixo
1998445,0.003165,0,Baixo
1998236,0.009174,0,Baixo
1998373,0.029043,0,Baixo
1998192,0.029043,0,Baixo
1998465,0.013889,0,Baixo
1998558,0.009174,0,Baixo
1998377,0.029043,0,Baixo
1998099,0.010676,0,Baixo
1998126,0.010676,0,Baixo
1998198,0.003165,0,Baixo
1998420,0.001348,0,Baixo
1998523,0.013889,0,Baixo
1992946,0.080586,0,Baixo
1997972,0.023861,0,Baixo
1998476,0.029043,0,Baixo
1998484,0.013889,0,Baixo
1998488,0.062794,0,Baixo
1998490,0.029043,0,Baixo
1996216,0.013889,0,Baixo
1998436,0.0,0,Baixo
1998419,0.029043,0,Baixo
1998351,0.045455,0,Baixo
1998338,0.062794,0,Baixo
1998066,0.010676,0,Baixo
1998568,0.143994,0,Baixo
1998516,0.029043,0,Baixo
1998463,0.010676,0,Baixo
1998458,0.029043,0,Baixo
1998088,0.029043,0,Baixo
1998461,0.062794,0,Baixo
1998470,0.013889,0,Baixo
1997830,0.023861,0,Baixo
1998152,0.062794,0,Baixo
1998581,0.003165,0,Baixo
1998317,0.009174,0,Baixo
1998401,0.023861,0,Baixo
1998473,0.001348,0,Baixo
1998103,0.010676,0,Baixo
1998453,0.029043,0,Baixo
1997959,0.029043,0,Baixo
1998406,0.003165,0,Baixo
1998294,0.029043,0,Baixo
1998433,0.001348,0,Baixo
1998459,0.013889,0,Baixo
1998579,0.010676,0,Baixo
1992786,0.001348,0,Baixo
1998567,0.009174,0,Baixo
1998057,0.029043,0,Baixo
1998075,0.001348,0,Baixo
1998104,0.009174,0,Baixo
1998506,0.001348,0,Baixo
1998165,0.0,0,Baixo
1998602,0.010639,0,Baixo
1998598,0.023861,0,Baixo
1998502,0.013889,0,Baixo
1998565,0.029043,0,Baixo
1998389,0.013889,0,Baixo
1998592,0.030303,0,Baixo
1998627,0.071023,0,Baixo
1998538,0.100213,0,Baixo
1998426,0.029043,0,Baixo
1998616,0.010676,0,Baixo
1998580,0.029043,0,Baixo
1998177,0.029043,0,Baixo
1998576,0.013889,0,Baixo
1998390,0.023861,0,Baixo
1997987,0.013889,0,Baixo
1998542,0.029043,0,Baixo
1998537,0.013889,0,Baixo
1998589,0.001348,0,Baixo
1998543,0.029043,0,Baixo
1998363,0.001348,0,Baixo
1998455,0.0,0,Baixo
1998176,0.090592,0,Baixo
1998651,0.013889,0,Baixo
1998252,0.013889,0,Baixo
1998615,0.013889,0,Baixo
1998660,0.010676,0,Baixo
1998145,0.029043,0,Baixo
1998219,0.003165,0,Baixo
1998664,0.143994,0,Baixo
1998566,0.029043,0,Baixo
1998381,0.010676,0,Baixo
1998486,0.009174,0,Baixo
1998245,0.071023,0,Baixo
1998643,0.029043,0,Baixo
1998586,0.029043,0,Baixo
1998624,0.010676,0,Baixo
1998274,0.029043,0,Baixo
1998593,0.045455,0,Baixo
1998619,0.010676,0,Baixo
1998269,0.100213,0,Baixo
1998533,0.029043,0,Baixo
1998638,0.029043,0,Baixo
1998685,0.143994,0,Baixo
1998439,0.100213,0,Baixo
1998690,0.045455,0,Baixo
1998573,0.071023,0,Baixo
1998648,0.003165,0,Baixo
1998454,0.029043,0,Baixo
1998646,0.023861,0,Baixo
1998193,0.143994,0,Baixo
1998649,0.0,0,Baixo
1998603,0.013889,0,Baixo
1998309,0.010676,0,Baixo
1998380,0.023861,0,Baixo
1998590,0.001348,0,Baixo
1998417,0.029043,0,Baixo
1998621,0.094203,0,Baixo
1998166,0.094203,0,Baixo
1998498,0.013889,0,Baixo
1997923,0.013889,0,Baixo
1998634,0.003165,0,Baixo
1998497,0.0,0,Baixo
1998358,0.029043,0,Baixo
1998072,0.029043,0,Baixo
1998163,0.100213,0,Baixo
1998682,0.009174,0,Baixo
1998663,0.009174,0,Baixo
1998689,0.001348,0,Baixo
1998719,0.009174,0,Baixo
1998361,0.094203,0,Baixo
1998729,0.071023,0,Baixo
1998702,0.009174,0,Baixo
1998118,0.071023,0,Baixo
1998683,0.001348,0,Baixo
1998700,0.029043,0,Baixo
1998642,0.080586,0,Baixo
1997975,0.029043,0,Baixo
1998311,0.013889,0,Baixo
1998658,0.010676,0,Baixo
1998449,0.100213,0,Baixo
1998084,0.013889,0,Baixo
1997991,0.003165,0,Baixo
1998554,0.013889,0,Baixo
1998365,0.023861,0,Baixo
1998697,0.013889,0,Baixo
1998684,0.029043,0,Baixo
1998070,0.071023,0,Baixo
1998504,0.013889,0,Baixo
1998478,0.029043,0,Baixo
1998644,0.137931,0,Baixo
1998027,0.080586,0,Baixo
1998572,0.010676,0,Baixo
1998786,0.029043,0,Baixo
1998746,0.080586,0,Baixo
1998631,0.010676,0,Baixo
1998782,0.010676,0,Baixo
1998620,0.013889,0,Baixo
1998200,0.013889,0,Baixo
1998628,0.143994,0,Baixo
1997953,0.045455,0,Baixo
1998792,0.013889,0,Baixo
1998776,0.001348,0,Baixo
1998485,0.029043,0,Baixo
1998722,0.0,0,Baixo
1997852,0.029043,0,Baixo
1998763,0.013889,0,Baixo
1998798,0.045455,0,Baixo
1997949,0.013889,0,Baixo
1998519,0.003165,0,Baixo
1998423,0.062794,0,Baixo
1998727,0.001348,0,Baixo
1998743,0.0,0,Baixo
1998100,0.045455,0,Baixo
1998740,0.100213,0,Baixo
1997831,0.013889,0,Baixo
1998587,0.013889,0,Baixo
1998825,0.023861,0,Baixo
1998107,0.013889,0,Baixo
1998703,0.023861,0,Baixo
1998854,0.071023,0,Baixo
1998777,0.029043,0,Baixo
1998253,0.029043,0,Baixo
1998641,0.023861,0,Baixo
1998750,0.013889,0,Baixo
1998674,0.100213,0,Baixo
1998800,0.023861,0,Baixo
1998093,0.009174,0,Baixo
1998796,0.013889,0,Baixo
1998789,0.001348,0,Baixo
1998475,0.009174,0,Baixo
1998865,0.010676,0,Baixo
1998756,0.009174,0,Baixo
1998849,0.009174,0,Baixo
1998842,0.029043,0,Baixo
1998564,0.010676,0,Baixo
1998852,0.023861,0,Baixo
1997840,0.062794,0,Baixo
1998813,0.013889,0,Baixo
1998050,0.023861,0,Baixo
1998855,0.013889,0,Baixo
1998653,0.029043,0,Baixo
1998655,0.013889,0,Baixo
1998859,0.071023,0,Baixo
1998745,0.071023,0,Baixo
1998288,0.010676,0,Baixo
1998873,0.013889,0,Baixo
1998474,0.062794,0,Baixo
1998738,0.013889,0,Baixo
1998766,0.029043,0,Baixo
1998559,0.071023,0,Baixo
1998058,0.029043,0,Baixo
1998876,0.013889,0,Baixo
1998613,0.029043,0,Baixo
1998671,0.030303,0,Baixo
1998834,0.029043,0,Baixo
1998839,0.029043,0,Baixo
1998879,0.023861,0,Baixo
1998890,0.163658,0,Baixo
1998885,0.100213,0,Baixo
1998805,0.090592,0,Baixo
1998906,0.029043,0,Baixo
1998894,0.010676,0,Baixo
1998846,0.013889,0,Baixo
1998343,0.009174,0,Baixo
1998715,0.071023,0,Baixo
1998875,0.013889,0,Baixo
1998811,0.045455,0,Baixo
1998904,0.071023,0,Baixo
1998933,0.0,0,Baixo
1998808,0.001348,0,Baixo
1998936,0.013889,0,Baixo
1998121,0.023861,0,Baixo
1993437,0.029043,0,Baixo
1998910,0.029043,0,Baixo
1998451,0.003165,0,Baixo
1998758,0.023861,0,Baixo
1998884,0.029043,0,Baixo
1998979,0.029043,0,Baixo
1998781,0.029043,0,Baixo
1998893,0.010676,0,Baixo
1998955,0.023861,0,Baixo
1998921,0.001348,0,Baixo
1998927,0.009174,0,Baixo
1998956,0.023861,0,Baixo
1998932,0.029043,0,Baixo
1998935,0.023861,0,Baixo
1998920,0.013889,0,Baixo
1998964,0.013889,0,Baixo
1998958,0.029043,0,Baixo
1998023,0.071023,0,Baixo
1998959,0.013889,0,Baixo
1998872,0.080586,0,Baixo
1998835,0.080586,0,Baixo
1998981,0.023861,0,Baixo
1998199,0.029043,0,Baixo
1998968,0.029043,0,Baixo
1998965,0.062794,0,Baixo
1997895,0.090592,0,Baixo
1977158,0.023861,0,Baixo
1998997,0.023861,0,Baixo
1998494,0.010676,0,Baixo
1998908,0.045455,0,Baixo
1998101,0.013889,0,Baixo
1998724,0.045455,0,Baixo
1998973,0.020667,0,Baixo
1999014,0.029043,0,Baixo
1998982,0.045455,0,Baixo
1999027,0.001348,0,Baixo
1998868,0.029043,0,Baixo
1998332,0.100213,0,Baixo
1998962,0.010676,0,Baixo
1998898,0.062794,0,Baixo
1998924,0.029043,0,Baixo
1999044,0.100213,0,Baixo
1998874,0.013889,0,Baixo
1998278,0.090592,0,Baixo
1999000,0.143994,0,Baixo
1999046,0.001348,0,Baixo
1999042,0.080586,0,Baixo
1999066,0.013889,0,Baixo
1999054,0.062794,0,Baixo
1998951,0.013889,0,Baixo
1999049,0.029043,0,Baixo
1999058,0.013889,0,Baixo
1998025,0.071023,0,Baixo
1999029,0.100213,0,Baixo
1998599,0.029043,0,Baixo
1999031,0.080586,0,Baixo
1998993,0.090592,0,Baixo
1994939,0.143994,0,Baixo
1999084,0.071023,0,Baixo
1999065,0.029043,0,Baixo
1999003,0.001348,0,Baixo
1999063,0.013889,0,Baixo
1999079,0.045455,0,Baixo
1998882,0.013889,0,Baixo
1999030,0.029043,0,Baixo
1998784,0.029043,0,Baixo
1999096,0.029043,0,Baixo
1998751,0.0,0,Baixo
1998339,0.100213,0,Baixo
1999091,0.001348,0,Baixo
1999080,0.143994,0,Baixo
1999005,0.030303,0,Baixo
1998771,0.071023,0,Baixo
1999071,0.029043,0,Baixo
1999106,0.023861,0,Baixo
1998089,0.071023,0,Baixo
1998397,0.009174,0,Baixo
1999078,0.062794,0,Baixo
1999134,0.100213,0,Baixo
1999089,0.013889,0,Baixo
1999114,0.023861,0,Baixo
1999112,0.029043,0,Baixo
1998858,0.023861,0,Baixo
1998116,0.100213,0,Baixo
1999107,0.0,0,Baixo
1999136,0.013889,0,Baixo
1999095,0.023861,0,Baixo
1999133,0.013889,0,Baixo
1998529,0.001348,0,Baixo
1999158,0.080586,0,Baixo
1999143,0.013889,0,Baixo
1997282,0.013889,0,Baixo
1998639,0.029043,0,Baixo
1999138,0.013889,0,Baixo
1999153,0.029043,0,Baixo
1998948,0.009174,0,Baixo
1999166,0.100213,0,Baixo
1999180,0.003165,0,Baixo
1999137,0.071023,0,Baixo
1970281,0.010676,0,Baixo
1999144,0.0,0,Baixo
1999156,0.143994,0,Baixo
1999162,0.003165,0,Baixo
1998980,0.003165,0,Baixo
1999185,0.071023,0,Baixo
1998334,0.013889,0,Baixo
1992812,0.029043,0,Baixo
1999169,0.001348,0,Baixo
1999165,0.029043,0,Baixo
1998698,0.023861,0,Baixo
1999172,0.0,0,Baixo
1999086,0.100213,0,Baixo
1999183,0.029043,0,Baixo
1998561,0.100213,0,Baixo
1998578,0.029043,0,Baixo
1998990,0.062794,0,Baixo
1999173,0.001348,0,Baixo
1999103,0.071023,0,Baixo
1998941,0.013889,0,Baixo
1998974,0.013889,0,Baixo
1999141,0.001348,0,Baixo
1918927,0.062794,0,Baixo
1995845,0.029043,0,Baixo
1998178,0.143994,0,Baixo
1999213,0.029043,0,Baixo
1996215,0.080586,0,Baixo
1999192,0.009174,0,Baixo
1999202,0.013889,0,Baixo
1999215,0.023861,0,Baixo
1997964,0.013889,0,Baixo
1999210,0.029043,0,Baixo
1999226,0.029043,0,Baixo
1998954,0.100213,0,Baixo
1999241,0.023861,0,Baixo
1999196,0.029043,0,Baixo
1998335,0.062794,0,Baixo
1999033,0.029043,0,Baixo
1999004,0.062794,0,Baixo
1999187,0.029043,0,Baixo
1999239,0.163658,0,Baixo
1999238,0.009174,0,Baixo
1999237,0.013889,0,Baixo
1999198,0.0,0,Baixo
1941205,0.062794,0,Baixo
1998773,0.029043,0,Baixo
1999253,0.029043,0,Baixo
1973861,0.029043,0,Baixo
1999175,0.030303,0,Baixo
1999235,0.029043,0,Baixo
1999119,0.013889,0,Baixo
1999276,0.143994,0,Baixo
1999233,0.001348,0,Baixo
1978548,0.001348,0,Baixo
1999195,0.062794,0,Baixo
1999053,0.010676,0,Baixo
1998150,0.143994,0,Baixo
1999272,0.090592,0,Baixo
1999256,0.003165,0,Baixo
1999278,0.009174,0,Baixo
1999264,0.100213,0,Baixo
1999284,0.071023,0,Baixo
1999222,0.013889,0,Baixo
1999291,0.009174,0,Baixo
1999039,0.163658,0,Baixo
1994806,0.013889,0,Baixo
1999290,0.143994,0,Baixo
1999309,0.013889,0,Baixo
1999302,0.023861,0,Baixo
1998597,0.029043,0,Baixo
1999301,0.013889,0,Baixo
1976785,0.029043,0,Baixo
1999319,0.001348,0,Baixo
1999088,0.006647,0,Baixo
1998182,0.071023,0,Baixo
1994075,0.143994,0,Baixo
1999324,0.009174,0,Baixo
1998717,0.029043,0,Baixo
1990285,0.029043,0,Baixo
1998938,0.029043,0,Baixo
1999348,0.009174,0,Baixo
1998720,0.100213,0,Baixo
1999351,0.143994,0,Baixo
1999333,0.029043,0,Baixo
1999094,0.0,0,Baixo
1999340,0.100213,0,Baixo
1999363,0.013889,0,Baixo
1998992,0.003165,0,Baixo
1999352,0.062794,0,Baixo
1999350,0.029043,0,Baixo
1999368,0.030303,0,Baixo
1999321,0.029043,0,Baixo
1999011,0.029043,0,Baixo
1999328,0.029043,0,Baixo
1999036,0.003165,0,Baixo
1999369,0.003165,0,Baixo
1981739,0.071023,0,Baixo
1999268,0.143994,0,Baixo
1999371,0.009174,0,Baixo
1997368,0.071023,0,Baixo
1997676,0.013889,0,Baixo
1994909,0.029043,0,Baixo
1999380,0.094203,0,Baixo
1999386,0.001348,0,Baixo
1999312,0.045455,0,Baixo
1999411,0.009174,0,Baixo
1998812,0.013889,0,Baixo
1999408,0.12069,0,Baixo
1993601,0.010676,0,Baixo
1999420,0.001348,0,Baixo
1999394,0.003165,0,Baixo
1999404,0.013889,0,Baixo
1980320,0.062794,0,Baixo
1999375,0.023861,0,Baixo
1999378,0.010676,0,Baixo
1999285,0.029043,0,Baixo
1999327,0.071023,0,Baixo
1999376,0.029043,0,Baixo
1999432,0.062794,0,Baixo
1999431,0.013889,0,Baixo
1999424,0.062794,0,Baixo
1999438,0.029043,0,Baixo
1999262,0.143994,0,Baixo
1999442,0.013889,0,Baixo
1982506,0.062794,0,Baixo
1999443,0.023861,0,Baixo
1998883,0.0,0,Baixo
1999425,0.062794,0,Baixo
1999332,0.001348,0,Baixo
1999457,0.013889,0,Baixo
1999452,0.001348,0,Baixo
1998975,0.071023,0,Baixo
1999446,0.003165,0,Baixo
1999430,0.001348,0,Baixo
1999451,0.023861,0,Baixo
1999398,0.100213,0,Baixo
1996805,0.001348,0,Baixo
1999201,0.023861,0,Baixo
1999366,0.003165,0,Baixo
1999466,0.013889,0,Baixo
1999454,0.023861,0,Baixo
1999472,0.029043,0,Baixo
1999469,0.029043,0,Baixo
1998462,0.090592,0,Baixo
1999145,0.062794,0,Baixo
1996069,0.029043,0,Baixo
1999471,0.023861,0,Baixo
1999468,0.029043,0,Baixo
1999435,0.013889,0,Baixo
1999498,0.009174,0,Baixo
1999450,0.029043,0,Baixo
1972692,0.010676,0,Baixo
1999392,0.029043,0,Baixo
1999497,0.001348,0,Baixo
1984943,0.029043,0,Baixo
1999379,0.010676,0,Baixo
1999475,0.001348,0,Baixo
1999504,0.029043,0,Baixo
1999525,0.029043,0,Baixo
1999529,0.013889,0,Baixo
1999523,0.010676,0,Baixo
1999538,0.045455,0,Baixo
1999537,0.009174,0,Baixo
1999521,0.003165,0,Baixo
1973257,0.045455,0,Baixo
1998466,0.013889,0,Baixo
1999547,0.003165,0,Baixo
1967888,0.062794,0,Baixo
1999552,0.010676,0,Baixo
1999546,0.029043,0,Baixo
1997523,0.090592,0,Baixo
1999072,0.080586,0,Baixo
1998905,0.023861,0,Baixo
1999519,0.029043,0,Baixo
1999557,0.013889,0,Baixo
1996480,0.023861,0,Baixo
1998187,0.080586,0,Baixo
1999534,0.009174,0,Baixo
1997031,0.010676,0,Baixo
1999563,0.001348,0,Baixo
1997223,0.013889,0,Baixo
1999566,0.013889,0,Baixo
1998907,0.071023,0,Baixo
1996680,0.071023,0,Baixo
1999362,0.013889,0,Baixo
1999573,0.013889,0,Baixo
1964366,0.071023,0,Baixo
1999409,0.029043,0,Baixo
1999564,0.003165,0,Baixo
1999583,0.029043,0,Baixo
1999593,0.003165,0,Baixo
1999599,0.062794,0,Baixo
1999588,0.003165,0,Baixo
1999604,0.100213,0,Baixo
1990941,0.029043,0,Baixo
1999611,0.062794,0,Baixo
1251702,0.062794,0,Baixo
1999609,0.045455,0,Baixo
1999610,0.071023,0,Baixo
1996880,0.009174,0,Baixo
1999612,0.013889,0,Baixo
1975208,0.029043,0,Baixo
1999603,0.029043,0,Baixo
1968957,0.143994,0,Baixo
1999473,0.029043,0,Baixo
1999601,0.003165,0,Baixo
1999606,0.094203,0,Baixo
1999500,0.010676,0,Baixo
1999638,0.090592,0,Baixo
1997308,0.013889,0,Baixo
1981518,0.062794,0,Baixo
1999629,0.029043,0,Baixo
1999613,0.029043,0,Baixo
1999649,0.013889,0,Baixo
1999022,0.029043,0,Baixo
1999646,0.023861,0,Baixo
1999632,0.013889,0,Baixo
1998972,0.010676,0,Baixo
1999656,0.023861,0,Baixo
1992709,0.013889,0,Baixo
844676,0.100213,0,Baixo
1999151,0.013889,0,Baixo
1999633,0.023861,0,Baixo
1999664,0.013889,0,Baixo
1992684,0.001348,0,Baixo
1999666,0.010676,0,Baixo
1993656,0.029043,0,Baixo
1999670,0.029043,0,Baixo
1999663,0.013889,0,Baixo
1999600,0.001348,0,Baixo
1999674,0.013889,0,Baixo
1995604,0.009174,0,Baixo
567082,0.071023,0,Baixo
1999681,0.045455,0,Baixo
1999687,0.062794,0,Baixo
1999676,0.023861,0,Baixo
1999704,0.013889,0,Baixo
1999667,0.023861,0,Baixo
1997513,0.029043,0,Baixo
1999712,0.100213,0,Baixo
1999706,0.013889,0,Baixo
1960658,0.010676,0,Baixo
1999298,0.071023,0,Baixo
1985954,0.166038,0,Baixo
1999289,0.071023,0,Baixo
1984054,0.062794,0,Baixo
1999718,0.010676,0,Baixo
1999727,0.013889,0,Baixo
1999723,0.100213,0,Baixo
1999728,0.003165,0,Baixo
1995183,0.029043,0,Baixo
1944949,0.029043,0,Baixo
1994906,0.010676,0,Baixo
1999427,0.023861,0,Baixo
1999732,0.023861,0,Baixo
1999735,0.062794,0,Baixo
1999729,0.013889,0,Baixo
1999556,0.090592,0,Baixo
1996438,0.003165,0,Baixo
1998362,0.029043,0,Baixo
1996611,0.013889,0,Baixo
1999722,0.030303,0,Baixo
1985454,0.100213,0,Baixo
1999744,0.003165,0,Baixo
1990275,0.143994,0,Baixo
1999764,0.062794,0,Baixo
1999769,0.029043,0,Baixo
1999784,0.071023,0,Baixo
1999786,0.001348,0,Baixo
1999793,0.010676,0,Baixo
1999789,0.029043,0,Baixo
1999223,0.080586,0,Baixo
1999802,0.062794,0,Baixo
1999739,0.094203,0,Baixo
1999589,0.013889,0,Baixo
1994987,0.030303,0,Baixo
1999806,0.029043,0,Baixo
1966064,0.010676,0,Baixo
1299329,0.001348,0,Baixo
1999814,0.023861,0,Baixo
1999833,0.100213,0,Baixo
1901007,0.029043,0,Baixo
1999829,0.029043,0,Baixo
1999832,0.029043,0,Baixo
1999730,0.001348,0,Baixo
1999846,0.029043,0,Baixo
1994311,0.143994,0,Baixo
1999831,0.090592,0,Baixo
1999851,0.010676,0,Baixo
1999852,0.023861,0,Baixo
1997753,0.010676,0,Baixo
1997219,0.029043,0,Baixo
1999858,0.010676,0,Baixo
1999840,0.029043,0,Baixo
1997742,0.062794,0,Baixo
1963619,0.013889,0,Baixo
1999850,0.003165,0,Baixo
1995555,0.029043,0,Baixo
1999855,0.013889,0,Baixo
1921158,0.010676,0,Baixo
1995796,0.003165,0,Baixo
1999867,0.100213,0,Baixo
1999871,0.071023,0,Baixo
1992567,0.009174,0,Baixo
1999865,0.009174,0,Baixo
1999668,0.029043,0,Baixo
1999824,0.023861,0,Baixo
1999880,0.080586,0,Baixo
1999883,0.003165,0,Baixo
1999847,0.013889,0,Baixo
1999890,0.029043,0,Baixo
1999893,0.013889,0,Baixo
1999885,0.030303,0,Baixo
1999870,0.143994,0,Baixo
1999881,0.013889,0,Baixo
1999872,0.071023,0,Baixo
1999869,0.029043,0,Baixo
1973851,0.100213,0,Baixo
1133705,0.090592,0,Baixo
1999899,0.013889,0,Baixo
1999124,0.029043,0,Baixo
1989542,0.013889,0,Baixo
1995608,0.003165,0,Baixo
1999914,0.010676,0,Baixo
1970721,0.029043,0,Baixo
1997504,0.029043,0,Baixo
1984188,0.029043,0,Baixo
1999932,0.013889,0,Baixo
1999931,0.071023,0,Baixo
1984111,0.023861,0,Baixo
1999954,0.029043,0,Baixo
1997632,0.010676,0,Baixo
1730692,0.071023,0,Baixo
1999959,0.029043,0,Baixo
1999962,0.100213,0,Baixo
1995369,0.071023,0,Baixo
1998007,0.062794,0,Baixo
1998431,0.163658,0,Baixo
1999957,0.029043,0,Baixo
1997589,0.100213,0,Baixo
1998350,0.001348,0,Baixo
1999969,0.009174,0,Baixo
1999973,0.080586,0,Baixo
1999985,0.029043,0,Baixo
1999631,0.003165,0,Baixo
1992201,0.023861,0,Baixo
1999989,0.100213,0,Baixo
1993915,0.029043,0,Baixo
1999994,0.030303,0,Baixo
1997738,0.029043,0,Baixo
1999997,0.009174,0,Baixo
1998583,0.100213,0,Baixo
2000010,0.029043,0,Baixo
1864748,0.062794,0,Baixo
2000016,0.143994,0,Baixo
1997029,0.013889,0,Baixo
2000032,0.029043,0,Baixo
2000035,0.029043,0,Baixo
2000041,0.029043,0,Baixo
1997602,0.029043,0,Baixo
2000047,0.029043,0,Baixo
2000040,0.178571,0,Baixo
1991173,0.201923,0,Medio
2000058,0.010676,0,Baixo
1998989,0.163658,0,Baixo
1995795,0.010676,0,Baixo
1947237,0.080586,0,Baixo
2000075,0.029043,0,Baixo
2000078,0.010676,0,Baixo
1999267,0.288344,0,Medio
1933091,0.013889,0,Baixo
1996871,0.013889,0,Baixo
2000086,0.029043,0,Baixo
2000085,0.071023,0,Baixo
2000090,0.163658,0,Baixo
1998914,0.029043,0,Baixo
2000061,0.029043,0,Baixo
2000093,0.009174,0,Baixo
1963794,0.045455,0,Baixo
2000096,0.080586,0,Baixo
2000017,0.013889,0,Baixo
2000052,0.071023,0,Baixo
2000095,0.080586,0,Baixo
2000108,0.009174,0,Baixo
2000118,0.045455,0,Baixo
2000121,0.029043,0,Baixo
2000125,0.029043,0,Baixo
1999304,0.029043,0,Baixo
2000123,0.013889,0,Baixo
2000050,0.029043,0,Baixo
1998922,0.071023,0,Baixo
2000112,0.143994,0,Baixo
2000138,0.013889,0,Baixo
2000134,0.143994,0,Baixo
2000044,0.029043,0,Baixo
1994795,0.029043,0,Baixo
2000155,0.166038,0,Baixo
2000147,0.010676,0,Baixo
2000158,0.003165,0,Baixo
1994013,0.013889,0,Baixo
2000145,0.045455,0,Baixo
1997021,0.062794,0,Baixo
1987459,0.029043,0,Baixo
1999996,0.023861,0,Baixo
1999791,0.029043,0,Baixo
2000171,0.010676,0,Baixo
2000179,0.029043,0,Baixo
2000169,0.013889,0,Baixo
1997833,0.029043,0,Baixo
1997925,0.163658,0,Baixo
2000185,0.029043,0,Baixo
1998047,0.029043,0,Baixo
2000063,0.023861,0,Baixo
1995958,0.013889,0,Baixo
1997796,0.100213,0,Baixo
1975057,0.071023,0,Baixo
2000092,0.100213,0,Baixo
2000224,0.163658,0,Baixo
1991706,0.029043,0,Baixo
2000210,0.010676,0,Baixo
1998748,0.029043,0,Baixo
2000231,0.071023,0,Baixo
2000232,0.009174,0,Baixo
2000220,0.163658,0,Baixo
1999211,0.023861,0,Baixo
2000234,0.023861,0,Baixo
1998828,0.029043,0,Baixo
2000241,0.0,0,Baixo
2000195,0.013889,0,Baixo
2000242,0.013889,0,Baixo
1624573,0.100213,0,Baixo
2000023,0.080586,0,Baixo
2000239,0.094203,0,Baixo
2000244,0.062794,0,Baixo
1999908,0.071023,0,Baixo
1997254,0.029043,0,Baixo
2000256,0.009174,0,Baixo
2000262,0.029043,0,Baixo
2000277,0.071023,0,Baixo
1999910,0.023861,0,Baixo
2000184,0.071023,0,Baixo
2000260,0.013889,0,Baixo
2000276,0.143994,0,Baixo
1998984,0.029043,0,Baixo
2000284,0.023861,0,Baixo
2000046,0.062794,0,Baixo
2000289,0.029043,0,Baixo
1999715,0.029043,0,Baixo
2000290,0.013889,0,Baixo
1981882,0.100213,0,Baixo
1972255,0.023861,0,Baixo
2000302,0.143994,0,Baixo
1990695,0.010676,0,Baixo
2000048,0.013889,0,Baixo
2000326,0.143994,0,Baixo
2000067,0.029043,0,Baixo
1997844,0.029043,0,Baixo
2000305,0.023861,0,Baixo
1997580,0.090592,0,Baixo
2000343,0.143994,0,Baixo
2000153,0.090592,0,Baixo
2000356,0.100213,0,Baixo
1948058,0.100213,0,Baixo
2000349,0.013889,0,Baixo
2000352,0.0,0,Baixo
2000359,0.013889,0,Baixo
1994566,0.013889,0,Baixo
2000355,0.045455,0,Baixo
2000376,0.029043,0,Baixo
1998550,0.029043,0,Baixo
2000391,0.094203,0,Baixo
2000384,0.062794,0,Baixo
1997497,0.013889,0,Baixo
1948328,0.029043,0,Baixo
1990059,0.094203,0,Baixo
2000409,0.12069,0,Baixo
2000408,0.029043,0,Baixo
2000405,0.0,0,Baixo
2000413,0.080586,0,Baixo
2000412,0.143994,0,Baixo
2000364,0.029043,0,Baixo
2000416,0.009174,0,Baixo
2000430,0.045455,0,Baixo
2000415,0.214925,0,Medio
2000424,0.143994,0,Baixo
2000465,0.029043,0,Baixo
1996463,0.029043,0,Baixo
1998325,0.045455,0,Baixo
2000486,0.009174,0,Baixo
1997807,0.029043,0,Baixo
1986444,0.062794,0,Baixo
2000272,0.013889,0,Baixo
2000458,0.013889,0,Baixo
2000495,0.090592,0,Baixo
2000481,0.023861,0,Baixo
2000498,0.071023,0,Baixo
1999835,0.013889,0,Baixo
1669573,0.023861,0,Baixo
1993718,0.029043,0,Baixo
2000511,0.010676,0,Baixo
1997654,0.023861,0,Baixo
2000523,0.071023,0,Baixo
1993328,0.023861,0,Baixo
1992186,0.090592,0,Baixo
2000530,0.143994,0,Baixo
2000515,0.062794,0,Baixo
2000518,0.013889,0,Baixo
2000538,0.062794,0,Baixo
1999075,0.163658,0,Baixo
2000542,0.062794,0,Baixo
1997803,0.045455,0,Baixo
1999113,0.143994,0,Baixo
1998741,0.023861,0,Baixo
1995077,0.023861,0,Baixo
1998120,0.062794,0,Baixo
2000454,0.062794,0,Baixo
2000468,0.010676,0,Baixo
2000560,0.023861,0,Baixo
2000555,0.013889,0,Baixo
1991749,0.013889,0,Baixo
1997787,0.071023,0,Baixo
1994530,0.029043,0,Baixo
2000557,0.029043,0,Baixo
2000564,0.100213,0,Baixo
1996420,0.001348,0,Baixo
1997361,0.029043,0,Baixo
1994283,0.029043,0,Baixo
2000570,0.163658,0,Baixo
1999747,0.023861,0,Baixo
1998272,0.029043,0,Baixo
1999317,0.029043,0,Baixo
1998196,0.090592,0,Baixo
2000583,0.045455,0,Baixo
2000582,0.062794,0,Baixo
2000591,0.029043,0,Baixo
1996813,0.080586,0,Baixo
1998928,0.143994,0,Baixo
1950732,0.100213,0,Baixo
1999448,0.013889,0,Baixo
1999826,0.023861,0,Baixo
2000532,0.023861,0,Baixo
2000604,0.023861,0,Baixo
2000473,0.029043,0,Baixo
1997850,0.100213,0,Baixo
2000301,0.029043,0,Baixo
2000201,0.013889,0,Baixo
2000597,0.029043,0,Baixo
1368989,0.071023,0,Baixo
2000627,0.163658,0,Baixo
1995663,0.071023,0,Baixo
1997466,0.023861,0,Baixo
1998428,0.010676,0,Baixo
2000625,0.062794,0,Baixo
1993193,0.029043,0,Baixo
1991013,0.029043,0,Baixo
2000586,0.003165,0,Baixo
2000573,0.010676,0,Baixo
685661,0.143994,0,Baixo
2000644,0.003165,0,Baixo
2000631,0.003165,0,Baixo
2000645,0.080586,0,Baixo
1999269,0.062794,0,Baixo
1999111,0.013889,0,Baixo
2000649,0.071023,0,Baixo
2000648,0.030303,0,Baixo
2000652,0.090592,0,Baixo
1999709,0.023861,0,Baixo
2000657,0.100213,0,Baixo
2000655,0.013889,0,Baixo
1998657,0.062794,0,Baixo
1973104,0.080586,0,Baixo
2000665,0.010676,0,Baixo
2000666,0.090592,0,Baixo
2000662,0.080586,0,Baixo
2000682,0.013889,0,Baixo
1999514,0.071023,0,Baixo
1999619,0.143994,0,Baixo
1988086,0.029043,0,Baixo
2000212,0.023861,0,Baixo
2000680,0.029043,0,Baixo
1985929,0.013889,0,Baixo
2000673,0.029043,0,Baixo
2000683,0.013889,0,Baixo
1984922,0.010676,0,Baixo
2000703,0.013889,0,Baixo
1998247,0.100213,0,Baixo
1977157,0.100213,0,Baixo
1995319,0.003165,0,Baixo
2000716,0.071023,0,Baixo
2000723,0.029043,0,Baixo
1993538,0.029043,0,Baixo
2000719,0.062794,0,Baixo
2000727,0.071023,0,Baixo
2000740,0.013889,0,Baixo
2000730,0.009174,0,Baixo
2000729,0.029043,0,Baixo
2000746,0.029043,0,Baixo
2000752,0.071023,0,Baixo
1997477,0.029043,0,Baixo
2000038,0.029043,0,Baixo
2000763,0.029043,0,Baixo
2000757,0.029043,0,Baixo
2000749,0.143994,0,Baixo
1999372,0.143994,0,Baixo
2000769,0.003165,0,Baixo
2000777,0.143994,0,Baixo
2000775,0.003165,0,Baixo
2000774,0.163658,0,Baixo
1999785,0.062794,0,Baixo
2000744,0.029043,0,Baixo
2000782,0.045455,0,Baixo
2000767,0.013889,0,Baixo
1998399,0.029043,0,Baixo
2000788,0.045455,0,Baixo
1986975,0.214925,0,Medio
2000791,0.029043,0,Baixo
2000779,0.045455,0,Baixo
2000006,0.029043,0,Baixo
1986296,0.001348,0,Baixo
1998319,0.010676,0,Baixo
1998963,0.023861,0,Baixo
1996577,0.029043,0,Baixo
1999057,0.029043,0,Baixo
1997944,0.163658,0,Baixo
1998286,0.062794,0,Baixo
1990388,0.062794,0,Baixo
1998511,0.163658,0,Baixo
2000797,0.062794,0,Baixo
2000814,0.023861,0,Baixo
1999099,0.009174,0,Baixo
1999696,0.080586,0,Baixo
1984732,0.029043,0,Baixo
2000792,0.029043,0,Baixo
1999117,0.010676,0,Baixo
2000838,0.062794,0,Baixo
2000798,0.001348,0,Baixo
2000844,0.010676,0,Baixo
2000822,0.214925,0,Medio
2000864,0.010676,0,Baixo
2000828,0.010676,0,Baixo
2000853,0.062794,0,Baixo
1999055,0.094203,0,Baixo
684696,0.029043,0,Baixo
2000079,0.013889,0,Baixo
2000867,0.080586,0,Baixo
1993200,0.029043,0,Baixo
2000872,0.100213,0,Baixo
2000884,0.010676,0,Baixo
2000891,0.003165,0,Baixo
1997199,0.003165,0,Baixo
1992914,0.029043,0,Baixo
2000866,0.100213,0,Baixo
2000901,0.023861,0,Baixo
1998071,0.062794,0,Baixo
1982167,0.023861,0,Baixo
2000839,0.029043,0,Baixo
2000869,0.062794,0,Baixo
2000856,0.003165,0,Baixo
2000908,0.029043,0,Baixo
1989570,0.010676,0,Baixo
2000921,0.010676,0,Baixo
1970161,0.003165,0,Baixo
2000936,0.229935,0,Medio
2000932,0.071023,0,Baixo
2000939,0.029043,0,Baixo
1990031,0.143994,0,Baixo
2000938,0.023861,0,Baixo
1999953,0.023861,0,Baixo
1981196,0.143994,0,Baixo
1999194,0.071023,0,Baixo
1999121,0.029043,0,Baixo
2000948,0.163658,0,Baixo
2000922,0.013889,0,Baixo
2000975,0.013889,0,Baixo
2000946,0.029043,0,Baixo
2000986,0.029043,0,Baixo
1991645,0.045455,0,Baixo
1999795,0.023861,0,Baixo
2000987,0.062794,0,Baixo
2000977,0.029043,0,Baixo
2000988,0.0,0,Baixo
1998393,0.0,0,Baixo
1991737,0.029043,0,Baixo
2000958,0.013889,0,Baixo
1999323,0.100213,0,Baixo
2000992,0.100213,0,Baixo
2000973,0.045455,0,Baixo
1990263,0.023861,0,Baixo
2001013,0.009174,0,Baixo
1962466,0.090592,0,Baixo
1999627,0.062794,0,Baixo
1997709,0.090592,0,Baixo
1996972,0.029043,0,Baixo
1992365,0.100213,0,Baixo
2001020,0.013889,0,Baixo
2000311,0.013889,0,Baixo
1997779,0.029043,0,Baixo
2000263,0.013889,0,Baixo
1999385,0.023861,0,Baixo
1998978,0.143994,0,Baixo
1995540,0.045455,0,Baixo
1994907,0.010676,0,Baixo
1997727,0.013889,0,Baixo
2001017,0.029043,0,Baixo
1997734,0.013889,0,Baixo
1999467,0.094203,0,Baixo
1999841,0.010676,0,Baixo
1997938,0.143994,0,Baixo
1998536,0.029043,0,Baixo
1998421,0.009174,0,Baixo
1997714,0.013889,0,Baixo
1976438,0.023861,0,Baixo
1997189,0.0,0,Baixo
1999160,0.137931,0,Baixo
2000327,0.023861,0,Baixo
1999002,0.071023,0,Baixo
1999719,0.080586,0,Baixo
1998033,0.010676,0,Baixo
1999580,0.009174,0,Baixo
2000997,0.013889,0,Baixo
1980712,0.010676,0,Baixo
1997537,0.013889,0,Baixo
1863673,0.163658,0,Baixo
1996579,0.080586,0,Baixo
1998942,0.100213,0,Baixo
1979884,0.071023,0,Baixo
1995889,0.023861,0,Baixo
2000768,0.062794,0,Baixo
1999854,0.100213,0,Baixo
1999266,0.003165,0,Baixo
1995567,0.029043,0,Baixo
1995476,0.143994,0,Baixo
2001031,0.013889,0,Baixo
2001030,0.010676,0,Baixo
2001024,0.045455,0,Baixo
2001033,0.009174,0,Baixo
2001005,0.071023,0,Baixo
2001034,0.029043,0,Baixo
2001044,0.090592,0,Baixo
1999093,0.143994,0,Baixo
1999308,0.023861,0,Baixo
1948374,0.100213,0,Baixo
1997133,0.013889,0,Baixo
1979157,0.090592,0,Baixo
2001048,0.071023,0,Baixo
1977555,0.009174,0,Baixo
1998374,0.045455,0,Baixo
2001025,0.010676,0,Baixo
1914070,0.100213,0,Baixo
1982040,0.029043,0,Baixo
2001066,0.023861,0,Baixo
2001055,0.010676,0,Baixo
2001068,0.010676,0,Baixo
2001062,0.100213,0,Baixo
2000773,0.013889,0,Baixo
2001037,0.029043,0,Baixo
2001067,0.029043,0,Baixo
2001060,0.029043,0,Baixo
1991048,0.071023,0,Baixo
2000720,0.029043,0,Baixo
2001046,0.029043,0,Baixo
1669041,0.062794,0,Baixo
1997556,0.013889,0,Baixo
2001089,0.023861,0,Baixo
2001086,0.010676,0,Baixo
2000334,0.029043,0,Baixo
2001079,0.003165,0,Baixo
1992068,0.029043,0,Baixo
1993275,0.001348,0,Baixo
2001101,0.045455,0,Baixo
1993436,0.071023,0,Baixo
2001106,0.090592,0,Baixo
2001107,0.029043,0,Baixo
2001102,0.009174,0,Baixo
1998687,0.029043,0,Baixo
1999682,0.029043,0,Baixo
1967261,0.163658,0,Baixo
1975390,0.013889,0,Baixo
1998238,0.023861,0,Baixo
1999365,0.013889,0,Baixo
1999190,0.137931,0,Baixo
1998731,0.029043,0,Baixo
1996288,0.029043,0,Baixo
1997319,0.100213,0,Baixo
1995490,0.100213,0,Baixo
1999445,0.029043,0,Baixo
1998146,0.163658,0,Baixo
2001126,0.045455,0,Baixo
1999344,0.2,0,Baixo
1997855,0.029043,0,Baixo
1998512,0.163658,0,Baixo
1996758,0.029043,0,Baixo
1998141,0.013889,0,Baixo
1997864,0.071023,0,Baixo
2000803,0.013889,0,Baixo
1992783,0.023861,0,Baixo
2001057,0.013889,0,Baixo
1997941,0.062794,0,Baixo
1995980,0.013889,0,Baixo
2001136,0.071023,0,Baixo
2001123,0.029043,0,Baixo
2001140,0.045455,0,Baixo
1999306,0.062794,0,Baixo
1683978,0.003165,0,Baixo
2001073,0.013889,0,Baixo
2001146,0.013889,0,Baixo
2000446,0.013889,0,Baixo
1942924,0.010676,0,Baixo
2000423,0.010676,0,Baixo
2001161,0.010676,0,Baixo
2001026,0.080586,0,Baixo
2001157,0.071023,0,Baixo
2001121,0.029043,0,Baixo
1992771,0.062794,0,Baixo
1998251,0.029043,0,Baixo
1998215,0.071023,0,Baixo
2001183,0.137931,0,Baixo
1998513,0.029043,0,Baixo
2000816,0.071023,0,Baixo
2001185,0.029043,0,Baixo
2000963,0.029043,0,Baixo
2001197,0.071023,0,Baixo
2001186,0.094203,0,Baixo
1987200,0.100213,0,Baixo
2001129,0.143994,0,Baixo
1997239,0.029043,0,Baixo
2001193,0.029043,0,Baixo
2000150,0.100213,0,Baixo
1997415,0.080586,0,Baixo
2001214,0.071023,0,Baixo
2001149,0.080586,0,Baixo
2001222,0.029043,0,Baixo
1994862,0.071023,0,Baixo
1990987,0.029043,0,Baixo
2001177,0.029043,0,Baixo
1994255,0.029043,0,Baixo
1993778,0.029043,0,Baixo
1999963,0.023861,0,Baixo
1994943,0.013889,0,Baixo
1997669,0.137931,0,Baixo
1998787,0.100213,0,Baixo
2001105,0.007685,0,Baixo
1997773,0.013889,0,Baixo
1997684,0.029043,0,Baixo
1973875,0.100213,0,Baixo
2000243,0.029043,0,Baixo
1973131,0.029043,0,Baixo
2000863,0.045455,0,Baixo
1999575,0.045455,0,Baixo
1998086,0.013889,0,Baixo
2000197,0.013889,0,Baixo
2000497,0.009174,0,Baixo
1045885,0.080586,0,Baixo
1990508,0.071023,0,Baixo
2001075,0.023861,0,Baixo
1998452,0.0,0,Baixo
1999778,0.029043,0,Baixo
2001233,0.062794,0,Baixo
2001235,0.003165,0,Baixo
1999877,0.003165,0,Baixo
1110078,0.071023,0,Baixo
2000937,0.003165,0,Baixo
1999801,0.029043,0,Baixo
1670654,0.013889,0,Baixo
2001150,0.003165,0,Baixo
2001242,0.013889,0,Baixo
2001241,0.062794,0,Baixo
2001168,0.094203,0,Baixo
2001219,0.013889,0,Baixo
2001095,0.023861,0,Baixo
1430493,0.214925,0,Medio
2001094,0.013889,0,Baixo
2001167,0.029043,0,Baixo
2001252,0.062794,0,Baixo
2001263,0.071023,0,Baixo
2001265,0.009174,0,Baixo
1984934,0.062794,0,Baixo
1996399,0.010676,0,Baixo
2001264,0.003165,0,Baixo
2001270,0.029043,0,Baixo
1999909,0.029043,0,Baixo
2000488,0.062794,0,Baixo
2001247,0.100213,0,Baixo
2001276,0.080586,0,Baixo
2001293,0.001348,0,Baixo
2001225,0.023861,0,Baixo
2001291,0.016676,0,Baixo
2001297,0.029043,0,Baixo
2001198,0.013889,0,Baixo
2001305,0.010676,0,Baixo
2001306,0.029043,0,Baixo
1942604,0.094203,0,Baixo
2001103,0.029043,0,Baixo
2000843,0.013889,0,Baixo
2001262,0.071023,0,Baixo
2001326,0.100213,0,Baixo
2000559,0.003165,0,Baixo
2001156,0.029043,0,Baixo
2000438,0.163658,0,Baixo
2001325,0.003165,0,Baixo
2001330,0.143994,0,Baixo
1936556,0.029043,0,Baixo
2000467,0.062794,0,Baixo
2001345,0.029043,0,Baixo
1995387,0.010676,0,Baixo
1992705,0.143994,0,Baixo
1994492,0.029043,0,Baixo
2001337,0.013889,0,Baixo
1668664,0.010676,0,Baixo
2000925,0.100213,0,Baixo
1999152,0.062794,0,Baixo
2001349,0.045455,0,Baixo
1988664,0.029043,0,Baixo
2000114,0.080586,0,Baixo
2001179,0.045455,0,Baixo
2001130,0.010676,0,Baixo
2001137,0.010676,0,Baixo
2001145,0.100213,0,Baixo
1133366,0.071023,0,Baixo
2001341,0.071023,0,Baixo
2000144,0.029043,0,Baixo
2000516,0.0,0,Baixo
2001316,0.001348,0,Baixo
2001006,0.143994,0,Baixo
2001357,0.094203,0,Baixo
2000070,0.013889,0,Baixo
1993802,0.062794,0,Baixo
2001374,0.062794,0,Baixo
2001353,0.029043,0,Baixo
2001249,0.023861,0,Baixo
2001226,0.100213,0,Baixo
2001356,0.062794,0,Baixo
2001366,0.062794,0,Baixo
2001338,0.029043,0,Baixo
2000766,0.062794,0,Baixo
2001358,0.071023,0,Baixo
1994565,0.029043,0,Baixo
1993407,0.003165,0,Baixo
2000930,0.029043,0,Baixo
2001310,0.071023,0,Baixo
1997603,0.013889,0,Baixo
1988569,0.071023,0,Baixo
2001388,0.071023,0,Baixo
2001382,0.013889,0,Baixo
1781022,0.010676,0,Baixo
1995713,0.013889,0,Baixo
1997088,0.029043,0,Baixo
2001396,0.023861,0,Baixo
1992814,0.013889,0,Baixo
2001393,0.029043,0,Baixo
1973996,0.143994,0,Baixo
2001384,0.071023,0,Baixo
2001380,0.013889,0,Baixo
1967945,0.143994,0,Baixo
1989543,0.062794,0,Baixo
1974047,0.029043,0,Baixo
2001402,0.045455,0,Baixo
1978786,0.100213,0,Baixo
1986904,0.080586,0,Baixo
2001409,0.010676,0,Baixo
2001204,0.029043,0,Baixo
2001411,0.013889,0,Baixo
1998804,0.094203,0,Baixo
2001370,0.013889,0,Baixo
2001414,0.001348,0,Baixo
2001422,0.100213,0,Baixo
2001427,0.029043,0,Baixo
2001292,0.045455,0,Baixo
1997419,0.029043,0,Baixo
1997231,0.143994,0,Baixo
2001418,0.029043,0,Baixo
2001430,0.013889,0,Baixo
2001421,0.013889,0,Baixo
2001398,0.013889,0,Baixo
2001441,0.100213,0,Baixo
2001365,0.009174,0,Baixo
1974629,0.045022,0,Baixo
2001436,0.010676,0,Baixo
2000784,0.023861,0,Baixo
2001444,0.100213,0,Baixo
1988373,0.010676,0,Baixo
2000611,0.029043,0,Baixo
2001439,0.143994,0,Baixo
2000630,0.023861,0,Baixo
2001385,0.071023,0,Baixo
2000504,0.009174,0,Baixo
2000561,0.029043,0,Baixo
2001455,0.062794,0,Baixo
1994061,0.090592,0,Baixo
1999421,0.062794,0,Baixo
2000379,0.029043,0,Baixo
1936734,0.013889,0,Baixo
1944387,0.013889,0,Baixo
2001464,0.029043,0,Baixo
2000947,0.163658,0,Baixo
1999297,0.010676,0,Baixo
2001450,0.010676,0,Baixo
2001461,0.143994,0,Baixo
2001400,0.163658,0,Baixo
2001476,0.100213,0,Baixo
2001468,0.094203,0,Baixo
2000870,0.143994,0,Baixo
2001401,0.009174,0,Baixo
2001480,0.023861,0,Baixo
1926632,0.143994,0,Baixo
2001488,0.013889,0,Baixo
2001340,0.029043,0,Baixo
2001466,0.100213,0,Baixo
2001478,0.029043,0,Baixo
1995951,0.029043,0,Baixo
2001443,0.045455,0,Baixo
2001518,0.010676,0,Baixo
2001336,0.100213,0,Baixo
1989551,0.010676,0,Baixo
2001479,0.080586,0,Baixo
2001532,0.009174,0,Baixo
2001533,0.013889,0,Baixo
2001200,0.0,0,Baixo
1981195,0.010676,0,Baixo
1999164,0.143994,0,Baixo
2001449,0.029043,0,Baixo
2000148,0.071023,0,Baixo
2001280,0.023861,0,Baixo
2001419,0.029043,0,Baixo
1995800,0.029043,0,Baixo
2001561,0.029043,0,Baixo
2001555,0.013889,0,Baixo
2001570,0.029043,0,Baixo
1995803,0.071023,0,Baixo
2001567,0.003165,0,Baixo
2001576,0.013889,0,Baixo
2001524,0.137931,0,Baixo
1995977,0.029043,0,Baixo
2001564,0.029043,0,Baixo
2001560,0.143994,0,Baixo
2000033,0.071023,0,Baixo
2001584,0.013889,0,Baixo
1973370,0.029043,0,Baixo
1996353,0.023861,0,Baixo
1973299,0.029043,0,Baixo
1998880,0.071023,0,Baixo
2000733,0.030303,0,Baixo
2001589,0.029043,0,Baixo
1999804,0.071023,0,Baixo
2000602,0.029043,0,Baixo
1999543,0.029043,0,Baixo
2001351,0.071023,0,Baixo
2001588,0.100213,0,Baixo
1997214,0.029043,0,Baixo
1982325,0.071023,0,Baixo
1998847,0.010676,0,Baixo
1995756,0.029043,0,Baixo
2001573,0.029043,0,Baixo
2001607,0.029043,0,Baixo
2001601,0.062794,0,Baixo
1425317,0.029043,0,Baixo
2000984,0.023861,0,Baixo
1999766,0.071023,0,Baixo
2001496,0.071023,0,Baixo
2001445,0.029043,0,Baixo
1971803,0.143994,0,Baixo
1979711,0.100213,0,Baixo
2001621,0.071023,0,Baixo
2001494,0.029043,0,Baixo
2001527,0.100213,0,Baixo
1991179,0.166038,0,Baixo
2001344,0.071023,0,Baixo
2001229,0.062794,0,Baixo
1994820,0.143994,0,Baixo
2001472,0.029043,0,Baixo
2001622,0.013889,0,Baixo
2001635,0.143994,0,Baixo
2001230,0.071023,0,Baixo
2001629,0.062794,0,Baixo
1976528,0.080586,0,Baixo
2001628,0.143994,0,Baixo
2001597,0.071023,0,Baixo
1999691,0.013889,0,Baixo
2001638,0.029043,0,Baixo
2001542,0.214925,0,Medio
2001633,0.010676,0,Baixo
2001290,0.029043,0,Baixo
2001279,0.100213,0,Baixo
1999265,0.163658,0,Baixo
1999698,0.029043,0,Baixo
2001659,0.013889,0,Baixo
2001656,0.062794,0,Baixo
1998911,0.080586,0,Baixo
1995929,0.013889,0,Baixo
2000696,0.029043,0,Baixo
1640042,0.100213,0,Baixo
2001675,0.062794,0,Baixo
2001661,0.243641,0,Medio
2001665,0.062794,0,Baixo
2001684,0.045455,0,Baixo
2001674,0.143994,0,Baixo
2001690,0.062794,0,Baixo
2001673,0.010676,0,Baixo
2001616,0.100213,0,Baixo
2001668,0.013889,0,Baixo
2001686,0.029043,0,Baixo
2001688,0.013889,0,Baixo
1979019,0.214925,0,Medio
2001693,0.062794,0,Baixo
2001687,0.143994,0,Baixo
1989298,0.029043,0,Baixo
2001642,0.143994,0,Baixo
2001682,0.023861,0,Baixo
2000660,0.010676,0,Baixo
2001698,0.029043,0,Baixo
2001643,0.080586,0,Baixo
1998052,0.029043,0,Baixo
1996903,0.029043,0,Baixo
1940608,0.010676,0,Baixo
1998527,0.143994,0,Baixo
2001599,0.001348,0,Baixo
1982620,0.071023,0,Baixo
2001485,0.080586,0,Baixo
1994502,0.013889,0,Baixo
2001717,0.029043,0,Baixo
2000892,0.029043,0,Baixo
2001714,0.143994,0,Baixo
1999357,0.029043,0,Baixo
2001708,0.12069,0,Baixo
2001716,0.023861,0,Baixo
2000080,0.143994,0,Baixo
2000808,0.100213,0,Baixo
1727703,0.143994,0,Baixo
2001720,0.094203,0,Baixo
1987952,0.023861,0,Baixo
2001670,0.045455,0,Baixo
