pedido_id,prob_fpd,classe_fpd,faixa_risco
1945890,0.196894,0,Medio
1945893,0.128174,0,Baixo
1945895,0.16225,0,Medio
1945811,0.242982,0,Medio
1945471,0.107684,0,Baixo
1945275,0.45316,1,Critico
1945902,0.122672,0,Baixo
1945908,0.218269,0,Medio
1930011,0.109469,0,Baixo
1914748,0.058971,0,Baixo
1945914,0.087139,0,Baixo
1945917,0.18728,0,Medio
1945919,0.08315,0,Baixo
1939864,0.307137,0,Alto
1945922,0.200852,0,Medio
1945848,0.025735,0,Baixo
1845196,0.286291,0,Alto
1945925,0.068302,0,Baixo
1865894,0.242933,0,Medio
1945932,0.064433,0,Baixo
1944333,0.275889,0,Alto
1936923,0.171189,0,Medio
1945945,0.164891,0,Medio
749998,0.205821,0,Medio
1944590,0.157598,0,Baixo
1945229,0.350327,0,Alto
1945955,0.178377,0,Medio
1945961,0.419659,1,Critico
1945956,0.196237,0,Medio
1880217,0.343597,0,Alto
1945970,0.152577,0,Baixo
1945976,0.02839,0,Baixo
1945739,0.214429,0,Medio
1944683,0.179823,0,Medio
1894643,0.155963,0,Baixo
1945979,0.670983,1,Critico
1945795,0.233908,0,Medio
1945963,0.219302,0,Medio
1945984,0.289066,0,Alto
1945488,0.166093,0,Medio
1945989,0.301691,0,Alto
1868792,0.269851,0,Alto
1945993,0.167821,0,Medio
1944924,0.241113,0,Medio
1946002,0.071251,0,Baixo
1946004,0.081991,0,Baixo
1944963,0.23105,0,Medio
1946005,0.160157,0,Baixo
1945994,0.160589,0,Baixo
1946007,0.231015,0,Medio
1944987,0.188689,0,Medio
1946017,0.022679,0,Baixo
1945559,0.152437,0,Baixo
856693,0.166381,0,Medio
1946018,0.121015,0,Baixo
1946022,0.034253,0,Baixo
1946023,0.115726,0,Baixo
1902165,0.168787,0,Medio
1946026,0.227728,0,Medio
1946027,0.024596,0,Baixo
1845468,0.438361,1,Critico
1946035,0.278395,0,Alto
1946039,0.293897,0,Alto
1945838,0.081287,0,Baixo
1946042,0.176865,0,Medio
1833222,0.380787,1,Critico
1892088,0.123398,0,Baixo
1906022,0.260089,0,Alto
1945415,0.354474,1,Alto
1945852,0.177608,0,Medio
1945724,0.2522,0,Alto
1945738,0.076587,0,Baixo
1945742,0.115757,0,Baixo
1940927,0.084974,0,Baixo
1942958,0.197884,0,Medio
1726099,0.17665,0,Medio
1944671,0.197561,0,Medio
1946050,0.088054,0,Baixo
1945705,0.095832,0,Baixo
1945924,0.064795,0,Baixo
1946053,0.089907,0,Baixo
1853221,0.18291,0,Medio
1946055,0.206848,0,Medio
1946067,0.153753,0,Baixo
1944906,0.379843,1,Critico
1946054,0.083713,0,Baixo
1945959,0.200734,0,Medio
1941544,0.116948,0,Baixo
1946071,0.096609,0,Baixo
1946068,0.175605,0,Medio
1946076,0.204846,0,Medio
1946072,0.086431,0,Baixo
1946082,0.238519,0,Medio
1946080,0.164385,0,Medio
1946084,0.339141,0,Alto
1945923,0.077344,0,Baixo
1946079,0.234531,0,Medio
1945515,0.154854,0,Baixo
1946086,0.019067,0,Baixo
1946094,0.111852,0,Baixo
1946085,0.190318,0,Medio
1946100,0.066731,0,Baixo
1946101,0.139525,0,Baixo
1946111,0.081177,0,Baixo
1946103,0.081363,0,Baixo
1945417,0.071562,0,Baixo
1936390,0.126722,0,Baixo
1946121,0.073471,0,Baixo
1944619,0.247079,0,Medio
1945982,0.163654,0,Medio
1946127,0.537616,1,Critico
1946124,0.2926,0,Alto
1946120,0.121503,0,Baixo
1946106,0.276115,0,Alto
1945131,0.36745,1,Critico
1946122,0.333146,0,Alto
1946128,0.142147,0,Baixo
1945772,0.136851,0,Baixo
1941897,0.124035,0,Baixo
1945518,0.087522,0,Baixo
1946141,0.07719,0,Baixo
1946140,0.069114,0,Baixo
1827780,0.182999,0,Medio
1946145,0.213298,0,Medio
1946144,0.172104,0,Medio
1944473,0.130889,0,Baixo
1946134,0.163533,0,Medio
1946015,0.207712,0,Medio
1946148,0.245097,0,Medio
1946150,0.122905,0,Baixo
1946104,0.293454,0,Alto
1946153,0.301108,0,Alto
1946152,0.095551,0,Baixo
1945958,0.194811,0,Medio
1945975,0.208414,0,Medio
1903776,0.176025,0,Medio
1946160,0.141955,0,Baixo
1945419,0.229913,0,Medio
1902870,0.313142,0,Alto
1946164,0.309938,0,Alto
1945447,0.323661,0,Alto
1946135,0.277616,0,Alto
1946168,0.212774,0,Medio
1946161,0.132932,0,Baixo
1946170,0.261396,0,Alto
1946143,0.111594,0,Baixo
1946167,0.293285,0,Alto
1891086,0.04115,0,Baixo
1944895,0.309248,0,Alto
1945501,0.154564,0,Baixo
1928302,0.046189,0,Baixo
1929642,0.173342,0,Medio
1946176,0.346806,0,Alto
1946178,0.088675,0,Baixo
1946182,0.176792,0,Medio
1946187,0.168226,0,Medio
1946189,0.256345,0,Alto
1945554,0.329792,0,Alto
1946186,0.181655,0,Medio
1945278,0.071486,0,Baixo
1946013,0.232577,0,Medio
1945978,0.20214,0,Medio
1946197,0.131087,0,Baixo
1946169,0.175443,0,Medio
1946194,0.325494,0,Alto
1946200,0.143112,0,Baixo
1946198,0.093699,0,Baixo
1945044,0.243706,0,Medio
1946207,0.152424,0,Baixo
1946205,0.204805,0,Medio
1946209,0.188014,0,Medio
1867169,0.287181,0,Alto
1946175,0.19058,0,Medio
1940226,0.304494,0,Alto
1946221,0.388617,1,Critico
1946181,0.134869,0,Baixo
1946222,0.178765,0,Medio
1940479,0.475732,1,Critico
1912494,0.090922,0,Baixo
1946220,0.142822,0,Baixo
1946217,0.096512,0,Baixo
1946136,0.321585,0,Alto
1946090,0.125849,0,Baixo
1946233,0.0539,0,Baixo
1946240,0.056231,0,Baixo
1944583,0.024245,0,Baixo
1946218,0.139586,0,Baixo
1908110,0.211107,0,Medio
1946248,0.047993,0,Baixo
1946190,0.079476,0,Baixo
1946251,0.116916,0,Baixo
1946257,0.36701,1,Critico
1946262,0.382662,1,Critico
1946249,0.332134,0,Alto
1946260,0.184992,0,Medio
1946266,0.212044,0,Medio
1946267,0.125708,0,Baixo
1946268,0.434758,1,Critico
1942854,0.209575,0,Medio
1945274,0.352054,1,Alto
1945856,0.276687,0,Alto
1946278,0.115324,0,Baixo
1946078,0.241652,0,Medio
1946273,0.373183,1,Critico
1946281,0.042788,0,Baixo
1946199,0.383324,1,Critico
1946282,0.23254,0,Medio
1934284,0.309896,0,Alto
1942744,0.064537,0,Baixo
1932208,0.255095,0,Alto
1946277,0.426814,1,Critico
1946211,0.089103,0,Baixo
1945836,0.086411,0,Baixo
1946289,0.116877,0,Baixo
1946283,0.349635,0,Alto
1946286,0.259608,0,Alto
1945035,0.173527,0,Medio
1946298,0.192031,0,Medio
1946297,0.134076,0,Baixo
1946091,0.209704,0,Medio
1946279,0.201658,0,Medio
1946302,0.132725,0,Baixo
1942873,0.138842,0,Baixo
1946074,0.281576,0,Alto
1942824,0.04856,0,Baixo
1946306,0.191392,0,Medio
1946313,0.171657,0,Medio
1946312,0.127168,0,Baixo
1946311,0.1922,0,Medio
1946310,0.201605,0,Medio
1946308,0.079956,0,Baixo
1917624,0.238208,0,Medio
1946099,0.350587,0,Alto
1946315,0.100581,0,Baixo
1945968,0.043658,0,Baixo
1945303,0.315068,0,Alto
1946320,0.193318,0,Medio
1946327,0.216214,0,Medio
1876784,0.269633,0,Alto
1946275,0.362705,1,Critico
1946329,0.094182,0,Baixo
1946229,0.129039,0,Baixo
1843170,0.251957,0,Medio
1946252,0.268959,0,Alto
1946321,0.175241,0,Medio
1943634,0.19024,0,Medio
1946331,0.299103,0,Alto
1946332,0.175579,0,Medio
1946330,0.052537,0,Baixo
1946338,0.099769,0,Baixo
1945801,0.264482,0,Alto
1946340,0.12183,0,Baixo
1946343,0.124089,0,Baixo
1946344,0.100978,0,Baixo
1946348,0.327834,0,Alto
1923170,0.135201,0,Baixo
1946346,0.321905,0,Alto
1943249,0.159645,0,Baixo
1946349,0.119464,0,Baixo
1943411,0.11788,0,Baixo
1945985,0.234307,0,Medio
1946347,0.427473,1,Critico
1946355,0.1807,0,Medio
1946290,0.111822,0,Baixo
1946341,0.190072,0,Medio
1927869,0.177169,0,Medio
1944999,0.213412,0,Medio
1946366,0.236817,0,Medio
1946371,0.075325,0,Baixo
1914436,0.159788,0,Baixo
1946356,0.05801,0,Baixo
1923002,0.192414,0,Medio
1946375,0.05943,0,Baixo
1946369,0.092728,0,Baixo
1930725,0.112191,0,Baixo
1931554,0.145422,0,Baixo
1946378,0.376909,1,Critico
1946373,0.376364,1,Critico
1946225,0.333169,0,Alto
1946383,0.161927,0,Medio
1946241,0.346689,0,Alto
1946362,0.545635,1,Critico
1946387,0.199646,0,Medio
1946386,0.176496,0,Medio
1893050,0.246797,0,Medio
1946388,0.159563,0,Baixo
1946391,0.275498,0,Alto
1946390,0.032131,0,Baixo
1719191,0.100578,0,Baixo
1946389,0.188742,0,Medio
1901739,0.230147,0,Medio
1940307,0.212882,0,Medio
1946393,0.269697,0,Alto
1946399,0.060807,0,Baixo
1946402,0.238043,0,Medio
1944706,0.125607,0,Baixo
1918670,0.390629,1,Critico
1946407,0.28409,0,Alto
1946173,0.310462,0,Alto
1946411,0.091306,0,Baixo
1946413,0.168471,0,Medio
1946416,0.321448,0,Alto
1845559,0.122529,0,Baixo
1946424,0.192394,0,Medio
1946428,0.129364,0,Baixo
1941238,0.056003,0,Baixo
1946123,0.132703,0,Baixo
1946436,0.200487,0,Medio
1946397,0.140602,0,Baixo
1946204,0.170506,0,Medio
1945114,0.331181,0,Alto
1946440,0.063105,0,Baixo
1946441,0.040516,0,Baixo
1945237,0.365532,1,Critico
1946443,0.240625,0,Medio
1946445,0.169929,0,Medio
1946258,0.162021,0,Medio
1946450,0.067479,0,Baixo
1946453,0.357419,1,Alto
1871250,0.181171,0,Medio
1946457,0.171805,0,Medio
1943458,0.148523,0,Baixo
1946461,0.388343,1,Critico
1946458,0.089077,0,Baixo
1946459,0.12823,0,Baixo
1946465,0.040147,0,Baixo
1946352,0.094947,0,Baixo
1946455,0.393681,1,Critico
1946470,0.046054,0,Baixo
1903228,0.123888,0,Baixo
1946472,0.118923,0,Baixo
1946480,0.172098,0,Medio
1946477,0.315381,0,Alto
1946485,0.087667,0,Baixo
1946471,0.087335,0,Baixo
1945962,0.157092,0,Baixo
1946489,0.153333,0,Baixo
1946473,0.045123,0,Baixo
1946497,0.166685,0,Medio
1943147,0.255244,0,Alto
1946454,0.067092,0,Baixo
1940654,0.156884,0,Baixo
1943866,0.283123,0,Alto
1946499,0.137034,0,Baixo
1946488,0.052843,0,Baixo
1946493,0.152692,0,Baixo
1946504,0.343229,0,Alto
1946506,0.201482,0,Medio
1830610,0.224275,0,Medio
1946509,0.192477,0,Medio
1945910,0.208979,0,Medio
1946510,0.368421,1,Critico
1946515,0.088311,0,Baixo
1946519,0.064573,0,Baixo
1944537,0.254869,0,Alto
1946501,0.153417,0,Baixo
1946516,0.036023,0,Baixo
1946048,0.071391,0,Baixo
1946524,0.051558,0,Baixo
1566509,0.28353,0,Alto
1946526,0.255122,0,Alto
1946530,0.114417,0,Baixo
1946531,0.125256,0,Baixo
1946532,0.121468,0,Baixo
1945164,0.397142,1,Critico
1946539,0.363045,1,Critico
1946534,0.139805,0,Baixo
1946536,0.068013,0,Baixo
1941998,0.528532,1,Critico
1946077,0.019098,0,Baixo
1946557,0.065304,0,Baixo
1946561,0.25506,0,Alto
1946556,0.345362,0,Alto
1946562,0.173722,0,Medio
1946569,0.180051,0,Medio
1946560,0.235566,0,Medio
1946559,0.027572,0,Baixo
1946579,0.289076,0,Alto
1946568,0.244969,0,Medio
1946566,0.133404,0,Baixo
1946583,0.160084,0,Baixo
1946595,0.165399,0,Medio
1946587,0.158755,0,Baixo
1946600,0.066601,0,Baixo
1946598,0.124465,0,Baixo
1935437,0.124376,0,Baixo
1946578,0.183647,0,Medio
1946607,0.143106,0,Baixo
1946602,0.114049,0,Baixo
1946608,0.047904,0,Baixo
1946610,0.165565,0,Medio
1946612,0.086979,0,Baixo
1946603,0.319688,0,Alto
1946617,0.135276,0,Baixo
1946618,0.075775,0,Baixo
1946582,0.043574,0,Baixo
1946584,0.088382,0,Baixo
1946613,0.054034,0,Baixo
1946594,0.169424,0,Medio
1946591,0.249683,0,Medio
1946592,0.08044,0,Baixo
1946637,0.042431,0,Baixo
1946622,0.148534,0,Baixo
1946638,0.203567,0,Medio
1946621,0.164403,0,Medio
1946644,0.142512,0,Baixo
1946631,0.312084,0,Alto
1946653,0.19009,0,Medio
1946642,0.085359,0,Baixo
1946620,0.099719,0,Baixo
1946640,0.032499,0,Baixo
1946666,0.264761,0,Alto
1946649,0.192208,0,Medio
1946652,0.091532,0,Baixo
1946586,0.102343,0,Baixo
1946656,0.139616,0,Baixo
1946609,0.388623,1,Critico
706709,0.133197,0,Baixo
1946677,0.422153,1,Critico
1946665,0.173841,0,Medio
1946671,0.212422,0,Medio
1946703,0.406034,1,Critico
1946664,0.150852,0,Baixo
1946692,0.292731,0,Alto
1946693,0.151419,0,Baixo
1946711,0.12438,0,Baixo
1946688,0.196472,0,Medio
1946634,0.216228,0,Medio
1946694,0.044928,0,Baixo
1946672,0.180382,0,Medio
1946708,0.029332,0,Baixo
1946687,0.258987,0,Alto
1946736,0.133586,0,Baixo
1946650,0.195412,0,Medio
1946725,0.11289,0,Baixo
1946737,0.102613,0,Baixo
1946697,0.120428,0,Baixo
1946681,0.090472,0,Baixo
1946699,0.079473,0,Baixo
1946683,0.260257,0,Alto
586474,0.110503,0,Baixo
1929926,0.123986,0,Baixo
1946749,0.149443,0,Baixo
1946707,0.372865,1,Critico
1946732,0.047293,0,Baixo
1946745,0.299425,0,Alto
1946743,0.232582,0,Medio
1946752,0.044644,0,Baixo
1946714,0.165043,0,Medio
1946763,0.012658,0,Baixo
1946696,0.22324,0,Medio
1946797,0.18375,0,Medio
1946801,0.088355,0,Baixo
1946770,0.091897,0,Baixo
1945858,0.372523,1,Critico
1946731,0.162078,0,Medio
1946792,0.198539,0,Medio
1946814,0.338289,0,Alto
1946791,0.20898,0,Medio
1944502,0.075125,0,Baixo
1946818,0.079928,0,Baixo
1946821,0.260233,0,Alto
1946824,0.260697,0,Alto
1946691,0.20396,0,Medio
1946299,0.266161,0,Alto
1946839,0.139387,0,Baixo
570431,0.282972,0,Alto
1946786,0.21527,0,Medio
1946713,0.102587,0,Baixo
1946719,0.094259,0,Baixo
1945990,0.288234,0,Alto
1946846,0.140537,0,Baixo
1946835,0.10362,0,Baixo
1946734,0.196838,0,Medio
1946724,0.244046,0,Medio
1946549,0.077991,0,Baixo
1946861,0.160057,0,Baixo
1946868,0.284983,0,Alto
1946864,0.270001,0,Alto
1946872,0.089988,0,Baixo
1946855,0.157007,0,Baixo
1946869,0.136593,0,Baixo
1946879,0.152547,0,Baixo
1946831,0.057415,0,Baixo
1946885,0.075065,0,Baixo
1946882,0.265346,0,Alto
1946875,0.129413,0,Baixo
1946844,0.105205,0,Baixo
1946474,0.514729,1,Critico
1946876,0.224792,0,Medio
1946883,0.188086,0,Medio
1946848,0.1137,0,Baixo
1946803,0.245423,0,Medio
1946896,0.075843,0,Baixo
1946898,0.170841,0,Medio
1438490,0.269505,0,Alto
1946769,0.255115,0,Alto
1946909,0.167546,0,Medio
1946907,0.052166,0,Baixo
1946910,0.12016,0,Baixo
1946873,0.272949,0,Alto
1946913,0.205006,0,Medio
1946917,0.03217,0,Baixo
1946859,0.277445,0,Alto
1946919,0.356449,1,Alto
1946926,0.14101,0,Baixo
1946925,0.09998,0,Baixo
1946922,0.192675,0,Medio
1940424,0.091807,0,Baixo
1946930,0.216566,0,Medio
1946895,0.083602,0,Baixo
1946918,0.105122,0,Baixo
1945776,0.130582,0,Baixo
1946937,0.355969,1,Alto
1946941,0.064345,0,Baixo
1946849,0.154135,0,Baixo
1826713,0.304859,0,Alto
1946924,0.112226,0,Baixo
1946856,0.073701,0,Baixo
1946789,0.236675,0,Medio
1946235,0.182398,0,Medio
1946955,0.181346,0,Medio
1946932,0.141148,0,Baixo
1946958,0.120494,0,Baixo
1946957,0.059524,0,Baixo
1946820,0.132285,0,Baixo
1946961,0.03648,0,Baixo
1946969,0.185924,0,Medio
1946971,0.142818,0,Baixo
1946963,0.156294,0,Baixo
1941256,0.145405,0,Baixo
1946973,0.064298,0,Baixo
1946974,0.097702,0,Baixo
1946978,0.282091,0,Alto
1946972,0.076896,0,Baixo
1911301,0.068347,0,Baixo
1946977,0.186574,0,Medio
1946979,0.105903,0,Baixo
1946842,0.094576,0,Baixo
1946565,0.429926,1,Critico
1944531,0.056548,0,Baixo
1946987,0.14149,0,Baixo
1943185,0.260427,0,Alto
1946993,0.021498,0,Baixo
1946999,0.140631,0,Baixo
1946573,0.226721,0,Medio
1947000,0.066986,0,Baixo
1943312,0.162309,0,Medio
1946564,0.293575,0,Alto
1947004,0.065405,0,Baixo
1946658,0.199749,0,Medio
1947012,0.263063,0,Alto
1946360,0.186724,0,Medio
1902164,0.192306,0,Medio
1946216,0.461601,1,Critico
1945929,0.220346,0,Medio
1947031,0.101475,0,Baixo
1947034,0.311475,0,Alto
1947017,0.276373,0,Alto
1945356,0.127604,0,Baixo
1947036,0.282612,0,Alto
1946479,0.287153,0,Alto
1946781,0.214404,0,Medio
1946940,0.077441,0,Baixo
1947042,0.136069,0,Baixo
1947039,0.196743,0,Medio
1947037,0.08231,0,Baixo
1947033,0.276047,0,Alto
1941820,0.202328,0,Medio
1946756,0.085231,0,Baixo
1946146,0.159609,0,Baixo
1947047,0.168473,0,Medio
1943821,0.212929,0,Medio
1946377,0.124658,0,Baixo
1947052,0.093814,0,Baixo
1947059,0.14326,0,Baixo
1946576,0.264214,0,Alto
1943940,0.33743,0,Alto
1947057,0.148163,0,Baixo
1946643,0.211439,0,Medio
1946452,0.178723,0,Medio
1926189,0.096125,0,Baixo
1946808,0.136992,0,Baixo
1947053,0.089343,0,Baixo
1947062,0.270423,0,Alto
1946874,0.308959,0,Alto
1947072,0.041748,0,Baixo
1947071,0.125563,0,Baixo
1947070,0.202714,0,Medio
1947088,0.246398,0,Medio
1944697,0.160588,0,Baixo
1947093,0.012352,0,Baixo
1947086,0.195209,0,Medio
1946886,0.168033,0,Medio
1947008,0.114137,0,Baixo
1947097,0.137617,0,Baixo
1947098,0.179911,0,Medio
1935423,0.222858,0,Medio
1947096,0.113835,0,Baixo
1903900,0.192589,0,Medio
1947010,0.096304,0,Baixo
1946881,0.299356,0,Alto
1947109,0.19831,0,Medio
1947110,0.10792,0,Baixo
1944617,0.14184,0,Baixo
1947016,0.300261,0,Alto
1946800,0.284102,0,Alto
1947121,0.230525,0,Medio
1946309,0.039157,0,Baixo
1946336,0.149131,0,Baixo
1947127,0.250452,0,Medio
1946201,0.127657,0,Baixo
1947129,0.070844,0,Baixo
1947124,0.495995,1,Critico
1913456,0.097629,0,Baixo
1947132,0.116307,0,Baixo
1946483,0.282309,0,Alto
1947139,0.201502,0,Medio
1947150,0.170097,0,Medio
1947151,0.087196,0,Baixo
1936041,0.122246,0,Baixo
1947162,0.070617,0,Baixo
1928245,0.200271,0,Medio
1947159,0.162439,0,Medio
1947165,0.124039,0,Baixo
1235753,0.24252,0,Medio
1947175,0.377667,1,Critico
1947178,0.254928,0,Alto
1947179,0.132641,0,Baixo
1947176,0.019583,0,Baixo
1947172,0.071384,0,Baixo
1947184,0.351299,1,Alto
1947186,0.185513,0,Medio
1947187,0.075016,0,Baixo
1947191,0.130104,0,Baixo
1943651,0.203564,0,Medio
1947195,0.157626,0,Baixo
1947107,0.028712,0,Baixo
1932720,0.065466,0,Baixo
1939765,0.203411,0,Medio
1947200,0.129608,0,Baixo
1947102,0.534674,1,Critico
1947204,0.114656,0,Baixo
1921164,0.201658,0,Medio
1760017,0.105202,0,Baixo
1946889,0.044183,0,Baixo
1947197,0.385659,1,Critico
1947212,0.404493,1,Critico
1947214,0.161112,0,Medio
1946968,0.075957,0,Baixo
1947216,0.066062,0,Baixo
1947203,0.092447,0,Baixo
1935141,0.123768,0,Baixo
1947221,0.01642,0,Baixo
1947220,0.10906,0,Baixo
1947224,0.144429,0,Baixo
1946525,0.098969,0,Baixo
1947233,0.223977,0,Medio
1905673,0.022746,0,Baixo
1781508,0.17795,0,Medio
1947244,0.093897,0,Baixo
1946138,0.053426,0,Baixo
1947246,0.100423,0,Baixo
1947249,0.2077,0,Medio
1947252,0.378167,1,Critico
1947253,0.127567,0,Baixo
1946632,0.123891,0,Baixo
1947106,0.190027,0,Medio
1906712,0.292847,0,Alto
1946392,0.231866,0,Medio
1946667,0.231035,0,Medio
1903940,0.270929,0,Alto
1946854,0.146584,0,Baixo
1946599,0.193392,0,Medio
1946639,0.108594,0,Baixo
1946701,0.174062,0,Medio
1943669,0.156595,0,Baixo
1946540,0.155173,0,Baixo
1922482,0.125618,0,Baixo
1946890,0.130058,0,Baixo
1947202,0.498688,1,Critico
1819881,0.433083,1,Critico
1946574,0.192978,0,Medio
1921857,0.275393,0,Alto
1947259,0.070934,0,Baixo
1946116,0.148211,0,Baixo
1947258,0.405641,1,Critico
1947074,0.044824,0,Baixo
1947263,0.178885,0,Medio
1945340,0.362317,1,Critico
1946729,0.231911,0,Medio
1905165,0.141004,0,Baixo
1946254,0.163429,0,Medio
1947091,0.171141,0,Medio
720079,0.272403,0,Alto
1946394,0.148711,0,Baixo
1947044,0.198574,0,Medio
1947273,0.147188,0,Baixo
1947281,0.104651,0,Baixo
1947282,0.225992,0,Medio
1947285,0.197893,0,Medio
1947280,0.116292,0,Baixo
1944469,0.324019,0,Alto
1947287,0.215848,0,Medio
1946663,0.442448,1,Critico
1899338,0.200863,0,Medio
1947207,0.115634,0,Baixo
1946680,0.157677,0,Baixo
1947201,0.123226,0,Baixo
1947289,0.167586,0,Medio
1946214,0.175121,0,Medio
1946949,0.049593,0,Baixo
1941825,0.07006,0,Baixo
1947299,0.326837,0,Alto
1947301,0.488169,1,Critico
1947300,0.108991,0,Baixo
1932496,0.409812,1,Critico
1947284,0.300903,0,Alto
1947304,0.143954,0,Baixo
1947306,0.225448,0,Medio
1944660,0.056274,0,Baixo
1947309,0.127971,0,Baixo
1947308,0.262785,0,Alto
1528174,0.147419,0,Baixo
1947090,0.117893,0,Baixo
1947316,0.089774,0,Baixo
1946825,0.28725,0,Alto
1947322,0.063117,0,Baixo
1947321,0.176649,0,Medio
1947318,0.226996,0,Medio
1947323,0.287208,0,Alto
1947325,0.3126,0,Alto
1947320,0.237096,0,Medio
1947288,0.217833,0,Medio
1947264,0.131967,0,Baixo
1947324,0.102652,0,Baixo
1947229,0.21219,0,Medio
1947302,0.158605,0,Baixo
1946722,0.078583,0,Baixo
1946953,0.367322,1,Critico
1947223,0.354382,1,Alto
1920369,0.136352,0,Baixo
1947336,0.105774,0,Baixo
1947340,0.078462,0,Baixo
1947344,0.189945,0,Medio
1947349,0.508641,1,Critico
1947354,0.182357,0,Medio
1290867,0.120465,0,Baixo
1947361,0.15008,0,Baixo
1947329,0.219599,0,Medio
1947357,0.15011,0,Baixo
1903287,0.115929,0,Baixo
1947364,0.178559,0,Medio
1947362,0.17256,0,Medio
1947363,0.134049,0,Baixo
1929019,0.16134,0,Medio
1947369,0.041107,0,Baixo
1946870,0.386416,1,Critico
1947367,0.281475,0,Alto
1947303,0.05489,0,Baixo
1947372,0.381259,1,Critico
1947353,0.281829,0,Alto
1947368,0.266298,0,Alto
1947360,0.295284,0,Alto
1902625,0.276645,0,Alto
1947377,0.149266,0,Baixo
1947348,0.217398,0,Medio
1946845,0.278568,0,Alto
1945292,0.285632,0,Alto
1869535,0.090948,0,Baixo
1947305,0.182177,0,Medio
1946836,0.146442,0,Baixo
1946952,0.315077,0,Alto
1947335,0.079218,0,Baixo
1947385,0.310391,0,Alto
1947381,0.380144,1,Critico
1947393,0.187882,0,Medio
1947389,0.064717,0,Baixo
1947376,0.058625,0,Baixo
1947397,0.195742,0,Medio
1947394,0.3816,1,Critico
1942283,0.112949,0,Baixo
1109967,0.150372,0,Baixo
1947382,0.065578,0,Baixo
1947392,0.128395,0,Baixo
1928075,0.364483,1,Critico
1947391,0.20778,0,Medio
1947402,0.112815,0,Baixo
1947192,0.216883,0,Medio
1946572,0.128206,0,Baixo
1935760,0.546362,1,Critico
1947410,0.13994,0,Baixo
1946721,0.38144,1,Critico
1947346,0.157784,0,Baixo
1947415,0.131294,0,Baixo
1908186,0.4294,1,Critico
1947365,0.112845,0,Baixo
1947153,0.036973,0,Baixo
1947416,0.141485,0,Baixo
1947421,0.09953,0,Baixo
1947371,0.176633,0,Medio
1941869,0.204448,0,Medio
1947035,0.269311,0,Alto
1946635,0.106481,0,Baixo
1947425,0.099601,0,Baixo
1877095,0.316477,0,Alto
1943255,0.278367,0,Alto
1947430,0.12443,0,Baixo
1947427,0.318664,0,Alto
1947432,0.217158,0,Medio
1947433,0.176882,0,Medio
1944771,0.144912,0,Baixo
1947423,0.23212,0,Medio
1947429,0.050209,0,Baixo
1947076,0.013218,0,Baixo
1947437,0.118055,0,Baixo
1947128,0.112782,0,Baixo
1936637,0.314972,0,Alto
1947378,0.081964,0,Baixo
1901943,0.28738,0,Alto
1938435,0.280547,0,Alto
1947266,0.302224,0,Alto
1947444,0.099571,0,Baixo
1947443,0.302888,0,Alto
1932036,0.459461,1,Critico
1947138,0.15265,0,Baixo
1945095,0.192037,0,Medio
1947136,0.196908,0,Medio
1947384,0.413751,1,Critico
1947450,0.168228,0,Medio
1947330,0.214494,0,Medio
1947453,0.110718,0,Baixo
1947181,0.369406,1,Critico
1947395,0.321613,0,Alto
1947448,0.16892,0,Medio
1946702,0.120905,0,Baixo
1947435,0.147475,0,Baixo
1947260,0.064849,0,Baixo
1947240,0.145515,0,Baixo
1947341,0.153439,0,Baixo
1947352,0.062085,0,Baixo
1859086,0.298641,0,Alto
1947418,0.099307,0,Baixo
1947424,0.171901,0,Medio
1941212,0.20565,0,Medio
1917365,0.37283,1,Critico
1947478,0.18574,0,Medio
1947479,0.337384,0,Alto
1947482,0.146218,0,Baixo
1947490,0.053032,0,Baixo
1947491,0.147978,0,Baixo
1947497,0.185838,0,Medio
1947500,0.124094,0,Baixo
1947404,0.126499,0,Baixo
1947483,0.184894,0,Medio
1947496,0.146795,0,Baixo
1947504,0.212625,0,Medio
1945926,0.272392,0,Alto
1947502,0.182289,0,Medio
1947230,0.046472,0,Baixo
1947499,0.177203,0,Medio
1947484,0.305636,0,Alto
1947509,0.185752,0,Medio
1941970,0.136436,0,Baixo
1947439,0.056888,0,Baixo
1947513,0.260108,0,Alto
1947283,0.167127,0,Medio
1947328,0.12621,0,Baixo
1947521,0.088555,0,Baixo
1947510,0.154492,0,Baixo
1947198,0.151181,0,Baixo
1947370,0.094053,0,Baixo
1947526,0.260618,0,Alto
1947511,0.262635,0,Alto
1080252,0.103012,0,Baixo
1840829,0.106736,0,Baixo
1947516,0.097383,0,Baixo
1947517,0.152871,0,Baixo
1947519,0.073141,0,Baixo
1947523,0.230759,0,Medio
1947452,0.706708,1,Critico
1947038,0.308981,0,Alto
1947514,0.185787,0,Medio
1947535,0.082781,0,Baixo
1947533,0.139799,0,Baixo
1934667,0.25607,0,Alto
1946255,0.277563,0,Alto
1947538,0.261568,0,Alto
1947467,0.280721,0,Alto
1947537,0.186326,0,Medio
1947531,0.12601,0,Baixo
1947536,0.07258,0,Baixo
1947546,0.096906,0,Baixo
1945853,0.096903,0,Baixo
1935529,0.196582,0,Medio
1554773,0.134044,0,Baixo
1947554,0.181809,0,Medio
1947557,0.137202,0,Baixo
1839634,0.367823,1,Critico
1947547,0.091631,0,Baixo
1947550,0.324613,0,Alto
1947560,0.164059,0,Medio
1947563,0.196992,0,Medio
1826214,0.164508,0,Medio
1947558,0.232929,0,Medio
1947143,0.028831,0,Baixo
1947566,0.199682,0,Medio
1947569,0.267215,0,Alto
1947572,0.107376,0,Baixo
1947574,0.270796,0,Alto
1947568,0.072061,0,Baixo
1947577,0.066969,0,Baixo
1947573,0.257832,0,Alto
1947539,0.151804,0,Baixo
1947582,0.085158,0,Baixo
1079717,0.228344,0,Medio
1947561,0.053256,0,Baixo
1947585,0.150202,0,Baixo
1784251,0.110569,0,Baixo
1947591,0.125591,0,Baixo
1899244,0.172178,0,Medio
1947586,0.122917,0,Baixo
1934364,0.241445,0,Medio
1946395,0.056868,0,Baixo
1947111,0.358614,1,Critico
1947540,0.207868,0,Medio
1947590,0.109813,0,Baixo
1943617,0.084403,0,Baixo
1947606,0.044322,0,Baixo
1947607,0.265861,0,Alto
1941557,0.235869,0,Medio
1946853,0.221806,0,Medio
1947580,0.339526,0,Alto
1947599,0.23243,0,Medio
1944678,0.140589,0,Baixo
1947616,0.147802,0,Baixo
1947614,0.059564,0,Baixo
1947628,0.168615,0,Medio
1947625,0.094468,0,Baixo
1947630,0.342612,0,Alto
1947508,0.233586,0,Medio
1947629,0.412354,1,Critico
1947621,0.151659,0,Baixo
1947617,0.363369,1,Critico
1947636,0.261605,0,Alto
1935933,0.297783,0,Alto
1947640,0.124946,0,Baixo
1947645,0.453181,1,Critico
1863321,0.149335,0,Baixo
1947578,0.060719,0,Baixo
1947598,0.143107,0,Baixo
1947611,0.527193,1,Critico
1947643,0.084151,0,Baixo
1947644,0.247435,0,Medio
1947651,0.19563,0,Medio
1947632,0.1989,0,Medio
1937844,0.10153,0,Baixo
1947434,0.098356,0,Baixo
1946790,0.240486,0,Medio
1947665,0.138286,0,Baixo
1947663,0.07839,0,Baixo
1947671,0.149352,0,Baixo
1947667,0.290224,0,Alto
1817780,0.042491,0,Baixo
1947673,0.042051,0,Baixo
1947564,0.173924,0,Medio
1947400,0.055252,0,Baixo
1947678,0.136023,0,Baixo
1947682,0.111709,0,Baixo
1947679,0.233381,0,Medio
1833347,0.304303,0,Alto
1947675,0.035254,0,Baixo
1947689,0.168079,0,Medio
1947692,0.18087,0,Medio
1898683,0.256401,0,Alto
1947690,0.017193,0,Baixo
1947672,0.052365,0,Baixo
1947639,0.083911,0,Baixo
1947637,0.159338,0,Baixo
1947602,0.21057,0,Medio
1947684,0.271407,0,Alto
1947633,0.182234,0,Medio
1947703,0.19885,0,Medio
1947702,0.102072,0,Baixo
1947717,0.106002,0,Baixo
1947707,0.184638,0,Medio
1947719,0.096327,0,Baixo
1947135,0.179341,0,Medio
1947524,0.117748,0,Baixo
1947724,0.284554,0,Alto
1947723,0.307498,0,Alto
1947522,0.389444,1,Critico
1922222,0.234321,0,Medio
1947712,0.093594,0,Baixo
1843381,0.122509,0,Baixo
1947734,0.242532,0,Medio
1854634,0.123162,0,Baixo
1947729,0.155709,0,Baixo
1941282,0.092982,0,Baixo
1932803,0.069046,0,Baixo
1947739,0.465461,1,Critico
1293539,0.206054,0,Medio
1947748,0.091415,0,Baixo
1947713,0.128583,0,Baixo
1947745,0.103915,0,Baixo
1947750,0.13749,0,Baixo
1715909,0.016425,0,Baixo
1947743,0.316976,0,Alto
1947757,0.240585,0,Medio
1946712,0.322553,0,Alto
1947706,0.277922,0,Alto
1947471,0.159347,0,Baixo
1947762,0.184453,0,Medio
1947761,0.241814,0,Medio
1947736,0.196907,0,Medio
1947765,0.118775,0,Baixo
1941477,0.290737,0,Alto
1947709,0.09419,0,Baixo
1947722,0.362527,1,Critico
1947079,0.337149,0,Alto
1943740,0.168337,0,Medio
1947775,0.252548,0,Alto
1947726,0.151223,0,Baixo
1906889,0.116613,0,Baixo
1918673,0.166605,0,Medio
1946580,0.302617,0,Alto
1947247,0.151775,0,Baixo
1947787,0.263636,0,Alto
1944828,0.080979,0,Baixo
1947790,0.296643,0,Alto
1947794,0.139724,0,Baixo
1947532,0.111026,0,Baixo
1947405,0.449388,1,Critico
1947731,0.129033,0,Baixo
1947807,0.141959,0,Baixo
1947806,0.044552,0,Baixo
1947495,0.057787,0,Baixo
1946976,0.227207,0,Medio
1947122,0.395582,1,Critico
1947581,0.14043,0,Baixo
1947817,0.142103,0,Baixo
1947822,0.600015,1,Critico
1946064,0.241553,0,Medio
1947823,0.353386,1,Alto
1947813,0.031592,0,Baixo
1947265,0.106463,0,Baixo
1947751,0.328733,0,Alto
1947834,0.098903,0,Baixo
1947831,0.202346,0,Medio
1947838,0.169015,0,Medio
1947832,0.229027,0,Medio
1947808,0.134499,0,Baixo
1947843,0.097993,0,Baixo
1947828,0.174209,0,Medio
1947837,0.089652,0,Baixo
1939489,0.125377,0,Baixo
1947849,0.292273,0,Alto
1947555,0.393745,1,Critico
1947857,0.201203,0,Medio
1947846,0.275626,0,Alto
1947859,0.222494,0,Medio
1947853,0.178424,0,Medio
1906439,0.166196,0,Medio
1947861,0.02182,0,Baixo
1710288,0.124427,0,Baixo
1947860,0.14276,0,Baixo
1941300,0.282863,0,Alto
1947795,0.164335,0,Medio
1947809,0.029065,0,Baixo
1947865,0.300432,0,Alto
1947866,0.21718,0,Medio
1947863,0.082764,0,Baixo
1947868,0.133616,0,Baixo
1947870,0.139978,0,Baixo
1947871,0.210731,0,Medio
1947409,0.403651,1,Critico
1947732,0.153451,0,Baixo
1945106,0.145411,0,Baixo
1927833,0.397813,1,Critico
1947331,0.084114,0,Baixo
1947885,0.361569,1,Critico
1947887,0.244421,0,Medio
1947480,0.652507,1,Critico
1947890,0.209789,0,Medio
1947889,0.160816,0,Medio
1947735,0.075062,0,Baixo
1627066,0.162336,0,Medio
1947864,0.090846,0,Baixo
1947900,0.150565,0,Baixo
1947905,0.38382,1,Critico
1947782,0.402503,1,Critico
1902437,0.126312,0,Baixo
1947317,0.133536,0,Baixo
1940886,0.244346,0,Medio
1947529,0.143555,0,Baixo
1947903,0.197515,0,Medio
1946799,0.240791,0,Medio
1947914,0.172961,0,Medio
1947916,0.071327,0,Baixo
1947918,0.328216,0,Alto
1947567,0.144311,0,Baixo
1947920,0.152423,0,Baixo
1947921,0.031056,0,Baixo
1947924,0.070809,0,Baixo
1947925,0.159254,0,Baixo
1947804,0.202745,0,Medio
1913642,0.194974,0,Medio
1947931,0.074184,0,Baixo
1947933,0.224067,0,Medio
1947934,0.193703,0,Medio
1947938,0.262544,0,Alto
1946558,0.161462,0,Medio
1947913,0.149366,0,Baixo
1947936,0.13068,0,Baixo
1947941,0.320435,0,Alto
1947939,0.21962,0,Medio
1931856,0.303594,0,Alto
1947835,0.092976,0,Baixo
1947947,0.180708,0,Medio
1947413,0.073125,0,Baixo
1947949,0.4638,1,Critico
1947944,0.186767,0,Medio
1943068,0.423918,1,Critico
1947779,0.033038,0,Baixo
1947930,0.097175,0,Baixo
1946447,0.084076,0,Baixo
1901683,0.323248,0,Alto
1947953,0.27293,0,Alto
1947896,0.188691,0,Medio
1947951,0.074552,0,Baixo
1947935,0.321324,0,Alto
1939247,0.131345,0,Baixo
1947959,0.249859,0,Medio
1947883,0.386664,1,Critico
1947960,0.115058,0,Baixo
1947966,0.059968,0,Baixo
1947888,0.20724,0,Medio
1947969,0.24071,0,Medio
1947972,0.175103,0,Medio
1947753,0.288689,0,Alto
1941056,0.109537,0,Baixo
1947980,0.311009,0,Alto
1927331,0.304457,0,Alto
1947976,0.127823,0,Baixo
1947852,0.236241,0,Medio
1947978,0.148986,0,Baixo
1946700,0.203118,0,Medio
1947986,0.10723,0,Baixo
1947991,0.150604,0,Baixo
1947668,0.1611,0,Medio
1947992,0.194858,0,Medio
1947998,0.147464,0,Baixo
1694743,0.202195,0,Medio
1948000,0.154683,0,Baixo
1948003,0.287855,0,Alto
1947431,0.302869,0,Alto
1947460,0.131605,0,Baixo
1947999,0.162519,0,Medio
1948016,0.23127,0,Medio
1946158,0.217497,0,Medio
1948005,0.052764,0,Baixo
1947987,0.137435,0,Baixo
1948013,0.038584,0,Baixo
1948014,0.046628,0,Baixo
1948035,0.241351,0,Medio
1948036,0.24273,0,Medio
1947955,0.204987,0,Medio
1948039,0.117051,0,Baixo
1948030,0.14779,0,Baixo
1948029,0.172808,0,Medio
1948048,0.170092,0,Medio
1948045,0.213801,0,Medio
1948050,0.07324,0,Baixo
1948043,0.194292,0,Medio
1948051,0.068569,0,Baixo
1947758,0.232884,0,Medio
1947800,0.107242,0,Baixo
1948061,0.140714,0,Baixo
1946132,0.180826,0,Medio
1947662,0.04783,0,Baixo
1921370,0.050765,0,Baixo
1947793,0.067586,0,Baixo
1936034,0.112208,0,Baixo
1948057,0.191577,0,Medio
1946191,0.054433,0,Baixo
1947512,0.195585,0,Medio
1945566,0.247082,0,Medio
1947648,0.272567,0,Alto
1947737,0.284068,0,Alto
1948077,0.045297,0,Baixo
1947084,0.200038,0,Medio
1948081,0.173077,0,Medio
1947997,0.137723,0,Baixo
1947906,0.115317,0,Baixo
1937041,0.35535,1,Alto
1947812,0.184473,0,Medio
1947990,0.167552,0,Medio
1948059,0.354723,1,Alto
1948071,0.5004,1,Critico
1948092,0.081999,0,Baixo
1948098,0.400793,1,Critico
1927705,0.135137,0,Baixo
1947993,0.190327,0,Medio
1948101,0.521982,1,Critico
1948109,0.220273,0,Medio
1946928,0.209649,0,Medio
1948110,0.157783,0,Baixo
1948099,0.307694,0,Alto
1948078,0.236924,0,Medio
1948115,0.159187,0,Baixo
1948104,0.325085,0,Alto
1948096,0.273405,0,Alto
1948117,0.026724,0,Baixo
1948106,0.17674,0,Medio
1947544,0.073605,0,Baixo
1948123,0.139666,0,Baixo
1948128,0.094591,0,Baixo
1948127,0.31243,0,Alto
1948133,0.182391,0,Medio
1948138,0.202612,0,Medio
1948015,0.273841,0,Alto
1948143,0.278647,0,Alto
1948066,0.218083,0,Medio
1948144,0.093769,0,Baixo
1948139,0.091658,0,Baixo
1948142,0.182236,0,Medio
1947219,0.216207,0,Medio
1947912,0.246907,0,Medio
1948145,0.124288,0,Baixo
1947946,0.102052,0,Baixo
1946228,0.140956,0,Baixo
1947587,0.124936,0,Baixo
1945995,0.352035,1,Alto
1948160,0.079693,0,Baixo
1948166,0.104554,0,Baixo
1948165,0.112709,0,Baixo
1948164,0.106321,0,Baixo
1947891,0.097338,0,Baixo
1948158,0.150093,0,Baixo
1947446,0.070196,0,Baixo
1947351,0.158386,0,Baixo
1948163,0.18645,0,Medio
1946858,0.442394,1,Critico
1946826,0.208402,0,Medio
1948120,0.095147,0,Baixo
1948168,0.256636,0,Alto
1948155,0.144018,0,Baixo
1948150,0.166757,0,Medio
1948130,0.182548,0,Medio
1948180,0.573014,1,Critico
1947009,0.42239,1,Critico
1948187,0.174415,0,Medio
1948185,0.071741,0,Baixo
1948056,0.243709,0,Medio
1948184,0.092993,0,Baixo
1946624,0.179843,0,Medio
1948182,0.315292,0,Alto
1948199,0.14787,0,Baixo
1947910,0.083223,0,Baixo
1944414,0.021825,0,Baixo
1945285,0.044462,0,Baixo
1948209,0.263055,0,Alto
1948201,0.286391,0,Alto
1948212,0.319807,0,Alto
1948203,0.101287,0,Baixo
1896704,0.308981,0,Alto
1948210,0.290592,0,Alto
1948211,0.25137,0,Medio
1946611,0.347136,0,Alto
1948219,0.1669,0,Medio
1948151,0.287473,0,Alto
1948221,0.128818,0,Baixo
1948202,0.31666,0,Alto
1948217,0.174148,0,Medio
1948214,0.120678,0,Baixo
1948229,0.180248,0,Medio
1948091,0.067041,0,Baixo
1948218,0.167818,0,Medio
1935294,0.109471,0,Baixo
1948200,0.138813,0,Baixo
1948233,0.125541,0,Baixo
1948240,0.25629,0,Alto
1948204,0.025674,0,Baixo
1948236,0.220322,0,Medio
1948178,0.077155,0,Baixo
1948054,0.169329,0,Medio
1948256,0.178461,0,Medio
1948231,0.162391,0,Medio
1948192,0.256427,0,Alto
1948258,0.124906,0,Baixo
1943315,0.073356,0,Baixo
1948254,0.150941,0,Baixo
1948262,0.192956,0,Medio
1948278,0.270933,0,Alto
1062478,0.124367,0,Baixo
1948264,0.101175,0,Baixo
1947796,0.264331,0,Alto
1948276,0.169168,0,Medio
1948235,0.395193,1,Critico
1948281,0.194551,0,Medio
1947315,0.201437,0,Medio
1948293,0.147701,0,Baixo
1948230,0.165727,0,Medio
1948301,0.359538,1,Critico
1948277,0.406445,1,Critico
1948309,0.094248,0,Baixo
1907306,0.42481,1,Critico
1948273,0.106126,0,Baixo
1947619,0.236858,0,Medio
1916163,0.288483,0,Alto
1948177,0.187943,0,Medio
1948325,0.191838,0,Medio
1948327,0.221058,0,Medio
1948213,0.188876,0,Medio
1948341,0.420731,1,Critico
1948326,0.116959,0,Baixo
1948329,0.282684,0,Alto
1948247,0.027861,0,Baixo
1948343,0.499367,1,Critico
1948306,0.417966,1,Critico
1948245,0.199099,0,Medio
1948346,0.339896,0,Alto
1948349,0.396492,1,Critico
1917248,0.13528,0,Baixo
1948206,0.34365,0,Alto
1948118,0.102599,0,Baixo
1948356,0.219757,0,Medio
1947884,0.171962,0,Medio
1948355,0.353852,1,Alto
1948274,0.287204,0,Alto
1942546,0.136303,0,Baixo
1346508,0.304289,0,Alto
1946942,0.211185,0,Medio
1948344,0.052305,0,Baixo
1948363,0.114748,0,Baixo
1947669,0.240895,0,Medio
1948336,0.1506,0,Baixo
1948369,0.186742,0,Medio
1948371,0.133197,0,Baixo
1948243,0.14641,0,Baixo
1948375,0.137914,0,Baixo
1948304,0.189676,0,Medio
1948340,0.158988,0,Baixo
1948379,0.446637,1,Critico
1948186,0.072073,0,Baixo
1948373,0.157326,0,Baixo
1948394,0.238481,0,Medio
1948388,0.302369,0,Alto
1948392,0.174101,0,Medio
1948365,0.158267,0,Baixo
1948321,0.190614,0,Medio
1948398,0.139882,0,Baixo
1948053,0.232108,0,Medio
1948024,0.173257,0,Medio
1948332,0.018168,0,Baixo
1948315,0.176499,0,Medio
1947897,0.210779,0,Medio
1948390,0.205615,0,Medio
1947347,0.082049,0,Baixo
1948402,0.09454,0,Baixo
1948404,0.043618,0,Baixo
1948269,0.270706,0,Alto
1946606,0.201148,0,Medio
1948406,0.123613,0,Baixo
1945624,0.205471,0,Medio
1948414,0.182464,0,Medio
1948399,0.30304,0,Alto
1948412,0.400732,1,Critico
1948407,0.34481,0,Alto
1948422,0.106258,0,Baixo
1948423,0.156664,0,Baixo
1948419,0.136687,0,Baixo
1948084,0.263646,0,Alto
1937301,0.053456,0,Baixo
1948432,0.225705,0,Medio
1948418,0.25153,0,Medio
1948308,0.015546,0,Baixo
1948427,0.047821,0,Baixo
1914249,0.165312,0,Medio
1948434,0.114568,0,Baixo
1948431,0.241281,0,Medio
1766881,0.01814,0,Baixo
1948445,0.144248,0,Baixo
1948449,0.239595,0,Medio
1947089,0.199883,0,Medio
1948437,0.06699,0,Baixo
1948453,0.127976,0,Baixo
1948448,0.067442,0,Baixo
1948447,0.180254,0,Medio
1948455,0.175579,0,Medio
1946903,0.206639,0,Medio
1948460,0.315441,0,Alto
1948462,0.112165,0,Baixo
1948468,0.236906,0,Medio
1945946,0.170003,0,Medio
1948429,0.173981,0,Medio
1948381,0.082495,0,Baixo
1948435,0.463538,1,Critico
1948391,0.052558,0,Baixo
1948334,0.26784,0,Alto
1946710,0.398961,1,Critico
1948183,0.154382,0,Baixo
1947989,0.099505,0,Baixo
1948493,0.356066,1,Alto
1948495,0.24014,0,Medio
1948497,0.36611,1,Critico
1948312,0.262514,0,Alto
1948141,0.245023,0,Medio
1948318,0.117651,0,Baixo
1948500,0.739807,1,Critico
1948498,0.315204,0,Alto
1945390,0.0801,0,Baixo
1948477,0.022609,0,Baixo
1948512,0.172061,0,Medio
1946783,0.224961,0,Medio
1948504,0.189258,0,Medio
1873074,0.312066,0,Alto
1939691,0.234362,0,Medio
1948479,0.213302,0,Medio
1948522,0.393576,1,Critico
1948481,0.219624,0,Medio
1948515,0.461022,1,Critico
1948351,0.076146,0,Baixo
1948526,0.17668,0,Medio
1948523,0.062184,0,Baixo
1948428,0.122652,0,Baixo
1948531,0.064622,0,Baixo
1948530,0.156788,0,Baixo
1948542,0.242717,0,Medio
1948533,0.215878,0,Medio
1947506,0.197508,0,Medio
1940870,0.173769,0,Medio
1948547,0.243715,0,Medio
1948543,0.119677,0,Baixo
1948482,0.401473,1,Critico
1947588,0.09213,0,Baixo
1947177,0.238104,0,Medio
1948548,0.399751,1,Critico
1866999,0.053467,0,Baixo
1948557,0.073264,0,Baixo
1948554,0.161465,0,Medio
1948193,0.159913,0,Baixo
1948563,0.187737,0,Medio
1948564,0.474128,1,Critico
1948571,0.301764,0,Alto
1948572,0.17614,0,Medio
1948484,0.585212,1,Critico
1948561,0.235233,0,Medio
1948580,0.275761,0,Alto
1948382,0.025816,0,Baixo
1948578,0.185372,0,Medio
1948574,0.476876,1,Critico
1948588,0.292809,0,Alto
1948577,0.14618,0,Baixo
1948583,0.2042,0,Medio
1948478,0.083495,0,Baixo
1948592,0.38068,1,Critico
1746664,0.132166,0,Baixo
1948590,0.26948,0,Alto
1948549,0.141456,0,Baixo
1948052,0.283563,0,Alto
1948601,0.290711,0,Alto
1948604,0.331785,0,Alto
861985,0.103479,0,Baixo
1948090,0.214049,0,Medio
1948615,0.018853,0,Baixo
1936619,0.158879,0,Baixo
1947549,0.229994,0,Medio
1948622,0.075071,0,Baixo
1948629,0.208492,0,Medio
1929169,0.181564,0,Medio
1946183,0.196043,0,Medio
1948633,0.217766,0,Medio
1947776,0.142283,0,Baixo
1948640,0.155975,0,Baixo
1948579,0.09334,0,Baixo
1891304,0.214397,0,Medio
1943907,0.115829,0,Baixo
1948167,0.017337,0,Baixo
1948650,0.130521,0,Baixo
1948228,0.166398,0,Medio
1948644,0.121926,0,Baixo
1948654,0.129545,0,Baixo
1948237,0.206523,0,Medio
1948393,0.23083,0,Medio
1946380,0.422491,1,Critico
1948661,0.207287,0,Medio
1948658,0.096547,0,Baixo
1948660,0.0889,0,Baixo
1931684,0.125215,0,Baixo
1948666,0.273206,0,Alto
1948680,0.100124,0,Baixo
1948684,0.26272,0,Alto
1948682,0.309308,0,Alto
1948676,0.230392,0,Medio
1948671,0.08831,0,Baixo
1948681,0.279188,0,Alto
1948632,0.300851,0,Alto
1948686,0.124078,0,Baixo
1895858,0.103021,0,Baixo
1936791,0.041923,0,Baixo
1941171,0.112607,0,Baixo
1948647,0.41929,1,Critico
1948638,0.05696,0,Baixo
1948688,0.044347,0,Baixo
1948701,0.019589,0,Baixo
1946546,0.270188,0,Alto
1948613,0.273106,0,Alto
1947209,0.128314,0,Baixo
1946230,0.12805,0,Baixo
1946244,0.40283,1,Critico
1943123,0.094862,0,Baixo
1948700,0.291989,0,Alto
1948705,0.089703,0,Baixo
1948648,0.187047,0,Medio
1948690,0.299025,0,Alto
1948710,0.259108,0,Alto
1948687,0.31912,0,Alto
1948713,0.295255,0,Alto
1948711,0.044447,0,Baixo
1948717,0.148419,0,Baixo
1948699,0.039306,0,Baixo
1948646,0.153784,0,Baixo
1948718,0.299096,0,Alto
1948723,0.36687,1,Critico
1948714,0.193357,0,Medio
1859447,0.097779,0,Baixo
1948716,0.674165,1,Critico
1948378,0.253715,0,Alto
1924550,0.353882,1,Alto
300988,0.210111,0,Medio
1948736,0.046394,0,Baixo
1948729,0.124616,0,Baixo
1948737,0.262583,0,Alto
1948746,0.405708,1,Critico
1948738,0.095212,0,Baixo
1948749,0.199012,0,Medio
1948732,0.235684,0,Medio
1948424,0.191953,0,Medio
1948112,0.454139,1,Critico
1948741,0.035084,0,Baixo
1948754,0.151014,0,Baixo
1948762,0.100643,0,Baixo
1948758,0.114225,0,Baixo
1948757,0.151114,0,Baixo
1948595,0.316813,0,Alto
1948772,0.233772,0,Medio
1948751,0.106362,0,Baixo
1948759,0.211252,0,Medio
1948770,0.136557,0,Baixo
1948763,0.097395,0,Baixo
1948663,0.083851,0,Baixo
1948704,0.15655,0,Baixo
1948779,0.278936,0,Alto
1814806,0.080196,0,Baixo
1948781,0.398891,1,Critico
1948786,0.119042,0,Baixo
1948784,0.082799,0,Baixo
1947827,0.234912,0,Medio
1948794,0.257617,0,Alto
1948782,0.210441,0,Medio
1948501,0.31758,0,Alto
1948161,0.06168,0,Baixo
1948795,0.273652,0,Alto
1947880,0.546507,1,Critico
1947783,0.041619,0,Baixo
1948801,0.142024,0,Baixo
1948802,0.199189,0,Medio
1948726,0.261183,0,Alto
1948804,0.233099,0,Medio
1948809,0.030421,0,Baixo
1948807,0.128095,0,Baixo
1948401,0.124663,0,Baixo
1946623,0.215053,0,Medio
1948813,0.333225,0,Alto
1948812,0.158943,0,Baixo
1948473,0.168725,0,Medio
1867813,0.555119,1,Critico
1948740,0.02558,0,Baixo
1924288,0.138188,0,Baixo
1947895,0.024326,0,Baixo
1948814,0.279827,0,Alto
1948587,0.386918,1,Critico
1948612,0.240267,0,Medio
1938961,0.435686,1,Critico
1948709,0.036509,0,Baixo
1947720,0.216065,0,Medio
1948819,0.045183,0,Baixo
1947562,0.156195,0,Baixo
1935881,0.325455,0,Alto
1936273,0.20924,0,Medio
1948832,0.158547,0,Baixo
1948817,0.255565,0,Alto
1928318,0.102891,0,Baixo
1947498,0.239563,0,Medio
1948366,0.404196,1,Critico
1948845,0.010865,0,Baixo
1948581,0.398364,1,Critico
1948570,0.15271,0,Baixo
1948851,0.126816,0,Baixo
1948849,0.15362,0,Baixo
1923779,0.145682,0,Baixo
1946805,0.291276,0,Alto
1948829,0.248743,0,Medio
1948859,0.231492,0,Medio
1902514,0.291014,0,Alto
1948862,0.144851,0,Baixo
1948865,0.119268,0,Baixo
1948476,0.148142,0,Baixo
1948874,0.136965,0,Baixo
1948827,0.077052,0,Baixo
1903680,0.243648,0,Medio
1948311,0.034425,0,Baixo
1948839,0.217197,0,Medio
1948766,0.27199,0,Alto
1948856,0.174265,0,Medio
1947291,0.417182,1,Critico
1948872,0.326636,0,Alto
1948828,0.27666,0,Alto
1948883,0.208176,0,Medio
1948879,0.225282,0,Medio
1948886,0.122868,0,Baixo
1948887,0.310056,0,Alto
1948888,0.287097,0,Alto
1948894,0.442897,1,Critico
1938697,0.328114,0,Alto
1948891,0.135816,0,Baixo
1946718,0.295513,0,Alto
1948876,0.341859,0,Alto
1948896,0.193553,0,Medio
1948897,0.287035,0,Alto
1948898,0.172785,0,Medio
1948899,0.22766,0,Medio
1948903,0.170833,0,Medio
1948908,0.437964,1,Critico
1948787,0.273156,0,Alto
1948913,0.229253,0,Medio
1948870,0.283761,0,Alto
1948337,0.074133,0,Baixo
1944368,0.094236,0,Baixo
1948920,0.08803,0,Baixo
1929863,0.108519,0,Baixo
1948928,0.425216,1,Critico
1948234,0.035861,0,Baixo
1948925,0.04041,0,Baixo
1948922,0.138633,0,Baixo
1948914,0.168376,0,Medio
1948915,0.114679,0,Baixo
1948929,0.030755,0,Baixo
1947654,0.131991,0,Baixo
1938709,0.20738,0,Medio
1948706,0.305446,0,Alto
1948923,0.247125,0,Medio
1948932,0.251971,0,Medio
1948931,0.260646,0,Alto
1948842,0.121552,0,Baixo
1948937,0.23901,0,Medio
1948835,0.255986,0,Alto
1948073,0.272003,0,Alto
1948945,0.28479,0,Alto
1942621,0.366695,1,Critico
1948942,0.052758,0,Baixo
1948946,0.301203,0,Alto
1948745,0.142515,0,Baixo
1948947,0.103598,0,Baixo
1948954,0.061442,0,Baixo
1944449,0.211305,0,Medio
1943783,0.134919,0,Baixo
1948963,0.382688,1,Critico
1948941,0.306285,0,Alto
1933963,0.288601,0,Alto
1948322,0.403948,1,Critico
1948962,0.372804,1,Critico
1948967,0.252618,0,Alto
1931788,0.190899,0,Medio
1948969,0.164162,0,Medio
1948973,0.181583,0,Medio
1948971,0.688948,1,Critico
1948986,0.06008,0,Baixo
1935579,0.058893,0,Baixo
1948921,0.30145,0,Alto
1948990,0.110605,0,Baixo
1948977,0.071791,0,Baixo
1948996,0.096821,0,Baixo
1948525,0.316193,0,Alto
1946796,0.183504,0,Medio
1948297,0.116299,0,Baixo
1948474,0.142283,0,Baixo
1948895,0.253967,0,Alto
1948919,0.067609,0,Baixo
1947647,0.121987,0,Baixo
1948241,0.429782,1,Critico
1948330,0.573894,1,Critico
1948875,0.239409,0,Medio
1949008,0.231904,0,Medio
1948981,0.245132,0,Medio
1947609,0.083869,0,Baixo
1949007,0.106329,0,Baixo
1947685,0.084052,0,Baixo
1949006,0.180264,0,Medio
1895943,0.104065,0,Baixo
1949019,0.110065,0,Baixo
1946983,0.04589,0,Baixo
1948970,0.153808,0,Baixo
1935889,0.176557,0,Medio
1943577,0.339096,0,Alto
1948974,0.288563,0,Alto
1945794,0.047884,0,Baixo
1949026,0.115607,0,Baixo
1916798,0.252413,0,Alto
1947784,0.179238,0,Medio
1948747,0.162952,0,Medio
1634780,0.265522,0,Alto
1949037,0.184121,0,Medio
1941615,0.227393,0,Medio
1935202,0.15862,0,Baixo
1949024,0.027703,0,Baixo
1949027,0.288161,0,Alto
1922552,0.094594,0,Baixo
1949041,0.115939,0,Baixo
1944099,0.201787,0,Medio
1949049,0.448751,1,Critico
1949048,0.276156,0,Alto
1948162,0.369354,1,Critico
1949047,0.160967,0,Medio
1926782,0.098881,0,Baixo
1949056,0.079475,0,Baixo
1949059,0.279149,0,Alto
1949046,0.17956,0,Medio
1949063,0.221101,0,Medio
1945751,0.170102,0,Medio
1949067,0.308504,0,Alto
1949021,0.12547,0,Baixo
1949071,0.10359,0,Baixo
1949072,0.424817,1,Critico
1949074,0.046271,0,Baixo
1949076,0.360062,1,Critico
1949081,0.201775,0,Medio
1948902,0.235109,0,Medio
1949065,0.074914,0,Baixo
1949080,0.078827,0,Baixo
1949052,0.209351,0,Medio
1774099,0.252488,0,Alto
1949082,0.268244,0,Alto
1949086,0.063467,0,Baixo
1948362,0.0309,0,Baixo
1949078,0.556604,1,Critico
1949033,0.290993,0,Alto
1949089,0.20344,0,Medio
1923021,0.418555,1,Critico
1949062,0.092192,0,Baixo
1949092,0.238676,0,Medio
1949068,0.270784,0,Alto
1949094,0.272078,0,Alto
1949095,0.1101,0,Baixo
1949099,0.316081,0,Alto
1949098,0.172061,0,Medio
1949090,0.2738,0,Alto
1911992,0.115595,0,Baixo
1876662,0.217356,0,Medio
1947961,0.200196,0,Medio
1949102,0.269618,0,Alto
1949107,0.280864,0,Alto
1949111,0.211099,0,Medio
1949100,0.144508,0,Baixo
1949109,0.263361,0,Alto
1949115,0.212134,0,Medio
1949119,0.355665,1,Alto
1948514,0.270079,0,Alto
1949130,0.117968,0,Baixo
1948665,0.18985,0,Medio
1949134,0.339091,0,Alto
1946994,0.184671,0,Medio
1949083,0.139891,0,Baixo
1949139,0.117107,0,Baixo
1949140,0.352302,1,Alto
1949138,0.081485,0,Baixo
1949126,0.108867,0,Baixo
1949143,0.203153,0,Medio
1948826,0.229832,0,Medio
1947741,0.168341,0,Medio
1949148,0.040519,0,Baixo
1949147,0.112169,0,Baixo
1949151,0.166951,0,Medio
1949128,0.136737,0,Baixo
1949149,0.371837,1,Critico
1935181,0.102863,0,Baixo
1948089,0.20492,0,Medio
1949150,0.468842,1,Critico
1818507,0.103192,0,Baixo
1949137,0.043754,0,Baixo
1949058,0.316589,0,Alto
1948972,0.331476,0,Alto
1949108,0.30905,0,Alto
1949087,0.083225,0,Baixo
1949159,0.063025,0,Baixo
1929352,0.3101,0,Alto
1949160,0.178741,0,Medio
1949164,0.2108,0,Medio
1941830,0.135765,0,Baixo
1949162,0.295117,0,Alto
1949171,0.214867,0,Medio
1949168,0.271323,0,Alto
1949043,0.094317,0,Baixo
1949174,0.248372,0,Medio
1949181,0.257787,0,Alto
1949101,0.100778,0,Baixo
1949172,0.036048,0,Baixo
1949192,0.313332,0,Alto
1946242,0.084671,0,Baixo
1949186,0.252746,0,Alto
1949195,0.079994,0,Baixo
1947704,0.345638,0,Alto
1949199,0.361687,1,Critico
1948380,0.154296,0,Baixo
1949200,0.494376,1,Critico
1949212,0.112594,0,Baixo
1949216,0.340767,0,Alto
1949204,0.228322,0,Medio
1948086,0.344717,0,Alto
1948131,0.393383,1,Critico
1947087,0.114669,0,Baixo
1941041,0.197215,0,Medio
1949214,0.33384,0,Alto
1948513,0.170704,0,Medio
1949224,0.142185,0,Baixo
1949173,0.25254,0,Alto
1949220,0.130112,0,Baixo
1949219,0.137662,0,Baixo
1949193,0.245288,0,Medio
1949158,0.178566,0,Medio
1949177,0.225656,0,Medio
1949227,0.298677,0,Alto
1949116,0.084659,0,Baixo
1949230,0.146275,0,Baixo
1949228,0.147932,0,Baixo
1949233,0.163115,0,Medio
1949234,0.121967,0,Baixo
1947699,0.163827,0,Medio
1949237,0.046294,0,Baixo
1949207,0.135012,0,Baixo
1949183,0.05614,0,Baixo
1949240,0.328738,0,Alto
1949238,0.381207,1,Critico
1949245,0.226063,0,Medio
1949250,0.088351,0,Baixo
1949251,0.232877,0,Medio
1949243,0.231072,0,Medio
1949256,0.15684,0,Baixo
1949225,0.16124,0,Medio
1949264,0.132939,0,Baixo
1949261,0.234581,0,Medio
1949258,0.233723,0,Medio
1948451,0.206681,0,Medio
1946659,0.234943,0,Medio
1949157,0.265245,0,Alto
1949272,0.091366,0,Baixo
1942733,0.263348,0,Alto
1949277,0.145717,0,Baixo
1949239,0.156717,0,Baixo
1943837,0.307465,0,Alto
1949221,0.072818,0,Baixo
1949194,0.0889,0,Baixo
1949289,0.183454,0,Medio
1949283,0.291433,0,Alto
1949271,0.142093,0,Baixo
1949295,0.307093,0,Alto
1879338,0.250502,0,Medio
1949290,0.308993,0,Alto
1949297,0.196687,0,Medio
1949298,0.37458,1,Critico
1949296,0.143078,0,Baixo
1949303,0.16003,0,Baixo
1947600,0.328041,0,Alto
1949127,0.171587,0,Medio
1949163,0.394889,1,Critico
1949309,0.119111,0,Baixo
1949254,0.166265,0,Medio
1947965,0.117772,0,Baixo
1949301,0.196666,0,Medio
1949314,0.101778,0,Baixo
1948995,0.433773,1,Critico
1949305,0.21439,0,Medio
1948585,0.449483,1,Critico
1949327,0.344901,0,Alto
1949324,0.209235,0,Medio
1949340,0.153877,0,Baixo
1949343,0.133685,0,Baixo
1949350,0.186935,0,Medio
1949341,0.309189,0,Alto
1949333,0.069909,0,Baixo
1949328,0.220387,0,Medio
1949279,0.112458,0,Baixo
1949349,0.270919,0,Alto
1949359,0.195683,0,Medio
1949373,0.240984,0,Medio
1949360,0.123967,0,Baixo
1949336,0.139138,0,Baixo
1949346,0.186522,0,Medio
1949354,0.073458,0,Baixo
1949318,0.109017,0,Baixo
1949372,0.230175,0,Medio
1949356,0.197734,0,Medio
1949379,0.377866,1,Critico
1949365,0.130081,0,Baixo
1949326,0.194811,0,Medio
1949361,0.172237,0,Medio
1949384,0.095089,0,Baixo
1949374,0.314557,0,Alto
1949334,0.102713,0,Baixo
1949383,0.307835,0,Alto
1949363,0.080924,0,Baixo
1949386,0.12196,0,Baixo
1949368,0.143681,0,Baixo
1949331,0.146315,0,Baixo
1949319,0.226654,0,Medio
1949381,0.148395,0,Baixo
1949345,0.210506,0,Medio
1949329,0.077862,0,Baixo
1949378,0.214702,0,Medio
1949393,0.123728,0,Baixo
1949347,0.255493,0,Alto
1948345,0.043175,0,Baixo
1949370,0.165425,0,Medio
1949355,0.154418,0,Baixo
1949376,0.285971,0,Alto
1949391,0.184427,0,Medio
1949352,0.19797,0,Medio
1947985,0.483304,1,Critico
1949257,0.259065,0,Alto
1949397,0.128695,0,Baixo
1949337,0.215839,0,Medio
1949401,0.138297,0,Baixo
1949377,0.07016,0,Baixo
1949407,0.10138,0,Baixo
1949396,0.249931,0,Medio
1948810,0.327909,0,Alto
1949388,0.161241,0,Medio
1949405,0.208659,0,Medio
1949344,0.21242,0,Medio
1949412,0.248521,0,Medio
1949399,0.176007,0,Medio
1949421,0.142365,0,Baixo
1949420,0.09362,0,Baixo
1949417,0.300855,0,Alto
1949414,0.141521,0,Baixo
1949408,0.113822,0,Baixo
1949025,0.147828,0,Baixo
1949409,0.033367,0,Baixo
1949423,0.032602,0,Baixo
1949429,0.364878,1,Critico
1948715,0.143246,0,Baixo
1949390,0.058649,0,Baixo
1927600,0.207459,0,Medio
1663371,0.067566,0,Baixo
1949433,0.17137,0,Medio
1946575,0.310137,0,Alto
1949434,0.135369,0,Baixo
1948966,0.078006,0,Baixo
1948540,0.23058,0,Medio
1949446,0.13031,0,Baixo
1949447,0.19794,0,Medio
1949449,0.191171,0,Medio
1948205,0.145094,0,Baixo
1949453,0.154721,0,Baixo
1949456,0.330138,0,Alto
1949455,0.106912,0,Baixo
1948616,0.233159,0,Medio
1949464,0.217886,0,Medio
1949468,0.142038,0,Baixo
1949459,0.077453,0,Baixo
1949467,0.331529,0,Alto
1949460,0.18955,0,Medio
1947080,0.178969,0,Medio
1934421,0.094344,0,Baixo
1947915,0.160772,0,Medio
1948884,0.291273,0,Alto
1949458,0.253523,0,Alto
1949477,0.163746,0,Medio
1949330,0.080237,0,Baixo
1948305,0.047988,0,Baixo
1948850,0.110128,0,Baixo
1930662,0.118113,0,Baixo
1949484,0.16793,0,Medio
1949371,0.123798,0,Baixo
1718060,0.015477,0,Baixo
1949488,0.173946,0,Medio
1949500,0.080453,0,Baixo
1949502,0.336557,0,Alto
1949510,0.220001,0,Medio
1944663,0.232316,0,Medio
1949506,0.207351,0,Medio
1949493,0.162917,0,Medio
1949504,0.075724,0,Baixo
1949519,0.14379,0,Baixo
1949515,0.110989,0,Baixo
1949520,0.242455,0,Medio
1947872,0.155531,0,Baixo
1949495,0.168819,0,Medio
1948065,0.098215,0,Baixo
1949069,0.204377,0,Medio
1949487,0.204542,0,Medio
1949508,0.143701,0,Baixo
1949523,0.092186,0,Baixo
1949144,0.212383,0,Medio
1949491,0.416374,1,Critico
1778443,0.429837,1,Critico
1949073,0.131795,0,Baixo
1949535,0.075639,0,Baixo
1949530,0.08989,0,Baixo
1934093,0.146049,0,Baixo
1949478,0.223009,0,Medio
1949516,0.212823,0,Medio
1949284,0.193304,0,Medio
1949547,0.107607,0,Baixo
1948803,0.317849,0,Alto
1949146,0.155627,0,Baixo
1949501,0.213317,0,Medio
1949539,0.337586,0,Alto
1949550,0.153535,0,Baixo
1949559,0.130081,0,Baixo
1949553,0.092937,0,Baixo
1949474,0.09962,0,Baixo
1948730,0.061688,0,Baixo
1949432,0.194173,0,Medio
1945915,0.174949,0,Medio
1949555,0.150287,0,Baixo
1949563,0.233375,0,Medio
1949579,0.244058,0,Medio
1949578,0.130117,0,Baixo
1949574,0.129477,0,Baixo
1949569,0.090567,0,Baixo
1949587,0.071615,0,Baixo
1949507,0.151168,0,Baixo
1949584,0.314512,0,Alto
1949545,0.063872,0,Baixo
1949594,0.364383,1,Critico
1949600,0.205485,0,Medio
1949604,0.190146,0,Medio
1949603,0.079255,0,Baixo
1949596,0.016509,0,Baixo
1949585,0.282994,0,Alto
1949616,0.237214,0,Medio
1949615,0.20442,0,Medio
1949622,0.143124,0,Baixo
1949582,0.081596,0,Baixo
1949612,0.245131,0,Medio
1949633,0.281747,0,Alto
1949631,0.157684,0,Baixo
1949638,0.286412,0,Alto
1949642,0.023715,0,Baixo
1936727,0.153174,0,Baixo
1949534,0.242359,0,Medio
1948333,0.122272,0,Baixo
1949482,0.229146,0,Medio
1949387,0.19962,0,Medio
1906032,0.324918,0,Alto
1946766,0.37199,1,Critico
1949635,0.162493,0,Medio
1949129,0.345337,0,Alto
1949634,0.17013,0,Medio
1947408,0.378488,1,Critico
1949668,0.092129,0,Baixo
1948226,0.264615,0,Alto
1949670,0.097184,0,Baixo
1949671,0.365205,1,Critico
1949674,0.022835,0,Baixo
1949665,0.250985,0,Medio
1949678,0.110881,0,Baixo
1949676,0.28714,0,Alto
1949666,0.120173,0,Baixo
1949679,0.333354,0,Alto
1949002,0.439386,1,Critico
1949672,0.199795,0,Medio
1948724,0.122668,0,Baixo
1949682,0.080547,0,Baixo
1949514,0.150658,0,Baixo
1949664,0.241328,0,Medio
1949667,0.265937,0,Alto
1949689,0.07282,0,Baixo
1949364,0.273459,0,Alto
1949691,0.065424,0,Baixo
1949684,0.376179,1,Critico
1949512,0.357974,1,Critico
1949673,0.28326,0,Alto
1948765,0.105782,0,Baixo
1949697,0.293114,0,Alto
1949696,0.227243,0,Medio
1949702,0.291956,0,Alto
1949700,0.271326,0,Alto
1948771,0.148311,0,Baixo
1949686,0.210411,0,Medio
1949704,0.198233,0,Medio
1949576,0.284481,0,Alto
1949687,0.147399,0,Baixo
1901532,0.275533,0,Alto
1949716,0.127631,0,Baixo
1949683,0.251885,0,Medio
1949692,0.179658,0,Medio
1949698,0.161697,0,Medio
1949424,0.321246,0,Alto
1949709,0.162101,0,Medio
1949722,0.27899,0,Alto
1949725,0.2911,0,Alto
1949719,0.083644,0,Baixo
1949730,0.155691,0,Baixo
1949485,0.114586,0,Baixo
1922444,0.282408,0,Alto
1949720,0.096213,0,Baixo
1949723,0.17957,0,Medio
1949732,0.189991,0,Medio
1949734,0.30097,0,Alto
1866783,0.27516,0,Alto
1949724,0.056501,0,Baixo
1949731,0.190956,0,Medio
1939655,0.336266,0,Alto
1949741,0.13768,0,Baixo
1949737,0.050563,0,Baixo
1949735,0.219943,0,Medio
1949733,0.210227,0,Medio
1949717,0.390156,1,Critico
1949369,0.263099,0,Alto
1949736,0.278935,0,Alto
1949708,0.250014,0,Medio
1949575,0.122008,0,Baixo
1949650,0.097298,0,Baixo
1949625,0.103366,0,Baixo
1946829,0.183565,0,Medio
1949705,0.192422,0,Medio
1948289,0.115546,0,Baixo
1949754,0.173978,0,Medio
1949739,0.193005,0,Medio
1949751,0.254206,0,Alto
1638831,0.169171,0,Medio
1949749,0.317074,0,Alto
1949758,0.482988,1,Critico
1915726,0.103179,0,Baixo
1949762,0.31377,0,Alto
1949764,0.081916,0,Baixo
1949738,0.062712,0,Baixo
1856439,0.289439,0,Alto
1949768,0.023971,0,Baixo
1949772,0.121699,0,Baixo
1949759,0.292345,0,Alto
1947680,0.124649,0,Baixo
1949767,0.132318,0,Baixo
1936648,0.322453,0,Alto
1936797,0.078668,0,Baixo
1949788,0.147622,0,Baixo
1949784,0.138585,0,Baixo
1949797,0.122836,0,Baixo
1949695,0.481006,1,Critico
1949793,0.20404,0,Medio
856359,0.385207,1,Critico
1949786,0.153271,0,Baixo
1949747,0.241107,0,Medio
1284466,0.171322,0,Medio
1949789,0.300952,0,Alto
1946778,0.272025,0,Alto
1949802,0.119284,0,Baixo
1949801,0.067177,0,Baixo
1949810,0.23381,0,Medio
1949811,0.285041,0,Alto
1949613,0.186092,0,Medio
1949814,0.15575,0,Baixo
1949808,0.331462,0,Alto
1949803,0.073322,0,Baixo
1949822,0.132921,0,Baixo
1949824,0.334035,0,Alto
1949820,0.298454,0,Alto
1949819,0.162955,0,Medio
1949827,0.01534,0,Baixo
1949813,0.101673,0,Baixo
1949339,0.302487,0,Alto
1949497,0.274286,0,Alto
1949836,0.119392,0,Baixo
1941222,0.177966,0,Medio
1949833,0.241786,0,Medio
1949841,0.214635,0,Medio
1946817,0.153269,0,Baixo
1949825,0.350781,0,Alto
1948785,0.161059,0,Medio
1949850,0.072427,0,Baixo
1949848,0.168425,0,Medio
1949845,0.244194,0,Medio
1948994,0.317892,0,Alto
1949853,0.15707,0,Baixo
1944426,0.073167,0,Baixo
1949838,0.239602,0,Medio
1949861,0.17853,0,Medio
1949855,0.143568,0,Baixo
1949854,0.251333,0,Medio
1949849,0.062918,0,Baixo
1941572,0.305096,0,Alto
1949856,0.146266,0,Baixo
1929309,0.057236,0,Baixo
1949870,0.185736,0,Medio
1937743,0.364406,1,Critico
1949846,0.177444,0,Medio
1949877,0.115686,0,Baixo
1949874,0.049497,0,Baixo
1936246,0.108616,0,Baixo
1949875,0.200815,0,Medio
1949773,0.142265,0,Baixo
1949869,0.22485,0,Medio
1949879,0.363009,1,Critico
1947862,0.110618,0,Baixo
1786559,0.31671,0,Alto
1949890,0.110757,0,Baixo
1949871,0.155155,0,Baixo
1949887,0.178534,0,Medio
1949883,0.175019,0,Medio
1949903,0.253967,0,Alto
1949904,0.180765,0,Medio
1949900,0.224337,0,Medio
1949908,0.047969,0,Baixo
1949909,0.058784,0,Baixo
1949915,0.142271,0,Baixo
1948936,0.219395,0,Medio
1949823,0.379438,1,Critico
1949914,0.174783,0,Medio
1947501,0.16354,0,Medio
1853542,0.01678,0,Baixo
1949918,0.133452,0,Baixo
1949714,0.48346,1,Critico
1945296,0.226812,0,Medio
1949884,0.082995,0,Baixo
1949920,0.221599,0,Medio
1949795,0.269578,0,Alto
1949924,0.056592,0,Baixo
1946247,0.286543,0,Alto
1921626,0.362292,1,Critico
1949935,0.119271,0,Baixo
1944837,0.216513,0,Medio
1948968,0.100451,0,Baixo
1949885,0.333505,0,Alto
1949932,0.131174,0,Baixo
1947083,0.105165,0,Baixo
1949490,0.135246,0,Baixo
1949937,0.182868,0,Medio
1949948,0.139014,0,Baixo
1949945,0.118833,0,Baixo
1872145,0.38576,1,Critico
1949922,0.186142,0,Medio
1949942,0.05673,0,Baixo
1949954,0.210547,0,Medio
1865928,0.301212,0,Alto
1949185,0.267892,0,Alto
1949656,0.049958,0,Baixo
1939411,0.132141,0,Baixo
1948359,0.025303,0,Baixo
1949949,0.197499,0,Medio
1949957,0.301125,0,Alto
1949962,0.072993,0,Baixo
1949959,0.080323,0,Baixo
1949956,0.220298,0,Medio
1949051,0.093914,0,Baixo
1949960,0.174528,0,Medio
1949968,0.090387,0,Baixo
1949906,0.120076,0,Baixo
1949967,0.13381,0,Baixo
1947952,0.070379,0,Baixo
1949892,0.057736,0,Baixo
1931335,0.106822,0,Baixo
1949876,0.202848,0,Medio
1946965,0.128574,0,Baixo
1949980,0.190462,0,Medio
1844307,0.097498,0,Baixo
1949986,0.170906,0,Medio
1949989,0.01789,0,Baixo
1949990,0.116453,0,Baixo
1949991,0.241291,0,Medio
1949282,0.10856,0,Baixo
1949994,0.058174,0,Baixo
1948085,0.323539,0,Alto
1941810,0.265798,0,Alto
1949993,0.357516,1,Alto
1949235,0.330395,0,Alto
1950002,0.087293,0,Baixo
1950001,0.352003,1,Alto
1950003,0.178448,0,Medio
1949817,0.179505,0,Medio
1949872,0.211123,0,Medio
1950008,0.206665,0,Medio
1950010,0.16144,0,Medio
1950007,0.052626,0,Baixo
1949332,0.520873,1,Critico
1935158,0.318377,0,Alto
1949893,0.134247,0,Baixo
1945497,0.126253,0,Baixo
1944956,0.147021,0,Baixo
1950012,0.200737,0,Medio
1950017,0.167642,0,Medio
1810944,0.155927,0,Baixo
1931396,0.162961,0,Medio
1948396,0.175192,0,Medio
1950023,0.064306,0,Baixo
1949913,0.025501,0,Baixo
1950042,0.118226,0,Baixo
1950036,0.332963,0,Alto
1950051,0.300701,0,Alto
1950039,0.211966,0,Medio
1950028,0.749304,1,Critico
1950049,0.26924,0,Alto
1950041,0.175124,0,Medio
1950048,0.108002,0,Baixo
1950054,0.345473,0,Alto
1950063,0.133708,0,Baixo
1947003,0.196921,0,Medio
1950069,0.209039,0,Medio
1950045,0.185261,0,Medio
1950068,0.205617,0,Medio
1950062,0.175828,0,Medio
1950026,0.220989,0,Medio
1950070,0.21727,0,Medio
1950040,0.077798,0,Baixo
1950065,0.072493,0,Baixo
1950077,0.193775,0,Medio
1950058,0.03989,0,Baixo
1950076,0.108032,0,Baixo
1950074,0.239917,0,Medio
1950078,0.084073,0,Baixo
1950084,0.244968,0,Medio
1950083,0.046639,0,Baixo
1950046,0.301913,0,Alto
1950073,0.123704,0,Baixo
1950089,0.308718,0,Alto
1089790,0.19829,0,Medio
1950050,0.251919,0,Medio
1949880,0.055986,0,Baixo
1949837,0.251196,0,Medio
1949927,0.067913,0,Baixo
1950096,0.090499,0,Baixo
1950081,0.167845,0,Medio
1950071,0.397308,1,Critico
1949260,0.160052,0,Baixo
1947493,0.267377,0,Alto
1949753,0.090717,0,Baixo
1950110,0.155797,0,Baixo
1950091,0.190628,0,Medio
1950057,0.11727,0,Baixo
1949934,0.231294,0,Medio
1950108,0.39561,1,Critico
1949928,0.07594,0,Baixo
1950115,0.213137,0,Medio
1950112,0.320614,0,Alto
1825330,0.2012,0,Medio
1950111,0.173295,0,Medio
1949018,0.204383,0,Medio
1948669,0.184478,0,Medio
1949857,0.140081,0,Baixo
1950118,0.335051,0,Alto
1950094,0.425622,1,Critico
1950125,0.089476,0,Baixo
1948924,0.174433,0,Medio
1950082,0.202643,0,Medio
1950138,0.245875,0,Medio
1917271,0.321715,0,Alto
1950137,0.165351,0,Medio
1950142,0.092287,0,Baixo
1950140,0.144286,0,Baixo
1950144,0.087989,0,Baixo
1948907,0.326177,0,Alto
1950151,0.201701,0,Medio
1950134,0.370719,1,Critico
1950104,0.114243,0,Baixo
1950148,0.417555,1,Critico
1948395,0.30926,0,Alto
1949888,0.110998,0,Baixo
1950013,0.124617,0,Baixo
1950160,0.016444,0,Baixo
1950157,0.234417,0,Medio
1950016,0.2164,0,Medio
1950163,0.117214,0,Baixo
1949969,0.146344,0,Baixo
1950167,0.171033,0,Medio
1950156,0.055676,0,Baixo
1950149,0.452424,1,Critico
1950169,0.138564,0,Baixo
1950177,0.422664,1,Critico
1950170,0.171601,0,Medio
1950171,0.1438,0,Baixo
1950186,0.117681,0,Baixo
1950175,0.16535,0,Medio
1950095,0.095637,0,Baixo
1950191,0.179575,0,Medio
1950188,0.154249,0,Baixo
1950193,0.227391,0,Medio
1950184,0.124348,0,Baixo
1950201,0.177992,0,Medio
1950067,0.220524,0,Medio
1950195,0.444787,1,Critico
1950204,0.119843,0,Baixo
1950196,0.085025,0,Baixo
1950220,0.105648,0,Baixo
1950217,0.110285,0,Baixo
1950227,0.251046,0,Medio
1950216,0.223061,0,Medio
1950210,0.271064,0,Alto
1950218,0.161812,0,Medio
1950234,0.049591,0,Baixo
1950213,0.146146,0,Baixo
1950209,0.301095,0,Alto
1949987,0.113318,0,Baixo
1950226,0.153096,0,Baixo
1950233,0.077597,0,Baixo
1950229,0.149892,0,Baixo
1950238,0.196512,0,Medio
1950222,0.358902,1,Critico
1950165,0.217913,0,Medio
1950259,0.155575,0,Baixo
1950240,0.14349,0,Baixo
1950205,0.148485,0,Baixo
1950253,0.057444,0,Baixo
1950243,0.149726,0,Baixo
1949394,0.359439,1,Critico
1944613,0.21388,0,Medio
1950257,0.068836,0,Baixo
1950179,0.117264,0,Baixo
1950223,0.15039,0,Baixo
1950254,0.178953,0,Medio
1950244,0.091806,0,Baixo
1950189,0.129856,0,Baixo
1950267,0.159907,0,Baixo
1950228,0.167712,0,Medio
1946408,0.15957,0,Baixo
1950251,0.545023,1,Critico
1949655,0.416626,1,Critico
1919611,0.390386,1,Critico
1950268,0.124154,0,Baixo
1950275,0.096845,0,Baixo
1950249,0.145766,0,Baixo
1950280,0.245258,0,Medio
1950278,0.155664,0,Baixo
1950284,0.182314,0,Medio
1949852,0.253604,0,Alto
1950285,0.236939,0,Medio
1950291,0.290219,0,Alto
1950286,0.202684,0,Medio
1948113,0.39089,1,Critico
1950006,0.151281,0,Baixo
1950318,0.273135,0,Alto
1949166,0.208642,0,Medio
1950323,0.021795,0,Baixo
1950319,0.194714,0,Medio
1921186,0.225531,0,Medio
1950322,0.399295,1,Critico
1950308,0.275409,0,Alto
1950269,0.21794,0,Medio
1949286,0.11211,0,Baixo
1950297,0.181935,0,Medio
1950324,0.256975,0,Alto
1950335,0.192494,0,Medio
1950135,0.186306,0,Medio
1950341,0.026603,0,Baixo
1950340,0.136072,0,Baixo
1950304,0.094851,0,Baixo
1948107,0.059199,0,Baixo
1950346,0.151257,0,Baixo
1948511,0.181534,0,Medio
1950283,0.262799,0,Alto
1950150,0.134079,0,Baixo
1950349,0.260014,0,Alto
1941877,0.081834,0,Baixo
1950353,0.332261,0,Alto
1943960,0.104643,0,Baixo
1840760,0.102768,0,Baixo
1948943,0.172833,0,Medio
1950333,0.249838,0,Medio
1950358,0.206333,0,Medio
1950365,0.316405,0,Alto
1949348,0.309923,0,Alto
1950366,0.176458,0,Medio
1949556,0.08259,0,Baixo
1948179,0.360068,1,Critico
1950368,0.279081,0,Alto
1950376,0.110032,0,Baixo
1949313,0.247063,0,Medio
1781354,0.323197,0,Alto
1949711,0.097757,0,Baixo
1949912,0.415834,1,Critico
1950383,0.088383,0,Baixo
1950370,0.169578,0,Medio
1949558,0.186625,0,Medio
1949499,0.23762,0,Medio
1950392,0.378123,1,Critico
1949425,0.167106,0,Medio
1950395,0.33098,0,Alto
1946867,0.071276,0,Baixo
1949832,0.209545,0,Medio
1950402,0.240424,0,Medio
1948255,0.119972,0,Baixo
1332251,0.126051,0,Baixo
1948816,0.138193,0,Baixo
1948672,0.397481,1,Critico
1949471,0.059037,0,Baixo
1950411,0.270204,0,Alto
1950415,0.023786,0,Baixo
1950409,0.249898,0,Medio
1950418,0.122963,0,Baixo
1950414,0.121832,0,Baixo
1950421,0.230946,0,Medio
1944910,0.391811,1,Critico
1950425,0.116253,0,Baixo
1950431,0.229371,0,Medio
1950432,0.203565,0,Medio
1946908,0.204222,0,Medio
1950433,0.154305,0,Baixo
1937603,0.205906,0,Medio
1950426,0.13988,0,Baixo
1950430,0.166417,0,Medio
1950443,0.075778,0,Baixo
1950442,0.117616,0,Baixo
1948196,0.095532,0,Baixo
1942503,0.210865,0,Medio
1950446,0.228317,0,Medio
1949278,0.094079,0,Baixo
1950450,0.353829,1,Alto
1948910,0.357339,1,Alto
1302642,0.13693,0,Baixo
1950447,0.167348,0,Medio
1949624,0.072417,0,Baixo
1950455,0.210187,0,Medio
1950458,0.180862,0,Medio
1949226,0.219971,0,Medio
1950471,0.16752,0,Medio
1950467,0.298851,0,Alto
1950055,0.117379,0,Baixo
1950437,0.092505,0,Baixo
1949265,0.024687,0,Baixo
1950478,0.12313,0,Baixo
1950483,0.193501,0,Medio
1934651,0.238806,0,Medio
1950480,0.120407,0,Baixo
1950490,0.095779,0,Baixo
1950479,0.155327,0,Baixo
1950444,0.073351,0,Baixo
1950498,0.25855,0,Alto
1950465,0.078276,0,Baixo
1949901,0.459233,1,Critico
1950501,0.22576,0,Medio
1950493,0.382496,1,Critico
1950508,0.061859,0,Baixo
1950496,0.185118,0,Medio
1949524,0.262184,0,Alto
1950505,0.258322,0,Alto
1946782,0.139488,0,Baixo
1941111,0.084927,0,Baixo
1950513,0.115599,0,Baixo
1950448,0.107027,0,Baixo
1950263,0.186327,0,Medio
1950468,0.138298,0,Baixo
1950527,0.401564,1,Critico
1947923,0.342314,0,Alto
1950522,0.23083,0,Medio
1950532,0.361691,1,Critico
1950534,0.250394,0,Medio
1950531,0.098424,0,Baixo
1949489,0.16208,0,Medio
1950362,0.051137,0,Baixo
1950385,0.304069,0,Alto
1950543,0.133384,0,Baixo
1949117,0.131001,0,Baixo
1950005,0.199637,0,Medio
1950549,0.334548,0,Alto
1950546,0.113694,0,Baixo
1950545,0.284365,0,Alto
1950548,0.167065,0,Medio
1950550,0.172385,0,Medio
1947272,0.220978,0,Medio
1950553,0.178762,0,Medio
1950552,0.340445,0,Alto
1950554,0.049457,0,Baixo
1950556,0.085022,0,Baixo
1945884,0.244637,0,Medio
1950563,0.182277,0,Medio
1950562,0.016726,0,Baixo
1950477,0.160117,0,Baixo
1949232,0.097445,0,Baixo
1945627,0.231259,0,Medio
1950565,0.081365,0,Baixo
1949917,0.178719,0,Medio
1950567,0.137754,0,Baixo
1950242,0.060807,0,Baixo
679140,0.221272,0,Medio
1950489,0.252841,0,Alto
1949710,0.273564,0,Alto
1950019,0.245179,0,Medio
1950488,0.184513,0,Medio
1949951,0.121669,0,Baixo
1937427,0.180699,0,Medio
1950595,0.075315,0,Baixo
1950603,0.024234,0,Baixo
1950608,0.202826,0,Medio
1950594,0.11803,0,Baixo
1950445,0.338075,0,Alto
1950612,0.08951,0,Baixo
1950043,0.098605,0,Baixo
1950624,0.222156,0,Medio
1950173,0.114431,0,Baixo
1934943,0.231225,0,Medio
1762823,0.119263,0,Baixo
1950626,0.098177,0,Baixo
1950614,0.245529,0,Medio
1950386,0.190357,0,Medio
1942639,0.138047,0,Baixo
1849249,0.285009,0,Alto
1947507,0.272313,0,Alto
1946139,0.064837,0,Baixo
1950571,0.211996,0,Medio
1950635,0.191626,0,Medio
1950623,0.213273,0,Medio
1950641,0.364761,1,Critico
1946345,0.213175,0,Medio
1950551,0.321762,0,Alto
1950643,0.133789,0,Baixo
1950100,0.359843,1,Critico
1950187,0.125999,0,Baixo
1950654,0.314151,0,Alto
1950650,0.024035,0,Baixo
1949860,0.139019,0,Baixo
1950651,0.369325,1,Critico
1950655,0.170117,0,Medio
1950645,0.179171,0,Medio
1950663,0.133609,0,Baixo
1950648,0.24118,0,Medio
1948010,0.069683,0,Baixo
1950664,0.072897,0,Baixo
1950620,0.217221,0,Medio
1929801,0.294833,0,Alto
1950667,0.242941,0,Medio
1922335,0.057181,0,Baixo
1948734,0.388178,1,Critico
1950673,0.280971,0,Alto
1950675,0.24938,0,Medio
1948017,0.063425,0,Baixo
1950560,0.167672,0,Medio
1950671,0.145064,0,Baixo
1950679,0.204842,0,Medio
1950653,0.135803,0,Baixo
1776503,0.202016,0,Medio
1950674,0.03566,0,Baixo
1950683,0.139852,0,Baixo
1949640,0.225868,0,Medio
1950669,0.312674,0,Alto
1950690,0.159204,0,Baixo
1950691,0.115925,0,Baixo
1950652,0.244947,0,Medio
1950610,0.181235,0,Medio
1950540,0.1645,0,Medio
1950676,0.03429,0,Baixo
1950646,0.313141,0,Alto
1950696,0.121195,0,Baixo
1950703,0.173461,0,Medio
1950586,0.281266,0,Alto
1950697,0.23789,0,Medio
1950694,0.111541,0,Baixo
1950710,0.290846,0,Alto
1950698,0.134211,0,Baixo
1950714,0.058674,0,Baixo
1950713,0.329342,0,Alto
1947830,0.02294,0,Baixo
1949763,0.044148,0,Baixo
1950720,0.258447,0,Alto
1950715,0.09949,0,Baixo
1950093,0.099775,0,Baixo
1950685,0.167742,0,Medio
1950727,0.233594,0,Medio
1950724,0.296686,0,Alto
1950726,0.09432,0,Baixo
1949155,0.118032,0,Baixo
1950722,0.110245,0,Baixo
1950728,0.010459,0,Baixo
1943612,0.192563,0,Medio
1950738,0.198142,0,Medio
1897745,0.358489,1,Critico
1950733,0.27978,0,Alto
1949645,0.075109,0,Baixo
1950712,0.170352,0,Medio
1950741,0.126782,0,Baixo
1950731,0.318375,0,Alto
1950756,0.491469,1,Critico
1950516,0.287777,0,Alto
1950748,0.107659,0,Baixo
1950719,0.40769,1,Critico
1949526,0.301965,0,Alto
1950354,0.03118,0,Baixo
1950472,0.190589,0,Medio
1943455,0.046063,0,Baixo
1949358,0.099392,0,Baixo
1950631,0.352237,1,Alto
1950662,0.246272,0,Medio
1950772,0.151885,0,Baixo
1950759,0.102109,0,Baixo
1800751,0.149408,0,Baixo
1950773,0.446728,1,Critico
1950097,0.355227,1,Alto
1950777,0.1913,0,Medio
1950182,0.250046,0,Medio
1949206,0.187632,0,Medio
1950787,0.31828,0,Alto
1950786,0.201908,0,Medio
1950618,0.172058,0,Medio
1950792,0.223316,0,Medio
1949646,0.043813,0,Baixo
1950789,0.240133,0,Medio
1950739,0.084197,0,Baixo
1950799,0.240995,0,Medio
1950776,0.268462,0,Alto
1950801,0.075796,0,Baixo
1949800,0.220976,0,Medio
1950803,0.186381,0,Medio
1950808,0.30294,0,Alto
1950793,0.135627,0,Baixo
1950804,0.069976,0,Baixo
1950806,0.204244,0,Medio
1950811,0.137369,0,Baixo
1947095,0.107512,0,Baixo
1950419,0.138164,0,Baixo
1948285,0.105128,0,Baixo
1950815,0.177451,0,Medio
1938701,0.405407,1,Critico
1950791,0.317053,0,Alto
1857733,0.162487,0,Medio
1950809,0.366037,1,Critico
1950143,0.021026,0,Baixo
1950810,0.133685,0,Baixo
1950818,0.13048,0,Baixo
1950822,0.383959,1,Critico
1950825,0.351134,1,Alto
1950833,0.238547,0,Medio
1950820,0.238846,0,Medio
1950834,0.375958,1,Critico
1950837,0.102183,0,Baixo
1835176,0.222204,0,Medio
1950836,0.139327,0,Baixo
1949527,0.290457,0,Alto
1938890,0.092579,0,Baixo
1950730,0.351881,1,Alto
1950845,0.113014,0,Baixo
1949981,0.066165,0,Baixo
1950752,0.154758,0,Baixo
1950851,0.444503,1,Critico
1949961,0.156843,0,Baixo
1950656,0.289434,0,Alto
1950849,0.247667,0,Medio
1950860,0.158285,0,Baixo
1947876,0.087362,0,Baixo
1950393,0.216754,0,Medio
1950819,0.243216,0,Medio
1950866,0.228924,0,Medio
1950870,0.234843,0,Medio
1950784,0.083821,0,Baixo
1950526,0.102019,0,Baixo
1950875,0.432755,1,Critico
1950642,0.204325,0,Medio
1950872,0.618141,1,Critico
1950879,0.130983,0,Baixo
1950867,0.36329,1,Critico
1949426,0.143897,0,Baixo
1950817,0.126335,0,Baixo
1926660,0.093819,0,Baixo
1950839,0.141705,0,Baixo
1950807,0.097252,0,Baixo
1950885,0.158847,0,Baixo
1950882,0.193427,0,Medio
1950886,0.079836,0,Baixo
1950892,0.080378,0,Baixo
1836005,0.170067,0,Medio
1950898,0.218694,0,Medio
1950899,0.202177,0,Medio
1950261,0.200899,0,Medio
1950537,0.150532,0,Baixo
1949470,0.223655,0,Medio
1943275,0.328448,0,Alto
1950901,0.321947,0,Alto
1950906,0.222558,0,Medio
1950905,0.527968,1,Critico
1949452,0.222873,0,Medio
1948815,0.202645,0,Medio
1950581,0.108791,0,Baixo
1950896,0.272159,0,Alto
1950909,0.191353,0,Medio
1950113,0.223876,0,Medio
1950780,0.447856,1,Critico
1950910,0.127927,0,Baixo
1950164,0.295915,0,Alto
1945261,0.377721,1,Critico
1950296,0.360412,1,Critico
1950241,0.224214,0,Medio
1950902,0.241595,0,Medio
1950908,0.022067,0,Baixo
1950917,0.292963,0,Alto
1946590,0.188888,0,Medio
1944759,0.158676,0,Baixo
1950925,0.027667,0,Baixo
1950927,0.316255,0,Alto
1950926,0.082895,0,Baixo
1950929,0.031535,0,Baixo
1950871,0.186655,0,Medio
1950783,0.188908,0,Medio
1950938,0.076391,0,Baixo
1950944,0.310088,0,Alto
1950946,0.145572,0,Baixo
1950948,0.22979,0,Medio
1950931,0.159334,0,Baixo
1950951,0.05351,0,Baixo
1950399,0.169562,0,Medio
1950953,0.249557,0,Medio
1950941,0.064385,0,Baixo
1950945,0.199013,0,Medio
1947149,0.099019,0,Baixo
1950956,0.116819,0,Baixo
1949562,0.352603,1,Alto
1950955,0.104005,0,Baixo
1950923,0.055172,0,Baixo
1950958,0.172516,0,Medio
1950960,0.24184,0,Medio
1931783,0.145429,0,Baixo
1949253,0.093646,0,Baixo
1942608,0.313326,0,Alto
1949428,0.0568,0,Baixo
1950970,0.300446,0,Alto
1950436,0.238592,0,Medio
1950982,0.069035,0,Baixo
1950979,0.27119,0,Alto
1950959,0.14652,0,Baixo
1950387,0.342761,0,Alto
1950985,0.234294,0,Medio
1950974,0.097441,0,Baixo
1950986,0.48057,1,Critico
1950988,0.268076,0,Alto
1946981,0.114202,0,Baixo
1950372,0.131598,0,Baixo
1950994,0.072069,0,Baixo
1950158,0.091793,0,Baixo
1950954,0.217442,0,Medio
1951002,0.116581,0,Baixo
1951006,0.156049,0,Baixo
1950987,0.1733,0,Medio
1951007,0.154117,0,Baixo
1950310,0.046247,0,Baixo
1950521,0.038501,0,Baixo
1950934,0.079174,0,Baixo
1951016,0.144672,0,Baixo
1951019,0.086995,0,Baixo
1951021,0.023979,0,Baixo
1950520,0.302887,0,Alto
1950599,0.179336,0,Medio
1950079,0.038258,0,Baixo
1950846,0.24369,0,Medio
1951005,0.31881,0,Alto
1948641,0.2144,0,Medio
1252968,0.170013,0,Medio
1949652,0.128607,0,Baixo
1951033,0.357286,1,Alto
1950913,0.29575,0,Alto
1950765,0.156751,0,Baixo
1951035,0.355875,1,Alto
1951041,0.152063,0,Baixo
1951045,0.030505,0,Baixo
1951040,0.150488,0,Baixo
1950950,0.092783,0,Baixo
1951046,0.215282,0,Medio
1951053,0.126311,0,Baixo
1951057,0.187605,0,Medio
1951061,0.215717,0,Medio
1951055,0.191894,0,Medio
1951062,0.341037,0,Alto
1950933,0.224053,0,Medio
1950768,0.175534,0,Medio
1951071,0.203458,0,Medio
1951072,0.276848,0,Alto
1951089,0.306861,0,Alto
1951106,0.265201,0,Alto
1951103,0.071591,0,Baixo
1951079,0.267009,0,Alto
1951075,0.096903,0,Baixo
1753208,0.05244,0,Baixo
1951118,0.191416,0,Medio
1948426,0.11024,0,Baixo
1951100,0.148822,0,Baixo
1951081,0.120354,0,Baixo
1951123,0.094879,0,Baixo
1951121,0.080242,0,Baixo
1951128,0.230073,0,Medio
1951120,0.051977,0,Baixo
1951130,0.308153,0,Alto
1951124,0.428327,1,Critico
1951127,0.041871,0,Baixo
1951132,0.266531,0,Alto
1951091,0.086829,0,Baixo
1951133,0.173617,0,Medio
1951142,0.302249,0,Alto
1937969,0.337229,0,Alto
1951101,0.307233,0,Alto
1951150,0.364525,1,Critico
1935013,0.213278,0,Medio
1951151,0.139697,0,Baixo
1951152,0.120374,0,Baixo
1950873,0.150597,0,Baixo
1951156,0.031112,0,Baixo
1950969,0.134132,0,Baixo
1941960,0.193176,0,Medio
1945003,0.291437,0,Alto
1951137,0.111822,0,Baixo
1951153,0.160384,0,Baixo
1951162,0.04391,0,Baixo
1951164,0.250594,0,Medio
1950236,0.126944,0,Baixo
1951122,0.106646,0,Baixo
1951170,0.110186,0,Baixo
1951167,0.221076,0,Medio
1951179,0.1748,0,Medio
1950943,0.111501,0,Baixo
1950681,0.167406,0,Medio
1950971,0.154224,0,Baixo
1951192,0.328461,0,Alto
1950848,0.486902,1,Critico
1951201,0.146932,0,Baixo
1951202,0.243536,0,Medio
1951195,0.280944,0,Alto
1951208,0.08868,0,Baixo
1950121,0.230597,0,Medio
1951214,0.108551,0,Baixo
1951172,0.177333,0,Medio
1951221,0.512247,1,Critico
1951174,0.164468,0,Medio
1951207,0.073613,0,Baixo
1949701,0.113236,0,Baixo
1951051,0.053151,0,Baixo
1950316,0.132377,0,Baixo
1951235,0.218717,0,Medio
1951232,0.221731,0,Medio
1928578,0.146675,0,Baixo
1951234,0.099799,0,Baixo
1951237,0.165492,0,Medio
1951220,0.255603,0,Alto
1951197,0.078878,0,Baixo
1951242,0.128355,0,Baixo
1951250,0.060936,0,Baixo
1951246,0.146351,0,Baixo
1951256,0.38492,1,Critico
1950743,0.138999,0,Baixo
1951258,0.175638,0,Medio
1951259,0.225773,0,Medio
1951255,0.202895,0,Medio
1951251,0.088345,0,Baixo
1557537,0.395238,1,Critico
1951261,0.126107,0,Baixo
1951273,0.176497,0,Medio
1951270,0.22477,0,Medio
1951275,0.176037,0,Medio
1951287,0.094899,0,Baixo
1951284,0.259873,0,Alto
1951274,0.072538,0,Baixo
1951289,0.134064,0,Baixo
1951293,0.22678,0,Medio
1951292,0.221974,0,Medio
1951298,0.085346,0,Baixo
1951301,0.178036,0,Medio
1951305,0.128829,0,Baixo
1951299,0.321919,0,Alto
1950796,0.084899,0,Baixo
1951315,0.131954,0,Baixo
1951316,0.202936,0,Medio
1951311,0.120338,0,Baixo
1951317,0.2338,0,Medio
1764610,0.292771,0,Alto
1951336,0.08266,0,Baixo
1905186,0.072471,0,Baixo
1951339,0.284025,0,Alto
1951334,0.208668,0,Medio
1951313,0.043721,0,Baixo
1949821,0.183491,0,Medio
1951338,0.100781,0,Baixo
1951342,0.377978,1,Critico
1951326,0.067866,0,Baixo
1951253,0.123863,0,Baixo
1951348,0.145312,0,Baixo
1951355,0.105857,0,Baixo
1951360,0.106024,0,Baixo
1951363,0.121167,0,Baixo
1951364,0.134475,0,Baixo
1951371,0.146543,0,Baixo
1951365,0.170252,0,Medio
1951369,0.397974,1,Critico
1951349,0.221125,0,Medio
1951374,0.168829,0,Medio
1949982,0.18532,0,Medio
1951361,0.121455,0,Baixo
1951353,0.178215,0,Medio
1948350,0.620036,1,Critico
1950737,0.108062,0,Baixo
1951380,0.266627,0,Alto
1951377,0.110888,0,Baixo
1951390,0.1637,0,Medio
1951388,0.214501,0,Medio
1951384,0.311825,0,Alto
1951376,0.081847,0,Baixo
1951387,0.241262,0,Medio
1951392,0.066335,0,Baixo
1951394,0.147587,0,Baixo
1951397,0.05308,0,Baixo
1951401,0.261801,0,Alto
1951391,0.486988,1,Critico
1951404,0.164957,0,Medio
1950466,0.243867,0,Medio
1950053,0.301814,0,Alto
1951406,0.125722,0,Baixo
1951247,0.057765,0,Baixo
1951407,0.038757,0,Baixo
1951410,0.206243,0,Medio
1951413,0.085994,0,Baixo
1951422,0.174598,0,Medio
1951403,0.177276,0,Medio
1951423,0.197745,0,Medio
1951428,0.244417,0,Medio
1951435,0.147112,0,Baixo
1951425,0.161805,0,Medio
1951450,0.29016,0,Alto
1951445,0.134153,0,Baixo
1951458,0.170904,0,Medio
1951461,0.125965,0,Baixo
1951462,0.338992,0,Alto
1951468,0.154492,0,Baixo
1951465,0.267305,0,Alto
1950666,0.194276,0,Medio
1951434,0.465995,1,Critico
1951469,0.215014,0,Medio
1951472,0.131767,0,Baixo
1951411,0.285925,0,Alto
1951453,0.140163,0,Baixo
1951396,0.23422,0,Medio
1951483,0.142464,0,Baixo
474888,0.134605,0,Baixo
1951485,0.095058,0,Baixo
1951488,0.089974,0,Baixo
1951487,0.075624,0,Baixo
1948698,0.184773,0,Medio
1951497,0.100265,0,Baixo
1951494,0.109839,0,Baixo
1951238,0.212959,0,Medio
1951502,0.039779,0,Baixo
1951504,0.176073,0,Medio
1951493,0.078177,0,Baixo
1951503,0.191052,0,Medio
1951505,0.200069,0,Medio
1951506,0.187539,0,Medio
1951512,0.073515,0,Baixo
1951480,0.379812,1,Critico
1951510,0.060962,0,Baixo
1948461,0.259272,0,Alto
1951515,0.205419,0,Medio
1951509,0.186578,0,Medio
1951522,0.10252,0,Baixo
1951519,0.097644,0,Baixo
1951113,0.099979,0,Baixo
1951529,0.123019,0,Baixo
1910401,0.209502,0,Medio
1951525,0.128091,0,Baixo
1951541,0.142352,0,Baixo
1951537,0.08918,0,Baixo
1951540,0.133756,0,Baixo
1947788,0.090249,0,Baixo
1951531,0.107518,0,Baixo
1951544,0.147514,0,Baixo
1951538,0.055305,0,Baixo
1951474,0.137642,0,Baixo
1951546,0.047631,0,Baixo
1951548,0.140977,0,Baixo
1951550,0.196906,0,Medio
1951553,0.061102,0,Baixo
1951460,0.116747,0,Baixo
1951536,0.163856,0,Medio
1951545,0.093855,0,Baixo
1951556,0.041048,0,Baixo
1951018,0.205437,0,Medio
1951560,0.081634,0,Baixo
1951559,0.13497,0,Baixo
1951017,0.206216,0,Medio
1951566,0.201048,0,Medio
1951571,0.105746,0,Baixo
1950600,0.227279,0,Medio
1951574,0.165801,0,Medio
1951576,0.190796,0,Medio
1950103,0.154673,0,Baixo
1951579,0.019307,0,Baixo
1949611,0.256392,0,Alto
1951582,0.080279,0,Baixo
1951584,0.315516,0,Alto
1951585,0.223104,0,Medio
1951372,0.149689,0,Baixo
1951590,0.159849,0,Baixo
1951593,0.436628,1,Critico
1951592,0.103482,0,Baixo
1951577,0.121082,0,Baixo
1951595,0.071669,0,Baixo
1950439,0.080711,0,Baixo
1951602,0.233774,0,Medio
1951343,0.15129,0,Baixo
1951609,0.343471,0,Alto
1951613,0.112942,0,Baixo
1951617,0.246552,0,Medio
1951498,0.257197,0,Alto
1951624,0.129154,0,Baixo
1951628,0.196314,0,Medio
1951631,0.294054,0,Alto
1948439,0.174221,0,Medio
1951210,0.165045,0,Medio
1951633,0.060967,0,Baixo
1951191,0.166184,0,Medio
1951620,0.100879,0,Baixo
1951467,0.131434,0,Baixo
1951603,0.016636,0,Baixo
1951659,0.194221,0,Medio
1951648,0.231807,0,Medio
1921830,0.206007,0,Medio
1951663,0.123163,0,Baixo
1951666,0.102417,0,Baixo
1951668,0.331325,0,Alto
1951671,0.073927,0,Baixo
1951677,0.192619,0,Medio
1950208,0.103404,0,Baixo
1951680,0.114786,0,Baixo
1951656,0.259391,0,Alto
1951683,0.232974,0,Medio
1951687,0.125335,0,Baixo
1951690,0.287699,0,Alto
1951692,0.334283,0,Alto
1951700,0.081924,0,Baixo
1951694,0.23079,0,Medio
1951697,0.207565,0,Medio
1940358,0.166228,0,Medio
1951327,0.165491,0,Medio
1951514,0.157015,0,Baixo
1951698,0.086517,0,Baixo
1951708,0.060285,0,Baixo
1951706,0.121008,0,Baixo
1951616,0.077062,0,Baixo
1951719,0.40452,1,Critico
1951721,0.22049,0,Medio
1951217,0.094586,0,Baixo
1949770,0.123474,0,Baixo
1951723,0.250105,0,Medio
1951395,0.30758,0,Alto
1951414,0.185535,0,Medio
1951733,0.318662,0,Alto
1951735,0.259773,0,Alto
1951736,0.201416,0,Medio
1951734,0.375794,1,Critico
1951737,0.164371,0,Medio
1951743,0.197588,0,Medio
1951738,0.379979,1,Critico
1951739,0.149462,0,Baixo
1951744,0.158462,0,Baixo
1951696,0.081041,0,Baixo
1951748,0.115102,0,Baixo
1951746,0.204289,0,Medio
1951749,0.396053,1,Critico
1951758,0.204266,0,Medio
1951756,0.309719,0,Alto
1951759,0.14518,0,Baixo
1951761,0.277542,0,Alto
1951753,0.425432,1,Critico
1951770,0.465543,1,Critico
1951764,0.221239,0,Medio
1435076,0.256162,0,Alto
1951776,0.198367,0,Medio
1951715,0.23972,0,Medio
1951766,0.037936,0,Baixo
1951340,0.101328,0,Baixo
1951452,0.344086,0,Alto
1951794,0.215502,0,Medio
1894392,0.416962,1,Critico
1951107,0.274801,0,Alto
1951797,0.14289,0,Baixo
1951804,0.144941,0,Baixo
1951182,0.105773,0,Baixo
1951796,0.154829,0,Baixo
1951337,0.123672,0,Baixo
1951793,0.257676,0,Alto
1951801,0.093267,0,Baixo
1951815,0.387857,1,Critico
696469,0.244679,0,Medio
1951799,0.098395,0,Baixo
1951790,0.422618,1,Critico
1951822,0.092832,0,Baixo
1951827,0.386873,1,Critico
1561396,0.137817,0,Baixo
1951825,0.124761,0,Baixo
1951426,0.19281,0,Medio
1951828,0.1513,0,Baixo
1951829,0.077912,0,Baixo
1951834,0.265908,0,Alto
1951835,0.216698,0,Medio
1951819,0.07823,0,Baixo
1951855,0.205127,0,Medio
1941485,0.184223,0,Medio
1951857,0.099272,0,Baixo
1951779,0.20884,0,Medio
1951851,0.220833,0,Medio
1951859,0.157718,0,Baixo
1951778,0.245573,0,Medio
1951866,0.052469,0,Baixo
1951854,0.086937,0,Baixo
1951858,0.20854,0,Medio
1951869,0.141713,0,Baixo
1951875,0.070061,0,Baixo
1951885,0.220422,0,Medio
1951882,0.469027,1,Critico
1779099,0.372978,1,Critico
1951850,0.121448,0,Baixo
1951886,0.117036,0,Baixo
1951867,0.13304,0,Baixo
1951889,0.044917,0,Baixo
1951887,0.160615,0,Medio
1777121,0.269491,0,Alto
1951892,0.166081,0,Medio
1951881,0.225948,0,Medio
1951389,0.180815,0,Medio
1951893,0.406725,1,Critico
1951901,0.043941,0,Baixo
1951243,0.048753,0,Baixo
1951852,0.309744,0,Alto
1951296,0.29657,0,Alto
1951864,0.070946,0,Baixo
1951900,0.139213,0,Baixo
1951906,0.330186,0,Alto
1951899,0.153226,0,Baixo
1951769,0.059468,0,Baixo
1951927,0.268463,0,Alto
1951916,0.032148,0,Baixo
1951910,0.40373,1,Critico
1951918,0.360097,1,Critico
1951913,0.329481,0,Alto
1951937,0.230813,0,Medio
1951940,0.273416,0,Alto
1951909,0.324285,0,Alto
1951933,0.192822,0,Medio
1951557,0.177979,0,Medio
1951912,0.256392,0,Alto
1951945,0.059453,0,Baixo
1951926,0.124421,0,Baixo
1951929,0.279245,0,Alto
1951954,0.126378,0,Baixo
1951942,0.083579,0,Baixo
1951944,0.153756,0,Baixo
1951956,0.267239,0,Alto
1951938,0.185339,0,Medio
1951042,0.088767,0,Baixo
1951947,0.337993,0,Alto
1951935,0.126039,0,Baixo
1951960,0.181062,0,Medio
1951966,0.455128,1,Critico
1951917,0.138365,0,Baixo
1951922,0.10902,0,Baixo
1951967,0.221298,0,Medio
1951970,0.032807,0,Baixo
1951964,0.050854,0,Baixo
1951931,0.024906,0,Baixo
1951841,0.452572,1,Critico
1951840,0.306873,0,Alto
1951987,0.031108,0,Baixo
1951984,0.187205,0,Medio
1951986,0.317232,0,Alto
1951993,0.244444,0,Medio
1951973,0.129798,0,Baixo
1951990,0.369,1,Critico
1951995,0.167536,0,Medio
1951972,0.251872,0,Medio
1951874,0.309775,0,Alto
1952001,0.256443,0,Alto
1951999,0.276839,0,Alto
1952002,0.083373,0,Baixo
1951998,0.1372,0,Baixo
1952008,0.307734,0,Alto
1952007,0.048065,0,Baixo
1952004,0.20945,0,Medio
1941800,0.125228,0,Baixo
1952005,0.036359,0,Baixo
1952014,0.153559,0,Baixo
1951206,0.143934,0,Baixo
1952015,0.105307,0,Baixo
1952018,0.201693,0,Medio
1952032,0.177203,0,Medio
1952022,0.177553,0,Medio
1952023,0.240245,0,Medio
1952034,0.204339,0,Medio
1952030,0.303141,0,Alto
1952020,0.313262,0,Alto
1952038,0.341792,0,Alto
1952016,0.22661,0,Medio
1952045,0.089349,0,Baixo
1952037,0.086182,0,Baixo
1952041,0.156656,0,Baixo
1952029,0.212096,0,Medio
1952047,0.374639,1,Critico
1952051,0.121811,0,Baixo
1949281,0.061612,0,Baixo
1952058,0.414057,1,Critico
1952060,0.035673,0,Baixo
1949807,0.14737,0,Baixo
1952061,0.303482,0,Alto
1951941,0.451072,1,Critico
1952069,0.118727,0,Baixo
1952072,0.107952,0,Baixo
1950511,0.275864,0,Alto
1952074,0.056813,0,Baixo
1952062,0.176136,0,Medio
1952077,0.284276,0,Alto
1951357,0.17305,0,Medio
1926744,0.17005,0,Medio
1952075,0.167526,0,Medio
1952064,0.102033,0,Baixo
1952081,0.048713,0,Baixo
1952052,0.170591,0,Medio
1952028,0.211271,0,Medio
1951125,0.143225,0,Baixo
1951789,0.337666,0,Alto
1951996,0.310864,0,Alto
1952090,0.169593,0,Medio
1952101,0.162813,0,Medio
1952096,0.181452,0,Medio
1951095,0.166011,0,Medio
1952105,0.121378,0,Baixo
1952010,0.116209,0,Baixo
1952112,0.179445,0,Medio
1739100,0.38448,1,Critico
1951650,0.03587,0,Baixo
1952094,0.044124,0,Baixo
1952122,0.178178,0,Medio
1952123,0.087796,0,Baixo
1952127,0.044708,0,Baixo
1952140,0.237785,0,Medio
1951861,0.17328,0,Medio
1952143,0.076107,0,Baixo
1952152,0.166129,0,Medio
1952158,0.166987,0,Medio
1951379,0.201191,0,Medio
1952161,0.216054,0,Medio
1952164,0.067543,0,Baixo
1952165,0.03593,0,Baixo
1952169,0.168232,0,Medio
1952117,0.262931,0,Alto
1952171,0.134362,0,Baixo
1952174,0.108451,0,Baixo
1952033,0.198986,0,Medio
1951418,0.306782,0,Alto
1952173,0.164739,0,Medio
1951934,0.208379,0,Medio
1952180,0.033964,0,Baixo
1952166,0.24699,0,Medio
1951831,0.47296,1,Critico
1952196,0.234461,0,Medio
1950700,0.162095,0,Medio
1951969,0.209758,0,Medio
1952048,0.080123,0,Baixo
1951277,0.267375,0,Alto
1735559,0.424239,1,Critico
1951052,0.186183,0,Medio
1944649,0.435915,1,Critico
1951632,0.07843,0,Baixo
1952139,0.13799,0,Baixo
1951003,0.135217,0,Baixo
1951183,0.05079,0,Baixo
1951915,0.142875,0,Baixo
1952204,0.243622,0,Medio
1951126,0.195424,0,Medio
1951567,0.131802,0,Baixo
1951456,0.224163,0,Medio
1952205,0.150758,0,Baixo
1951205,0.110389,0,Baixo
1950507,0.307243,0,Alto
1951069,0.217123,0,Medio
1834253,0.159384,0,Baixo
1951784,0.263178,0,Alto
1951486,0.075134,0,Baixo
1952144,0.353194,1,Alto
1951601,0.127669,0,Baixo
1951116,0.178318,0,Medio
1951112,0.14743,0,Baixo
1951847,0.513592,1,Critico
1952210,0.225386,0,Medio
1951085,0.357104,1,Alto
1952208,0.097545,0,Baixo
1952211,0.164238,0,Medio
1952212,0.214408,0,Medio
1947708,0.152363,0,Baixo
1952214,0.267793,0,Alto
1952224,0.112371,0,Baixo
1952225,0.035112,0,Baixo
1951876,0.366044,1,Critico
1950705,0.156653,0,Baixo
1951347,0.160582,0,Baixo
1952217,0.144337,0,Baixo
1952227,0.214462,0,Medio
1952235,0.135899,0,Baixo
1952232,0.232107,0,Medio
1952238,0.136707,0,Baixo
1952241,0.212643,0,Medio
1952242,0.212024,0,Medio
1952246,0.179316,0,Medio
1952244,0.224912,0,Medio
1952245,0.119426,0,Baixo
1952243,0.101247,0,Baixo
1895820,0.169389,0,Medio
1952248,0.124132,0,Baixo
1948634,0.083238,0,Baixo
1952261,0.098177,0,Baixo
1952267,0.113911,0,Baixo
1952264,0.179683,0,Medio
1952270,0.159556,0,Baixo
1951810,0.096218,0,Baixo
1952260,0.141519,0,Baixo
1951816,0.159349,0,Baixo
1951094,0.183852,0,Medio
1952262,0.151821,0,Baixo
1951067,0.079794,0,Baixo
1952147,0.216836,0,Medio
1952240,0.363627,1,Critico
1952266,0.221258,0,Medio
1952273,0.156894,0,Baixo
1952278,0.378651,1,Critico
1952280,0.184606,0,Medio
1952271,0.126058,0,Baixo
1952275,0.223535,0,Medio
1952290,0.218183,0,Medio
1952234,0.319771,0,Alto
1952297,0.141739,0,Baixo
1952276,0.106704,0,Baixo
1952272,0.273291,0,Alto
1952254,0.225804,0,Medio
1952296,0.236912,0,Medio
1952295,0.296839,0,Alto
1952289,0.392072,1,Critico
1952288,0.160191,0,Baixo
1952291,0.311046,0,Alto
1952308,0.216946,0,Medio
1952310,0.204785,0,Medio
1952309,0.309929,0,Alto
1952274,0.213823,0,Medio
1952302,0.193238,0,Medio
1952315,0.138404,0,Baixo
1952317,0.468529,1,Critico
1898785,0.351268,1,Alto
1943433,0.096557,0,Baixo
1952318,0.525813,1,Critico
1952294,0.206779,0,Medio
1952327,0.215786,0,Medio
1952314,0.360779,1,Critico
1952326,0.138227,0,Baixo
1952325,0.217974,0,Medio
1952316,0.151072,0,Baixo
1952300,0.28377,0,Alto
1952111,0.126992,0,Baixo
1952305,0.12686,0,Baixo
1952322,0.215669,0,Medio
1950847,0.17935,0,Medio
1951443,0.18786,0,Medio
1952320,0.243464,0,Medio
1952341,0.172452,0,Medio
1951324,0.361612,1,Critico
1952340,0.211834,0,Medio
1952332,0.182766,0,Medio
1952345,0.181813,0,Medio
1952334,0.236501,0,Medio
1952218,0.253139,0,Alto
1952344,0.234956,0,Medio
1952352,0.240798,0,Medio
1952353,0.258223,0,Alto
1952354,0.551789,1,Critico
1952364,0.18498,0,Medio
1952349,0.1197,0,Baixo
1950454,0.068713,0,Baixo
1952357,0.245145,0,Medio
1952361,0.207864,0,Medio
1952373,0.187725,0,Medio
1951870,0.143074,0,Baixo
1952370,0.223525,0,Medio
1951781,0.125847,0,Baixo
1952367,0.234812,0,Medio
1952369,0.160417,0,Baixo
1952383,0.252118,0,Alto
1952390,0.133548,0,Baixo
1952386,0.60448,1,Critico
1952387,0.186981,0,Medio
1948153,0.440885,1,Critico
1952395,0.043075,0,Baixo
1952372,0.256626,0,Alto
1952399,0.090934,0,Baixo
1952375,0.105778,0,Baixo
1952303,0.287235,0,Alto
1952371,0.370841,1,Critico
1952415,0.263247,0,Alto
1947470,0.065737,0,Baixo
1937863,0.274746,0,Alto
1952259,0.135495,0,Baixo
1952421,0.173137,0,Medio
1952420,0.321462,0,Alto
1952428,0.2105,0,Medio
1952422,0.231607,0,Medio
1952435,0.279123,0,Alto
1952434,0.413286,1,Critico
1952431,0.288075,0,Alto
1952430,0.360963,1,Critico
1952253,0.37323,1,Critico
1951050,0.196645,0,Medio
1952417,0.136166,0,Baixo
1952368,0.094,0,Baixo
1952441,0.10322,0,Baixo
1952392,0.094678,0,Baixo
1926374,0.315587,0,Alto
1952414,0.266995,0,Alto
1952409,0.251567,0,Medio
1952408,0.074759,0,Baixo
1952402,0.173076,0,Medio
1952440,0.424369,1,Critico
1951907,0.054228,0,Baixo
1952396,0.088612,0,Baixo
1952091,0.472617,1,Critico
1950141,0.53456,1,Critico
1952444,0.164641,0,Medio
1060433,0.238576,0,Medio
1951078,0.173478,0,Medio
1952321,0.075399,0,Baixo
1952447,0.377645,1,Critico
1952230,0.361257,1,Critico
1951440,0.052339,0,Baixo
1826469,0.218673,0,Medio
1951333,0.175377,0,Medio
1952448,0.099848,0,Baixo
1951368,0.140188,0,Baixo
1952452,0.216767,0,Medio
1952450,0.217444,0,Medio
1952176,0.25414,0,Alto
1952451,0.088899,0,Baixo
1952458,0.185145,0,Medio
1923398,0.439126,1,Critico
1952418,0.215678,0,Medio
1952423,0.158299,0,Baixo
1952356,0.170153,0,Medio
1952454,0.308869,0,Alto
1893967,0.170387,0,Medio
1952468,0.191096,0,Medio
1952465,0.168558,0,Medio
1951732,0.115272,0,Baixo
1952471,0.211039,0,Medio
1952455,0.100032,0,Baixo
1952481,0.16694,0,Medio
1952479,0.109288,0,Baixo
1952461,0.169514,0,Medio
1948838,0.276455,0,Alto
1952486,0.213828,0,Medio
1927938,0.47404,1,Critico
1952483,0.273412,0,Alto
1952490,0.108038,0,Baixo
1952488,0.090614,0,Baixo
1952484,0.220058,0,Medio
1952311,0.200697,0,Medio
1952498,0.370609,1,Critico
1952494,0.337007,0,Alto
1952480,0.185153,0,Medio
1952497,0.236847,0,Medio
1952505,0.329708,0,Alto
1952487,0.163955,0,Medio
1952403,0.115417,0,Baixo
1952500,0.271556,0,Alto
1952476,0.358793,1,Critico
1952226,0.082131,0,Baixo
1952284,0.281646,0,Alto
1952499,0.140109,0,Baixo
1952509,0.209782,0,Medio
1952514,0.280185,0,Alto
1952511,0.19516,0,Medio
1780951,0.293969,0,Alto
1952503,0.319975,0,Alto
1938940,0.250974,0,Medio
1951302,0.241577,0,Medio
1951879,0.362648,1,Critico
1952496,0.45477,1,Critico
1952522,0.348037,0,Alto
1950684,0.236546,0,Medio
1952528,0.058368,0,Baixo
1951097,0.182758,0,Medio
1952515,0.045678,0,Baixo
1952380,0.371514,1,Critico
1952523,0.249127,0,Medio
1952531,0.423678,1,Critico
1951610,0.318449,0,Alto
1952534,0.319541,0,Alto
1951063,0.140484,0,Baixo
1949438,0.363469,1,Critico
1952493,0.191635,0,Medio
1952527,0.181829,0,Medio
1952546,0.148816,0,Baixo
1952460,0.185414,0,Medio
1952545,0.034324,0,Baixo
1952436,0.145641,0,Baixo
1952548,0.206817,0,Medio
1952520,0.07972,0,Baixo
1949419,0.201458,0,Medio
1952540,0.129251,0,Baixo
1952557,0.199344,0,Medio
1952562,0.102367,0,Baixo
1952539,0.118812,0,Baixo
1952570,0.207668,0,Medio
1952462,0.337243,0,Alto
1952432,0.256357,0,Alto
1952567,0.196679,0,Medio
1952556,0.347867,0,Alto
1952561,0.356441,1,Alto
1952116,0.064876,0,Baixo
1952581,0.214998,0,Medio
1952577,0.367409,1,Critico
1952587,0.132885,0,Baixo
1952573,0.550745,1,Critico
1952586,0.258447,0,Alto
1952277,0.291064,0,Alto
1952592,0.074049,0,Baixo
1952595,0.233456,0,Medio
1952593,0.270676,0,Alto
1952255,0.276855,0,Alto
1952604,0.070144,0,Baixo
1952590,0.29139,0,Alto
1952589,0.180299,0,Medio
1952597,0.154172,0,Baixo
1952596,0.281233,0,Alto
1952609,0.519881,1,Critico
1951433,0.22022,0,Medio
1951902,0.072669,0,Baixo
1938838,0.143565,0,Baixo
1952374,0.158859,0,Baixo
1916361,0.167664,0,Medio
1951280,0.085954,0,Baixo
1952359,0.152252,0,Baixo
1950858,0.107449,0,Baixo
1952477,0.036074,0,Baixo
1952603,0.197183,0,Medio
1952501,0.320889,0,Alto
1947882,0.045117,0,Baixo
1952413,0.171887,0,Medio
1951484,0.212156,0,Medio
1952601,0.127132,0,Baixo
1952424,0.117073,0,Baixo
1951712,0.209303,0,Medio
1952213,0.261554,0,Alto
1952608,0.4063,1,Critico
1924464,0.128341,0,Baixo
1952572,0.114174,0,Baixo
1952626,0.077879,0,Baixo
481126,0.196449,0,Medio
1952629,0.177026,0,Medio
1952620,0.215021,0,Medio
1952635,0.138949,0,Baixo
1952645,0.253419,0,Alto
1952667,0.224326,0,Medio
1952636,0.149405,0,Baixo
1952641,0.236976,0,Medio
1952639,0.160714,0,Medio
1952668,0.148588,0,Baixo
1952660,0.129808,0,Baixo
1952666,0.143777,0,Baixo
1952606,0.158003,0,Baixo
1952653,0.236376,0,Medio
1952662,0.130947,0,Baixo
1952646,0.177971,0,Medio
1670935,0.320795,0,Alto
1952665,0.106454,0,Baixo
1952671,0.153186,0,Baixo
1952553,0.246068,0,Medio
1952692,0.096982,0,Baixo
1952502,0.232202,0,Medio
1952625,0.22932,0,Medio
1952694,0.166013,0,Medio
1952677,0.198112,0,Medio
1952709,0.090454,0,Baixo
1952698,0.117021,0,Baixo
1952703,0.140607,0,Baixo
1952482,0.305529,0,Alto
1952717,0.13812,0,Baixo
1952685,0.179255,0,Medio
1952693,0.124684,0,Baixo
1952696,0.189355,0,Medio
1948125,0.334753,0,Alto
1952731,0.089424,0,Baixo
1952681,0.124946,0,Baixo
1952638,0.120796,0,Baixo
1952701,0.164505,0,Medio
1952739,0.393443,1,Critico
1952103,0.283471,0,Alto
1952650,0.151655,0,Baixo
1952740,0.262057,0,Alto
1952732,0.222346,0,Medio
1946227,0.117211,0,Baixo
1952125,0.245047,0,Medio
1952702,0.349225,0,Alto
1952746,0.148031,0,Baixo
1952733,0.4506,1,Critico
1952735,0.167651,0,Medio
1952405,0.548631,1,Critico
1952711,0.185422,0,Medio
1952727,0.324037,0,Alto
1952728,0.146244,0,Baixo
1952726,0.073465,0,Baixo
1952768,0.225186,0,Medio
1946628,0.251907,0,Medio
1951637,0.148232,0,Baixo
1952475,0.191869,0,Medio
1952602,0.068394,0,Baixo
1952630,0.195345,0,Medio
1950435,0.070432,0,Baixo
1952684,0.271479,0,Alto
1952782,0.197655,0,Medio
1952783,0.477044,1,Critico
1952771,0.10993,0,Baixo
1952786,0.311299,0,Alto
1952610,0.205904,0,Medio
1952672,0.211716,0,Medio
1952788,0.146369,0,Baixo
1952612,0.120038,0,Baixo
1952439,0.186354,0,Medio
1952775,0.144037,0,Baixo
1945001,0.203606,0,Medio
1952536,0.195183,0,Medio
1952807,0.171904,0,Medio
1952806,0.101768,0,Baixo
1952720,0.123615,0,Baixo
1952799,0.169217,0,Medio
1952787,0.211968,0,Medio
1952813,0.11101,0,Baixo
1952798,0.148423,0,Baixo
1952824,0.315623,0,Alto
1952816,0.092763,0,Baixo
1952831,0.191961,0,Medio
1952826,0.334419,0,Alto
1952815,0.379145,1,Critico
1952360,0.29487,0,Alto
1952829,0.151239,0,Baixo
1952830,0.182907,0,Medio
1952820,0.131475,0,Baixo
1952781,0.396275,1,Critico
1812299,0.248553,0,Medio
1952689,0.166699,0,Medio
1952825,0.21161,0,Medio
1946733,0.273371,0,Alto
1952675,0.129445,0,Baixo
1952842,0.199607,0,Medio
1951523,0.17263,0,Medio
1952837,0.100464,0,Baixo
1946060,0.131321,0,Baixo
1952850,0.071574,0,Baixo
1952758,0.238916,0,Medio
1952039,0.337312,0,Alto
1952846,0.301276,0,Alto
1952761,0.195515,0,Medio
1864452,0.082444,0,Baixo
1952854,0.102189,0,Baixo
1952627,0.063073,0,Baixo
1952851,0.534188,1,Critico
1952818,0.230351,0,Medio
1951381,0.212051,0,Medio
1952863,0.105305,0,Baixo
1952872,0.533326,1,Critico
1952869,0.170306,0,Medio
1952855,0.214082,0,Medio
1952871,0.287422,0,Alto
1934092,0.166601,0,Medio
1952874,0.345344,0,Alto
1952679,0.077151,0,Baixo
1952800,0.262298,0,Alto
1800274,0.283024,0,Alto
1952810,0.275526,0,Alto
1952895,0.306046,0,Alto
1952889,0.320662,0,Alto
1951405,0.315388,0,Alto
1952896,0.143003,0,Baixo
1952883,0.26623,0,Alto
1952881,0.265159,0,Alto
1952885,0.289053,0,Alto
1952605,0.176359,0,Medio
1952900,0.087089,0,Baixo
1952886,0.145424,0,Baixo
1949636,0.040201,0,Baixo
1952866,0.093406,0,Baixo
1952892,0.093609,0,Baixo
1949858,0.117326,0,Baixo
1948905,0.091886,0,Baixo
1952904,0.258748,0,Alto
1952893,0.122344,0,Baixo
1952575,0.305968,0,Alto
1952911,0.377858,1,Critico
1952843,0.198432,0,Medio
1952865,0.335375,0,Alto
1947698,0.226256,0,Medio
1952903,0.18386,0,Medio
1952640,0.161627,0,Medio
1952858,0.169691,0,Medio
1951720,0.11312,0,Baixo
1952879,0.41365,1,Critico
1952926,0.118436,0,Baixo
1952923,0.163428,0,Medio
1952905,0.082174,0,Baixo
1952933,0.051589,0,Baixo
1952930,0.246802,0,Medio
1952894,0.258702,0,Alto
1952779,0.131075,0,Baixo
1952054,0.299917,0,Alto
1952939,0.081582,0,Baixo
1951552,0.176172,0,Medio
1952938,0.156782,0,Baixo
1947746,0.09551,0,Baixo
1952944,0.053631,0,Baixo
1952955,0.193462,0,Medio
1952983,0.19228,0,Medio
1952985,0.097976,0,Baixo
1952773,0.160248,0,Baixo
1952998,0.07263,0,Baixo
1952989,0.062301,0,Baixo
1952977,0.070383,0,Baixo
1952979,0.045156,0,Baixo
1952973,0.138913,0,Baixo
1952921,0.119306,0,Baixo
1952298,0.169414,0,Medio
1952991,0.408504,1,Critico
1951599,0.100792,0,Baixo
1952928,0.701678,1,Critico
1953001,0.094645,0,Baixo
1952974,0.102598,0,Baixo
1952982,0.215336,0,Medio
1953032,0.078923,0,Baixo
1952990,0.399591,1,Critico
1953023,0.053127,0,Baixo
1953015,0.488751,1,Critico
1952780,0.118119,0,Baixo
1953033,0.250439,0,Medio
1953034,0.342729,0,Alto
1953042,0.174223,0,Medio
1953040,0.187999,0,Medio
1944017,0.197214,0,Medio
1948524,0.229576,0,Medio
1953031,0.224187,0,Medio
1952584,0.384333,1,Critico
1947334,0.123459,0,Baixo
1935278,0.361705,1,Critico
1953051,0.12116,0,Baixo
1952132,0.107841,0,Baixo
1953046,0.275285,0,Alto
1951108,0.102215,0,Baixo
1952560,0.082052,0,Baixo
1953050,0.06882,0,Baixo
1953079,0.148396,0,Baixo
1952805,0.149034,0,Baixo
1951351,0.175656,0,Medio
1953066,0.333636,0,Alto
1953081,0.148431,0,Baixo
1953086,0.377806,1,Critico
1952814,0.150717,0,Baixo
1953084,0.092798,0,Baixo
1953082,0.217619,0,Medio
1951521,0.468714,1,Critico
1953075,0.156191,0,Baixo
1953078,0.068135,0,Baixo
1952908,0.081453,0,Baixo
1950593,0.203302,0,Medio
1953090,0.262324,0,Alto
1953092,0.069524,0,Baixo
1953074,0.096795,0,Baixo
1953083,0.107919,0,Baixo
1953098,0.274409,0,Alto
1953087,0.096157,0,Baixo
1952934,0.37885,1,Critico
1953085,0.460699,1,Critico
1953105,0.408409,1,Critico
1951955,0.106897,0,Baixo
1952182,0.284689,0,Alto
1953104,0.21967,0,Medio
1953103,0.43975,1,Critico
1905702,0.292886,0,Alto
1952956,0.100589,0,Baixo
1953113,0.10557,0,Baixo
1952623,0.157339,0,Baixo
1953108,0.025696,0,Baixo
1951513,0.156817,0,Baixo
1953111,0.498104,1,Critico
1952652,0.138659,0,Baixo
1953131,0.140789,0,Baixo
1952588,0.049974,0,Baixo
1948882,0.354447,1,Alto
1952967,0.399824,1,Critico
1953130,0.296238,0,Alto
1953117,0.318088,0,Alto
1953139,0.227991,0,Medio
1953146,0.428124,1,Critico
1952342,0.384936,1,Critico
1952966,0.172015,0,Medio
1953128,0.297568,0,Alto
1953138,0.178451,0,Medio
1953159,0.251746,0,Medio
1953161,0.112676,0,Baixo
1953071,0.09755,0,Baixo
1951303,0.112003,0,Baixo
1953172,0.156054,0,Baixo
1953137,0.125549,0,Baixo
1953166,0.348035,0,Alto
1953152,0.060276,0,Baixo
1952965,0.38399,1,Critico
1952472,0.187068,0,Medio
1953175,0.357531,1,Alto
1952762,0.026103,0,Baixo
1953168,0.301753,0,Alto
1953155,0.26645,0,Alto
1950491,0.101987,0,Baixo
1953141,0.419497,1,Critico
1951344,0.374355,1,Critico
1953171,0.299142,0,Alto
1953182,0.320857,0,Alto
1953187,0.285487,0,Alto
1953183,0.197084,0,Medio
1953194,0.082733,0,Baixo
1952170,0.2107,0,Medio
1952086,0.168527,0,Medio
1953209,0.213883,0,Medio
1953157,0.246676,0,Medio
1952929,0.423006,1,Critico
1953198,0.148509,0,Baixo
1953195,0.163709,0,Medio
1953203,0.130532,0,Baixo
1953176,0.155114,0,Baixo
1953026,0.256793,0,Alto
1953206,0.19923,0,Medio
1953170,0.299869,0,Alto
1953044,0.311897,0,Alto
1952811,0.384658,1,Critico
1952888,0.110988,0,Baixo
1953191,0.138028,0,Baixo
1953199,0.172268,0,Medio
1953136,0.25789,0,Alto
1953196,0.339409,0,Alto
1953226,0.546592,1,Critico
1952485,0.207877,0,Medio
1951283,0.314742,0,Alto
1953237,0.181626,0,Medio
1953201,0.134665,0,Baixo
1953224,0.245726,0,Medio
1953223,0.252268,0,Alto
1951034,0.144442,0,Baixo
1953210,0.127593,0,Baixo
1952922,0.04954,0,Baixo
1953216,0.264143,0,Alto
1953241,0.213121,0,Medio
1953233,0.135241,0,Baixo
1953214,0.329992,0,Alto
1953231,0.146864,0,Baixo
1953212,0.255315,0,Alto
1953246,0.234408,0,Medio
1953244,0.04516,0,Baixo
1953248,0.19887,0,Medio
1952936,0.209296,0,Medio
1953253,0.159493,0,Baixo
1953256,0.419218,1,Critico
1953261,0.511823,1,Critico
1953267,0.16729,0,Medio
1953268,0.095279,0,Baixo
1953263,0.137001,0,Baixo
1953147,0.456671,1,Critico
1953273,0.285451,0,Alto
1953064,0.156022,0,Baixo
1953280,0.17618,0,Medio
1953259,0.175258,0,Medio
1951534,0.116616,0,Baixo
1953277,0.222847,0,Medio
1953279,0.174428,0,Medio
1953284,0.198722,0,Medio
1952568,0.392873,1,Critico
1953283,0.107431,0,Baixo
1953106,0.145661,0,Baixo
1952053,0.094316,0,Baixo
1953053,0.195516,0,Medio
1953289,0.548862,1,Critico
1953286,0.133709,0,Baixo
1953297,0.387002,1,Critico
1953301,0.251253,0,Medio
1953291,0.407955,1,Critico
1951568,0.119437,0,Baixo
1953282,0.210946,0,Medio
1953300,0.082605,0,Baixo
1953271,0.271062,0,Alto
1953299,0.104643,0,Baixo
1953319,0.114984,0,Baixo
1952582,0.156568,0,Baixo
1952600,0.103674,0,Baixo
1953317,0.205555,0,Medio
1953324,0.272089,0,Alto
1953321,0.168186,0,Medio
1953327,0.13344,0,Baixo
1953330,0.2537,0,Alto
1953221,0.364134,1,Critico
1953340,0.336418,0,Alto
1951930,0.366375,1,Critico
1953102,0.193835,0,Medio
1953333,0.215491,0,Medio
1953347,0.21211,0,Medio
1953349,0.223042,0,Medio
1953336,0.258427,0,Alto
1952579,0.228651,0,Medio
1950373,0.269172,0,Alto
1953352,0.232516,0,Medio
1953331,0.300027,0,Alto
1953344,0.378331,1,Critico
1953313,0.496469,1,Critico
1953359,0.069957,0,Baixo
1927986,0.325149,0,Alto
1953358,0.180539,0,Medio
1953353,0.095113,0,Baixo
1950334,0.152751,0,Baixo
1944486,0.337321,0,Alto
1953351,0.152716,0,Baixo
1953222,0.19822,0,Medio
1952832,0.190716,0,Medio
1909564,0.10339,0,Baixo
1952401,0.125521,0,Baixo
1953229,0.100579,0,Baixo
1952011,0.157701,0,Baixo
1953236,0.219463,0,Medio
1953342,0.248106,0,Medio
1953383,0.267567,0,Alto
1953361,0.381245,1,Critico
1950044,0.074222,0,Baixo
1953003,0.239356,0,Medio
1953382,0.111295,0,Baixo
1953387,0.176968,0,Medio
1952304,0.374507,1,Critico
1953292,0.392116,1,Critico
1953140,0.129154,0,Baixo
1953169,0.244046,0,Medio
1953397,0.074144,0,Baixo
1951684,0.056636,0,Baixo
1953376,0.214805,0,Medio
1952470,0.142651,0,Baixo
1953400,0.355214,1,Alto
1953392,0.100166,0,Baixo
1953234,0.21074,0,Medio
1953088,0.224069,0,Medio
1953391,0.433656,1,Critico
1953312,0.261368,0,Alto
1927159,0.417521,1,Critico
1953302,0.392624,1,Critico
1951742,0.098923,0,Baixo
1953407,0.376973,1,Critico
1952013,0.262825,0,Alto
1953410,0.441584,1,Critico
1952563,0.308284,0,Alto
1953416,0.384077,1,Critico
1952971,0.188655,0,Medio
1953421,0.197149,0,Medio
1953415,0.27396,0,Alto
1950061,0.40652,1,Critico
1953404,0.116196,0,Baixo
1953426,0.125562,0,Baixo
1953365,0.293983,0,Alto
1953428,0.185128,0,Medio
1952394,0.159846,0,Baixo
1952504,0.181954,0,Medio
1943436,0.308429,0,Alto
1952876,0.12036,0,Baixo
1349004,0.083338,0,Baixo
1953437,0.198032,0,Medio
1953260,0.239381,0,Medio
1953439,0.174181,0,Medio
1953445,0.181669,0,Medio
1953436,0.208283,0,Medio
1951979,0.128428,0,Baixo
1953444,0.446332,1,Critico
1953442,0.259219,0,Alto
1953446,0.107964,0,Baixo
1953440,0.323142,0,Alto
1953311,0.130434,0,Baixo
1953379,0.285436,0,Alto
1953414,0.409387,1,Critico
1953453,0.313874,0,Alto
1953239,0.064259,0,Baixo
1909547,0.398925,1,Critico
1953461,0.161914,0,Medio
1953449,0.116222,0,Baixo
1953467,0.203281,0,Medio
1951591,0.347229,0,Alto
1952849,0.187009,0,Medio
1953375,0.28981,0,Alto
1953479,0.141775,0,Baixo
1953472,0.378971,1,Critico
1953381,0.194733,0,Medio
1953465,0.485212,1,Critico
1953477,0.164251,0,Medio
1953020,0.187362,0,Medio
1953502,0.076998,0,Baixo
1953451,0.334581,0,Alto
1953405,0.402943,1,Critico
1953503,0.068503,0,Baixo
1953514,0.218829,0,Medio
1791442,0.057293,0,Baixo
1953515,0.152008,0,Baixo
1953505,0.033913,0,Baixo
1953524,0.09358,0,Baixo
1937238,0.148655,0,Baixo
1953517,0.096056,0,Baixo
1953533,0.071346,0,Baixo
1953540,0.25585,0,Alto
1953526,0.212509,0,Medio
1953537,0.227045,0,Medio
1953528,0.211019,0,Medio
1953527,0.06398,0,Baixo
1953513,0.03492,0,Baixo
1953060,0.289506,0,Alto
1953266,0.142192,0,Baixo
1953546,0.1714,0,Medio
1953520,0.100374,0,Baixo
1953544,0.179277,0,Medio
1952257,0.212992,0,Medio
1953500,0.037243,0,Baixo
1953549,0.237963,0,Medio
1953521,0.060534,0,Baixo
1953550,0.259183,0,Alto
1953457,0.17623,0,Medio
1951976,0.380847,1,Critico
1953250,0.302389,0,Alto
1953398,0.384522,1,Critico
1953516,0.072768,0,Baixo
1953408,0.522002,1,Critico
1952124,0.095706,0,Baixo
1952084,0.161326,0,Medio
1952962,0.18095,0,Medio
1953538,0.21495,0,Medio
1952853,0.280445,0,Alto
1953434,0.122152,0,Baixo
1952576,0.135032,0,Baixo
1953563,0.160232,0,Baixo
1953583,0.07924,0,Baixo
1953494,0.45946,1,Critico
1949881,0.241095,0,Medio
1953581,0.090072,0,Baixo
1952388,0.068244,0,Baixo
1953458,0.259737,0,Alto
1953573,0.06616,0,Baixo
1953596,0.031699,0,Baixo
1953599,0.106193,0,Baixo
1953608,0.150855,0,Baixo
1953582,0.155575,0,Baixo
1953611,0.373326,1,Critico
1953610,0.335622,0,Alto
1953597,0.355285,1,Alto
1953462,0.123521,0,Baixo
1953612,0.324239,0,Alto
1953616,0.185661,0,Medio
1942459,0.396607,1,Critico
1953619,0.347172,0,Alto
1952682,0.262979,0,Alto
1953561,0.189281,0,Medio
1953617,0.173049,0,Medio
1953622,0.157424,0,Baixo
1953615,0.075304,0,Baixo
1953548,0.076828,0,Baixo
1953497,0.272409,0,Alto
1949661,0.078075,0,Baixo
1953640,0.166504,0,Medio
1953631,0.228224,0,Medio
1953356,0.205944,0,Medio
1952916,0.065551,0,Baixo
1953627,0.355232,1,Alto
1953650,0.036177,0,Baixo
1953638,0.395715,1,Critico
1953637,0.146949,0,Baixo
1953620,0.151072,0,Baixo
1953658,0.509504,1,Critico
1953656,0.324349,0,Alto
1953655,0.367532,1,Critico
1953498,0.222754,0,Medio
1953492,0.377515,1,Critico
1953454,0.23013,0,Medio
1950327,0.163459,0,Medio
1953530,0.043856,0,Baixo
1953667,0.218212,0,Medio
1953660,0.211913,0,Medio
1953501,0.044111,0,Baixo
1953669,0.179188,0,Medio
1953680,0.29306,0,Alto
1951809,0.202754,0,Medio
1953303,0.090283,0,Baixo
1953683,0.178978,0,Medio
1953688,0.0685,0,Baixo
1953665,0.151547,0,Baixo
1953691,0.317118,0,Alto
1953689,0.317836,0,Alto
1953690,0.280252,0,Alto
1953696,0.127096,0,Baixo
1953489,0.143264,0,Baixo
1942523,0.294338,0,Alto
1953671,0.219223,0,Medio
1953699,0.150563,0,Baixo
1953384,0.101839,0,Baixo
1953700,0.233339,0,Medio
1952179,0.06814,0,Baixo
1952624,0.216351,0,Medio
1953707,0.2003,0,Medio
1953675,0.042155,0,Baixo
1953705,0.230455,0,Medio
1953712,0.179496,0,Medio
1953413,0.034202,0,Baixo
1953720,0.255139,0,Alto
1953721,0.250127,0,Medio
1953716,0.284444,0,Alto
1953663,0.077775,0,Baixo
1951614,0.175789,0,Medio
1953727,0.123903,0,Baixo
1953249,0.044154,0,Baixo
1953728,0.137237,0,Baixo
1953734,0.218834,0,Medio
1952200,0.071972,0,Baixo
1953708,0.052917,0,Baixo
1953737,0.169652,0,Medio
1953738,0.151524,0,Baixo
1953595,0.269697,0,Alto
1952670,0.212453,0,Medio
1694460,0.251253,0,Medio
1953739,0.165029,0,Medio
1953745,0.055047,0,Baixo
1953584,0.125257,0,Baixo
1953687,0.455678,1,Critico
1953681,0.259724,0,Alto
1953746,0.12857,0,Baixo
1953674,0.102386,0,Baixo
1953755,0.224682,0,Medio
1952793,0.209082,0,Medio
1953011,0.102545,0,Baixo
1953760,0.287252,0,Alto
1947620,0.231705,0,Medio
1953774,0.229986,0,Medio
1953778,0.169878,0,Medio
1953784,0.320034,0,Alto
1953773,0.134316,0,Baixo
1953779,0.101863,0,Baixo
1952878,0.106759,0,Baixo
1953693,0.388676,1,Critico
1952738,0.291398,0,Alto
1953143,0.064428,0,Baixo
1953810,0.251321,0,Medio
1945540,0.190089,0,Medio
1953793,0.124838,0,Baixo
1953808,0.334275,0,Alto
1953820,0.11825,0,Baixo
1953756,0.475163,1,Critico
1953827,0.039733,0,Baixo
1953822,0.267836,0,Alto
1953835,0.304631,0,Alto
1953795,0.302568,0,Alto
1950940,0.146618,0,Baixo
1953840,0.200466,0,Medio
1953838,0.168626,0,Medio
1953843,0.141626,0,Baixo
1953764,0.12492,0,Baixo
1953865,0.099241,0,Baixo
1953856,0.090477,0,Baixo
1953881,0.223713,0,Medio
1952777,0.17909,0,Medio
1953750,0.146118,0,Baixo
1953753,0.179215,0,Medio
1953706,0.079296,0,Baixo
1952898,0.068924,0,Baixo
1953119,0.073446,0,Baixo
1952836,0.106377,0,Baixo
1952186,0.052564,0,Baixo
1953889,0.085798,0,Baixo
1953892,0.081895,0,Baixo
1953872,0.045048,0,Baixo
1952988,0.274645,0,Alto
1880560,0.088271,0,Baixo
1953900,0.079449,0,Baixo
1953898,0.171415,0,Medio
1953873,0.161733,0,Medio
1953906,0.131558,0,Baixo
1953846,0.219239,0,Medio
1953812,0.221202,0,Medio
1953893,0.157015,0,Baixo
1953354,0.092367,0,Baixo
1953646,0.328163,0,Alto
1953913,0.27592,0,Alto
1953937,0.183097,0,Medio
1953949,0.133337,0,Baixo
1953935,0.273301,0,Alto
1939174,0.120064,0,Baixo
1953951,0.221801,0,Medio
1953902,0.308465,0,Alto
1953824,0.138124,0,Baixo
1953950,0.29457,0,Alto
1953698,0.220749,0,Medio
1953938,0.348471,0,Alto
1953799,0.117845,0,Baixo
1953896,0.282577,0,Alto
1953326,0.342785,0,Alto
1950482,0.165376,0,Medio
1953486,0.294422,0,Alto
1953921,0.208916,0,Medio
1953910,0.20271,0,Medio
1953766,0.219999,0,Medio
1953958,0.095926,0,Baixo
1953977,0.190406,0,Medio
1953969,0.14473,0,Baixo
1953970,0.430209,1,Critico
1952963,0.232523,0,Medio
1934467,0.156776,0,Baixo
1953160,0.176995,0,Medio
1953934,0.070228,0,Baixo
1953861,0.1257,0,Baixo
1953322,0.368576,1,Critico
1953982,0.141544,0,Baixo
1953976,0.1885,0,Medio
1953928,0.078007,0,Baixo
1954006,0.172183,0,Medio
1954004,0.23015,0,Medio
1954007,0.161242,0,Medio
1954015,0.128613,0,Baixo
1953997,0.269568,0,Alto
1954022,0.092331,0,Baixo
1954029,0.287866,0,Alto
1954020,0.23265,0,Medio
1954000,0.199522,0,Medio
1954009,0.098775,0,Baixo
1954041,0.20264,0,Medio
1953992,0.226725,0,Medio
1953335,0.053708,0,Baixo
1949492,0.296467,0,Alto
1954038,0.162076,0,Medio
1953878,0.018004,0,Baixo
1954026,0.487123,1,Critico
1954017,0.131668,0,Baixo
1953967,0.124956,0,Baixo
1954003,0.13483,0,Baixo
1954069,0.230674,0,Medio
1953782,0.096056,0,Baixo
1954037,0.178225,0,Medio
1953927,0.221718,0,Medio
1954081,0.135724,0,Baixo
1954071,0.270253,0,Alto
1954082,0.116037,0,Baixo
1953922,0.161628,0,Medio
1952790,0.13946,0,Baixo
1954097,0.151044,0,Baixo
1952512,0.418484,1,Critico
1952808,0.162471,0,Medio
1954066,0.217528,0,Medio
1954101,0.123218,0,Baixo
1954112,0.056302,0,Baixo
1954108,0.314047,0,Alto
1953030,0.220423,0,Medio
1954118,0.12432,0,Baixo
1954122,0.262255,0,Alto
1954115,0.318598,0,Alto
1954124,0.124669,0,Baixo
1953456,0.108125,0,Baixo
1561168,0.478022,1,Critico
1953961,0.438206,1,Critico
1953558,0.289158,0,Alto
1954130,0.25872,0,Alto
1954127,0.028569,0,Baixo
1954098,0.198664,0,Medio
1948446,0.159053,0,Baixo
1954121,0.24097,0,Medio
1945603,0.057371,0,Baixo
1951821,0.479266,1,Critico
1954106,0.344916,0,Alto
1953765,0.667227,1,Critico
1954042,0.154793,0,Baixo
1953929,0.086601,0,Baixo
1954067,0.147543,0,Baixo
1954028,0.158562,0,Baixo
1950408,0.267836,0,Alto
1953974,0.197136,0,Medio
1951849,0.350954,1,Alto
1951432,0.397193,1,Critico
1948643,0.191771,0,Medio
1954144,0.17652,0,Medio
1953867,0.179567,0,Medio
1954142,0.186454,0,Medio
1944674,0.242196,0,Medio
1954151,0.251485,0,Medio
1954157,0.21858,0,Medio
1950680,0.130971,0,Baixo
1953866,0.285104,0,Alto
1953603,0.066262,0,Baixo
1954019,0.081845,0,Baixo
1954159,0.100729,0,Baixo
1954163,0.093801,0,Baixo
1953348,0.25617,0,Alto
1954168,0.211771,0,Medio
1954116,0.072806,0,Baixo
1528706,0.099521,0,Baixo
1954137,0.121961,0,Baixo
1954032,0.334023,0,Alto
1954173,0.125139,0,Baixo
1954150,0.168147,0,Medio
1954164,0.22962,0,Medio
1932491,0.124276,0,Baixo
1953654,0.07251,0,Baixo
1954176,0.34856,0,Alto
1954179,0.079045,0,Baixo
1954182,0.292547,0,Alto
1954154,0.140342,0,Baixo
1953154,0.256028,0,Alto
1954147,0.07234,0,Baixo
1954198,0.191933,0,Medio
1953468,0.17449,0,Medio
1953406,0.118052,0,Baixo
1953307,0.139432,0,Baixo
1952840,0.166744,0,Medio
1953788,0.322785,0,Alto
1954200,0.391512,1,Critico
1954210,0.155245,0,Baixo
1954206,0.201981,0,Medio
1954214,0.257373,0,Alto
1954222,0.130068,0,Baixo
1954197,0.086261,0,Baixo
1953836,0.302211,0,Alto
1954218,0.138294,0,Baixo
1954103,0.202365,0,Medio
1953555,0.123486,0,Baixo
1954215,0.128523,0,Baixo
1954205,0.09835,0,Baixo
1954233,0.071431,0,Baixo
1954229,0.15664,0,Baixo
1954246,0.10633,0,Baixo
1954242,0.19698,0,Medio
1953628,0.225134,0,Medio
1020991,0.068898,0,Baixo
1954223,0.018543,0,Baixo
1952828,0.285906,0,Alto
1953785,0.301723,0,Alto
1954225,0.182904,0,Medio
1954253,0.157872,0,Baixo
1954249,0.042175,0,Baixo
1954257,0.143365,0,Baixo
1954048,0.417209,1,Critico
1952031,0.166652,0,Medio
1954270,0.245787,0,Medio
1243895,0.144939,0,Baixo
1940813,0.066779,0,Baixo
1952961,0.138895,0,Baixo
1954266,0.022427,0,Baixo
1952628,0.286202,0,Alto
1954126,0.172076,0,Medio
1954269,0.086776,0,Baixo
1954274,0.070339,0,Baixo
1954261,0.135591,0,Baixo
1940881,0.176764,0,Medio
1954281,0.243528,0,Medio
1954273,0.178443,0,Medio
1953685,0.217876,0,Medio
1954290,0.128313,0,Baixo
1954293,0.291336,0,Alto
1954280,0.081967,0,Baixo
1954284,0.088487,0,Baixo
1954288,0.160192,0,Baixo
1954296,0.244032,0,Medio
1954275,0.559488,1,Critico
1954279,0.17324,0,Medio
1954294,0.382443,1,Critico
1954278,0.117022,0,Baixo
1954243,0.364997,1,Critico
1953363,0.118333,0,Baixo
1905035,0.010669,0,Baixo
1954234,0.183832,0,Medio
1954299,0.291997,0,Alto
1952569,0.110482,0,Baixo
1954305,0.217158,0,Medio
1954301,0.117809,0,Baixo
1954313,0.222304,0,Medio
1954300,0.21651,0,Medio
1954139,0.095249,0,Baixo
1954314,0.277174,0,Alto
1954315,0.10077,0,Baixo
1953518,0.059937,0,Baixo
979048,0.336435,0,Alto
1954320,0.179569,0,Medio
1954292,0.136674,0,Baixo
1954318,0.141915,0,Baixo
1954323,0.280688,0,Alto
1954330,0.466138,1,Critico
1954331,0.107338,0,Baixo
1954334,0.317144,0,Alto
1954335,0.296251,0,Alto
1952960,0.199706,0,Medio
1952633,0.109749,0,Baixo
1954343,0.089074,0,Baixo
1953389,0.184229,0,Medio
1954357,0.083632,0,Baixo
1952924,0.192974,0,Medio
1954344,0.326319,0,Alto
1953049,0.122307,0,Baixo
1954354,0.186581,0,Medio
1953579,0.392535,1,Critico
1549089,0.277034,0,Alto
1954332,0.066073,0,Baixo
1954365,0.135109,0,Baixo
1954363,0.103139,0,Baixo
1954359,0.39505,1,Critico
1873857,0.182449,0,Medio
1954282,0.109796,0,Baixo
1952611,0.14953,0,Baixo
1954337,0.197974,0,Medio
1954370,0.200578,0,Medio
1954371,0.229627,0,Medio
1954235,0.037733,0,Baixo
1954375,0.347637,0,Alto
1952073,0.434276,1,Critico
1954376,0.261195,0,Alto
1954388,0.245096,0,Medio
1953374,0.51034,1,Critico
1952804,0.107526,0,Baixo
1954212,0.082262,0,Baixo
1732182,0.386806,1,Critico
1953686,0.248559,0,Medio
1954208,0.301624,0,Alto
1954380,0.300677,0,Alto
1954213,0.21608,0,Medio
1954390,0.057584,0,Baixo
1954389,0.133466,0,Baixo
1951725,0.204105,0,Medio
1954312,0.181278,0,Medio
1954374,0.346727,0,Alto
1954399,0.230007,0,Medio
1954377,0.144019,0,Baixo
1954398,0.097302,0,Baixo
1954393,0.252947,0,Alto
1954333,0.37992,1,Critico
1954378,0.442721,1,Critico
1954397,0.171718,0,Medio
1954402,0.133632,0,Baixo
1954405,0.725709,1,Critico
1954404,0.261817,0,Alto
1953450,0.400873,1,Critico
1954407,0.168443,0,Medio
1920482,0.176157,0,Medio
1953368,0.27718,0,Alto
1953121,0.231062,0,Medio
1949944,0.265965,0,Alto
1954424,0.288788,0,Alto
1954408,0.127506,0,Baixo
1954328,0.174755,0,Medio
1954406,0.280569,0,Alto
1954428,0.231041,0,Medio
1954413,0.346743,0,Alto
1954012,0.12423,0,Baixo
1954435,0.349547,0,Alto
1954400,0.182798,0,Medio
1954382,0.177343,0,Medio
1953508,0.126806,0,Baixo
1651895,0.138847,0,Baixo
1954341,0.187911,0,Medio
1954353,0.033585,0,Baixo
1954449,0.172201,0,Medio
1954204,0.210792,0,Medio
1954369,0.122038,0,Baixo
1954462,0.132755,0,Baixo
1954217,0.036376,0,Baixo
1953722,0.03374,0,Baixo
1952035,0.234412,0,Medio
1954465,0.242989,0,Medio
1954470,0.261556,0,Alto
1954473,0.243139,0,Medio
1954482,0.101609,0,Baixo
1954459,0.110585,0,Baixo
1954488,0.646128,1,Critico
1954455,0.314317,0,Alto
1767115,0.428123,1,Critico
1954423,0.111115,0,Baixo
1954267,0.036054,0,Baixo
1951750,0.048781,0,Baixo
1939111,0.277489,0,Alto
1954486,0.182666,0,Medio
1954431,0.105367,0,Baixo
1954490,0.229213,0,Medio
1952987,0.112888,0,Baixo
1947525,0.141602,0,Baixo
1953179,0.051458,0,Baixo
1921929,0.257806,0,Alto
1954458,0.069303,0,Baixo
1954505,0.343251,0,Alto
1954507,0.315936,0,Alto
1954519,0.086234,0,Baixo
1954516,0.322365,0,Alto
1954511,0.170376,0,Medio
1954522,0.198432,0,Medio
1954171,0.370983,1,Critico
1954509,0.213557,0,Medio
1948719,0.292287,0,Alto
1954528,0.192899,0,Medio
1952571,0.171157,0,Medio
1954476,0.068666,0,Baixo
1954538,0.165028,0,Medio
1953274,0.132887,0,Baixo
1954515,0.150396,0,Baixo
1950883,0.224295,0,Medio
1954542,0.228666,0,Medio
1954523,0.208159,0,Medio
1954493,0.246496,0,Medio
1954433,0.286143,0,Alto
1949466,0.177513,0,Medio
1954411,0.229711,0,Medio
1952686,0.115089,0,Baixo
1953936,0.112149,0,Baixo
1954437,0.209112,0,Medio
1954554,0.206324,0,Medio
1954018,0.278324,0,Alto
1949865,0.322086,0,Alto
1954536,0.356529,1,Alto
1954170,0.145679,0,Baixo
1943868,0.386975,1,Critico
1954076,0.051924,0,Baixo
1951572,0.094873,0,Baixo
1954409,0.097246,0,Baixo
1948949,0.178877,0,Medio
1954541,0.586673,1,Critico
1949941,0.33971,0,Alto
1954540,0.223636,0,Medio
1954567,0.192643,0,Medio
1954262,0.29892,0,Alto
1954467,0.225604,0,Medio
1954432,0.300897,0,Alto
1954544,0.275784,0,Alto
1954571,0.192507,0,Medio
1954569,0.191476,0,Medio
1954573,0.28278,0,Alto
1951968,0.04188,0,Baixo
1952526,0.345361,0,Alto
1954577,0.152176,0,Baixo
1954579,0.267769,0,Alto
1954117,0.234438,0,Medio
1954073,0.134799,0,Baixo
1954565,0.272823,0,Alto
1954562,0.152101,0,Baixo
1954286,0.426406,1,Critico
1952365,0.457695,1,Critico
1954592,0.097895,0,Baixo
1954591,0.131909,0,Baixo
1954260,0.056496,0,Baixo
1954585,0.081775,0,Baixo
1954589,0.039019,0,Baixo
1954595,0.111821,0,Baixo
1954606,0.306988,0,Alto
1954604,0.056292,0,Baixo
1949404,0.05121,0,Baixo
1758606,0.332913,0,Alto
1952743,0.101587,0,Baixo
1954178,0.138022,0,Baixo
1954610,0.279872,0,Alto
1952508,0.222424,0,Medio
1954084,0.118174,0,Baixo
1948088,0.387815,1,Critico
1954158,0.108414,0,Baixo
1881352,0.222731,0,Medio
1952699,0.272023,0,Alto
1954613,0.017126,0,Baixo
1954614,0.124106,0,Baixo
1954342,0.133271,0,Baixo
1954564,0.095148,0,Baixo
1953496,0.278444,0,Alto
1954635,0.056393,0,Baixo
1954165,0.413334,1,Critico
1954612,0.11606,0,Baixo
1954621,0.356852,1,Alto
1952741,0.1591,0,Baixo
1954599,0.137299,0,Baixo
1954622,0.329763,0,Alto
1943116,0.309064,0,Alto
1954626,0.294042,0,Alto
1954364,0.154978,0,Baixo
1954623,0.138043,0,Baixo
1954654,0.182659,0,Medio
1954644,0.095848,0,Baixo
1954661,0.063725,0,Baixo
1952535,0.222201,0,Medio
1954665,0.286703,0,Alto
1954581,0.06569,0,Baixo
1954674,0.195773,0,Medio
1953630,0.150679,0,Baixo
1954346,0.294263,0,Alto
1954620,0.059792,0,Baixo
1954682,0.206311,0,Medio
1954685,0.143747,0,Baixo
1954676,0.063585,0,Baixo
1953077,0.138431,0,Baixo
1954401,0.226898,0,Medio
1954231,0.114338,0,Baixo
1954356,0.26153,0,Alto
1954678,0.205247,0,Medio
1951008,0.223471,0,Medio
1954687,0.036205,0,Baixo
1954705,0.205545,0,Medio
1954691,0.084822,0,Baixo
1954707,0.02901,0,Baixo
1954692,0.143043,0,Baixo
1954709,0.019497,0,Baixo
1953443,0.402908,1,Critico
1954708,0.119904,0,Baixo
1954721,0.100217,0,Baixo
1954350,0.14704,0,Baixo
1954727,0.126714,0,Baixo
1954726,0.072308,0,Baixo
1954718,0.274092,0,Alto
1954686,0.276051,0,Alto
1954732,0.177812,0,Medio
1954723,0.06907,0,Baixo
1954659,0.320318,0,Alto
1954736,0.335932,0,Alto
1954701,0.271774,0,Alto
1954740,0.090673,0,Baixo
1954743,0.159495,0,Baixo
1954733,0.247116,0,Medio
1954750,0.138493,0,Baixo
1954671,0.105337,0,Baixo
1954658,0.063218,0,Baixo
1954752,0.211695,0,Medio
1954762,0.219511,0,Medio
1954778,0.049119,0,Baixo
1954764,0.030184,0,Baixo
1954669,0.162311,0,Medio
1953757,0.221577,0,Medio
1954782,0.266346,0,Alto
1953488,0.072866,0,Baixo
1954720,0.331496,0,Alto
1954796,0.029615,0,Baixo
1954783,0.272008,0,Alto
1954795,0.12813,0,Baixo
1954668,0.090251,0,Baixo
1954512,0.207233,0,Medio
1954803,0.197788,0,Medio
1941356,0.082664,0,Baixo
1954637,0.192054,0,Medio
1950877,0.108456,0,Baixo
1954812,0.082715,0,Baixo
1953412,0.341868,0,Alto
1954763,0.196091,0,Medio
1954813,0.2166,0,Medio
1953329,0.109049,0,Baixo
1954780,0.176616,0,Medio
1952335,0.19309,0,Medio
1954825,0.071176,0,Baixo
1951843,0.040485,0,Baixo
1954641,0.079661,0,Baixo
1954837,0.156024,0,Baixo
1954842,0.087616,0,Baixo
1951138,0.136645,0,Baixo
1952867,0.116129,0,Baixo
1954642,0.219007,0,Medio
1954853,0.321506,0,Alto
1954855,0.09637,0,Baixo
1954857,0.45163,1,Critico
1954792,0.533751,1,Critico
1954859,0.324463,0,Alto
1954861,0.220743,0,Medio
1954355,0.226634,0,Medio
1954867,0.422635,1,Critico
1954870,0.2125,0,Medio
1954385,0.284533,0,Alto
1954876,0.278811,0,Alto
1954875,0.056784,0,Baixo
1954880,0.392707,1,Critico
1953946,0.118979,0,Baixo
1954892,0.107327,0,Baixo
1856736,0.228417,0,Medio
1947456,0.108862,0,Baixo
1954901,0.093486,0,Baixo
1954908,0.273788,0,Alto
1954698,0.214974,0,Medio
1954899,0.096154,0,Baixo
1953265,0.143703,0,Baixo
1954910,0.445278,1,Critico
1954321,0.165165,0,Medio
1954917,0.299926,0,Alto
1952330,0.210442,0,Medio
1954183,0.378429,1,Critico
1954922,0.056259,0,Baixo
1954918,0.289021,0,Alto
1954912,0.134693,0,Baixo
1954932,0.16489,0,Medio
1954735,0.069163,0,Baixo
1954931,0.243917,0,Medio
1954939,0.262586,0,Alto
1954958,0.061227,0,Baixo
1954713,0.091554,0,Baixo
1954965,0.173465,0,Medio
1954963,0.084057,0,Baixo
1954966,0.118598,0,Baixo
1954978,0.07603,0,Baixo
1954904,0.196558,0,Medio
1954977,0.058805,0,Baixo
1954981,0.033688,0,Baixo
1954979,0.260267,0,Alto
1954983,0.15962,0,Baixo
1058154,0.104874,0,Baixo
1954902,0.099132,0,Baixo
1954986,0.478393,1,Critico
1954972,0.306206,0,Alto
1954997,0.027003,0,Baixo
1954994,0.216659,0,Medio
1954940,0.114146,0,Baixo
1954969,0.384661,1,Critico
1955000,0.087256,0,Baixo
1954936,0.129298,0,Baixo
1954131,0.279318,0,Alto
1952331,0.254694,0,Alto
1953017,0.191398,0,Medio
1955011,0.017782,0,Baixo
1954187,0.334935,0,Alto
1955022,0.104852,0,Baixo
1954756,0.297475,0,Alto
1954990,0.057765,0,Baixo
1955028,0.248358,0,Medio
1955027,0.135886,0,Baixo
1955032,0.2836,0,Alto
1955033,0.085147,0,Baixo
1955046,0.159651,0,Baixo
1955039,0.194843,0,Medio
1955097,0.135804,0,Baixo
1955105,0.078415,0,Baixo
1955035,0.477673,1,Critico
1955081,0.168142,0,Medio
1955018,0.178342,0,Medio
1954220,0.096315,0,Baixo
1955141,0.195076,0,Medio
1955090,0.238658,0,Medio
1955142,0.27626,0,Alto
1954909,0.034579,0,Baixo
1955148,0.089214,0,Baixo
1955150,0.140087,0,Baixo
1955050,0.15399,0,Baixo
1955124,0.284536,0,Alto
1955170,0.230399,0,Medio
1955026,0.098953,0,Baixo
1954715,0.186447,0,Medio
1955114,0.300197,0,Alto
1955154,0.105272,0,Baixo
1955167,0.169728,0,Medio
1955160,0.349556,0,Alto
1955200,0.25339,0,Alto
1933959,0.238121,0,Medio
1953749,0.244192,0,Medio
1955209,0.283868,0,Alto
1955143,0.032016,0,Baixo
1953988,0.260533,0,Alto
1955089,0.433054,1,Critico
1954765,0.414203,1,Critico
1955220,0.170581,0,Medio
1953055,0.181895,0,Medio
1955196,0.251465,0,Medio
1952952,0.253819,0,Alto
1830851,0.373943,1,Critico
1955211,0.260128,0,Alto
1955116,0.283532,0,Alto
1955237,0.315981,0,Alto
1955064,0.28269,0,Alto
1955260,0.188454,0,Medio
1955267,0.139444,0,Baixo
1955253,0.341721,0,Alto
1955235,0.290964,0,Alto
1951678,0.269659,0,Alto
1955262,0.312061,0,Alto
1955214,0.139095,0,Baixo
1955288,0.073534,0,Baixo
1955301,0.192021,0,Medio
1955161,0.114381,0,Baixo
1955199,0.278834,0,Alto
1955275,0.136587,0,Baixo
1955273,0.341053,0,Alto
1955340,0.172303,0,Medio
1954439,0.143999,0,Baixo
1955381,0.148878,0,Baixo
1955372,0.113262,0,Baixo
1955306,0.126784,0,Baixo
1955424,0.338899,0,Alto
1955441,0.091998,0,Baixo
1955121,0.105284,0,Baixo
1955391,0.218272,0,Medio
1955245,0.204239,0,Medio
1955370,0.204757,0,Medio
1955396,0.309781,0,Alto
1955422,0.220669,0,Medio
1955439,0.146117,0,Baixo
1955414,0.311861,0,Alto
1955416,0.178132,0,Medio
1955255,0.116584,0,Baixo
1955417,0.339048,0,Alto
1955434,0.270828,0,Alto
1951229,0.248778,0,Medio
1955456,0.134917,0,Baixo
1955426,0.147539,0,Baixo
1955484,0.178312,0,Medio
1955183,0.198313,0,Medio
1952092,0.165105,0,Medio
1955447,0.116204,0,Baixo
1955277,0.117881,0,Baixo
1955359,0.388415,1,Critico
1955208,0.3262,0,Alto
1955061,0.420201,1,Critico
1955210,0.140322,0,Baixo
1955324,0.300447,0,Alto
1954845,0.161058,0,Medio
1955454,0.180968,0,Medio
1954277,0.088034,0,Baixo
1947948,0.234778,0,Medio
1955502,0.180655,0,Medio
1955433,0.135622,0,Baixo
1955228,0.179119,0,Medio
1955519,0.031553,0,Baixo
1955207,0.148705,0,Baixo
1955513,0.181458,0,Medio
1955509,0.107486,0,Baixo
1955534,0.125271,0,Baixo
1899510,0.178575,0,Medio
1954719,0.264475,0,Alto
1955547,0.097578,0,Baixo
1955543,0.295564,0,Alto
1955354,0.13658,0,Baixo
1955476,0.306533,0,Alto
1955488,0.03779,0,Baixo
1955385,0.213989,0,Medio
1954600,0.257911,0,Alto
1953920,0.233036,0,Medio
1955583,0.100771,0,Baixo
1955556,0.104927,0,Baixo
1955579,0.163683,0,Medio
1954924,0.061624,0,Baixo
1955569,0.058901,0,Baixo
1955566,0.07269,0,Baixo
1953572,0.140173,0,Baixo
1952723,0.156316,0,Baixo
1955646,0.22803,0,Medio
1955640,0.264897,0,Alto
1954167,0.261778,0,Alto
1955683,0.425199,1,Critico
1955676,0.243393,0,Medio
1882789,0.157342,0,Baixo
1955686,0.254187,0,Alto
1955650,0.215719,0,Medio
1955644,0.200119,0,Medio
1955679,0.164431,0,Medio
1955712,0.148102,0,Baixo
1955669,0.217672,0,Medio
1955729,0.090997,0,Baixo
1955720,0.247653,0,Medio
1955709,0.134868,0,Baixo
1955678,0.217364,0,Medio
1955740,0.160293,0,Baixo
1955486,0.098836,0,Baixo
1955741,0.15752,0,Baixo
1955663,0.263749,0,Alto
1955758,0.272158,0,Alto
1955224,0.146372,0,Baixo
1955549,0.039311,0,Baixo
1953828,0.460262,1,Critico
1955527,0.20037,0,Medio
1955462,0.169336,0,Medio
1955322,0.291047,0,Alto
1955103,0.278472,0,Alto
1955025,0.05455,0,Baixo
1955530,0.209657,0,Medio
1955763,0.207421,0,Medio
1955361,0.305151,0,Alto
1955641,0.174462,0,Medio
1955733,0.245014,0,Medio
1954244,0.227297,0,Medio
1955751,0.167355,0,Medio
1955794,0.237308,0,Medio
1955815,0.340066,0,Alto
1955796,0.132551,0,Baixo
1955756,0.225977,0,Medio
1954226,0.101017,0,Baixo
1955801,0.167003,0,Medio
1954360,0.200407,0,Medio
1955271,0.467294,1,Critico
1954688,0.184832,0,Medio
1955661,0.272592,0,Alto
1955706,0.255671,0,Alto
1955787,0.277836,0,Alto
1955858,0.534712,1,Critico
1955846,0.060361,0,Baixo
1876560,0.186454,0,Medio
1955823,0.169958,0,Medio
1952513,0.479652,1,Critico
1953464,0.121661,0,Baixo
1955005,0.200517,0,Medio
1955894,0.181676,0,Medio
1731374,0.168598,0,Medio
1955949,0.074449,0,Baixo
1955656,0.086724,0,Baixo
1955848,0.201211,0,Medio
1954201,0.083185,0,Baixo
1944269,0.14794,0,Baixo
1955554,0.384665,1,Critico
1836746,0.175229,0,Medio
1955963,0.027183,0,Baixo
1955923,0.188955,0,Medio
1955964,0.184203,0,Medio
1942434,0.157499,0,Baixo
1955030,0.185179,0,Medio
1955972,0.15109,0,Baixo
1955966,0.391636,1,Critico
1955405,0.221701,0,Medio
1955521,0.24698,0,Medio
1953000,0.227785,0,Medio
1955981,0.390743,1,Critico
1955951,0.197911,0,Medio
1948944,0.267159,0,Alto
1955844,0.083987,0,Baixo
1955539,0.13013,0,Baixo
970923,0.30923,0,Alto
1956008,0.077565,0,Baixo
1953903,0.061587,0,Baixo
1951894,0.347079,0,Alto
1956025,0.137789,0,Baixo
1956019,0.114026,0,Baixo
1956002,0.176859,0,Medio
1956011,0.075863,0,Baixo
1956015,0.122037,0,Baixo
1956040,0.245101,0,Medio
1955818,0.419223,1,Critico
1954952,0.20075,0,Medio
1956077,0.089177,0,Baixo
1956073,0.26116,0,Alto
1956060,0.133746,0,Baixo
1955867,0.376997,1,Critico
1955127,0.368904,1,Critico
1955717,0.321876,0,Alto
1956046,0.196548,0,Medio
1956004,0.196488,0,Medio
1953536,0.365782,1,Critico
1931199,0.177869,0,Medio
1956059,0.151286,0,Baixo
1956089,0.045071,0,Baixo
1956090,0.094824,0,Baixo
1956113,0.109093,0,Baixo
1956050,0.233938,0,Medio
1956123,0.068741,0,Baixo
1956106,0.014533,0,Baixo
1956108,0.262856,0,Alto
1051952,0.160088,0,Baixo
1954107,0.060326,0,Baixo
1290885,0.080744,0,Baixo
1956083,0.162296,0,Medio
1956141,0.100953,0,Baixo
1956132,0.114699,0,Baixo
1955901,0.11363,0,Baixo
1956104,0.266751,0,Alto
1955518,0.18943,0,Medio
1955764,0.218769,0,Medio
1949955,0.27463,0,Alto
1954799,0.024967,0,Baixo
1956131,0.290477,0,Alto
1956172,0.272004,0,Alto
1956175,0.284265,0,Alto
1955098,0.175212,0,Medio
1956162,0.232462,0,Medio
1956176,0.138987,0,Baixo
1956180,0.373615,1,Critico
1955979,0.051285,0,Baixo
1956187,0.095343,0,Baixo
1956191,0.127746,0,Baixo
1947319,0.174521,0,Medio
1956196,0.494087,1,Critico
1956017,0.169705,0,Medio
1953059,0.199678,0,Medio
1955684,0.236308,0,Medio
1955230,0.271592,0,Alto
1956082,0.152444,0,Baixo
1956194,0.09337,0,Baixo
1956203,0.236771,0,Medio
1956197,0.105955,0,Baixo
1956173,0.273696,0,Alto
1956224,0.25855,0,Alto
1956185,0.074072,0,Baixo
1956100,0.17069,0,Medio
1956142,0.135407,0,Baixo
1955006,0.154071,0,Baixo
1956254,0.105274,0,Baixo
1956181,0.417421,1,Critico
1956267,0.41313,1,Critico
1956250,0.188752,0,Medio
1944747,0.322862,0,Alto
1955668,0.181404,0,Medio
1956252,0.286818,0,Alto
1956272,0.203996,0,Medio
1956271,0.107403,0,Baixo
1956263,0.070016,0,Baixo
1953987,0.06085,0,Baixo
1956261,0.378218,1,Critico
1955068,0.250871,0,Medio
1956298,0.234074,0,Medio
1956303,0.471821,1,Critico
1956229,0.238182,0,Medio
1956268,0.137751,0,Baixo
1950128,0.061726,0,Baixo
1956081,0.456016,1,Critico
1956266,0.218909,0,Medio
1956273,0.138501,0,Baixo
1954457,0.319302,0,Alto
1955343,0.1191,0,Baixo
1956334,0.371991,1,Critico
1955320,0.093349,0,Baixo
1956335,0.105376,0,Baixo
1956340,0.266836,0,Alto
1956348,0.328839,0,Alto
1955063,0.28935,0,Alto
1956168,0.459956,1,Critico
1953959,0.195504,0,Medio
1956352,0.149453,0,Baixo
1956373,0.166076,0,Medio
1956374,0.072927,0,Baixo
1953832,0.065344,0,Baixo
1949054,0.348235,0,Alto
1904345,0.131593,0,Baixo
1956375,0.425313,1,Critico
1956379,0.273615,0,Alto
1956341,0.488599,1,Critico
1955830,0.256412,0,Alto
1948955,0.151651,0,Baixo
1955859,0.329799,0,Alto
1951477,0.189157,0,Medio
1954132,0.321131,0,Alto
1955774,0.142129,0,Baixo
1954475,0.260115,0,Alto
1956135,0.056639,0,Baixo
1953005,0.218984,0,Medio
1956105,0.2631,0,Alto
1955621,0.195548,0,Medio
1954447,0.059713,0,Baixo
1955533,0.200438,0,Medio
1954891,0.18116,0,Medio
1952999,0.113782,0,Baixo
1954770,0.046145,0,Baixo
1955975,0.2313,0,Medio
1956189,0.110145,0,Baixo
1334608,0.150836,0,Baixo
1954643,0.136426,0,Baixo
1956424,0.206118,0,Medio
1956413,0.062527,0,Baixo
1956431,0.143302,0,Baixo
1956417,0.364189,1,Critico
1956042,0.215236,0,Medio
1956439,0.33898,0,Alto
1954827,0.38131,1,Critico
1955102,0.325985,0,Alto
1956447,0.164013,0,Medio
1956437,0.304391,0,Alto
1955885,0.134498,0,Baixo
1956468,0.168824,0,Medio
1953587,0.448598,1,Critico
1956446,0.194601,0,Medio
1956443,0.193168,0,Medio
1956466,0.140828,0,Baixo
1704694,0.111167,0,Baixo
1953864,0.314996,0,Alto
1956478,0.268804,0,Alto
1954252,0.085233,0,Baixo
1956158,0.071166,0,Baixo
1956023,0.332178,0,Alto
1956453,0.187759,0,Medio
1948692,0.227079,0,Medio
1954227,0.099547,0,Baixo
1956226,0.13522,0,Baixo
1956325,0.266075,0,Alto
1928658,0.15703,0,Baixo
1956482,0.118288,0,Baixo
1515155,0.575039,1,Critico
1950802,0.127968,0,Baixo
1956515,0.224248,0,Medio
1921430,0.204589,0,Medio
1955826,0.330946,0,Alto
1955814,0.177521,0,Medio
1956529,0.167005,0,Medio
1956228,0.304285,0,Alto
1956518,0.122277,0,Baixo
1956520,0.101958,0,Baixo
1956485,0.621143,1,Critico
1956533,0.055617,0,Baixo
1955959,0.205994,0,Medio
1956542,0.098248,0,Baixo
1956550,0.245006,0,Medio
1953432,0.387264,1,Critico
1956552,0.095425,0,Baixo
1955834,0.189608,0,Medio
1956546,0.333952,0,Alto
1956568,0.082506,0,Baixo
1956572,0.122999,0,Baixo
1956566,0.149832,0,Baixo
1956570,0.153718,0,Baixo
1956554,0.233353,0,Medio
1956577,0.010989,0,Baixo
1956575,0.223053,0,Medio
1956579,0.171162,0,Medio
1956561,0.198835,0,Medio
1956581,0.204462,0,Medio
1956556,0.094109,0,Baixo
1956198,0.123845,0,Baixo
1956585,0.287652,0,Alto
1956532,0.107577,0,Baixo
1956578,0.132804,0,Baixo
1956499,0.275519,0,Alto
1956538,0.354841,1,Alto
1956580,0.280399,0,Alto
1956588,0.367091,1,Critico
1952547,0.098991,0,Baixo
1956607,0.449865,1,Critico
1955682,0.258987,0,Alto
1706612,0.058938,0,Baixo
1954760,0.215172,0,Medio
1956619,0.099941,0,Baixo
1956541,0.208494,0,Medio
1956492,0.143583,0,Baixo
1954506,0.227433,0,Medio
1956305,0.406879,1,Critico
1956623,0.092294,0,Baixo
1956638,0.510493,1,Critico
1956595,0.126586,0,Baixo
1956630,0.148136,0,Baixo
1946288,0.275585,0,Alto
1952389,0.133548,0,Baixo
1955004,0.138555,0,Baixo
1951813,0.302913,0,Alto
1954196,0.055244,0,Baixo
1956649,0.388883,1,Critico
1956652,0.089094,0,Baixo
1955418,0.28351,0,Alto
1956648,0.361688,1,Critico
1956684,0.185163,0,Medio
1956696,0.269325,0,Alto
1956653,0.136974,0,Baixo
1956716,0.431213,1,Critico
1956711,0.220946,0,Medio
1956726,0.272074,0,Alto
1956729,0.265284,0,Alto
1956731,0.378818,1,Critico
1956718,0.21962,0,Medio
1956714,0.18057,0,Medio
1956721,0.137569,0,Baixo
1956243,0.2146,0,Medio
1956756,0.198227,0,Medio
1956728,0.238389,0,Medio
1636226,0.178712,0,Medio
1956760,0.321889,0,Alto
1956669,0.266376,0,Alto
1956727,0.169419,0,Medio
1956757,0.135374,0,Baixo
1954865,0.212028,0,Medio
1956688,0.148791,0,Baixo
1956706,0.108416,0,Baixo
1952691,0.212162,0,Medio
1938888,0.152678,0,Baixo
1955398,0.410388,1,Critico
1956807,0.242101,0,Medio
1953789,0.126702,0,Baixo
1956770,0.172485,0,Medio
1956535,0.226979,0,Medio
1955319,0.158462,0,Baixo
1956778,0.24142,0,Medio
1956844,0.247142,0,Medio
1956836,0.158641,0,Baixo
1956825,0.217661,0,Medio
1956773,0.248742,0,Medio
1956569,0.317749,0,Alto
1956650,0.263728,0,Alto
1955849,0.129444,0,Baixo
1956866,0.158204,0,Baixo
1955707,0.179524,0,Medio
1955913,0.224523,0,Medio
1956855,0.326904,0,Alto
1955659,0.208005,0,Medio
1956878,0.432737,1,Critico
1956286,0.218308,0,Medio
1956900,0.303538,0,Alto
1954820,0.226177,0,Medio
1956193,0.434469,1,Critico
1956924,0.089166,0,Baixo
1956923,0.25256,0,Alto
1956905,0.158184,0,Baixo
1956925,0.177382,0,Medio
1956903,0.160446,0,Baixo
1956893,0.051125,0,Baixo
1956826,0.260898,0,Alto
1956919,0.061716,0,Baixo
1956895,0.125957,0,Baixo
1956920,0.250417,0,Medio
1956473,0.243735,0,Medio
1956911,0.372557,1,Critico
1956858,0.295578,0,Alto
1956732,0.31447,0,Alto
1951447,0.050998,0,Baixo
1956534,0.162017,0,Medio
1956967,0.146022,0,Baixo
1956989,0.125801,0,Baixo
1956907,0.289956,0,Alto
1956977,0.299159,0,Alto
1956939,0.15216,0,Baixo
1956936,0.234451,0,Medio
1956956,0.063553,0,Baixo
1951952,0.320613,0,Alto
1956917,0.154495,0,Baixo
1955369,0.328283,0,Alto
1955052,0.220904,0,Medio
1956177,0.128101,0,Baixo
1957004,0.104672,0,Baixo
1956954,0.070485,0,Baixo
1956991,0.1801,0,Medio
1956961,0.162398,0,Medio
1957005,0.296276,0,Alto
1952157,0.27375,0,Alto
1957012,0.273141,0,Alto
1956948,0.095669,0,Baixo
1957008,0.206721,0,Medio
1955497,0.237726,0,Medio
1954907,0.05951,0,Baixo
1957025,0.123248,0,Baixo
1952167,0.081872,0,Baixo
1954744,0.143919,0,Baixo
1956887,0.186233,0,Medio
1956995,0.072881,0,Baixo
1957036,0.071581,0,Baixo
1955392,0.305784,0,Alto
1957019,0.035117,0,Baixo
1957001,0.115476,0,Baixo
1956938,0.230567,0,Medio
1954776,0.222108,0,Medio
1955184,0.415985,1,Critico
1957056,0.167162,0,Medio
1957023,0.175278,0,Medio
1949864,0.176907,0,Medio
1957063,0.112826,0,Baixo
1956999,0.170396,0,Medio
1957034,0.164634,0,Medio
1957057,0.280172,0,Alto
1955158,0.216563,0,Medio
1956916,0.183168,0,Medio
1957000,0.130734,0,Baixo
1954854,0.223676,0,Medio
1956633,0.282374,0,Alto
1957074,0.229904,0,Medio
1957086,0.324964,0,Alto
1957099,0.558541,1,Critico
1957097,0.259098,0,Alto
1956988,0.164699,0,Medio
1957102,0.23025,0,Medio
1956965,0.196636,0,Medio
1957090,0.363193,1,Critico
1957078,0.191881,0,Medio
1954866,0.258024,0,Alto
1957026,0.328397,0,Alto
1957112,0.070994,0,Baixo
1957131,0.113131,0,Baixo
1955496,0.324129,0,Alto
1957137,0.423887,1,Critico
1957125,0.283,0,Alto
1957140,0.449432,1,Critico
1957162,0.283077,0,Alto
1947475,0.138545,0,Baixo
1957149,0.229034,0,Medio
1957146,0.362399,1,Critico
1957136,0.043954,0,Baixo
1956985,0.208677,0,Medio
1957171,0.06055,0,Baixo
1957094,0.298106,0,Alto
1957172,0.237648,0,Medio
1957179,0.146335,0,Baixo
1957182,0.116615,0,Baixo
1957127,0.301788,0,Alto
1954801,0.361982,1,Critico
1954772,0.043877,0,Baixo
1957142,0.085841,0,Baixo
1957173,0.201044,0,Medio
1955216,0.220552,0,Medio
1956885,0.118703,0,Baixo
1957039,0.393946,1,Critico
1957200,0.272486,0,Alto
1955315,0.343101,0,Alto
1954800,0.20425,0,Medio
1956990,0.51656,1,Critico
1956933,0.218782,0,Medio
1956974,0.093955,0,Baixo
1950832,0.195063,0,Medio
1957189,0.258099,0,Alto
1957144,0.218334,0,Medio
1955151,0.177046,0,Medio
1957203,0.312512,0,Alto
1957228,0.327482,0,Alto
1957254,0.156252,0,Baixo
1957232,0.17227,0,Medio
1957185,0.248339,0,Medio
1957251,0.258513,0,Alto
1956736,0.31831,0,Alto
1954086,0.382202,1,Critico
1957231,0.363492,1,Critico
1957245,0.196385,0,Medio
1956170,0.407704,1,Critico
1954961,0.084243,0,Baixo
1957272,0.24808,0,Medio
1923584,0.166319,0,Medio
1957242,0.333977,0,Alto
1957289,0.356088,1,Alto
1957304,0.087487,0,Baixo
1957139,0.054747,0,Baixo
1954954,0.060919,0,Baixo
1956202,0.401976,1,Critico
1956944,0.136131,0,Baixo
1956829,0.447178,1,Critico
1954451,0.274502,0,Alto
1956789,0.156818,0,Baixo
1957120,0.225772,0,Medio
1953869,0.071739,0,Baixo
1957347,0.128197,0,Baixo
1957270,0.227747,0,Medio
1957351,0.308207,0,Alto
1957366,0.027545,0,Baixo
1957174,0.127641,0,Baixo
1957322,0.255065,0,Alto
1956557,0.139403,0,Baixo
1957374,0.163807,0,Medio
1955202,0.200239,0,Medio
1951345,0.383586,1,Critico
1955719,0.133354,0,Baixo
1957387,0.096587,0,Baixo
1957390,0.239252,0,Medio
1952446,0.407712,1,Critico
1957401,0.100613,0,Baixo
1957411,0.100388,0,Baixo
1957422,0.151601,0,Baixo
1957424,0.201126,0,Medio
1957425,0.133321,0,Baixo
1954742,0.064961,0,Baixo
1956876,0.510986,1,Critico
1956589,0.378437,1,Critico
1954941,0.060186,0,Baixo
1957348,0.128327,0,Baixo
1954886,0.134334,0,Baixo
1955155,0.2444,0,Medio
1957449,0.247487,0,Medio
1957440,0.143062,0,Baixo
1956259,0.27777,0,Alto
1957438,0.277688,0,Alto
1957463,0.083622,0,Baixo
1957466,0.152462,0,Baixo
1957166,0.328388,0,Alto
1957323,0.321114,0,Alto
1957264,0.294291,0,Alto
1953569,0.158876,0,Baixo
1957501,0.041029,0,Baixo
1957506,0.297131,0,Alto
1957640,0.254411,0,Alto
1957520,0.245227,0,Medio
1957500,0.025465,0,Baixo
1957559,0.407034,1,Critico
1957755,0.317053,0,Alto
1957904,0.1363,0,Baixo
1957528,0.297695,0,Alto
1957704,0.243052,0,Medio
1957698,0.380915,1,Critico
1957521,0.298006,0,Alto
1957826,0.23694,0,Medio
1957595,0.269762,0,Alto
1957550,0.321112,0,Alto
1957832,0.192696,0,Medio
1957666,0.241184,0,Medio
1957553,0.429758,1,Critico
1957770,0.484649,1,Critico
1957543,0.592072,1,Critico
1957563,0.376725,1,Critico
1957565,0.397549,1,Critico
1957649,0.423821,1,Critico
1957650,0.276548,0,Alto
1957630,0.331642,0,Alto
1957655,0.146654,0,Baixo
1957589,0.332654,0,Alto
1957796,0.492114,1,Critico
1957750,0.287768,0,Alto
1957818,0.047728,0,Baixo
1957518,0.359576,1,Critico
1957827,0.430689,1,Critico
1958004,0.192036,0,Medio
1957663,0.416502,1,Critico
1957957,0.528576,1,Critico
1957613,0.491483,1,Critico
1957617,0.339902,0,Alto
1957576,0.48023,1,Critico
1957894,0.107227,0,Baixo
1957896,0.29479,0,Alto
1957732,0.249866,0,Medio
1957542,0.413057,1,Critico
1957730,0.325289,0,Alto
1957548,0.219624,0,Medio
1958051,0.479532,1,Critico
1957788,0.356021,1,Alto
1957806,0.25689,0,Alto
1957837,0.183785,0,Medio
1956033,0.255619,0,Alto
1957517,0.25851,0,Alto
1957533,0.344725,0,Alto
1957539,0.358553,1,Critico
1957875,0.31583,0,Alto
1957879,0.320379,0,Alto
1958010,0.433253,1,Critico
1958355,0.276174,0,Alto
1957779,0.329429,0,Alto
1957552,0.326527,0,Alto
1957671,0.166912,0,Medio
1957702,0.18158,0,Medio
1957715,0.196669,0,Medio
1957728,0.222826,0,Medio
1957602,0.466317,1,Critico
1957652,0.275532,0,Alto
1957712,0.257253,0,Alto
1957575,0.502415,1,Critico
1957720,0.157604,0,Baixo
1958002,0.258892,0,Alto
1957718,0.504259,1,Critico
1957982,0.310685,0,Alto
1957971,0.229316,0,Medio
1955956,0.155982,0,Baixo
1957909,0.322527,0,Alto
1954808,0.225334,0,Medio
1957694,0.504429,1,Critico
1957554,0.09261,0,Baixo
1957626,0.241096,0,Medio
1957662,0.349246,0,Alto
1957871,0.150654,0,Baixo
1957864,0.250756,0,Medio
1958149,0.207692,0,Medio
1958081,0.204778,0,Medio
1958090,0.268281,0,Alto
1957631,0.223889,0,Medio
1957527,0.26398,0,Alto
1957699,0.315477,0,Alto
1958118,0.210856,0,Medio
1957664,0.2902,0,Alto
1957805,0.340666,0,Alto
1957601,0.359635,1,Critico
1957765,0.364604,1,Critico
1957573,0.455245,1,Critico
1957541,0.128431,0,Baixo
1957677,0.401262,1,Critico
1958465,0.376627,1,Critico
1957778,0.323684,0,Alto
1957561,0.389274,1,Critico
1957651,0.100031,0,Baixo
1957737,0.170755,0,Medio
1957560,0.188679,0,Medio
1957557,0.405915,1,Critico
1957790,0.311126,0,Alto
1957549,0.240667,0,Medio
1957795,0.15119,0,Baixo
1957789,0.464522,1,Critico
1957697,0.230468,0,Medio
1958042,0.271561,0,Alto
1957763,0.415321,1,Critico
1957761,0.237289,0,Medio
1957680,0.2842,0,Alto
1957734,0.227696,0,Medio
1957571,0.454373,1,Critico
1957642,0.543638,1,Critico
1957537,0.225717,0,Medio
1958115,0.235153,0,Medio
1957523,0.441164,1,Critico
1958475,0.283202,0,Alto
1958088,0.332117,0,Alto
1957612,0.279678,0,Alto
1954851,0.226093,0,Medio
1957679,0.159129,0,Baixo
1957997,0.45592,1,Critico
1957821,0.111397,0,Baixo
1957988,0.175941,0,Medio
1957594,0.42599,1,Critico
1958125,0.493755,1,Critico
1958341,0.281146,0,Alto
1957768,0.295415,0,Alto
1957830,0.371743,1,Critico
1957835,0.325028,0,Alto
1958163,0.380054,1,Critico
1957845,0.201902,0,Medio
1957848,0.309795,0,Alto
1957850,0.336237,0,Alto
1957918,0.284681,0,Alto
1958410,0.18381,0,Medio
1957799,0.444581,1,Critico
1957962,0.339221,0,Alto
1958137,0.21554,0,Medio
1957644,0.386204,1,Critico
1957964,0.198502,0,Medio
1957884,0.384545,1,Critico
1957921,0.48252,1,Critico
1958238,0.131283,0,Baixo
1958020,0.246189,0,Medio
1958022,0.230933,0,Medio
1958304,0.439072,1,Critico
1957674,0.276307,0,Alto
1957661,0.299446,0,Alto
1957633,0.340388,0,Alto
1958239,0.331166,0,Alto
1958190,0.208935,0,Medio
1958056,0.243089,0,Medio
1957591,0.199563,0,Medio
1957791,0.279828,0,Alto
1958173,0.252722,0,Alto
1957784,0.258976,0,Alto
1957582,0.286988,0,Alto
1957940,0.151508,0,Baixo
1957986,0.275353,0,Alto
1957989,0.378967,1,Critico
1957991,0.305932,0,Alto
1958052,0.14012,0,Baixo
1957861,0.31009,0,Alto
1958003,0.175783,0,Medio
1957693,0.33522,0,Alto
1957785,0.327435,0,Alto
1958408,0.137784,0,Baixo
1957725,0.371336,1,Critico
1958230,0.35959,1,Critico
1958199,0.514595,1,Critico
1958232,0.32323,0,Alto
1957673,0.177675,0,Medio
1957731,0.391632,1,Critico
1957605,0.435669,1,Critico
1957606,0.106244,0,Baixo
1958296,0.085532,0,Baixo
1958269,0.303896,0,Alto
1958471,0.321823,0,Alto
1957929,0.145863,0,Baixo
1958153,0.286813,0,Alto
1958298,0.202047,0,Medio
1957834,0.385815,1,Critico
1957951,0.354143,1,Alto
1957953,0.129962,0,Baixo
1958202,0.116541,0,Baixo
1957987,0.324285,0,Alto
1957992,0.43076,1,Critico
1957950,0.289629,0,Alto
1958396,0.309993,0,Alto
1957776,0.438774,1,Critico
1957579,0.165027,0,Medio
1958201,0.343166,0,Alto
1958016,0.111628,0,Baixo
1958032,0.271487,0,Alto
1957934,0.104892,0,Baixo
1958654,0.36292,1,Critico
1958070,0.756994,1,Critico
1958112,0.139981,0,Baixo
1958048,0.190698,0,Medio
1957648,0.1702,0,Medio
1957886,0.480175,1,Critico
1957638,0.334209,0,Alto
1957608,0.369964,1,Critico
1957665,0.246771,0,Medio
1958179,0.311693,0,Alto
1952239,0.217994,0,Medio
1958188,0.369689,1,Critico
1957658,0.292297,0,Alto
1958393,0.172337,0,Medio
1958117,0.195695,0,Medio
1958445,0.127969,0,Baixo
1957515,0.266415,0,Alto
1957736,0.376966,1,Critico
1958342,0.152458,0,Baixo
1958493,0.297367,0,Alto
1958555,0.209888,0,Medio
1958600,0.186326,0,Medio
1958181,0.339505,0,Alto
1957647,0.117787,0,Baixo
1958456,0.411197,1,Critico
1957948,0.192418,0,Medio
1957659,0.116177,0,Baixo
1957828,0.327462,0,Alto
1957952,0.276305,0,Alto
1957714,0.339753,0,Alto
1957968,0.241067,0,Medio
1957972,0.508534,1,Critico
1957981,0.32696,0,Alto
1957825,0.122616,0,Baixo
1957627,0.256391,0,Alto
1957876,0.470455,1,Critico
1957965,0.496751,1,Critico
1957817,0.311283,0,Alto
1957819,0.360008,1,Critico
1957928,0.330466,0,Alto
1957583,0.295492,0,Alto
1957922,0.461063,1,Critico
1958305,0.283856,0,Alto
1957610,0.313805,0,Alto
1958072,0.285841,0,Alto
1957868,0.3006,0,Alto
1957623,0.437441,1,Critico
1957994,0.265567,0,Alto
1958559,0.276596,0,Alto
1958502,0.235445,0,Medio
1958500,0.120762,0,Baixo
1958106,0.180095,0,Medio
1958481,0.266468,0,Alto
1958398,0.390138,1,Critico
1958116,0.325657,0,Alto
1958169,0.470331,1,Critico
1957869,0.226477,0,Medio
1958322,0.253112,0,Alto
1958005,0.342966,0,Alto
1958359,0.170263,0,Medio
1958387,0.379783,1,Critico
1958007,0.203558,0,Medio
1958186,0.126045,0,Baixo
1958509,0.281913,0,Alto
1957933,0.293196,0,Alto
1957646,0.312259,0,Alto
1958319,0.122975,0,Baixo
1957887,0.503779,1,Critico
1957635,0.296451,0,Alto
1958100,0.259172,0,Alto
1958533,0.202199,0,Medio
1958369,0.148206,0,Baixo
1958127,0.35905,1,Critico
1958323,0.298487,0,Alto
1958335,0.140606,0,Baixo
1958164,0.259755,0,Alto
1958077,0.160118,0,Baixo
1957544,0.189242,0,Medio
1958395,0.242411,0,Medio
1958399,0.274359,0,Alto
1958208,0.281578,0,Alto
1958402,0.28142,0,Alto
1958404,0.326495,0,Alto
1958421,0.357767,1,Alto
1958438,0.262095,0,Alto
1958314,0.496491,1,Critico
1957522,0.268067,0,Alto
1958621,0.328133,0,Alto
1958491,0.357462,1,Alto
1958378,0.386968,1,Critico
1957969,0.343894,0,Alto
1957628,0.317538,0,Alto
1958041,0.127258,0,Baixo
1957866,0.373593,1,Critico
1958635,0.296721,0,Alto
1958744,0.150066,0,Baixo
1958272,0.227035,0,Medio
1958556,0.281127,0,Alto
1958564,0.526075,1,Critico
1958246,0.281813,0,Alto
1958614,0.206243,0,Medio
1958675,0.029323,0,Baixo
1958497,0.169951,0,Medio
1958611,0.430894,1,Critico
1958863,0.402185,1,Critico
1958401,0.216904,0,Medio
1957898,0.41629,1,Critico
1957703,0.176005,0,Medio
1957767,0.323527,0,Alto
1958708,0.312682,0,Alto
1958546,0.271606,0,Alto
1958273,0.133891,0,Baixo
1958659,0.303952,0,Alto
1957773,0.393624,1,Critico
1957774,0.452099,1,Critico
1958080,0.461589,1,Critico
1958148,0.416423,1,Critico
1957977,0.390025,1,Critico
1958579,0.287621,0,Alto
1957618,0.372798,1,Critico
1957976,0.523568,1,Critico
1958587,0.060248,0,Baixo
1958466,0.278109,0,Alto
1958343,0.18326,0,Medio
1958774,0.352468,1,Alto
1958707,0.313131,0,Alto
1958745,0.357628,1,Alto
1957781,0.348466,0,Alto
1958689,0.186605,0,Medio
1957729,0.149253,0,Baixo
1957710,0.302991,0,Alto
1957966,0.279484,0,Alto
1957842,0.528429,1,Critico
1958451,0.334413,0,Alto
1958527,0.209702,0,Medio
1957836,0.187892,0,Medio
1958679,0.364306,1,Critico
1958092,0.287419,0,Alto
1958295,0.308497,0,Alto
1958419,0.385558,1,Critico
1957905,0.231875,0,Medio
1958176,0.174893,0,Medio
1958759,0.166522,0,Medio
1958633,0.357819,1,Critico
1957526,0.225864,0,Medio
1958078,0.253093,0,Alto
1957882,0.405869,1,Critico
1958682,0.294676,0,Alto
1958075,0.361745,1,Critico
1958692,0.309569,0,Alto
1957973,0.346046,0,Alto
1957657,0.190736,0,Medio
1957654,0.13155,0,Baixo
1958695,0.32783,0,Alto
1957572,0.294535,0,Alto
1958713,0.225934,0,Medio
1957741,0.319464,0,Alto
1957867,0.437893,1,Critico
1958060,0.160236,0,Baixo
1958124,0.393508,1,Critico
1957555,0.289794,0,Alto
1958772,0.177012,0,Medio
1958550,0.345697,0,Alto
1958031,0.346659,0,Alto
1958086,0.454139,1,Critico
1958837,0.321129,0,Alto
1958690,0.037269,0,Baixo
1958625,0.142155,0,Baixo
1957619,0.094192,0,Baixo
1958286,0.205144,0,Medio
1958965,0.254761,0,Alto
1958450,0.143945,0,Baixo
1958066,0.252496,0,Alto
1958430,0.252638,0,Alto
1958796,0.246022,0,Medio
1957525,0.201971,0,Medio
1958351,0.295386,0,Alto
1958328,0.126557,0,Baixo
1958845,0.254668,0,Alto
1958760,0.415974,1,Critico
1958287,0.384375,1,Critico
1958864,0.350931,1,Alto
1958854,0.522459,1,Critico
1957919,0.252617,0,Alto
1958818,0.55813,1,Critico
1958485,0.27784,0,Alto
1958518,0.100866,0,Baixo
1958026,0.154647,0,Baixo
1958762,0.236988,0,Medio
1957668,0.141464,0,Baixo
1958277,0.330692,0,Alto
1958478,0.379769,1,Critico
1958487,0.380129,1,Critico
1958630,0.262501,0,Alto
1958610,0.360835,1,Critico
1958777,0.386688,1,Critico
1958741,0.114537,0,Baixo
1958068,0.295823,0,Alto
1958294,0.308699,0,Alto
1957941,0.279187,0,Alto
1958366,0.321488,0,Alto
1958576,0.38814,1,Critico
1958423,0.291195,0,Alto
1958473,0.311595,0,Alto
1958858,0.210668,0,Medio
1958648,0.111785,0,Baixo
1957620,0.252685,0,Alto
1957901,0.511351,1,Critico
1958554,0.332889,0,Alto
1958096,0.222015,0,Medio
1958542,0.320116,0,Alto
1958236,0.163016,0,Medio
1958729,0.220543,0,Medio
1957670,0.199519,0,Medio
1958589,0.284601,0,Alto
1958019,0.181025,0,Medio
1958260,0.282631,0,Alto
1958686,0.215292,0,Medio
1958909,0.234534,0,Medio
1958906,0.221886,0,Medio
1958890,0.173218,0,Medio
1958279,0.143524,0,Baixo
1958405,0.092867,0,Baixo
1958141,0.296978,0,Alto
1959045,0.334838,0,Alto
1959118,0.286647,0,Alto
1958927,0.150404,0,Baixo
1957949,0.34379,0,Alto
1958824,0.160925,0,Medio
1958803,0.122658,0,Baixo
1959077,0.147275,0,Baixo
1959180,0.106855,0,Baixo
1952346,0.282796,0,Alto
1958606,0.427329,1,Critico
1958671,0.299873,0,Alto
1958952,0.193128,0,Medio
1958732,0.125141,0,Baixo
1958035,0.136786,0,Baixo
1958934,0.347888,0,Alto
1958846,0.241191,0,Medio
1958683,0.303344,0,Alto
1958687,0.355495,1,Alto
1958067,0.329333,0,Alto
1958767,0.436882,1,Critico
1959013,0.491377,1,Critico
1958699,0.443586,1,Critico
1957678,0.428401,1,Critico
1957858,0.250413,0,Medio
1957653,0.333259,0,Alto
1958289,0.375367,1,Critico
1958855,0.204506,0,Medio
1958057,0.245964,0,Medio
1957924,0.725259,1,Critico
1957689,0.181946,0,Medio
1958231,0.282602,0,Alto
1959111,0.16346,0,Medio
1958617,0.118352,0,Baixo
1958037,0.238514,0,Medio
1958089,0.2472,0,Medio
1957955,0.51292,1,Critico
1958264,0.171683,0,Medio
1957733,0.168403,0,Medio
1958442,0.394549,1,Critico
1958826,0.276828,0,Alto
1958873,0.379781,1,Critico
1958673,0.120795,0,Baixo
1958771,0.266678,0,Alto
1958521,0.3712,1,Critico
1958891,0.133914,0,Baixo
1959081,0.092021,0,Baixo
1957917,0.325064,0,Alto
1958362,0.209124,0,Medio
1957643,0.343561,0,Alto
1959136,0.251302,0,Medio
1959096,0.19899,0,Medio
1957857,0.349583,0,Alto
1959049,0.314074,0,Alto
1957491,0.17909,0,Medio
1958976,0.285012,0,Alto
1958998,0.440744,1,Critico
1958416,0.273572,0,Alto
1959025,0.278239,0,Alto
1958783,0.153038,0,Baixo
1958655,0.338764,0,Alto
1958367,0.356073,1,Alto
1958794,0.138867,0,Baixo
1959069,0.257498,0,Alto
1958361,0.398247,1,Critico
1958805,0.120402,0,Baixo
1958798,0.388518,1,Critico
1958929,0.409986,1,Critico
1957801,0.228005,0,Medio
1958532,0.160853,0,Medio
1958514,0.379321,1,Critico
1959048,0.191057,0,Medio
1958234,0.290853,0,Alto
1958868,0.460785,1,Critico
1959178,0.293225,0,Alto
1959169,0.394055,1,Critico
1958144,0.2585,0,Alto
1959106,0.231358,0,Medio
1958817,0.0798,0,Baixo
1958892,0.487347,1,Critico
1957713,0.335772,0,Alto
1958917,0.445889,1,Critico
1958967,0.344331,0,Alto
1958146,0.49765,1,Critico
1957744,0.241672,0,Medio
1958523,0.115098,0,Baixo
1959281,0.252043,0,Medio
1959044,0.292858,0,Alto
1958603,0.171694,0,Medio
1959189,0.066428,0,Baixo
1959017,0.418537,1,Critico
1959010,0.211825,0,Medio
1958143,0.343263,0,Alto
1959258,0.204796,0,Medio
1958996,0.273312,0,Alto
1957745,0.254454,0,Alto
1958281,0.140954,0,Baixo
1958498,0.363976,1,Critico
1959154,0.335876,0,Alto
1958327,0.257604,0,Alto
1959126,0.126001,0,Baixo
1957829,0.141846,0,Baixo
1959250,0.24407,0,Medio
1959220,0.054064,0,Baixo
1958029,0.296265,0,Alto
1958270,0.210253,0,Medio
1959020,0.263412,0,Alto
1958908,0.174886,0,Medio
1958714,0.429902,1,Critico
1958986,0.092229,0,Baixo
1956795,0.194178,0,Medio
1957600,0.229631,0,Medio
1959240,0.13022,0,Baixo
1959452,0.341246,0,Alto
1959246,0.47004,1,Critico
1959217,0.127089,0,Baixo
1958027,0.271459,0,Alto
1959157,0.206826,0,Medio
1959159,0.208173,0,Medio
1958838,0.305767,0,Alto
1959265,0.230425,0,Medio
1955789,0.133641,0,Baixo
1956317,0.114877,0,Baixo
1957872,0.332144,0,Alto
1958920,0.158382,0,Baixo
1957942,0.364586,1,Critico
1956981,0.087382,0,Baixo
1959226,0.353083,1,Alto
1959108,0.283404,0,Alto
1958525,0.316512,0,Alto
1959423,0.136697,0,Baixo
1958276,0.269792,0,Alto
1958756,0.294336,0,Alto
1959531,0.404334,1,Critico
1958800,0.262162,0,Alto
1957751,0.260891,0,Alto
1955333,0.152765,0,Baixo
1958717,0.329867,0,Alto
1957777,0.363502,1,Critico
1959197,0.216014,0,Medio
1959397,0.207847,0,Medio
1958316,0.426462,1,Critico
1959494,0.256252,0,Alto
1958893,0.161962,0,Medio
1959145,0.173129,0,Medio
1958973,0.28818,0,Alto
1958916,0.409549,1,Critico
1959373,0.154467,0,Baixo
1959054,0.758477,1,Critico
1958946,0.240322,0,Medio
1958318,0.472911,1,Critico
1959429,0.43397,1,Critico
1959147,0.583747,1,Critico
1957998,0.296734,0,Alto
1959216,0.13061,0,Baixo
1956892,0.256647,0,Alto
1959210,0.335161,0,Alto
1959367,0.321329,0,Alto
1958097,0.196823,0,Medio
1959445,0.35597,1,Alto
1959390,0.515878,1,Critico
1958321,0.314183,0,Alto
1959402,0.146908,0,Baixo
1957590,0.518167,1,Critico
1959453,0.131459,0,Baixo
1958300,0.271029,0,Alto
1959400,0.351759,1,Alto
1956992,0.388053,1,Critico
1958902,0.451361,1,Critico
1958159,0.405949,1,Critico
1959346,0.287309,0,Alto
1959343,0.521406,1,Critico
1958227,0.388593,1,Critico
1957660,0.178524,0,Medio
1959148,0.457036,1,Critico
1957637,0.288726,0,Alto
1959213,0.238305,0,Medio
1959162,0.165649,0,Medio
1958194,0.161355,0,Medio
1959214,0.158574,0,Baixo
1959386,0.194315,0,Medio
1955576,0.196962,0,Medio
1959369,0.168128,0,Medio
1959063,0.35491,1,Alto
1959034,0.373428,1,Critico
1958810,0.296509,0,Alto
1958218,0.242493,0,Medio
1958418,0.400084,1,Critico
1959193,0.342688,0,Alto
1959468,0.144244,0,Baixo
1959519,0.177888,0,Medio
1959190,0.377964,1,Critico
1957915,0.408088,1,Critico
1959094,0.27539,0,Alto
1958114,0.337171,0,Alto
1959620,0.308918,0,Alto
1959079,0.455576,1,Critico
1957587,0.330386,0,Alto
1958301,0.250516,0,Medio
1959170,0.314095,0,Alto
1959261,0.336887,0,Alto
1959512,0.251029,0,Medio
1959535,0.390121,1,Critico
1959185,0.423183,1,Critico
1959545,0.386344,1,Critico
1959473,0.41147,1,Critico
1959613,0.354012,1,Alto
1958221,0.250488,0,Medio
1959333,0.328084,0,Alto
1958469,0.315049,0,Alto
1958435,0.313083,0,Alto
1959695,0.451082,1,Critico
1958787,0.245336,0,Medio
1959299,0.394706,1,Critico
1959647,0.38573,1,Critico
1958748,0.322165,0,Alto
1959037,0.159816,0,Baixo
1957708,0.335094,0,Alto
1959338,0.303482,0,Alto
1958862,0.339587,0,Alto
1958935,0.242527,0,Medio
1959662,0.288996,0,Alto
1957990,0.185364,0,Medio
1959446,0.45072,1,Critico
1959630,0.242011,0,Medio
1959104,0.342597,0,Alto
1834795,0.075118,0,Baixo
1959707,0.130977,0,Baixo
1959437,0.241128,0,Medio
1959040,0.277912,0,Alto
1959649,0.166626,0,Medio
1959451,0.368609,1,Critico
1958225,0.201679,0,Medio
1957914,0.26769,0,Alto
1959714,0.408093,1,Critico
1958461,0.387131,1,Critico
1958382,0.245066,0,Medio
1959174,0.142216,0,Baixo
1959374,0.282964,0,Alto
1959078,0.310357,0,Alto
1959690,0.330629,0,Alto
1959633,0.367285,1,Critico
1959342,0.383727,1,Critico
1959484,0.094632,0,Baixo
1959212,0.327452,0,Alto
1959605,0.322778,0,Alto
1958038,0.29785,0,Alto
1959606,0.137109,0,Baixo
1958931,0.456277,1,Critico
1959595,0.356324,1,Alto
1959433,0.14498,0,Baixo
1957820,0.396824,1,Critico
1958374,0.121093,0,Baixo
1959651,0.44039,1,Critico
1958907,0.411704,1,Critico
1959339,0.132947,0,Baixo
1959592,0.178581,0,Medio
1959640,0.353794,1,Alto
1959708,0.308714,0,Alto
1959603,0.312215,0,Alto
1959187,0.510744,1,Critico
1959691,0.271125,0,Alto
1959504,0.298935,0,Alto
1959570,0.145745,0,Baixo
1959763,0.422917,1,Critico
1958552,0.308803,0,Alto
1959057,0.366833,1,Critico
1959385,0.327785,0,Alto
1958358,0.293325,0,Alto
1959505,0.453335,1,Critico
1959585,0.282518,0,Alto
1958229,0.305088,0,Alto
1959785,0.167771,0,Medio
1958538,0.151911,0,Baixo
1959848,0.324602,0,Alto
1958651,0.258967,0,Alto
1959804,0.327515,0,Alto
1959840,0.076402,0,Baixo
1959562,0.156639,0,Baixo
1959522,0.49131,1,Critico
1959866,0.307188,0,Alto
1959732,0.177601,0,Medio
1958649,0.236742,0,Medio
1958639,0.437384,1,Critico
1959771,0.198723,0,Medio
1958811,0.150004,0,Baixo
1959631,0.381054,1,Critico
1959554,0.362237,1,Critico
1959909,0.283621,0,Alto
1958512,0.350996,1,Alto
1959646,0.222891,0,Medio
1959838,0.330752,0,Alto
1959753,0.348444,0,Alto
1959919,0.09623,0,Baixo
1959928,0.051532,0,Baixo
1959982,0.095201,0,Baixo
1959979,0.130124,0,Baixo
1959879,0.081535,0,Baixo
1725393,0.218067,0,Medio
1959926,0.062292,0,Baixo
1959871,0.292535,0,Alto
1959999,0.044033,0,Baixo
1957075,0.119044,0,Baixo
1959853,0.106746,0,Baixo
1959009,0.229708,0,Medio
1960003,0.254425,0,Alto
1960048,0.092218,0,Baixo
1958844,0.306881,0,Alto
1959911,0.106289,0,Baixo
1958453,0.461083,1,Critico
1959550,0.144255,0,Baixo
1959927,0.105719,0,Baixo
1958568,0.306358,0,Alto
1959893,0.158153,0,Baixo
1958911,0.466159,1,Critico
1959943,0.133747,0,Baixo
1959855,0.159635,0,Baixo
1958389,0.397862,1,Critico
1959924,0.060709,0,Baixo
1959947,0.137073,0,Baixo
1959303,0.309377,0,Alto
1960045,0.124494,0,Baixo
1957681,0.267943,0,Alto
1959948,0.43539,1,Critico
1959465,0.135024,0,Baixo
1959674,0.04515,0,Baixo
1958061,0.286576,0,Alto
1959964,0.443799,1,Critico
1959921,0.330319,0,Alto
1958842,0.347176,0,Alto
1960064,0.472231,1,Critico
1953748,0.440281,1,Critico
1959801,0.132434,0,Baixo
1959937,0.09743,0,Baixo
1959709,0.400257,1,Critico
1958517,0.066349,0,Baixo
1958336,0.289429,0,Alto
1959931,0.185825,0,Medio
1959799,0.32667,0,Alto
1960179,0.183572,0,Medio
1956383,0.598582,1,Critico
1949247,0.419012,1,Critico
1960087,0.310926,0,Alto
1959565,0.407943,1,Critico
1960169,0.105678,0,Baixo
1958489,0.317291,0,Alto
1960141,0.269972,0,Alto
1960209,0.304886,0,Alto
1959951,0.196233,0,Medio
1960205,0.276961,0,Alto
1960142,0.300857,0,Alto
1958156,0.160623,0,Medio
1960176,0.122051,0,Baixo
1959813,0.160965,0,Medio
1960105,0.156211,0,Baixo
1960092,0.488289,1,Critico
1959523,0.274811,0,Alto
1960244,0.331865,0,Alto
1956213,0.16671,0,Medio
1959821,0.383717,1,Critico
1960001,0.230568,0,Medio
1959354,0.279782,0,Alto
1958191,0.318178,0,Alto
1958847,0.171152,0,Medio
1959832,0.297811,0,Alto
1955902,0.277181,0,Alto
1959355,0.146828,0,Baixo
1959829,0.240664,0,Medio
1960336,0.080665,0,Baixo
1960258,0.120705,0,Baixo
1960292,0.358933,1,Critico
1957947,0.370522,1,Critico
1948405,0.167262,0,Medio
1958667,0.286537,0,Alto
1959684,0.430533,1,Critico
1958597,0.353223,1,Alto
1959932,0.401777,1,Critico
1959778,0.177805,0,Medio
1960321,0.100588,0,Baixo
1960364,0.358453,1,Critico
1954140,0.159349,0,Baixo
1960323,0.046871,0,Baixo
1960342,0.080572,0,Baixo
1960371,0.555394,1,Critico
1960428,0.097337,0,Baixo
1959833,0.391795,1,Critico
1960412,0.163257,0,Medio
1960424,0.108456,0,Baixo
1960386,0.168525,0,Medio
1959349,0.21407,0,Medio
1959890,0.240714,0,Medio
1958588,0.038932,0,Baixo
1958452,0.333429,0,Alto
1957706,0.282427,0,Alto
1957597,0.295598,0,Alto
1958545,0.480376,1,Critico
1958094,0.399845,1,Critico
1957907,0.282442,0,Alto
1957214,0.090706,0,Baixo
1957540,0.091218,0,Baixo
1957993,0.163408,0,Medio
1958894,0.25239,0,Alto
1957577,0.372811,1,Critico
1959132,0.204815,0,Medio
1959117,0.433088,1,Critico
1958702,0.336505,0,Alto
1958204,0.247735,0,Medio
1957849,0.209533,0,Medio
1958884,0.06339,0,Baixo
1957961,0.309634,0,Alto
1957853,0.305042,0,Alto
1957775,0.748519,1,Critico
1959677,0.063145,0,Baixo
1959576,0.265173,0,Alto
1957757,0.222592,0,Medio
1958631,0.334525,0,Alto
1957686,0.417004,1,Critico
1957592,0.237319,0,Medio
1957690,0.250144,0,Medio
1958329,0.125095,0,Baixo
1958317,0.315021,0,Alto
1958712,0.377862,1,Critico
1960402,0.143319,0,Baixo
1958662,0.502084,1,Critico
1958753,0.281625,0,Alto
1957808,0.31681,0,Alto
1958885,0.144821,0,Baixo
1958897,0.109315,0,Baixo
1958923,0.24851,0,Medio
1958928,0.186222,0,Medio
1957212,0.23941,0,Medio
1960248,0.442632,1,Critico
1958657,0.193186,0,Medio
1958694,0.133926,0,Baixo
1957531,0.190749,0,Medio
1958258,0.130475,0,Baixo
1958290,0.118128,0,Baixo
1959327,0.370709,1,Critico
1957683,0.21248,0,Medio
1958132,0.276715,0,Alto
1957641,0.282155,0,Alto
1958313,0.254894,0,Alto
1958138,0.294107,0,Alto
1957538,0.154279,0,Baixo
1957870,0.297889,0,Alto
1957911,0.272307,0,Alto
1957956,0.151064,0,Baixo
1958133,0.404016,1,Critico
1959221,0.251148,0,Medio
1955504,0.131856,0,Baixo
1958183,0.165066,0,Medio
1957722,0.259055,0,Alto
1958668,0.297879,0,Alto
1958403,0.29175,0,Alto
1958392,0.409833,1,Critico
1958371,0.435034,1,Critico
1959408,0.254743,0,Alto
1959090,0.417482,1,Critico
1959064,0.155343,0,Baixo
1959914,0.083261,0,Baixo
1959615,0.114032,0,Baixo
1960451,0.241515,0,Medio
1959675,0.139868,0,Baixo
1958780,0.376982,1,Critico
1959703,0.376864,1,Critico
1958751,0.127437,0,Baixo
1960446,0.063306,0,Baixo
1960215,0.185747,0,Medio
1960353,0.100974,0,Baixo
1958177,0.19412,0,Medio
1954557,0.162254,0,Medio
1960357,0.086268,0,Baixo
1958688,0.514401,1,Critico
1960459,0.279524,0,Alto
1959770,0.265921,0,Alto
1959283,0.293383,0,Alto
1960455,0.325121,0,Alto
1960012,0.202427,0,Medio
1958140,0.425153,1,Critico
1959160,0.262047,0,Alto
1956297,0.248014,0,Medio
1956315,0.044319,0,Baixo
1960240,0.356692,1,Alto
1956797,0.221605,0,Medio
1960425,0.4011,1,Critico
1960477,0.079504,0,Baixo
1959485,0.32453,0,Alto
1956834,0.112222,0,Baixo
1959882,0.451171,1,Critico
1958709,0.272988,0,Alto
1960500,0.382695,1,Critico
1957578,0.281935,0,Alto
1959756,0.194896,0,Medio
1958508,0.378903,1,Critico
1959721,0.351601,1,Alto
1959300,0.158107,0,Baixo
1956491,0.101533,0,Baixo
1960601,0.229315,0,Medio
1955059,0.193844,0,Medio
1959379,0.492243,1,Critico
1960597,0.042898,0,Baixo
1960653,0.219733,0,Medio
1957295,0.337202,0,Alto
1960665,0.321212,0,Alto
1957891,0.335835,0,Alto
1960673,0.298691,0,Alto
1957588,0.445093,1,Critico
1956465,0.080627,0,Baixo
1960407,0.525195,1,Critico
1960136,0.416007,1,Critico
1960695,0.306739,0,Alto
1960403,0.023825,0,Baixo
1958033,0.189732,0,Medio
1960458,0.365243,1,Critico
1960657,0.130754,0,Baixo
1960671,0.308929,0,Alto
1960737,0.028924,0,Baixo
1960731,0.346642,0,Alto
1959970,0.20507,0,Medio
1960747,0.267423,0,Alto
1960756,0.28655,0,Alto
1960777,0.107753,0,Baixo
1958734,0.427232,1,Critico
1960727,0.043445,0,Baixo
1960041,0.066927,0,Baixo
1960633,0.187947,0,Medio
1960368,0.383943,1,Critico
1960245,0.142338,0,Baixo
1960791,0.20673,0,Medio
1960796,0.104988,0,Baixo
1956024,0.225341,0,Medio
1955611,0.141546,0,Baixo
1960785,0.123864,0,Baixo
1959144,0.350759,0,Alto
1960783,0.328241,0,Alto
1958665,0.268233,0,Alto
1959211,0.25149,0,Medio
1959366,0.403023,1,Critico
1957524,0.205616,0,Medio
1958971,0.373038,1,Critico
1959102,0.321649,0,Alto
1958652,0.279349,0,Alto
1959830,0.291184,0,Alto
1955338,0.3683,1,Critico
1959351,0.122778,0,Baixo
1960234,0.227382,0,Medio
1957045,0.212389,0,Medio
1956968,0.231941,0,Medio
1957645,0.39395,1,Critico
1955986,0.313226,0,Alto
1959440,0.120392,0,Baixo
1957315,0.15301,0,Baixo
1958429,0.196759,0,Medio
1958593,0.39307,1,Critico
1960075,0.289508,0,Alto
1959985,0.257633,0,Alto
1960881,0.358611,1,Critico
1959945,0.071388,0,Baixo
1958930,0.511571,1,Critico
1960007,0.071235,0,Baixo
1956249,0.191245,0,Medio
1960882,0.165909,0,Medio
1959023,0.330122,0,Alto
1960119,0.112339,0,Baixo
1959538,0.323211,0,Alto
1959321,0.340859,0,Alto
1958629,0.156604,0,Baixo
1960866,0.346858,0,Alto
1958827,0.18378,0,Medio
1960828,0.073424,0,Baixo
1960869,0.103945,0,Baixo
1960775,0.089739,0,Baixo
1955825,0.250793,0,Medio
1957758,0.39566,1,Critico
1959860,0.392766,1,Critico
1956346,0.262045,0,Alto
1958857,0.197309,0,Medio
1960887,0.174855,0,Medio
1959854,0.184734,0,Medio
1960904,0.170677,0,Medio
1956328,0.187919,0,Medio
1959905,0.088845,0,Baixo
1960583,0.11544,0,Baixo
1960920,0.157385,0,Baixo
1959155,0.205425,0,Medio
1960898,0.227647,0,Medio
1960922,0.370702,1,Critico
1956526,0.225702,0,Medio
1960792,0.164879,0,Medio
1960921,0.192426,0,Medio
1960903,0.239181,0,Medio
1958887,0.159411,0,Baixo
1960909,0.405295,1,Critico
1960561,0.14519,0,Baixo
1960889,0.246162,0,Medio
1959509,0.232287,0,Medio
1960942,0.107828,0,Baixo
1959869,0.330199,0,Alto
1957017,0.403384,1,Critico
1960975,0.153649,0,Baixo
1960491,0.175302,0,Medio
1960974,0.268954,0,Alto
1960838,0.184867,0,Medio
1960931,0.193326,0,Medio
1960962,0.211202,0,Medio
1960966,0.297607,0,Alto
1953325,0.171817,0,Medio
1960957,0.328275,0,Alto
1957570,0.493295,1,Critico
1958000,0.178564,0,Medio
1958180,0.070795,0,Baixo
1959764,0.053263,0,Baixo
1960845,0.313974,0,Alto
1959908,0.282035,0,Alto
1955003,0.122287,0,Baixo
1960508,0.371068,1,Critico
1960985,0.154868,0,Baixo
1959279,0.389009,1,Critico
1959412,0.294922,0,Alto
1961003,0.21352,0,Medio
1961024,0.147347,0,Baixo
1961011,0.141174,0,Baixo
1961006,0.07763,0,Baixo
1958360,0.094215,0,Baixo
1960925,0.205915,0,Medio
1961036,0.299368,0,Alto
1960819,0.375751,1,Critico
1961054,0.243325,0,Medio
1961043,0.481834,1,Critico
1960734,0.31188,0,Alto
1960972,0.198786,0,Medio
1957695,0.227609,0,Medio
1956886,0.343741,0,Alto
1959387,0.079709,0,Baixo
1959005,0.17817,0,Medio
1959925,0.138652,0,Baixo
1961056,0.245824,0,Medio
1960725,0.275879,0,Alto
1961074,0.320759,0,Alto
1961069,0.065489,0,Baixo
1956744,0.50376,1,Critico
1957862,0.292111,0,Alto
1959938,0.0863,0,Baixo
1957609,0.4496,1,Critico
1959065,0.130411,0,Baixo
1961076,0.321539,0,Alto
1958205,0.352521,1,Alto
1960615,0.321968,0,Alto
1959720,0.172166,0,Medio
1958515,0.319487,0,Alto
1960231,0.302083,0,Alto
1959610,0.75229,1,Critico
1960778,0.392908,1,Critico
1961095,0.258132,0,Alto
1955548,0.355135,1,Alto
1959819,0.23469,0,Medio
1961045,0.25671,0,Alto
1959686,0.28784,0,Alto
1961098,0.191092,0,Medio
1961007,0.061672,0,Baixo
1955600,0.370867,1,Critico
1961127,0.319888,0,Alto
1961114,0.483739,1,Critico
1961121,0.130972,0,Baixo
1961017,0.297361,0,Alto
1952835,0.084198,0,Baixo
1961106,0.097431,0,Baixo
1951542,0.138548,0,Baixo
1960970,0.150178,0,Baixo
1960949,0.405408,1,Critico
1961122,0.056623,0,Baixo
1961137,0.190062,0,Medio
1961155,0.098566,0,Baixo
1961125,0.239511,0,Medio
1961058,0.134068,0,Baixo
1961131,0.112487,0,Baixo
1961129,0.269118,0,Alto
1951102,0.225109,0,Medio
1961185,0.213686,0,Medio
1961132,0.168952,0,Medio
1961157,0.24696,0,Medio
1958462,0.440809,1,Critico
1960452,0.313482,0,Alto
1961205,0.146839,0,Baixo
1961215,0.173935,0,Medio
1961173,0.307508,0,Alto
1958215,0.401296,1,Critico
1960577,0.119882,0,Baixo
1958104,0.155311,0,Baixo
1961197,0.131538,0,Baixo
1961224,0.282475,0,Alto
1959528,0.28337,0,Alto
1960684,0.272336,0,Alto
1958274,0.385212,1,Critico
1961161,0.147546,0,Baixo
1961285,0.032857,0,Baixo
1961101,0.18068,0,Medio
1961244,0.417731,1,Critico
1961211,0.332238,0,Alto
1958271,0.327846,0,Alto
1960732,0.323376,0,Alto
1960826,0.353256,1,Alto
1957897,0.37517,1,Critico
1960897,0.419458,1,Critico
1961318,0.260629,0,Alto
1961355,0.287338,0,Alto
1960892,0.173367,0,Medio
1955442,0.151443,0,Baixo
1961332,0.158346,0,Baixo
1961195,0.356841,1,Alto
1961172,0.288161,0,Alto
1954944,0.024323,0,Baixo
1958825,0.426386,1,Critico
1961271,0.248724,0,Medio
1959902,0.305413,0,Alto
1956356,0.139275,0,Baixo
1961399,0.452029,1,Critico
1961439,0.110298,0,Baixo
1961431,0.063776,0,Baixo
1957556,0.192655,0,Medio
1961177,0.52721,1,Critico
1944614,0.236843,0,Medio
1952366,0.08689,0,Baixo
1960490,0.402267,1,Critico
1960070,0.298234,0,Alto
1961049,0.108447,0,Baixo
1953337,0.357792,1,Alto
1959546,0.395567,1,Critico
1959774,0.247482,0,Medio
1955229,0.127719,0,Baixo
1958044,0.263482,0,Alto
1957409,0.258631,0,Alto
1961241,0.285649,0,Alto
1961448,0.310553,0,Alto
1961455,0.333885,0,Alto
1954702,0.2956,0,Alto
1961002,0.070925,0,Baixo
1957211,0.287631,0,Alto
1961430,0.217672,0,Medio
1958243,0.297303,0,Alto
1958582,0.362368,1,Critico
1961398,0.172897,0,Medio
1959858,0.108849,0,Baixo
1959276,0.464955,1,Critico
1959859,0.314197,0,Alto
1957877,0.233343,0,Medio
1961451,0.093512,0,Baixo
1959750,0.284941,0,Alto
1955201,0.337537,0,Alto
1961046,0.217751,0,Medio
1960072,0.192878,0,Medio
1955084,0.156408,0,Baixo
1961500,0.195471,0,Medio
1958735,0.287255,0,Alto
1961403,0.353394,1,Alto
1961517,0.228485,0,Medio
1958152,0.558423,1,Critico
1955694,0.246686,0,Medio
1961512,0.373719,1,Critico
1956151,0.039948,0,Baixo
1959124,0.324412,0,Alto
1958684,0.066173,0,Baixo
1958384,0.346127,0,Alto
1958288,0.405485,1,Critico
1961556,0.201372,0,Medio
1960895,0.123794,0,Baixo
1961518,0.10392,0,Baixo
1961544,0.210305,0,Medio
1961555,0.292561,0,Alto
1961543,0.11355,0,Baixo
1961553,0.239546,0,Medio
1958432,0.339024,0,Alto
1961533,0.234311,0,Medio
1957534,0.429346,1,Critico
1959806,0.276697,0,Alto
1957479,0.222535,0,Medio
1960281,0.06424,0,Baixo
1960794,0.258223,0,Alto
1961573,0.390376,1,Critico
1961617,0.15742,0,Baixo
1958185,0.231707,0,Medio
1958563,0.29855,0,Alto
1954443,0.168184,0,Medio
1961587,0.292285,0,Alto
1960917,0.259179,0,Alto
1955541,0.263858,0,Alto
1958640,0.286612,0,Alto
1959564,0.300595,0,Alto
1959352,0.28526,0,Alto
1960907,0.301477,0,Alto
1961597,0.168451,0,Medio
1959748,0.614786,1,Critico
1958856,0.446803,1,Critico
1961212,0.285504,0,Alto
1961364,0.325261,0,Alto
1958299,0.283453,0,Alto
1957881,0.38284,1,Critico
1960390,0.207196,0,Medio
1960535,0.440539,1,Critico
1956657,0.186434,0,Medio
1960453,0.131488,0,Baixo
1961672,0.151182,0,Baixo
1958087,0.34482,0,Alto
1961582,0.149082,0,Baixo
1961648,0.233795,0,Medio
1961678,0.3619,1,Critico
1961684,0.332619,0,Alto
1960581,0.114989,0,Baixo
1961652,0.359979,1,Critico
1961683,0.113308,0,Baixo
1895628,0.293082,0,Alto
1960156,0.223022,0,Medio
1959637,0.173202,0,Medio
1961632,0.125489,0,Baixo
1961413,0.444514,1,Critico
1957908,0.393882,1,Critico
1960062,0.21938,0,Medio
1950288,0.138897,0,Baixo
1961736,0.086567,0,Baixo
1961731,0.077352,0,Baixo
1961699,0.427982,1,Critico
1956767,0.108753,0,Baixo
1961711,0.032287,0,Baixo
1961735,0.035697,0,Baixo
1218283,0.131375,0,Baixo
1960704,0.224149,0,Medio
1953740,0.169409,0,Medio
1960289,0.148251,0,Baixo
1617852,0.021616,0,Baixo
1958233,0.298941,0,Alto
1961339,0.289794,0,Alto
1959012,0.468456,1,Critico
1960735,0.18158,0,Medio
1961519,0.26676,0,Alto
1961762,0.096682,0,Baixo
1961746,0.28046,0,Alto
1958888,0.460247,1,Critico
1958938,0.131461,0,Baixo
1961096,0.079466,0,Baixo
1961760,0.193948,0,Medio
1960485,0.214146,0,Medio
1953953,0.087219,0,Baixo
1961780,0.098656,0,Baixo
1933968,0.189408,0,Medio
1961697,0.295452,0,Alto
1957195,0.306355,0,Alto
1961809,0.139428,0,Baixo
1957669,0.231577,0,Medio
1961803,0.322456,0,Alto
1961819,0.259237,0,Alto
1961778,0.354649,1,Alto
431885,0.351491,1,Alto
1944689,0.099579,0,Baixo
1959731,0.299051,0,Alto
1961317,0.336312,0,Alto
1956921,0.169159,0,Medio
1931895,0.33752,0,Alto
1961817,0.478913,1,Critico
1961788,0.053184,0,Baixo
1919477,0.328427,0,Alto
1961841,0.112352,0,Baixo
1958793,0.175649,0,Medio
1059229,0.310952,0,Alto
1955695,0.160071,0,Baixo
1961869,0.251086,0,Medio
1958446,0.264087,0,Alto
1954291,0.252325,0,Alto
1958385,0.373639,1,Critico
1956632,0.139765,0,Baixo
1957218,0.025694,0,Baixo
1959680,0.331741,0,Alto
1956501,0.073036,0,Baixo
1957318,0.553582,1,Critico
1960996,0.164919,0,Medio
1958530,0.179242,0,Medio
1961878,0.151654,0,Baixo
1958574,0.303143,0,Alto
1961126,0.414,1,Critico
1961893,0.085165,0,Baixo
1961796,0.306086,0,Alto
1961902,0.101752,0,Baixo
1961904,0.098349,0,Baixo
1961876,0.055407,0,Baixo
1961738,0.194388,0,Medio
1961585,0.11656,0,Baixo
1960564,0.084598,0,Baixo
1961881,0.441982,1,Critico
1961889,0.239051,0,Medio
1961454,0.229603,0,Medio
1961910,0.328771,0,Alto
1961765,0.293575,0,Alto
1961845,0.184229,0,Medio
1961898,0.313776,0,Alto
1961874,0.31476,0,Alto
1961924,0.132737,0,Baixo
1961596,0.347628,0,Alto
1956210,0.274809,0,Alto
1958871,0.339898,0,Alto
1961578,0.466196,1,Critico
1955558,0.099638,0,Baixo
1957636,0.600471,1,Critico
1961921,0.198424,0,Medio
1955290,0.240247,0,Medio
1961926,0.205333,0,Medio
1958738,0.109788,0,Baixo
1956188,0.20046,0,Medio
1958344,0.153999,0,Baixo
1957562,0.36868,1,Critico
1961784,0.181296,0,Medio
1681685,0.143986,0,Baixo
1956495,0.3747,1,Critico
1959409,0.183655,0,Medio
1951661,0.215417,0,Medio
1959483,0.051367,0,Baixo
1959475,0.307184,0,Alto
1955407,0.147889,0,Baixo
1958544,0.241067,0,Medio
1956402,0.381182,1,Critico
1956624,0.18849,0,Medio
1961956,0.521089,1,Critico
1956405,0.222437,0,Medio
1961970,0.069335,0,Baixo
1961960,0.142002,0,Baixo
1961965,0.176337,0,Medio
1813360,0.1991,0,Medio
1907847,0.087472,0,Baixo
1961758,0.144338,0,Baixo
1961865,0.181471,0,Medio
1961593,0.398492,1,Critico
1957782,0.39166,1,Critico
1961883,0.181104,0,Medio
1961962,0.16162,0,Medio
1955734,0.142253,0,Baixo
1961681,0.126136,0,Baixo
1951686,0.175149,0,Medio
1960626,0.115563,0,Baixo
1962011,0.070724,0,Baixo
1959198,0.130916,0,Baixo
1962002,0.101747,0,Baixo
1961963,0.311123,0,Alto
1941611,0.176784,0,Medio
1957314,0.478755,1,Critico
1959326,0.28151,0,Alto
1962012,0.113119,0,Baixo
1956835,0.110548,0,Baixo
1960103,0.246584,0,Medio
1953021,0.275409,0,Alto
1961806,0.19028,0,Medio
1962001,0.216247,0,Medio
1961992,0.091936,0,Baixo
1949662,0.327469,0,Alto
1961984,0.535258,1,Critico
1962029,0.366966,1,Critico
1961950,0.123183,0,Baixo
1961894,0.144561,0,Baixo
1956376,0.32433,0,Alto
1962041,0.116203,0,Baixo
1961870,0.154686,0,Baixo
1630895,0.384573,1,Critico
1957920,0.134763,0,Baixo
1962047,0.289851,0,Alto
1923392,0.093789,0,Baixo
1961210,0.234748,0,Medio
1961631,0.305928,0,Alto
1957963,0.413402,1,Critico
1956322,0.121324,0,Baixo
1960527,0.101558,0,Baixo
1940898,0.037818,0,Baixo
1961619,0.13901,0,Baixo
1961851,0.159334,0,Baixo
1959496,0.200752,0,Medio
1958282,0.37676,1,Critico
1957481,0.171596,0,Medio
1959365,0.398883,1,Critico
1955940,0.054399,0,Baixo
1961354,0.324885,0,Alto
1962004,0.130402,0,Baixo
1961976,0.344706,0,Alto
1955225,0.224289,0,Medio
1962112,0.319233,0,Alto
1960788,0.239599,0,Medio
1962097,0.135873,0,Baixo
1962091,0.10391,0,Baixo
1960571,0.251383,0,Medio
1956140,0.220255,0,Medio
1957874,0.151273,0,Baixo
1962092,0.216794,0,Medio
1957362,0.465094,1,Critico
1958678,0.461985,1,Critico
1962137,0.327619,0,Alto
1961815,0.167232,0,Medio
1962152,0.432895,1,Critico
1955898,0.398244,1,Critico
1959783,0.101571,0,Baixo
1962102,0.257099,0,Alto
1958501,0.367018,1,Critico
1961380,0.486599,1,Critico
1962067,0.297943,0,Alto
1962187,0.252537,0,Alto
1958206,0.274301,0,Alto
1961985,0.187971,0,Medio
1962155,0.334239,0,Alto
1957365,0.143509,0,Baixo
1962190,0.065209,0,Baixo
1961103,0.081694,0,Baixo
1962193,0.143978,0,Baixo
1962213,0.172052,0,Medio
1962211,0.491166,1,Critico
1960024,0.246253,0,Medio
1962192,0.538311,1,Critico
1962215,0.287317,0,Alto
1954728,0.201343,0,Medio
1962208,0.231207,0,Medio
1952942,0.277524,0,Alto
1962201,0.201565,0,Medio
1960271,0.199195,0,Medio
1959934,0.408263,1,Critico
1961202,0.13014,0,Baixo
1962230,0.083527,0,Baixo
1957273,0.328949,0,Alto
1962253,0.216844,0,Medio
1962246,0.043639,0,Baixo
1960919,0.284581,0,Alto
1959733,0.336075,0,Alto
1949783,0.146898,0,Baixo
1957175,0.102127,0,Baixo
1959161,0.35221,1,Alto
1962170,0.100899,0,Baixo
1947520,0.171268,0,Medio
1962241,0.119863,0,Baixo
1962257,0.282323,0,Alto
1962267,0.62202,1,Critico
1962202,0.338304,0,Alto
1956616,0.262178,0,Alto
1953181,0.156255,0,Baixo
1957902,0.051577,0,Baixo
1959923,0.134054,0,Baixo
1962008,0.264142,0,Alto
1962269,0.130524,0,Baixo
1957946,0.203474,0,Medio
1959098,0.144395,0,Baixo
1962250,0.105016,0,Baixo
1960782,0.489929,1,Critico
1961147,0.448492,1,Critico
1958333,0.367047,1,Critico
1962265,0.100012,0,Baixo
1949882,0.053143,0,Baixo
1961460,0.185121,0,Medio
1962280,0.474673,1,Critico
1962259,0.392695,1,Critico
1962252,0.393687,1,Critico
1958880,0.302691,0,Alto
1962200,0.078195,0,Baixo
1959636,0.3462,0,Alto
1962287,0.087145,0,Baixo
1962179,0.315726,0,Alto
1962300,0.05677,0,Baixo
1956976,0.237845,0,Medio
1961943,0.441394,1,Critico
1961140,0.273499,0,Alto
1895043,0.467461,1,Critico
1962311,0.229678,0,Medio
1960464,0.458526,1,Critico
1957684,0.32977,0,Alto
1956428,0.492257,1,Critico
1957739,0.32919,0,Alto
1957111,0.049484,0,Baixo
1962331,0.226567,0,Medio
1962035,0.39551,1,Critico
1962036,0.220218,0,Medio
1962336,0.158188,0,Baixo
1958577,0.313361,0,Alto
1953355,0.151571,0,Baixo
1960850,0.458353,1,Critico
1952975,0.248629,0,Medio
1962346,0.060646,0,Baixo
1961700,0.204137,0,Medio
1962339,0.108961,0,Baixo
1962376,0.207803,0,Medio
1958368,0.372609,1,Critico
1957020,0.221602,0,Medio
1955234,0.135585,0,Baixo
1962375,0.028932,0,Baixo
1962310,0.369942,1,Critico
1960186,0.358999,1,Critico
1962372,0.27654,0,Alto
1958736,0.305996,0,Alto
1962355,0.338703,0,Alto
1962382,0.240139,0,Medio
1962383,0.288556,0,Alto
1954877,0.324786,0,Alto
1962361,0.180993,0,Medio
1962231,0.126106,0,Baixo
1955899,0.357388,1,Alto
1962182,0.080937,0,Baixo
1962136,0.175276,0,Medio
1942169,0.071447,0,Baixo
1956814,0.21746,0,Medio
1958309,0.28668,0,Alto
1960611,0.327527,0,Alto
1962186,0.112679,0,Baixo
1957656,0.25087,0,Medio
1954632,0.055394,0,Baixo
1956548,0.14307,0,Baixo
1956979,0.414936,1,Critico
1955731,0.205418,0,Medio
1960667,0.384928,1,Critico
1958364,0.312111,0,Alto
1959348,0.175307,0,Medio
1957293,0.207021,0,Medio
1958765,0.563402,1,Critico
1962411,0.098388,0,Baixo
1953924,0.173434,0,Medio
1957016,0.345009,0,Alto
1962412,0.173093,0,Medio
1962423,0.261703,0,Alto
1961580,0.119949,0,Baixo
1961379,0.306704,0,Alto
1961386,0.302768,0,Alto
1960418,0.170217,0,Medio
1962432,0.247536,0,Medio
1962427,0.149832,0,Baixo
1956946,0.364799,1,Critico
1958345,0.114651,0,Baixo
1962441,0.379295,1,Critico
1958970,0.421271,1,Critico
1961968,0.173551,0,Medio
1962297,0.173006,0,Medio
1962327,0.31962,0,Alto
1962324,0.279262,0,Alto
1962476,0.36623,1,Critico
1962485,0.112183,0,Baixo
1958240,0.447281,1,Critico
1962484,0.112307,0,Baixo
1962305,0.16953,0,Medio
1962127,0.122989,0,Baixo
1962473,0.221998,0,Medio
1949189,0.144433,0,Baixo
1955914,0.488684,1,Critico
1956958,0.234724,0,Medio
1958023,0.114071,0,Baixo
1959331,0.26324,0,Alto
1953323,0.448933,1,Critico
1962512,0.276572,0,Alto
1962451,0.239304,0,Medio
1962520,0.21703,0,Medio
1962394,0.178339,0,Medio
1962502,0.428266,1,Critico
1962527,0.238183,0,Medio
1954992,0.355359,1,Alto
1962026,0.369489,1,Critico
1962421,0.13481,0,Baixo
1961830,0.17212,0,Medio
1958196,0.460171,1,Critico
1962516,0.388364,1,Critico
1962481,0.806918,1,Critico
1962293,0.129609,0,Baixo
1962509,0.289321,0,Alto
1962546,0.360875,1,Critico
1962446,0.280025,0,Alto
1959586,0.320662,0,Alto
1962559,0.084436,0,Baixo
1962563,0.110801,0,Baixo
1962564,0.091479,0,Baixo
1961983,0.228444,0,Medio
1962435,0.218601,0,Medio
1962603,0.197348,0,Medio
1962581,0.11864,0,Baixo
1958697,0.368049,1,Critico
1962541,0.128974,0,Baixo
1959293,0.367059,1,Critico
1949985,0.14379,0,Baixo
1943809,0.150357,0,Baixo
1962568,0.206689,0,Medio
1958053,0.368253,1,Critico
1961561,0.101458,0,Baixo
1957716,0.323321,0,Alto
1958944,0.392346,1,Critico
1957581,0.378157,1,Critico
1958524,0.266878,0,Alto
1961175,0.193297,0,Medio
1962637,0.31116,0,Alto
1961014,0.327089,0,Alto
1947543,0.209128,0,Medio
1958259,0.216248,0,Medio
1962636,0.48632,1,Critico
1962633,0.304941,0,Alto
1959767,0.384745,1,Critico
1962806,0.411017,1,Critico
1962775,0.174687,0,Medio
1962705,0.292366,0,Alto
1956237,0.187298,0,Medio
1957954,0.417186,1,Critico
1962500,0.253012,0,Alto
1956531,0.141162,0,Baixo
1959491,0.293416,0,Alto
1962634,0.466264,1,Critico
1962810,0.413695,1,Critico
1962822,0.304622,0,Alto
1962796,0.174818,0,Medio
1962732,0.183886,0,Medio
1960741,0.420246,1,Critico
1962639,0.3255,0,Alto
1956324,0.287555,0,Alto
1958915,0.106147,0,Baixo
1956126,0.236582,0,Medio
1962811,0.156558,0,Baixo
1960750,0.216438,0,Medio
1962754,0.265767,0,Alto
1954920,0.033738,0,Baixo
1962739,0.229837,0,Medio
1962449,0.554353,1,Critico
1962687,0.341304,0,Alto
1962646,0.229384,0,Medio
1962767,0.270863,0,Alto
1958561,0.412094,1,Critico
1962667,0.160357,0,Baixo
1961201,0.236669,0,Medio
1961932,0.319011,0,Alto
1957786,0.467513,1,Critico
1959166,0.407888,1,Critico
1962330,0.221307,0,Medio
1961395,0.152576,0,Baixo
1960573,0.164108,0,Medio
1962864,0.318064,0,Alto
1961978,0.128315,0,Baixo
1962833,0.220421,0,Medio
1958331,0.302784,0,Alto
1962615,0.090605,0,Baixo
1962780,0.238547,0,Medio
1958083,0.125986,0,Baixo
1960967,0.282131,0,Alto
1962592,0.307287,0,Alto
1962883,0.455963,1,Critico
1962621,0.296686,0,Alto
1958624,0.445586,1,Critico
1960912,0.324121,0,Alto
1959470,0.091817,0,Baixo
1962455,0.436391,1,Critico
1962874,0.171602,0,Medio
1962817,0.267933,0,Alto
1960311,0.208761,0,Medio
1960495,0.190696,0,Medio
1962053,0.302099,0,Alto
1960790,0.347211,0,Alto
1962931,0.275078,0,Alto
1962683,0.461605,1,Critico
1962845,0.522156,1,Critico
1962408,0.319068,0,Alto
1957535,0.095047,0,Baixo
1958656,0.318745,0,Alto
1962871,0.381323,1,Critico
1962580,0.132212,0,Baixo
1956843,0.282999,0,Alto
1962746,0.320437,0,Alto
1962958,0.190377,0,Medio
1962146,0.311671,0,Alto
1962893,0.201994,0,Medio
1959184,0.184524,0,Medio
1962990,0.25757,0,Alto
1959889,0.291275,0,Alto
1957164,0.051338,0,Baixo
1960699,0.383762,1,Critico
1962805,0.133823,0,Baixo
1962948,0.275702,0,Alto
1962979,0.372319,1,Critico
1962962,0.489529,1,Critico
1954949,0.077852,0,Baixo
1962915,0.271743,0,Alto
1963005,0.223187,0,Medio
1958768,0.406582,1,Critico
1962880,0.308168,0,Alto
1962953,0.224033,0,Medio
1962766,0.242803,0,Medio
1962867,0.375176,1,Critico
1962966,0.311456,0,Alto
1963000,0.273894,0,Alto
1956783,0.214861,0,Medio
1960906,0.400536,1,Critico
1958613,0.3517,1,Alto
1956358,0.46528,1,Critico
1963014,0.243287,0,Medio
1962420,0.347494,0,Alto
1963007,0.20312,0,Medio
1963006,0.165974,0,Medio
1962876,0.071494,0,Baixo
1963022,0.349421,0,Alto
1955920,0.209201,0,Medio
1959318,0.346945,0,Alto
1962968,0.154549,0,Baixo
1957833,0.455255,1,Critico
1960681,0.281328,0,Alto
1962993,0.173444,0,Medio
1962977,0.327759,0,Alto
1963052,0.060687,0,Baixo
1963041,0.276025,0,Alto
1962638,0.214869,0,Medio
1962905,0.220482,0,Medio
1962823,0.299643,0,Alto
1960947,0.042103,0,Baixo
1963027,0.314992,0,Alto
1963058,0.026851,0,Baixo
1963066,0.128041,0,Baixo
1962938,0.498962,1,Critico
1962942,0.02466,0,Baixo
1962947,0.214843,0,Medio
1958968,0.427927,1,Critico
1962794,0.152774,0,Baixo
1962641,0.283644,0,Alto
1962642,0.328762,0,Alto
1959730,0.372962,1,Critico
1962688,0.260158,0,Alto
1963004,0.344586,0,Alto
1960262,0.19865,0,Medio
1962653,0.223291,0,Medio
1963096,0.16761,0,Medio
1962803,0.157891,0,Baixo
1962743,0.518016,1,Critico
1963088,0.414225,1,Critico
1960398,0.104346,0,Baixo
1963113,0.203083,0,Medio
1960958,0.493751,1,Critico
1963111,0.279868,0,Alto
1961569,0.074235,0,Baixo
1962984,0.224265,0,Medio
1959901,0.280781,0,Alto
1962576,0.18691,0,Medio
1963123,0.245769,0,Medio
1961536,0.380071,1,Critico
1963121,0.249477,0,Medio
1963050,0.316626,0,Alto
1963125,0.263305,0,Alto
1963071,0.228451,0,Medio
1956500,0.206815,0,Medio
1960164,0.376719,1,Critico
1962978,0.351448,1,Alto
1963054,0.219665,0,Medio
1963019,0.147343,0,Baixo
1961546,0.094005,0,Baixo
1962991,0.339274,0,Alto
1963137,0.398987,1,Critico
1962976,0.198254,0,Medio
1959891,0.483042,1,Critico
1963154,0.037642,0,Baixo
1963158,0.241683,0,Medio
1963155,0.061973,0,Baixo
1962786,0.181069,0,Medio
1963128,0.351077,1,Alto
1963167,0.451969,1,Critico
1963168,0.348551,0,Alto
1963165,0.180654,0,Medio
1962816,0.365394,1,Critico
1956820,0.243893,0,Medio
1958098,0.502949,1,Critico
1953592,0.201347,0,Medio
1957923,0.383869,1,Critico
1959571,0.274777,0,Alto
1962402,0.290156,0,Alto
1960835,0.237307,0,Medio
1957932,0.233231,0,Medio
1962650,0.162364,0,Medio
1962666,0.253245,0,Alto
1963094,0.167625,0,Medio
1963196,0.173696,0,Medio
1962214,0.050475,0,Baixo
1958813,0.178081,0,Medio
1962664,0.143673,0,Baixo
1955375,0.140518,0,Baixo
1958632,0.299913,0,Alto
1959467,0.268395,0,Alto
1339380,0.215493,0,Medio
1957798,0.264699,0,Alto
1963072,0.25524,0,Alto
1963180,0.153912,0,Baixo
1963201,0.126811,0,Baixo
1959659,0.203111,0,Medio
1963160,0.362193,1,Critico
1963139,0.585461,1,Critico
1963143,0.264065,0,Alto
1963053,0.149785,0,Baixo
1963222,0.458141,1,Critico
1963193,0.200271,0,Medio
1958128,0.413391,1,Critico
1963214,0.048023,0,Baixo
1958102,0.356762,1,Alto
1960997,0.307932,0,Alto
1959115,0.299968,0,Alto
1963191,0.397119,1,Critico
1958168,0.450464,1,Critico
1963197,0.14512,0,Baixo
1963229,0.237223,0,Medio
1961756,0.394576,1,Critico
1961618,0.060731,0,Baixo
1963220,0.107619,0,Baixo
1963237,0.206123,0,Medio
1963271,0.159308,0,Baixo
1958815,0.447519,1,Critico
1963277,0.101957,0,Baixo
1963282,0.053141,0,Baixo
1959296,0.270375,0,Alto
1963281,0.147126,0,Baixo
1963255,0.12629,0,Baixo
1963274,0.133268,0,Baixo
1963192,0.219251,0,Medio
1963103,0.136396,0,Baixo
1963284,0.154882,0,Baixo
1963280,0.10526,0,Baixo
1963288,0.116852,0,Baixo
1963272,0.090075,0,Baixo
1963306,0.044411,0,Baixo
1963287,0.158113,0,Baixo
1963286,0.0861,0,Baixo
1963244,0.090149,0,Baixo
1963304,0.156088,0,Baixo
1963292,0.111526,0,Baixo
1954673,0.182455,0,Medio
1963311,0.127387,0,Baixo
1963307,0.068542,0,Baixo
1958636,0.285279,0,Alto
1963317,0.171704,0,Medio
1963297,0.096626,0,Baixo
1963315,0.084498,0,Baixo
1963322,0.228408,0,Medio
1961409,0.529847,1,Critico
1963312,0.096247,0,Baixo
1963296,0.097499,0,Baixo
1963140,0.155619,0,Baixo
1961589,0.464473,1,Critico
1963310,0.215672,0,Medio
1957276,0.200279,0,Medio
1962506,0.299277,0,Alto
1963235,0.121196,0,Baixo
1963249,0.248978,0,Medio
1963335,0.257458,0,Alto
1963331,0.474134,1,Critico
1963318,0.293343,0,Alto
1960326,0.338744,0,Alto
1963323,0.44173,1,Critico
1962853,0.378445,1,Critico
1963354,0.138724,0,Baixo
1963342,0.354849,1,Alto
1963367,0.172067,0,Medio
1963349,0.096103,0,Baixo
1963293,0.082981,0,Baixo
1963309,0.084917,0,Baixo
1963298,0.353619,1,Alto
1958984,0.297222,0,Alto
1962015,0.193402,0,Medio
1962619,0.081167,0,Baixo
1963230,0.23043,0,Medio
1963204,0.057798,0,Baixo
1955935,0.070808,0,Baixo
1962995,0.370211,1,Critico
1963130,0.282836,0,Alto
1960522,0.24583,0,Medio
1963245,0.491996,1,Critico
1963291,0.161322,0,Medio
1961162,0.346157,0,Alto
1963383,0.290535,0,Alto
1962356,0.297523,0,Alto
1961421,0.506598,1,Critico
1963357,0.114537,0,Baixo
1962415,0.326193,0,Alto
1963507,0.088889,0,Baixo
1963473,0.272203,0,Alto
1963433,0.087849,0,Baixo
1963316,0.143605,0,Baixo
1963481,0.376626,1,Critico
1956663,0.508057,1,Critico
1963497,0.102175,0,Baixo
1962491,0.12453,0,Baixo
1963528,0.23609,0,Medio
1960022,0.313026,0,Alto
1963533,0.40357,1,Critico
1957071,0.175371,0,Medio
1961873,0.137222,0,Baixo
1962147,0.428161,1,Critico
1963532,0.230726,0,Medio
1960771,0.356604,1,Alto
1962973,0.287745,0,Alto
1956942,0.290877,0,Alto
1963108,0.288573,0,Alto
1962477,0.062203,0,Baixo
1963557,0.206479,0,Medio
1957632,0.430596,1,Critico
1963585,0.413079,1,Critico
1960566,0.184337,0,Medio
1960175,0.265476,0,Alto
1963546,0.098643,0,Baixo
1963411,0.160452,0,Baixo
1957177,0.219202,0,Medio
1963618,0.108644,0,Baixo
1963604,0.14265,0,Baixo
1963627,0.307625,0,Alto
1962596,0.482004,1,Critico
1963418,0.346353,0,Alto
1963645,0.235289,0,Medio
1963650,0.029458,0,Baixo
1961866,0.245491,0,Medio
1963667,0.115778,0,Baixo
1958764,0.40775,1,Critico
1779352,0.200471,0,Medio
1963676,0.481584,1,Critico
1952510,0.28032,0,Alto
1963714,0.171758,0,Medio
1960558,0.260072,0,Alto
1963261,0.122216,0,Baixo
1958924,0.34972,0,Alto
1963748,0.112446,0,Baixo
1963295,0.172208,0,Medio
1963761,0.410398,1,Critico
1960484,0.254,0,Alto
1957772,0.203457,0,Medio
1963768,0.322606,0,Alto
1963746,0.24261,0,Medio
1956852,0.142947,0,Baixo
1962517,0.071864,0,Baixo
1956118,0.112677,0,Baixo
1963358,0.23213,0,Medio
1958519,0.120488,0,Baixo
1963812,0.156773,0,Baixo
1958242,0.249583,0,Medio
1960011,0.558883,1,Critico
1960194,0.111516,0,Baixo
1961987,0.108825,0,Baixo
1962970,0.368014,1,Critico
1963851,0.288813,0,Alto
1955355,0.107258,0,Baixo
1963853,0.121515,0,Baixo
1958214,0.242068,0,Medio
1963355,0.131593,0,Baixo
1963764,0.28269,0,Alto
1958013,0.297499,0,Alto
1963847,0.158624,0,Baixo
1958933,0.179783,0,Medio
1963844,0.088147,0,Baixo
1958337,0.2986,0,Alto
1963359,0.213653,0,Medio
1952659,0.152144,0,Baixo
1962457,0.311718,0,Alto
1963892,0.313668,0,Alto
1963890,0.167634,0,Medio
1963898,0.14821,0,Baixo
1958484,0.188247,0,Medio
1963900,0.179739,0,Medio
1961586,0.399629,1,Critico
1963886,0.330858,0,Alto
1963910,0.149463,0,Baixo
1963889,0.267521,0,Alto
1953877,0.283103,0,Alto
1963911,0.348149,0,Alto
1959404,0.517963,1,Critico
1963909,0.097415,0,Baixo
1963901,0.185848,0,Medio
1962302,0.136826,0,Baixo
1963931,0.242784,0,Medio
1951623,0.154919,0,Baixo
1963932,0.019903,0,Baixo
1963930,0.442395,1,Critico
1958139,0.370502,1,Critico
1959291,0.491287,1,Critico
1963279,0.366405,1,Critico
1960753,0.336099,0,Alto
1963941,0.328813,0,Alto
1963942,0.059658,0,Baixo
1958121,0.366342,1,Critico
1959787,0.227601,0,Medio
1963824,0.28791,0,Alto
1963954,0.287129,0,Alto
1954259,0.30582,0,Alto
1963771,0.358294,1,Critico
1963959,0.1205,0,Baixo
1963373,0.436031,1,Critico
1959897,0.307995,0,Alto
1963982,0.222472,0,Medio
1963979,0.072987,0,Baixo
1962368,0.12768,0,Baixo
1961086,0.456113,1,Critico
1957711,0.296165,0,Alto
1891010,0.179127,0,Medio
1963936,0.262916,0,Alto
1963990,0.351561,1,Alto
1963015,0.16904,0,Medio
1956409,0.159294,0,Baixo
1957340,0.146942,0,Baixo
1952721,0.168297,0,Medio
1964017,0.046211,0,Baixo
1958724,0.362181,1,Critico
1964001,0.221079,0,Medio
1962366,0.072669,0,Baixo
1934513,0.020917,0,Baixo
1960821,0.264707,0,Alto
1954075,0.412916,1,Critico
1960603,0.184544,0,Medio
1958135,0.121862,0,Baixo
1964015,0.17102,0,Medio
1964048,0.136103,0,Baixo
1964034,0.266507,0,Alto
1964036,0.441817,1,Critico
1964049,0.05628,0,Baixo
1958637,0.322658,0,Alto
1964000,0.20619,0,Medio
1958779,0.399698,1,Critico
1964058,0.17421,0,Medio
1964027,0.12113,0,Baixo
1963372,0.125432,0,Baixo
1964063,0.071617,0,Baixo
1960430,0.202464,0,Medio
1964070,0.384051,1,Critico
1964065,0.275595,0,Alto
1962777,0.474461,1,Critico
1963194,0.127913,0,Baixo
1959158,0.165217,0,Medio
1964082,0.132486,0,Baixo
1964067,0.044214,0,Baixo
1963090,0.388439,1,Critico
1957568,0.174624,0,Medio
1963273,0.128063,0,Baixo
1956904,0.126081,0,Baixo
1959992,0.33133,0,Alto
1935182,0.062416,0,Baixo
1964090,0.022626,0,Baixo
1964083,0.345941,0,Alto
1947764,0.212447,0,Medio
1963133,0.144627,0,Baixo
1963891,0.110745,0,Baixo
1960980,0.066142,0,Baixo
1961656,0.042223,0,Baixo
1964140,0.365249,1,Critico
1960693,0.147705,0,Baixo
1946892,0.209024,0,Medio
1960893,0.257216,0,Alto
1964138,0.180648,0,Medio
1964136,0.089561,0,Baixo
1964146,0.134416,0,Baixo
1964127,0.121484,0,Baixo
1962558,0.170548,0,Medio
1964143,0.112034,0,Baixo
1964152,0.114348,0,Baixo
1954415,0.492159,1,Critico
1964104,0.05755,0,Baixo
1964114,0.617935,1,Critico
1964123,0.227238,0,Medio
1959225,0.332515,0,Alto
1963935,0.127118,0,Baixo
1964003,0.085812,0,Baixo
1957682,0.485043,1,Critico
1964149,0.140025,0,Baixo
1963394,0.179814,0,Medio
1937114,0.096268,0,Baixo
1964171,0.122407,0,Baixo
1958245,0.290381,0,Alto
1964147,0.060817,0,Baixo
1962861,0.221647,0,Medio
1964180,0.141514,0,Baixo
1953998,0.326828,0,Alto
1964190,0.126453,0,Baixo
1961549,0.343052,0,Alto
1964197,0.07769,0,Baixo
1964184,0.113475,0,Baixo
1960009,0.281742,0,Alto
1964194,0.221866,0,Medio
1964198,0.285621,0,Alto
1964196,0.104752,0,Baixo
1964201,0.209776,0,Medio
1964192,0.101911,0,Baixo
1964148,0.305006,0,Alto
1964213,0.224331,0,Medio
1961040,0.136271,0,Baixo
1964212,0.125074,0,Baixo
1961703,0.284161,0,Alto
1958945,0.263549,0,Alto
1964227,0.097943,0,Baixo
1961112,0.258161,0,Alto
1960669,0.318393,0,Alto
1964237,0.024759,0,Baixo
1961093,0.473898,1,Critico
1959086,0.399682,1,Critico
1955042,0.165367,0,Medio
1964216,0.298938,0,Alto
1961489,0.274622,0,Alto
1964224,0.146561,0,Baixo
1947979,0.209351,0,Medio
1963159,0.312838,0,Alto
1939553,0.23709,0,Medio
1961732,0.209083,0,Medio
1954384,0.101088,0,Baixo
1962924,0.335144,0,Alto
1958878,0.76466,1,Critico
1959994,0.100635,0,Baixo
1958644,0.165428,0,Medio
1954629,0.242438,0,Medio
1962844,0.152482,0,Baixo
1958895,0.355355,1,Alto
1961322,0.245174,0,Medio
1943852,0.250196,0,Medio
1964222,0.166889,0,Medio
1964252,0.255144,0,Alto
1964223,0.27801,0,Alto
1951709,0.089421,0,Baixo
1958691,0.266742,0,Alto
1964047,0.197052,0,Medio
1964266,0.115669,0,Baixo
1962217,0.250186,0,Medio
1964263,0.225805,0,Medio
1960543,0.339998,0,Alto
1964261,0.134787,0,Baixo
1961770,0.147021,0,Baixo
1962504,0.535718,1,Critico
1964265,0.15731,0,Baixo
1964269,0.164801,0,Medio
1964267,0.235284,0,Medio
1964241,0.088866,0,Baixo
1958789,0.282325,0,Alto
1962840,0.50872,1,Critico
1964242,0.104363,0,Baixo
1961802,0.275608,0,Alto
1964279,0.215271,0,Medio
1954696,0.287848,0,Alto
1959954,0.146031,0,Baixo
1964186,0.438839,1,Critico
1964308,0.108828,0,Baixo
1959664,0.321598,0,Alto
1954738,0.324932,0,Alto
1964304,0.2525,0,Alto
1957247,0.070019,0,Baixo
1964225,0.099837,0,Baixo
1950031,0.179925,0,Medio
1964286,0.200969,0,Medio
1957204,0.209298,0,Medio
1964309,0.463691,1,Critico
1962562,0.160333,0,Baixo
1964319,0.1113,0,Baixo
1958876,0.362188,1,Critico
1960722,0.037242,0,Baixo
1964335,0.366411,1,Critico
1964301,0.14198,0,Baixo
1964339,0.173378,0,Medio
1959018,0.214609,0,Medio
1964343,0.049277,0,Baixo
1959561,0.394478,1,Critico
1962203,0.185831,0,Medio
1964345,0.282029,0,Alto
1958107,0.44937,1,Critico
1964355,0.142415,0,Baixo
1956414,0.220564,0,Medio
1879954,0.357955,1,Critico
1959088,0.516024,1,Critico
1961411,0.480911,1,Critico
1957831,0.301636,0,Alto
1964191,0.132395,0,Baixo
1962391,0.261308,0,Alto
1963980,0.162072,0,Medio
1964370,0.209264,0,Medio
1634306,0.147673,0,Baixo
1964390,0.065119,0,Baixo
1950337,0.13,0,Baixo
1964398,0.242119,0,Medio
1955545,0.339534,0,Alto
1964393,0.087092,0,Baixo
1964356,0.165875,0,Medio
1964406,0.188738,0,Medio
1952457,0.0996,0,Baixo
1964401,0.19493,0,Medio
1958740,0.290333,0,Alto
1958548,0.259503,0,Alto
1960127,0.059392,0,Baixo
1958110,0.419202,1,Critico
1964185,0.132084,0,Baixo
1961862,0.356725,1,Alto
1964394,0.082228,0,Baixo
1964272,0.099183,0,Baixo
1959307,0.289553,0,Alto
1964293,0.142509,0,Baixo
1964397,0.339775,0,Alto
1954628,0.194442,0,Medio
1964416,0.190381,0,Medio
1964415,0.081121,0,Baixo
1964106,0.513185,1,Critico
1963142,0.10449,0,Baixo
1961064,0.412468,1,Critico
1960928,0.109511,0,Baixo
1964427,0.136436,0,Baixo
1964270,0.241942,0,Medio
1953357,0.293841,0,Alto
1952616,0.221875,0,Medio
1964199,0.232885,0,Medio
1964423,0.125216,0,Baixo
1964436,0.3322,0,Alto
1964425,0.366756,1,Critico
1964429,0.317463,0,Alto
1964409,0.148659,0,Baixo
1964336,0.092257,0,Baixo
1959977,0.226558,0,Medio
1964456,0.36102,1,Critico
1964440,0.208357,0,Medio
1964452,0.232865,0,Medio
1964428,0.110385,0,Baixo
1964446,0.233527,0,Medio
1964437,0.456676,1,Critico
1958646,0.150228,0,Baixo
1964445,0.233751,0,Medio
1719870,0.175384,0,Medio
1960994,0.106252,0,Baixo
1964463,0.108505,0,Baixo
1956432,0.398713,1,Critico
1964404,0.169743,0,Medio
1964276,0.083566,0,Baixo
1961879,0.191195,0,Medio
1961908,0.274899,0,Alto
1960108,0.186132,0,Medio
1955984,0.303103,0,Alto
1964471,0.332747,0,Alto
1964469,0.160539,0,Baixo
1964480,0.457652,1,Critico
1960935,0.125169,0,Baixo
1964487,0.198934,0,Medio
1964489,0.166499,0,Medio
1964493,0.193044,0,Medio
1956870,0.269841,0,Alto
1962154,0.371635,1,Critico
1964503,0.008574,0,Baixo
1964483,0.089335,0,Baixo
1964519,0.304243,0,Alto
1962498,0.221643,0,Medio
1957607,0.445256,1,Critico
1961471,0.192518,0,Medio
1962262,0.271083,0,Alto
1964521,0.194919,0,Medio
1964526,0.517302,1,Critico
1962703,0.16369,0,Medio
1964542,0.250591,0,Medio
1959510,0.171672,0,Medio
1958849,0.303394,0,Alto
1734451,0.081712,0,Baixo
1964499,0.196728,0,Medio
1964546,0.097777,0,Baixo
1964548,0.32735,0,Alto
1964075,0.283782,0,Alto
1964168,0.104095,0,Baixo
1964274,0.025198,0,Baixo
1964432,0.285252,0,Alto
1960123,0.452183,1,Critico
1964541,0.333213,0,Alto
1964567,0.094452,0,Baixo
1957073,0.493935,1,Critico
1961975,0.135537,0,Baixo
1964170,0.185519,0,Medio
1964439,0.177762,0,Medio
1964382,0.316193,0,Alto
1958615,0.307396,0,Alto
1964589,0.210239,0,Medio
1964529,0.400222,1,Critico
1964358,0.206864,0,Medio
1964586,0.314378,0,Alto
1948992,0.376184,1,Critico
1964566,0.181484,0,Medio
1964594,0.098542,0,Baixo
1964538,0.499859,1,Critico
1964525,0.205296,0,Medio
1963922,0.069984,0,Baixo
1959344,0.430143,1,Critico
1960049,0.177867,0,Medio
1959466,0.334158,0,Alto
1964609,0.033751,0,Baixo
1959706,0.218966,0,Medio
1958966,0.376086,1,Critico
1962135,0.185447,0,Medio
1964512,0.087664,0,Baixo
1961345,0.086273,0,Baixo
1958951,0.33812,0,Alto
1960829,0.253033,0,Alto
1964448,0.193208,0,Medio
1964031,0.200091,0,Medio
1964347,0.137189,0,Baixo
1960802,0.262667,0,Alto
1964497,0.10233,0,Baixo
1964385,0.156371,0,Baixo
1962779,0.152067,0,Baixo
1958939,0.060606,0,Baixo
1952558,0.191061,0,Medio
1964616,0.045143,0,Baixo
1964175,0.282858,0,Alto
1958025,0.532935,1,Critico
1964606,0.114207,0,Baixo
1962076,0.24214,0,Medio
1962309,0.092473,0,Baixo
1962917,0.49347,1,Critico
1963382,0.405144,1,Critico
1959875,0.223848,0,Medio
1958275,0.249444,0,Medio
1959541,0.387744,1,Critico
1964490,0.139485,0,Baixo
1962494,0.153601,0,Baixo
1964612,0.195857,0,Medio
1957743,0.492582,1,Critico
1964421,0.15177,0,Baixo
1964290,0.331129,0,Alto
1964588,0.040838,0,Baixo
1964623,0.130513,0,Baixo
1964617,0.278456,0,Alto
1961833,0.419346,1,Critico
1964615,0.279976,0,Alto
1964639,0.068417,0,Baixo
1964644,0.123663,0,Baixo
1961031,0.280545,0,Alto
1964637,0.279625,0,Alto
1964648,0.293132,0,Alto
1962017,0.057783,0,Baixo
1960486,0.208086,0,Medio
1964535,0.27348,0,Alto
1939933,0.121012,0,Baixo
1955318,0.238865,0,Medio
1964661,0.264782,0,Alto
1962239,0.20408,0,Medio
1964659,0.080733,0,Baixo
1964662,0.115295,0,Baixo
1964647,0.015473,0,Baixo
1964665,0.177006,0,Medio
1964672,0.134747,0,Baixo
1962983,0.309833,0,Alto
1958363,0.310875,0,Alto
1964686,0.36836,1,Critico
1964674,0.092831,0,Baixo
1964683,0.2186,0,Medio
1964676,0.126471,0,Baixo
1964664,0.087796,0,Baixo
1957312,0.251783,0,Medio
1964691,0.347181,0,Alto
1964689,0.300536,0,Alto
1958507,0.567243,1,Critico
1964692,0.2846,0,Alto
1135442,0.369438,1,Critico
1964563,0.21766,0,Medio
1958108,0.192953,0,Medio
1959602,0.063003,0,Baixo
1964701,0.263955,0,Alto
1964694,0.255801,0,Alto
1961896,0.169043,0,Medio
1964531,0.304783,0,Alto
1958006,0.328965,0,Alto
1958628,0.378449,1,Critico
1964518,0.037004,0,Baixo
1958263,0.05518,0,Baixo
1961644,0.324348,0,Alto
1964681,0.191518,0,Medio
1963781,0.352901,1,Alto
1964707,0.218812,0,Medio
1955950,0.151511,0,Baixo
1964713,0.148135,0,Baixo
1964250,0.193535,0,Medio
1964704,0.175284,0,Medio
1962508,0.364749,1,Critico
1964717,0.117416,0,Baixo
1964720,0.116751,0,Baixo
1956488,0.115266,0,Baixo
1963264,0.161968,0,Medio
1958867,0.297483,0,Alto
1954598,0.487446,1,Critico
1964716,0.134579,0,Baixo
1964583,0.257015,0,Alto
1964729,0.070974,0,Baixo
1964718,0.262391,0,Alto
1964614,0.370381,1,Critico
1964737,0.122468,0,Baixo
1964725,0.317646,0,Alto
1962802,0.406558,1,Critico
1959873,0.325047,0,Alto
1964727,0.210313,0,Medio
1964091,0.140391,0,Baixo
1964745,0.097619,0,Baixo
1964734,0.07731,0,Baixo
1963363,0.370042,1,Critico
1964447,0.283121,0,Alto
1961266,0.218501,0,Medio
1964744,0.119579,0,Baixo
1960214,0.170394,0,Medio
1964743,0.085945,0,Baixo
1959844,0.401821,1,Critico
1964029,0.179671,0,Medio
1964752,0.132445,0,Baixo
1957346,0.323445,0,Alto
1964627,0.234291,0,Medio
1963203,0.430382,1,Critico
1953601,0.443675,1,Critico
1955907,0.273152,0,Alto
1964755,0.046856,0,Baixo
1960531,0.341821,0,Alto
1949077,0.119783,0,Baixo
1959425,0.34159,0,Alto
1962908,0.304899,0,Alto
1957843,0.166544,0,Medio
1960325,0.351542,1,Alto
1964587,0.198432,0,Medio
1963337,0.040602,0,Baixo
1964673,0.263284,0,Alto
1961791,0.305932,0,Alto
1964645,0.292119,0,Alto
1964652,0.296097,0,Alto
1958612,0.360695,1,Critico
1964763,0.373159,1,Critico
1964723,0.154798,0,Baixo
1964773,0.080545,0,Baixo
1959904,0.109772,0,Baixo
1964565,0.228985,0,Medio
1964764,0.28908,0,Alto
1964761,0.249307,0,Medio
1956479,0.102369,0,Baixo
1964775,0.282319,0,Alto
1964776,0.224028,0,Medio
1960275,0.215773,0,Medio
1959208,0.316071,0,Alto
1964751,0.231976,0,Medio
1964766,0.237254,0,Medio
1962440,0.40953,1,Critico
1964376,0.176386,0,Medio
1964783,0.250719,0,Medio
1961030,0.476792,1,Critico
1845331,0.224172,0,Medio
1964797,0.306657,0,Alto
1829711,0.279564,0,Alto
1964793,0.162185,0,Medio
1956940,0.113094,0,Baixo
1964084,0.260289,0,Alto
1962507,0.202909,0,Medio
1964684,0.354901,1,Alto
1961951,0.22989,0,Medio
1963188,0.241792,0,Medio
1957878,0.44509,1,Critico
1958566,0.377706,1,Critico
1962800,0.220877,0,Medio
1958386,0.240504,0,Medio
1958030,0.245753,0,Medio
1964654,0.266585,0,Alto
1964117,0.09641,0,Baixo
1964794,0.197999,0,Medio
1964802,0.234371,0,Medio
1963177,0.250957,0,Medio
1962283,0.198611,0,Medio
1959183,0.209968,0,Medio
1962495,0.171768,0,Medio
1950975,0.216174,0,Medio
1964819,0.398335,1,Critico
1964833,0.192728,0,Medio
1964837,0.186372,0,Medio
1956609,0.046603,0,Baixo
1964790,0.542032,1,Critico
1958778,0.258615,0,Alto
1964101,0.282628,0,Alto
1955435,0.251337,0,Medio
1964855,0.178787,0,Medio
1964831,0.282393,0,Alto
1957792,0.298891,0,Alto
1964454,0.10219,0,Baixo
1964859,0.195756,0,Medio
981636,0.26357,0,Alto
1964853,0.187252,0,Medio
1964803,0.287695,0,Alto
1962533,0.371159,1,Critico
1962277,0.533339,1,Critico
1960437,0.175564,0,Medio
1964877,0.170469,0,Medio
1963466,0.272394,0,Alto
1956487,0.168751,0,Medio
1964875,0.076951,0,Baixo
1961572,0.514239,1,Critico
1964874,0.230762,0,Medio
1964827,0.129916,0,Baixo
1964879,0.245739,0,Medio
1964886,0.119638,0,Baixo
1964890,0.498095,1,Critico
1964858,0.474506,1,Critico
1964746,0.095924,0,Baixo
1959179,0.34368,0,Alto
1964820,0.281579,0,Alto
1957802,0.324426,0,Alto
1960145,0.233731,0,Medio
1961442,0.242482,0,Medio
1964844,0.115785,0,Baixo
1963469,0.31246,0,Alto
1964883,0.092279,0,Baixo
1906969,0.355178,1,Alto
1955329,0.199126,0,Medio
1964889,0.031307,0,Baixo
1959976,0.211586,0,Medio
1438921,0.064322,0,Baixo
1953435,0.106886,0,Baixo
1964903,0.219348,0,Medio
1964798,0.072094,0,Baixo
1959995,0.16514,0,Medio
1964888,0.135379,0,Baixo
1955879,0.23837,0,Medio
1964782,0.237196,0,Medio
1962342,0.19509,0,Medio
1960978,0.144017,0,Baixo
1964919,0.100502,0,Baixo
1961959,0.207747,0,Medio
1964907,0.077076,0,Baixo
1964894,0.311139,0,Alto
1963997,0.228078,0,Medio
1954710,0.047584,0,Baixo
1962787,0.116216,0,Baixo
1962701,0.222013,0,Medio
1964930,0.194296,0,Medio
1964935,0.21654,0,Medio
1964928,0.367351,1,Critico
1959886,0.421156,1,Critico
1962095,0.320025,0,Alto
1964867,0.041082,0,Baixo
1959292,0.282371,0,Alto
1960475,0.290156,0,Alto
1964849,0.261277,0,Alto
1957532,0.381824,1,Critico
1962761,0.261056,0,Alto
1964441,0.121838,0,Baixo
1963012,0.153328,0,Baixo
1960166,0.281142,0,Alto
1963540,0.098249,0,Baixo
1964396,0.169846,0,Medio
1960021,0.37574,1,Critico
1296651,0.189545,0,Medio
1964943,0.213885,0,Medio
1964834,0.098785,0,Baixo
1962043,0.49162,1,Critico
1964941,0.056638,0,Baixo
1961079,0.327721,0,Alto
1951730,0.36967,1,Critico
1956471,0.444414,1,Critico
1964947,0.119135,0,Baixo
1955947,0.375592,1,Critico
1964948,0.417043,1,Critico
1964950,0.151966,0,Baixo
1957436,0.522549,1,Critico
1964961,0.161636,0,Medio
1964966,0.122207,0,Baixo
1964804,0.307157,0,Alto
1964968,0.098272,0,Baixo
1964942,0.178516,0,Medio
1964976,0.183443,0,Medio
1962359,0.272859,0,Alto
1964828,0.394595,1,Critico
1964892,0.1597,0,Baixo
1964077,0.27345,0,Alto
1962776,0.119294,0,Baixo
1964924,0.241327,0,Medio
1953984,0.142336,0,Baixo
1957047,0.263016,0,Alto
1964983,0.301345,0,Alto
1964778,0.209731,0,Medio
1964333,0.294529,0,Alto
1951604,0.271666,0,Alto
1964997,0.237238,0,Medio
1964993,0.505201,1,Critico
1965010,0.159509,0,Baixo
1957183,0.193703,0,Medio
1794347,0.362895,1,Critico
1963539,0.172261,0,Medio
1964952,0.108759,0,Baixo
1961037,0.438423,1,Critico
1965022,0.229162,0,Medio
1965003,0.216863,0,Medio
1961342,0.431069,1,Critico
1959666,0.341363,0,Alto
1965028,0.360079,1,Critico
1956215,0.212898,0,Medio
1954438,0.199079,0,Medio
1965029,0.320579,0,Alto
1965032,0.259519,0,Alto
1965034,0.284195,0,Alto
1956823,0.262633,0,Alto
1955942,0.224975,0,Medio
1965038,0.187446,0,Medio
1957392,0.11328,0,Baixo
1965043,0.046119,0,Baixo
1954265,0.105888,0,Baixo
1954444,0.31012,0,Alto
1955909,0.712584,1,Critico
1962700,0.350846,1,Alto
1965059,0.142769,0,Baixo
1964603,0.483244,1,Critico
1964624,0.193674,0,Medio
1959324,0.273935,0,Alto
1950889,0.105547,0,Baixo
1965009,0.17346,0,Medio
1964872,0.154237,0,Baixo
1964134,0.127066,0,Baixo
1964505,0.287299,0,Alto
1965075,0.083619,0,Baixo
1965083,0.184553,0,Medio
1965087,0.347966,0,Alto
1965095,0.132982,0,Baixo
1965088,0.178431,0,Medio
1965110,0.409082,1,Critico
1965117,0.277901,0,Alto
1955431,0.144024,0,Baixo
1965118,0.145704,0,Baixo
1965122,0.140721,0,Baixo
1965121,0.201754,0,Medio
1965125,0.140178,0,Baixo
1964371,0.261231,0,Alto
1964549,0.398416,1,Critico
1964862,0.086072,0,Baixo
1958376,0.273074,0,Alto
1965139,0.168728,0,Medio
1965143,0.104666,0,Baixo
1965153,0.213272,0,Medio
1965161,0.169592,0,Medio
1965158,0.385033,1,Critico
1965006,0.164719,0,Medio
1965167,0.351832,1,Alto
1962337,0.216151,0,Medio
1951701,0.144531,0,Baixo
1951291,0.409884,1,Critico
1965115,0.194996,0,Medio
1959016,0.233221,0,Medio
1955658,0.224818,0,Medio
1965182,0.248982,0,Medio
1965176,0.225107,0,Medio
1956208,0.184752,0,Medio
1965190,0.119184,0,Baixo
1965170,0.128283,0,Baixo
1962006,0.119352,0,Baixo
1965203,0.3414,0,Alto
1959653,0.283017,0,Alto
1965207,0.13689,0,Baixo
1946110,0.232795,0,Medio
1965066,0.279258,0,Alto
1965208,0.360827,1,Critico
1965178,0.172585,0,Medio
1962274,0.319305,0,Alto
1431724,0.198461,0,Medio
1965197,0.111143,0,Baixo
1965215,0.136439,0,Baixo
1965218,0.175951,0,Medio
1959741,0.204195,0,Medio
1965227,0.352085,1,Alto
1965241,0.265406,0,Alto
1965240,0.056837,0,Baixo
1965258,0.215279,0,Medio
1959751,0.433277,1,Critico
1965245,0.065285,0,Baixo
1935549,0.027517,0,Baixo
1965260,0.217216,0,Medio
1965249,0.09642,0,Baixo
1896162,0.391991,1,Critico
1964234,0.063247,0,Baixo
1043657,0.181578,0,Medio
1965274,0.073031,0,Baixo
1965265,0.142854,0,Baixo
1965236,0.353474,1,Alto
1963782,0.135413,0,Baixo
1965270,0.102337,0,Baixo
1955445,0.109201,0,Baixo
1965142,0.099045,0,Baixo
1962686,0.178148,0,Medio
1965287,0.20921,0,Medio
1963352,0.279033,0,Alto
1965018,0.145543,0,Baixo
1965264,0.095673,0,Baixo
1951382,0.22206,0,Medio
1965269,0.221425,0,Medio
1958505,0.493,1,Critico
1965300,0.151683,0,Baixo
1585660,0.323538,0,Alto
1965242,0.179601,0,Medio
1965301,0.366084,1,Critico
1965285,0.210109,0,Medio
1965311,0.139286,0,Baixo
1816924,0.111139,0,Baixo
1965299,0.416014,1,Critico
1965309,0.206292,0,Medio
1965266,0.337934,0,Alto
1965282,0.090224,0,Baixo
1965308,0.065488,0,Baixo
1954617,0.472635,1,Critico
1959019,0.245913,0,Medio
1705127,0.248753,0,Medio
1965254,0.214007,0,Medio
1965321,0.083458,0,Baixo
1964162,0.322825,0,Alto
1965328,0.26074,0,Alto
1965355,0.450925,1,Critico
1965317,0.07056,0,Baixo
1965263,0.28212,0,Alto
1965338,0.309771,0,Alto
1965359,0.334367,0,Alto
1965342,0.36955,1,Critico
1965351,0.441438,1,Critico
1965384,0.172843,0,Medio
1953609,0.397303,1,Critico
1965396,0.066355,0,Baixo
1965370,0.248314,0,Medio
1965380,0.197813,0,Medio
1965405,0.113972,0,Baixo
1965367,0.126295,0,Baixo
1965408,0.251311,0,Medio
1965407,0.12029,0,Baixo
1965243,0.173919,0,Medio
1965382,0.292234,0,Alto
1965375,0.037918,0,Baixo
1946451,0.247243,0,Medio
1965124,0.122319,0,Baixo
1965423,0.136492,0,Baixo
1965348,0.191416,0,Medio
1965426,0.046444,0,Baixo
1961929,0.22239,0,Medio
1965422,0.22281,0,Medio
1965414,0.183837,0,Medio
1965303,0.107296,0,Baixo
1965257,0.208237,0,Medio
1965443,0.463892,1,Critico
1965206,0.162462,0,Medio
1965406,0.300384,0,Alto
1964088,0.053921,0,Baixo
1965458,0.196689,0,Medio
1965460,0.030858,0,Baixo
1954858,0.075238,0,Baixo
1965455,0.081235,0,Baixo
1965471,0.07933,0,Baixo
1965465,0.276448,0,Alto
1965456,0.072901,0,Baixo
1965473,0.284561,0,Alto
1965196,0.356939,1,Alto
1965478,0.205098,0,Medio
1963034,0.242811,0,Medio
1965477,0.310767,0,Alto
1952695,0.147521,0,Baixo
1965436,0.23488,0,Medio
1965486,0.37855,1,Critico
1965500,0.289191,0,Alto
1965481,0.086688,0,Baixo
1965462,0.147789,0,Baixo
1965509,0.426632,1,Critico
1957159,0.268518,0,Alto
1965513,0.162872,0,Medio
1936399,0.325591,0,Alto
1955957,0.139644,0,Baixo
1964582,0.287805,0,Alto
1965545,0.121388,0,Baixo
1965569,0.254415,0,Alto
1965576,0.108899,0,Baixo
1965538,0.072589,0,Baixo
1965554,0.131088,0,Baixo
1965568,0.372477,1,Critico
1965532,0.11302,0,Baixo
1965579,0.095566,0,Baixo
1965573,0.169636,0,Medio
1965530,0.175172,0,Medio
1965490,0.197265,0,Medio
1965541,0.219349,0,Medio
1965611,0.180962,0,Medio
1965557,0.130274,0,Baixo
1965549,0.166351,0,Medio
1965553,0.375564,1,Critico
1965631,0.058718,0,Baixo
1965454,0.685213,1,Critico
1965641,0.229361,0,Medio
1945085,0.293196,0,Alto
1965643,0.118049,0,Baixo
1965577,0.160867,0,Medio
1965639,0.074368,0,Baixo
1953447,0.192665,0,Medio
1965493,0.148776,0,Baixo
1965652,0.188082,0,Medio
1965613,0.199977,0,Medio
1964173,0.086568,0,Baixo
1965001,0.135587,0,Baixo
1965604,0.127265,0,Baixo
1965655,0.237128,0,Medio
1954956,0.233141,0,Medio
1962226,0.204061,0,Medio
1965659,0.100095,0,Baixo
1965669,0.225535,0,Medio
1965512,0.540116,1,Critico
1964361,0.132829,0,Baixo
1965676,0.072721,0,Baixo
1965666,0.503126,1,Critico
1965682,0.189,0,Medio
1965686,0.280259,0,Alto
1959142,0.219665,0,Medio
1965625,0.106139,0,Baixo
1965683,0.123512,0,Baixo
1965699,0.191805,0,Medio
1965698,0.213286,0,Medio
1965700,0.027931,0,Baixo
1965684,0.190176,0,Medio
1965585,0.138742,0,Baixo
1965717,0.094047,0,Baixo
1965632,0.151696,0,Baixo
1962384,0.404948,1,Critico
1960122,0.189283,0,Medio
1965719,0.159313,0,Baixo
1965714,0.071553,0,Baixo
1965061,0.125032,0,Baixo
1964949,0.139457,0,Baixo
1965713,0.165997,0,Medio
1963971,0.322198,0,Alto
1965727,0.279052,0,Alto
1965605,0.15489,0,Baixo
1959140,0.402077,1,Critico
1965695,0.041954,0,Baixo
1965732,0.230311,0,Medio
1965739,0.355986,1,Alto
1965548,0.081585,0,Baixo
1965751,0.066797,0,Baixo
1965747,0.081918,0,Baixo
1965634,0.217595,0,Medio
1965756,0.159101,0,Baixo
1965750,0.329681,0,Alto
1965752,0.373785,1,Critico
1965761,0.041922,0,Baixo
1964561,0.34624,0,Alto
1965758,0.336597,0,Alto
1964868,0.102519,0,Baixo
1965645,0.06579,0,Baixo
1965770,0.073753,0,Baixo
1965654,0.229887,0,Medio
1965782,0.305326,0,Alto
1965746,0.175085,0,Medio
1965411,0.583481,1,Critico
1959619,0.104271,0,Baixo
1965775,0.137108,0,Baixo
1965809,0.185158,0,Medio
1964282,0.451784,1,Critico
1965818,0.093162,0,Baixo
1965822,0.176303,0,Medio
1965825,0.333924,0,Alto
1965785,0.137677,0,Baixo
1965829,0.254325,0,Alto
1965837,0.150407,0,Baixo
1965836,0.330039,0,Alto
1965219,0.076299,0,Baixo
1965845,0.063428,0,Baixo
1965662,0.061923,0,Baixo
1965808,0.077562,0,Baixo
1965849,0.173979,0,Medio
1965864,0.18909,0,Medio
1965783,0.174711,0,Medio
1965860,0.257666,0,Alto
1965852,0.11446,0,Baixo
1965863,0.107986,0,Baixo
1955911,0.554534,1,Critico
1965843,0.081457,0,Baixo
1965846,0.239329,0,Medio
1965731,0.05062,0,Baixo
1965862,0.120314,0,Baixo
1965880,0.20274,0,Medio
1965857,0.10742,0,Baixo
1965870,0.211721,0,Medio
1965888,0.078031,0,Baixo
1965868,0.076194,0,Baixo
1965874,0.186347,0,Medio
1960805,0.363049,1,Critico
1965887,0.131299,0,Baixo
1965707,0.22618,0,Medio
1965769,0.178378,0,Medio
1965895,0.172429,0,Medio
1965889,0.020911,0,Baixo
1965897,0.075738,0,Baixo
1965896,0.077082,0,Baixo
1965898,0.213905,0,Medio
1965885,0.084055,0,Baixo
1965905,0.135142,0,Baixo
1965910,0.147414,0,Baixo
1965902,0.090692,0,Baixo
1965433,0.346575,0,Alto
1965609,0.153734,0,Baixo
1965789,0.099285,0,Baixo
1965923,0.027963,0,Baixo
1965929,0.506344,1,Critico
1965273,0.160989,0,Medio
1965931,0.148896,0,Baixo
1963766,0.286917,0,Alto
1965938,0.291348,0,Alto
1965928,0.256465,0,Alto
1965917,0.162279,0,Medio
1964527,0.190479,0,Medio
862224,0.319295,0,Alto
1965947,0.195048,0,Medio
1965958,0.417916,1,Critico
1965955,0.275053,0,Alto
1962556,0.046347,0,Baixo
1965959,0.246297,0,Medio
1965964,0.115959,0,Baixo
1965935,0.173316,0,Medio
1965957,0.133755,0,Baixo
1965971,0.289265,0,Alto
1965921,0.147002,0,Baixo
1965973,0.094364,0,Baixo
1958504,0.212212,0,Medio
1965974,0.134409,0,Baixo
1965637,0.143719,0,Baixo
1965981,0.442181,1,Critico
1965970,0.148814,0,Baixo
1965583,0.214223,0,Medio
1965944,0.148591,0,Baixo
1965967,0.266242,0,Alto
1965988,0.197623,0,Medio
1965903,0.155371,0,Baixo
1965989,0.469349,1,Critico
1965994,0.219682,0,Medio
1963590,0.288372,0,Alto
1965992,0.152913,0,Baixo
1965995,0.157068,0,Baixo
1965431,0.502303,1,Critico
1964731,0.423771,1,Critico
1966007,0.171748,0,Medio
1966010,0.255293,0,Alto
1965987,0.252493,0,Alto
1954791,0.122321,0,Baixo
1966009,0.217864,0,Medio
1966019,0.118169,0,Baixo
1966017,0.063419,0,Baixo
1966021,0.314056,0,Alto
1966025,0.134865,0,Baixo
1965832,0.12933,0,Baixo
1952925,0.227272,0,Medio
1966023,0.281374,0,Alto
1966029,0.026857,0,Baixo
1966036,0.194504,0,Medio
1966005,0.284804,0,Alto
1966024,0.115897,0,Baixo
1966037,0.113727,0,Baixo
1963896,0.427044,1,Critico
1965831,0.265241,0,Alto
1965533,0.239684,0,Medio
1965980,0.237662,0,Medio
1963823,0.146913,0,Baixo
1965344,0.505793,1,Critico
1966044,0.216956,0,Medio
1963276,0.047786,0,Baixo
1958972,0.198904,0,Medio
1966040,0.138023,0,Baixo
1965960,0.270827,0,Alto
1966060,0.297373,0,Alto
1966059,0.157107,0,Baixo
1965437,0.023918,0,Baixo
1965216,0.077368,0,Baixo
1963689,0.219117,0,Medio
1966032,0.149506,0,Baixo
1964464,0.249611,0,Medio
1964708,0.21231,0,Medio
1965448,0.226188,0,Medio
1965851,0.327366,0,Alto
1965392,0.197098,0,Medio
1965503,0.225767,0,Medio
1961691,0.294389,0,Alto
1964679,0.356237,1,Alto
1965661,0.089357,0,Baixo
1966034,0.053376,0,Baixo
1954063,0.126305,0,Baixo
1966094,0.141947,0,Baixo
1966109,0.068428,0,Baixo
1966111,0.157444,0,Baixo
1966110,0.098579,0,Baixo
1965546,0.146227,0,Baixo
1965306,0.309282,0,Alto
1966125,0.18448,0,Medio
1966127,0.253461,0,Alto
1965908,0.091265,0,Baixo
1966130,0.183904,0,Medio
1966134,0.129214,0,Baixo
1966136,0.10771,0,Baixo
1966132,0.193718,0,Medio
1966120,0.16936,0,Medio
1965575,0.123999,0,Baixo
1965986,0.249004,0,Medio
1964461,0.073014,0,Baixo
1966151,0.067119,0,Baixo
1966156,0.121052,0,Baixo
1957169,0.17148,0,Medio
1966161,0.247823,0,Medio
1966146,0.235207,0,Medio
1966170,0.150357,0,Baixo
1966168,0.040179,0,Baixo
1966173,0.217594,0,Medio
1966179,0.096349,0,Baixo
1966180,0.212955,0,Medio
1966184,0.195573,0,Medio
1966186,0.157297,0,Baixo
1965350,0.284847,0,Alto
1965790,0.057584,0,Baixo
1958584,0.237233,0,Medio
1965948,0.269963,0,Alto
1966183,0.245243,0,Medio
1966196,0.085066,0,Baixo
1966197,0.231687,0,Medio
1966198,0.14525,0,Baixo
1966195,0.18316,0,Medio
1932097,0.084464,0,Baixo
1966193,0.345365,0,Alto
1966209,0.170726,0,Medio
1966085,0.338725,0,Alto
1966214,0.483686,1,Critico
1945704,0.127783,0,Baixo
1959219,0.190815,0,Medio
1966233,0.299646,0,Alto
1965483,0.415404,1,Critico
1966206,0.132556,0,Baixo
1966227,0.021891,0,Baixo
1962629,0.326852,0,Alto
1966239,0.3579,1,Critico
1965743,0.32748,0,Alto
1966248,0.361123,1,Critico
1966256,0.191352,0,Medio
1966265,0.144905,0,Baixo
1966260,0.195484,0,Medio
1966271,0.090111,0,Baixo
1957855,0.393029,1,Critico
1966274,0.289437,0,Alto
1966254,0.402481,1,Critico
1951598,0.161549,0,Medio
1966283,0.285553,0,Alto
1965723,0.16334,0,Medio
1966289,0.123815,0,Baixo
1966291,0.023249,0,Baixo
1966296,0.347718,0,Alto
1960610,0.249299,0,Medio
1966290,0.182879,0,Medio
1966268,0.31057,0,Alto
1966298,0.185869,0,Medio
1966305,0.306015,0,Alto
1966311,0.325315,0,Alto
1965262,0.13328,0,Baixo
1966303,0.486127,1,Critico
1966316,0.149411,0,Baixo
1964562,0.289141,0,Alto
1966313,0.138445,0,Baixo
1954646,0.257386,0,Alto
1966321,0.136765,0,Baixo
1966324,0.167231,0,Medio
1966326,0.125009,0,Baixo
1966320,0.222742,0,Medio
1966325,0.287322,0,Alto
1966327,0.35991,1,Critico
1966334,0.203369,0,Medio
1966345,0.287868,0,Alto
1966339,0.161931,0,Medio
1966338,0.293818,0,Alto
1966337,0.292351,0,Alto
1966343,0.126825,0,Baixo
1966349,0.108477,0,Baixo
1966366,0.334196,0,Alto
1966381,0.155541,0,Baixo
1966352,0.23776,0,Medio
1966356,0.246867,0,Medio
1966348,0.148604,0,Baixo
1966323,0.123458,0,Baixo
1966378,0.1255,0,Baixo
1966371,0.401555,1,Critico
1966389,0.093611,0,Baixo
1966350,0.140646,0,Baixo
1966396,0.224451,0,Medio
1966375,0.182525,0,Medio
1966403,0.291521,0,Alto
1966373,0.077374,0,Baixo
1947268,0.260066,0,Alto
1966380,0.383218,1,Critico
1966387,0.059656,0,Baixo
1951436,0.218145,0,Medio
1965404,0.162412,0,Medio
1966416,0.248828,0,Medio
1966384,0.055308,0,Baixo
1964260,0.216764,0,Medio
1966385,0.081249,0,Baixo
1317255,0.25648,0,Alto
1966430,0.401972,1,Critico
1966408,0.10841,0,Baixo
1966011,0.277667,0,Alto
1966295,0.300947,0,Alto
1966351,0.370716,1,Critico
1966419,0.195389,0,Medio
1966440,0.305339,0,Alto
1966439,0.024665,0,Baixo
1966442,0.137482,0,Baixo
1966433,0.229235,0,Medio
1726850,0.086245,0,Baixo
1965976,0.21951,0,Medio
1966434,0.241325,0,Medio
1966451,0.25487,0,Alto
1966470,0.21503,0,Medio
1966460,0.208905,0,Medio
1954681,0.199107,0,Medio
1966471,0.299043,0,Alto
1966466,0.398966,1,Critico
1966477,0.264364,0,Alto
1966357,0.414864,1,Critico
1966462,0.169169,0,Medio
1966464,0.153727,0,Baixo
1966478,0.194303,0,Medio
1966486,0.270223,0,Alto
1966474,0.148476,0,Baixo
1966118,0.315046,0,Alto
1966400,0.222179,0,Medio
1966475,0.138545,0,Baixo
1966235,0.162167,0,Medio
1966493,0.037333,0,Baixo
1966483,0.183628,0,Medio
1966494,0.141231,0,Baixo
1966496,0.351564,1,Alto
1966497,0.184513,0,Medio
1966468,0.312595,0,Alto
1966499,0.108907,0,Baixo
1966498,0.144325,0,Baixo
1966341,0.151206,0,Baixo
1966446,0.21001,0,Medio
1966330,0.321532,0,Alto
1966512,0.158807,0,Baixo
1966409,0.267225,0,Alto
1727917,0.213034,0,Medio
1964779,0.063796,0,Baixo
1966519,0.23724,0,Medio
1966526,0.28251,0,Alto
1966500,0.194287,0,Medio
1966529,0.065899,0,Baixo
1966539,0.284564,0,Alto
1966542,0.152486,0,Baixo
1966548,0.274091,0,Alto
1966554,0.380931,1,Critico
1966540,0.334631,0,Alto
1951530,0.235722,0,Medio
1966546,0.344254,0,Alto
1966557,0.140979,0,Baixo
1966558,0.308213,0,Alto
1966559,0.496959,1,Critico
1966567,0.036011,0,Baixo
1966566,0.143428,0,Baixo
1966568,0.057123,0,Baixo
1966553,0.226917,0,Medio
1966576,0.235797,0,Medio
1966564,0.091133,0,Baixo
1966570,0.459234,1,Critico
1966569,0.148781,0,Baixo
1966550,0.096572,0,Baixo
1966556,0.074965,0,Baixo
1966572,0.324759,0,Alto
1966329,0.225735,0,Medio
1966582,0.203758,0,Medio
1966580,0.364969,1,Critico
1966586,0.227773,0,Medio
1966069,0.121469,0,Baixo
1966588,0.211305,0,Medio
1966581,0.231705,0,Medio
1966443,0.298061,0,Alto
1966574,0.209371,0,Medio
1966584,0.140482,0,Baixo
1966594,0.206213,0,Medio
1966538,0.119664,0,Baixo
1966367,0.159356,0,Baixo
1966490,0.105284,0,Baixo
1966603,0.089507,0,Baixo
1966605,0.12188,0,Baixo
1966551,0.061197,0,Baixo
1966606,0.171409,0,Medio
1963856,0.190133,0,Medio
1958145,0.409218,1,Critico
1966607,0.129227,0,Baixo
1962153,0.137195,0,Baixo
1966621,0.455906,1,Critico
1966636,0.212259,0,Medio
1966626,0.192656,0,Medio
1966480,0.369522,1,Critico
1966639,0.091373,0,Baixo
1966645,0.158802,0,Baixo
1966648,0.073595,0,Baixo
1966642,0.046037,0,Baixo
1965780,0.183934,0,Medio
1966649,0.32554,0,Alto
1966655,0.13346,0,Baixo
1965826,0.362159,1,Critico
1966662,0.067414,0,Baixo
1966661,0.300732,0,Alto
1966665,0.124358,0,Baixo
1966671,0.217896,0,Medio
1964486,0.208147,0,Medio
1966686,0.314213,0,Alto
1966382,0.246375,0,Medio
1966684,0.127615,0,Baixo
1966673,0.099135,0,Baixo
1966651,0.072141,0,Baixo
1334208,0.188167,0,Medio
1966690,0.260107,0,Alto
1966683,0.096709,0,Baixo
1965432,0.114638,0,Baixo
1966693,0.119568,0,Baixo
1966695,0.068825,0,Baixo
1966365,0.259353,0,Alto
1966703,0.188129,0,Medio
1966704,0.105132,0,Baixo
1966701,0.12296,0,Baixo
1966714,0.013545,0,Baixo
1965198,0.22115,0,Medio
1966666,0.251925,0,Medio
1966707,0.425201,1,Critico
1961516,0.14227,0,Baixo
1964381,0.035819,0,Baixo
1966719,0.25442,0,Alto
1966723,0.123264,0,Baixo
1665544,0.073683,0,Baixo
1756412,0.232885,0,Medio
1966469,0.335493,0,Alto
1966727,0.125413,0,Baixo
1966729,0.037926,0,Baixo
1966731,0.048556,0,Baixo
1966331,0.082798,0,Baixo
1966737,0.109021,0,Baixo
1966687,0.167688,0,Medio
1966740,0.071653,0,Baixo
1966749,0.123204,0,Baixo
1966232,0.275846,0,Alto
1966754,0.314499,0,Alto
1965734,0.449636,1,Critico
1965861,0.111933,0,Baixo
1965859,0.200357,0,Medio
1965899,0.175045,0,Medio
1965875,0.266791,0,Alto
1963477,0.466939,1,Critico
1958320,0.494534,1,Critico
1966511,0.101769,0,Baixo
1965724,0.174613,0,Medio
1965893,0.187303,0,Medio
1966000,0.089252,0,Baixo
1958860,0.466503,1,Critico
1965840,0.14053,0,Baixo
1955076,0.205206,0,Medio
1964326,0.219774,0,Medio
1966224,0.239482,0,Medio
1965229,0.238196,0,Medio
1966192,0.041459,0,Baixo
1965823,0.165893,0,Medio
1965333,0.118109,0,Baixo
1965296,0.023998,0,Baixo
1966073,0.061577,0,Baixo
1966213,0.209433,0,Medio
1963969,0.120742,0,Baixo
1965975,0.15529,0,Baixo
1957598,0.200395,0,Medio
1965817,0.170303,0,Medio
1963986,0.130425,0,Baixo
1964711,0.192182,0,Medio
1966795,0.251861,0,Medio
1966781,0.210211,0,Medio
1966760,0.104497,0,Baixo
1966769,0.315355,0,Alto
1966765,0.227616,0,Medio
1966810,0.368609,1,Critico
1966832,0.214128,0,Medio
1966764,0.154281,0,Baixo
1932389,0.314123,0,Alto
1966770,0.214913,0,Medio
1966802,0.2067,0,Medio
1966799,0.169398,0,Medio
1966772,0.164334,0,Medio
1966788,0.656884,1,Critico
1966774,0.248107,0,Medio
1966800,0.135197,0,Baixo
1966768,0.321893,0,Alto
1966789,0.269317,0,Alto
1966820,0.06226,0,Baixo
1966767,0.144037,0,Baixo
1726190,0.106769,0,Baixo
1966818,0.177132,0,Medio
1966817,0.29551,0,Alto
1966779,0.175307,0,Medio
1966762,0.066722,0,Baixo
1966816,0.225307,0,Medio
1966835,0.198173,0,Medio
1966828,0.318984,0,Alto
1966875,0.082559,0,Baixo
1966811,0.322236,0,Alto
1966819,0.217819,0,Medio
1461904,0.314704,0,Alto
1966783,0.076593,0,Baixo
1966878,0.137532,0,Baixo
1966849,0.14592,0,Baixo
1966881,0.377997,1,Critico
1966854,0.354735,1,Alto
1966782,0.084932,0,Baixo
1966914,0.199703,0,Medio
1966904,0.199992,0,Medio
1966885,0.157618,0,Baixo
1966809,0.292513,0,Alto
1966889,0.337863,0,Alto
1966883,0.099638,0,Baixo
1622618,0.24861,0,Medio
1965558,0.13614,0,Baixo
1959002,0.310679,0,Alto
1966917,0.164032,0,Medio
1965030,0.337865,0,Alto
1966579,0.128519,0,Baixo
1958254,0.191047,0,Medio
1966900,0.168537,0,Medio
1966847,0.23076,0,Medio
1966905,0.277882,0,Alto
1966893,0.152018,0,Baixo
1966896,0.14074,0,Baixo
1966880,0.331238,0,Alto
1966908,0.210521,0,Medio
1966866,0.283393,0,Alto
1966629,0.284726,0,Alto
1966865,0.089839,0,Baixo
1966941,0.069056,0,Baixo
1966928,0.140638,0,Baixo
1678313,0.050599,0,Baixo
1953825,0.120224,0,Baixo
1966785,0.129326,0,Baixo
1966949,0.187243,0,Medio
1966918,0.170105,0,Medio
1966931,0.288729,0,Alto
1966801,0.130079,0,Baixo
1966936,0.086184,0,Baixo
1966962,0.192073,0,Medio
1966961,0.154163,0,Baixo
1966952,0.269613,0,Alto
1966954,0.221777,0,Medio
1966955,0.162765,0,Medio
1966978,0.244934,0,Medio
1966974,0.165276,0,Medio
1966991,0.686089,1,Critico
1966989,0.174166,0,Medio
1965803,0.168789,0,Medio
1966963,0.141221,0,Baixo
1967021,0.234663,0,Medio
1967000,0.112327,0,Baixo
1965526,0.418698,1,Critico
1966990,0.149868,0,Baixo
1966394,0.264455,0,Alto
1967020,0.077315,0,Baixo
1967032,0.396446,1,Critico
1967030,0.161176,0,Medio
1966993,0.084276,0,Baixo
1967040,0.14582,0,Baixo
1967042,0.311741,0,Alto
1966894,0.208319,0,Medio
1966879,0.102243,0,Baixo
1937990,0.20284,0,Medio
1966844,0.334691,0,Alto
1965567,0.08691,0,Baixo
1966784,0.167341,0,Medio
1965542,0.173453,0,Medio
1967006,0.161139,0,Medio
1966777,0.087144,0,Baixo
1966099,0.273007,0,Alto
1967049,0.258622,0,Alto
1967043,0.098958,0,Baixo
1967063,0.180021,0,Medio
1966999,0.25284,0,Alto
1967051,0.262975,0,Alto
1966940,0.328954,0,Alto
1967035,0.240531,0,Medio
1967083,0.10657,0,Baixo
1967082,0.030779,0,Baixo
1967001,0.307712,0,Alto
1964748,0.38405,1,Critico
1967131,0.176349,0,Medio
1964786,0.253196,0,Alto
1967139,0.065523,0,Baixo
1964669,0.098576,0,Baixo
1409412,0.262907,0,Alto
1966449,0.147672,0,Baixo
1962378,0.199749,0,Medio
1966821,0.162438,0,Medio
1967024,0.151402,0,Baixo
1967140,0.082392,0,Baixo
1967088,0.110083,0,Baixo
1967068,0.118256,0,Baixo
1966353,0.117737,0,Baixo
1965963,0.147782,0,Baixo
1966986,0.151142,0,Baixo
1966428,0.190627,0,Medio
1966886,0.392823,1,Critico
1966826,0.151015,0,Baixo
1966602,0.180634,0,Medio
1965593,0.077738,0,Baixo
1967151,0.28522,0,Alto
1967146,0.386936,1,Critico
1966857,0.649161,1,Critico
1958560,0.170515,0,Medio
1967154,0.129475,0,Baixo
1966842,0.244415,0,Medio
1967145,0.147811,0,Baixo
1967169,0.051961,0,Baixo
1967153,0.348412,0,Alto
1967128,0.088087,0,Baixo
1967174,0.167914,0,Medio
1966053,0.311849,0,Alto
1967160,0.314904,0,Alto
1967180,0.046644,0,Baixo
1967158,0.343517,0,Alto
1967184,0.379391,1,Critico
1967192,0.10279,0,Baixo
1967162,0.272658,0,Alto
1967150,0.114234,0,Baixo
1967159,0.076238,0,Baixo
1967111,0.231484,0,Medio
1967228,0.108044,0,Baixo
1967186,0.086798,0,Baixo
1967235,0.308256,0,Alto
1967232,0.43092,1,Critico
1966813,0.128256,0,Baixo
1966699,0.489348,1,Critico
1936204,0.202361,0,Medio
1719716,0.351983,1,Alto
1967238,0.110147,0,Baixo
1967249,0.177076,0,Medio
1967187,0.335225,0,Alto
1967219,0.257973,0,Alto
1966563,0.047399,0,Baixo
1967241,0.137248,0,Baixo
1965801,0.258216,0,Alto
1967085,0.099158,0,Baixo
1967236,0.081746,0,Baixo
1967221,0.281279,0,Alto
1966859,0.293763,0,Alto
1965195,0.232167,0,Medio
1965660,0.031708,0,Baixo
1967125,0.179587,0,Medio
1962003,0.402662,1,Critico
1966658,0.290135,0,Alto
1967093,0.087964,0,Baixo
1967267,0.358515,1,Critico
1966944,0.067516,0,Baixo
1967275,0.265276,0,Alto
1967264,0.231266,0,Medio
1967244,0.152806,0,Baixo
1967279,0.537,1,Critico
1966158,0.201035,0,Medio
1956563,0.2202,0,Medio
1964554,0.156465,0,Baixo
1967182,0.198569,0,Medio
1967293,0.174212,0,Medio
1967313,0.15395,0,Baixo
1967266,0.243281,0,Medio
1967303,0.277528,0,Alto
1967311,0.085305,0,Baixo
1967301,0.180218,0,Medio
1937981,0.215671,0,Medio
1967215,0.139595,0,Baixo
1967094,0.254508,0,Alto
1966972,0.081245,0,Baixo
1967304,0.082729,0,Baixo
1967239,0.122291,0,Baixo
1961216,0.275153,0,Alto
1967347,0.31086,0,Alto
1967319,0.148,0,Baixo
1967359,0.331004,0,Alto
1947575,0.039124,0,Baixo
1967352,0.291154,0,Alto
1966147,0.073044,0,Baixo
1956416,0.286572,0,Alto
1967284,0.441371,1,Critico
1967324,0.019695,0,Baixo
1964982,0.119061,0,Baixo
1967381,0.106719,0,Baixo
1689239,0.31962,0,Alto
1967080,0.222774,0,Medio
1966994,0.063991,0,Baixo
1941067,0.053797,0,Baixo
1967078,0.096342,0,Baixo
1963594,0.346281,0,Alto
1966632,0.072651,0,Baixo
1966733,0.157794,0,Baixo
1967392,0.324412,0,Alto
1965429,0.333259,0,Alto
1958219,0.193054,0,Medio
1935577,0.188627,0,Medio
1967276,0.253443,0,Alto
1954136,0.357219,1,Alto
1967374,0.22092,0,Medio
1967399,0.136684,0,Baixo
1966155,0.304516,0,Alto
1967354,0.066589,0,Baixo
1967412,0.036701,0,Baixo
1967405,0.207255,0,Medio
1967394,0.529869,1,Critico
1967290,0.059387,0,Baixo
1964735,0.249543,0,Medio
1967314,0.085778,0,Baixo
1967403,0.053485,0,Baixo
1966925,0.190421,0,Medio
1967435,0.210011,0,Medio
1967247,0.186796,0,Medio
1967439,0.188349,0,Medio
1967058,0.117495,0,Baixo
1967417,0.035783,0,Baixo
1967431,0.116509,0,Baixo
1967406,0.106384,0,Baixo
1895501,0.087519,0,Baixo
1800490,0.167632,0,Medio
1967007,0.233684,0,Medio
1967050,0.316237,0,Alto
1967494,0.044731,0,Baixo
1967376,0.045817,0,Baixo
1967485,0.102157,0,Baixo
1967472,0.026342,0,Baixo
1967479,0.226808,0,Medio
1967441,0.253147,0,Alto
1961782,0.155752,0,Baixo
1956494,0.304324,0,Alto
1967552,0.056712,0,Baixo
1966047,0.367385,1,Critico
1967449,0.20938,0,Medio
1967484,0.05449,0,Baixo
1967297,0.189426,0,Medio
1966899,0.28934,0,Alto
1967582,0.176851,0,Medio
1967322,0.074137,0,Baixo
1967609,0.2009,0,Medio
1967602,0.1829,0,Medio
1967530,0.393031,1,Critico
1967611,0.186662,0,Medio
1967639,0.130808,0,Baixo
1967588,0.261952,0,Alto
1967325,0.08307,0,Baixo
1965983,0.191282,0,Medio
1952736,0.300216,0,Alto
1966874,0.160692,0,Medio
1965777,0.174531,0,Medio
1967223,0.109892,0,Baixo
1966300,0.369824,1,Critico
1966093,0.444947,1,Critico
1967645,0.18046,0,Medio
1965424,0.109749,0,Baixo
1956475,0.223513,0,Medio
1954896,0.098152,0,Baixo
1967644,0.249519,0,Medio
1967695,0.106653,0,Baixo
1967675,0.077906,0,Baixo
1967470,0.258041,0,Alto
1954463,0.213146,0,Medio
1952959,0.172542,0,Medio
1966997,0.1667,0,Medio
1967704,0.202445,0,Medio
1966237,0.136869,0,Baixo
1967434,0.051248,0,Baixo
1967584,0.082834,0,Baixo
1967718,0.337253,0,Alto
1967612,0.297806,0,Alto
1967250,0.149847,0,Baixo
1967730,0.287723,0,Alto
1967732,0.163512,0,Medio
1967747,0.187034,0,Medio
1967269,0.19627,0,Medio
1963912,0.048917,0,Baixo
1948136,0.11916,0,Baixo
1967148,0.260355,0,Alto
1965854,0.237397,0,Medio
1750668,0.15076,0,Baixo
1967519,0.093928,0,Baixo
1967781,0.219238,0,Medio
1967773,0.189704,0,Medio
1967776,0.084916,0,Baixo
1967752,0.172249,0,Medio
1967768,0.140405,0,Baixo
1967756,0.12379,0,Baixo
1967637,0.445002,1,Critico
1967782,0.30588,0,Alto
1967794,0.151101,0,Baixo
1967770,0.224486,0,Medio
1965877,0.332219,0,Alto
1967629,0.455685,1,Critico
1967490,0.345262,0,Alto
1967426,0.193929,0,Medio
1967471,0.152353,0,Baixo
1965485,0.038087,0,Baixo
1967617,0.130334,0,Baixo
1956075,0.63415,1,Critico
1967619,0.095288,0,Baixo
1962234,0.399405,1,Critico
1967592,0.430192,1,Critico
1967725,0.348135,0,Alto
1967427,0.103939,0,Baixo
1967825,0.152074,0,Baixo
1967817,0.20783,0,Medio
1966771,0.28645,0,Alto
1966967,0.227577,0,Medio
1967835,0.06289,0,Baixo
1967832,0.053935,0,Baixo
1967692,0.132767,0,Baixo
1967023,0.052977,0,Baixo
1967831,0.179152,0,Medio
1965764,0.082279,0,Baixo
1962719,0.145904,0,Baixo
1958377,0.273755,0,Alto
1967844,0.061465,0,Baixo
1961230,0.42476,1,Critico
1963329,0.14135,0,Baixo
1967536,0.211539,0,Medio
1941751,0.2787,0,Alto
1967821,0.271855,0,Alto
1967029,0.140013,0,Baixo
1967849,0.265151,0,Alto
1967323,0.338154,0,Alto
1967511,0.232851,0,Medio
1958609,0.281034,0,Alto
1960976,0.369192,1,Critico
1966906,0.074971,0,Baixo
1967876,0.134109,0,Baixo
1967879,0.163232,0,Medio
1967882,0.183314,0,Medio
1967607,0.195762,0,Medio
1957580,0.414391,1,Critico
1967843,0.146308,0,Baixo
1967869,0.04628,0,Baixo
1967757,0.115954,0,Baixo
1967896,0.136253,0,Baixo
1967870,0.280885,0,Alto
1967934,0.188554,0,Medio
1967333,0.171879,0,Medio
1967925,0.191807,0,Medio
1967946,0.282634,0,Alto
1965571,0.081697,0,Baixo
1967924,0.172932,0,Medio
1957851,0.400659,1,Critico
1967954,0.108288,0,Baixo
1967921,0.122691,0,Baixo
1967951,0.215704,0,Medio
1967972,0.116043,0,Baixo
1967459,0.156361,0,Baixo
1967956,0.384149,1,Critico
1967880,0.133532,0,Baixo
1939222,0.210952,0,Medio
1967967,0.093163,0,Baixo
1964621,0.21498,0,Medio
1966525,0.171528,0,Medio
1498845,0.218234,0,Medio
1967987,0.031343,0,Baixo
1967906,0.315084,0,Alto
1967968,0.043194,0,Baixo
1967971,0.16853,0,Medio
1965488,0.191369,0,Medio
1967991,0.205365,0,Medio
1967984,0.301327,0,Alto
1967594,0.037662,0,Baixo
1961282,0.307354,0,Alto
1968003,0.117575,0,Baixo
1967992,0.130869,0,Baixo
1958808,0.238614,0,Medio
1967997,0.15834,0,Baixo
1968005,0.20756,0,Medio
1967986,0.480584,1,Critico
1968006,0.147254,0,Baixo
1965765,0.353032,1,Alto
1968010,0.329912,0,Alto
1957196,0.170328,0,Medio
1968015,0.078103,0,Baixo
1957764,0.509281,1,Critico
1967087,0.13999,0,Baixo
1967948,0.207618,0,Medio
1968028,0.308312,0,Alto
1968013,0.237994,0,Medio
1952802,0.139349,0,Baixo
1967979,0.177749,0,Medio
1968046,0.200182,0,Medio
1968045,0.258724,0,Alto
1960307,0.396117,1,Critico
1968039,0.268179,0,Alto
1958565,0.51783,1,Critico
1968042,0.143993,0,Baixo
1968037,0.194266,0,Medio
1968022,0.425497,1,Critico
1968043,0.146396,0,Baixo
1968018,0.219136,0,Medio
1968064,0.103949,0,Baixo
1968065,0.176605,0,Medio
1966797,0.134333,0,Baixo
1968069,0.156207,0,Baixo
1967380,0.336184,0,Alto
1968059,0.126745,0,Baixo
1968026,0.257184,0,Alto
1964321,0.242394,0,Medio
1967995,0.143509,0,Baixo
1968075,0.107351,0,Baixo
1968092,0.065822,0,Baixo
1968063,0.155073,0,Baixo
1968062,0.233956,0,Medio
1968090,0.345974,0,Alto
1968091,0.11902,0,Baixo
1949050,0.315409,0,Alto
1968095,0.114621,0,Baixo
1968114,0.140485,0,Baixo
1968112,0.206681,0,Medio
1965674,0.256257,0,Alto
1966845,0.214706,0,Medio
1968101,0.139777,0,Baixo
1968108,0.336298,0,Alto
1968119,0.336712,0,Alto
1965930,0.137374,0,Baixo
1957458,0.286302,0,Alto
1968131,0.207469,0,Medio
1964009,0.348562,0,Alto
1956828,0.356358,1,Alto
1962897,0.157641,0,Baixo
1965329,0.384228,1,Critico
1966518,0.226749,0,Medio
1958076,0.385556,1,Critico
1967905,0.167235,0,Medio
1964374,0.138637,0,Baixo
1968122,0.050103,0,Baixo
1967198,0.113168,0,Baixo
1967172,0.109416,0,Baixo
1967969,0.11571,0,Baixo
1967841,0.3069,0,Alto
1968120,0.12685,0,Baixo
1967833,0.321455,0,Alto
1968132,0.097501,0,Baixo
1967362,0.193406,0,Medio
1945179,0.310788,0,Alto
1965827,0.267802,0,Alto
1967763,0.180285,0,Medio
1966226,0.262558,0,Alto
1967935,0.280678,0,Alto
1967955,0.098677,0,Baixo
1967689,0.769416,1,Critico
1964931,0.169833,0,Medio
1958394,0.217825,0,Medio
1968134,0.249129,0,Medio
1968137,0.277969,0,Alto
1967214,0.379363,1,Critico
1968138,0.159058,0,Baixo
1968128,0.21068,0,Medio
1967812,0.104534,0,Baixo
1967966,0.216836,0,Medio
1968153,0.190288,0,Medio
1968102,0.345053,0,Alto
1956891,0.507654,1,Critico
1962018,0.057792,0,Baixo
1964873,0.109105,0,Baixo
1967409,0.200255,0,Medio
1967973,0.247374,0,Medio
1967904,0.207809,0,Medio
1968130,0.094633,0,Baixo
1752458,0.325315,0,Alto
1968161,0.13209,0,Baixo
1968125,0.302861,0,Alto
1968115,0.163023,0,Medio
1968165,0.198796,0,Medio
1949110,0.225856,0,Medio
1967823,0.49954,1,Critico
1964492,0.069184,0,Baixo
1967260,0.342528,0,Alto
1961824,0.445718,1,Critico
1967016,0.073086,0,Baixo
1968193,0.218954,0,Medio
1968124,0.062239,0,Baixo
1966890,0.19556,0,Medio
1967097,0.122524,0,Baixo
1968204,0.106898,0,Baixo
1430534,0.219036,0,Medio
1968197,0.208818,0,Medio
1968185,0.159096,0,Baixo
1967144,0.153391,0,Baixo
1960333,0.114249,0,Baixo
1967386,0.763577,1,Critico
1949445,0.076161,0,Baixo
1968192,0.093312,0,Baixo
1967985,0.394005,1,Critico
1968211,0.354612,1,Alto
1968208,0.276237,0,Alto
1968146,0.090682,0,Baixo
1968225,0.214275,0,Medio
1967640,0.220799,0,Medio
1955193,0.285407,0,Alto
1968156,0.295374,0,Alto
1968216,0.169346,0,Medio
1968234,0.11262,0,Baixo
1967977,0.212881,0,Medio
1964378,0.102021,0,Baixo
1958293,0.191909,0,Medio
1968056,0.420787,1,Critico
1968050,0.378666,1,Critico
1968080,0.127018,0,Baixo
1959438,0.220561,0,Medio
1968016,0.186868,0,Medio
1964126,0.140717,0,Baixo
1968021,0.270058,0,Alto
1955998,0.321034,0,Alto
1968237,0.144702,0,Baixo
1968242,0.016831,0,Baixo
1968230,0.13543,0,Baixo
1967119,0.321614,0,Alto
1966199,0.332975,0,Alto
1967919,0.263832,0,Alto
1966106,0.105218,0,Baixo
561751,0.351132,1,Alto
1968257,0.195516,0,Medio
1968222,0.524974,1,Critico
1968267,0.385795,1,Critico
1968203,0.200534,0,Medio
1968190,0.342292,0,Alto
1968246,0.016781,0,Baixo
1964251,0.193645,0,Medio
1968087,0.276735,0,Alto
1968260,0.427917,1,Critico
1968266,0.174597,0,Medio
1968275,0.249155,0,Medio
1964677,0.199611,0,Medio
1967856,0.246259,0,Medio
1968025,0.354888,1,Alto
1968276,0.341768,0,Alto
1968278,0.019138,0,Baixo
1968236,0.219179,0,Medio
1959377,0.399406,1,Critico
1968273,0.342431,0,Alto
1968305,0.195765,0,Medio
1967980,0.240823,0,Medio
1968289,0.207951,0,Medio
1968227,0.227884,0,Medio
1968306,0.214949,0,Medio
1966388,0.238323,0,Medio
1968084,0.240552,0,Medio
1968296,0.211661,0,Medio
1968261,0.23701,0,Medio
1968287,0.122328,0,Baixo
1968318,0.193675,0,Medio
1962312,0.160077,0,Baixo
1968283,0.050431,0,Baixo
1968304,0.14499,0,Baixo
1966981,0.03407,0,Baixo
1934443,0.514759,1,Critico
1967891,0.309706,0,Alto
1968214,0.396745,1,Critico
1967890,0.223714,0,Medio
1964555,0.381578,1,Critico
1966619,0.333532,0,Alto
1968321,0.201373,0,Medio
1968336,0.18101,0,Medio
1968295,0.260884,0,Alto
1968202,0.115884,0,Baixo
1967711,0.287925,0,Alto
1968082,0.360156,1,Critico
1965779,0.456352,1,Critico
1968279,0.093173,0,Baixo
1967599,0.077449,0,Baixo
1968330,0.347301,0,Alto
1965839,0.44051,1,Critico
1967052,0.041024,0,Baixo
1968340,0.18772,0,Medio
1967907,0.336998,0,Alto
1967234,0.180261,0,Medio
1968352,0.17375,0,Medio
1968361,0.264549,0,Alto
1968364,0.134883,0,Baixo
1943241,0.092184,0,Baixo
1966876,0.288713,0,Alto
1968312,0.295181,0,Alto
1966950,0.234204,0,Medio
1968188,0.424582,1,Critico
1957113,0.036627,0,Baixo
1968376,0.29157,0,Alto
1968053,0.114392,0,Baixo
1738582,0.0709,0,Baixo
1968372,0.118463,0,Baixo
1968389,0.165205,0,Medio
1968390,0.151836,0,Baixo
1968394,0.332405,0,Alto
1966814,0.302181,0,Alto
1968392,0.352345,1,Alto
1968378,0.143735,0,Baixo
1968366,0.230396,0,Medio
1968369,0.149671,0,Baixo
1966096,0.142955,0,Baixo
1961107,0.066595,0,Baixo
1968418,0.33715,0,Alto
1936086,0.143908,0,Baixo
1964650,0.211942,0,Medio
1968113,0.261853,0,Alto
1967620,0.372856,1,Critico
1968268,0.24778,0,Medio
1966919,0.290194,0,Alto
1968404,0.552696,1,Critico
1968395,0.135249,0,Baixo
1968420,0.220754,0,Medio
1968363,0.136254,0,Baixo
1968406,0.132798,0,Baixo
1968433,0.159231,0,Baixo
1968438,0.198431,0,Medio
1967720,0.221042,0,Medio
1968439,0.204136,0,Medio
1968426,0.351194,1,Alto
1968435,0.159477,0,Baixo
1968445,0.133976,0,Baixo
1968437,0.14126,0,Baixo
1968458,0.03158,0,Baixo
1968453,0.230573,0,Medio
1968454,0.194314,0,Medio
1968449,0.446886,1,Critico
1967243,0.196188,0,Medio
1968408,0.14163,0,Baixo
1968381,0.353812,1,Alto
1968471,0.254223,0,Alto
1968264,0.167923,0,Medio
1968472,0.027129,0,Baixo
1968462,0.390167,1,Critico
1967964,0.24205,0,Medio
1968434,0.086288,0,Baixo
1949479,0.103382,0,Baixo
1967280,0.042641,0,Baixo
1968474,0.258063,0,Alto
1968358,0.045817,0,Baixo
1968350,0.182315,0,Medio
1959946,0.385377,1,Critico
1968484,0.120681,0,Baixo
1968509,0.167879,0,Medio
1968534,0.251707,0,Medio
1968523,0.255328,0,Alto
1968558,0.178794,0,Medio
1967808,0.232175,0,Medio
1968421,0.288112,0,Alto
1962720,0.2771,0,Alto
1968298,0.153895,0,Baixo
1961989,0.28321,0,Alto
1968531,0.245922,0,Medio
1968385,0.347732,0,Alto
1965940,0.28058,0,Alto
1968379,0.009366,0,Baixo
1968556,0.17552,0,Medio
1968536,0.12515,0,Baixo
1968554,0.227935,0,Medio
1968574,0.15686,0,Baixo
1968480,0.191933,0,Medio
1968477,0.144221,0,Baixo
1968473,0.458025,1,Critico
1968218,0.258422,0,Alto
1967847,0.264887,0,Alto
1968593,0.137456,0,Baixo
1968586,0.212773,0,Medio
1968515,0.224128,0,Medio
1968436,0.246174,0,Medio
1968584,0.271224,0,Alto
1968535,0.446502,1,Critico
1958775,0.308058,0,Alto
1951308,0.223104,0,Medio
1968557,0.337438,0,Alto
1963441,0.231397,0,Medio
1962813,0.397838,1,Critico
1968604,0.407185,1,Critico
1959940,0.117384,0,Baixo
1968608,0.190575,0,Medio
478489,0.292785,0,Alto
1950999,0.553499,1,Critico
1774691,0.325678,0,Alto
1968529,0.057002,0,Baixo
1968618,0.196007,0,Medio
1967933,0.073789,0,Baixo
1968647,0.059915,0,Baixo
1968650,0.382056,1,Critico
1968562,0.161475,0,Medio
1968641,0.157824,0,Baixo
1968089,0.394958,1,Critico
1968374,0.217712,0,Medio
1968345,0.194233,0,Medio
1968656,0.155375,0,Baixo
1968675,0.131738,0,Baixo
1968626,0.446474,1,Critico
1968510,0.269422,0,Alto
1967622,0.152903,0,Baixo
1968674,0.187468,0,Medio
1967224,0.242926,0,Medio
1809200,0.098481,0,Baixo
1964453,0.288294,0,Alto
1968652,0.049297,0,Baixo
1968602,0.40974,1,Critico
1967748,0.349914,0,Alto
1963862,0.31897,0,Alto
1963581,0.328951,0,Alto
1968697,0.260917,0,Alto
1944222,0.103365,0,Baixo
1968704,0.156692,0,Baixo
1951936,0.378237,1,Critico
1895114,0.244633,0,Medio
1952407,0.100519,0,Baixo
1968715,0.158414,0,Baixo
1963199,0.339318,0,Alto
1968733,0.162263,0,Medio
1967577,0.450347,1,Critico
1968706,0.073494,0,Baixo
1959302,0.331329,0,Alto
1959477,0.395809,1,Critico
1968651,0.126925,0,Baixo
1963044,0.158355,0,Baixo
1966827,0.198352,0,Medio
1968767,0.084702,0,Baixo
1963880,0.309404,0,Alto
1968736,0.230396,0,Medio
1967254,0.187149,0,Medio
1968797,0.070509,0,Baixo
1968705,0.383048,1,Critico
1968493,0.322324,0,Alto
1961217,0.44618,1,Critico
1959245,0.425336,1,Critico
1968766,0.128359,0,Baixo
1497134,0.130103,0,Baixo
1798122,0.250072,0,Medio
1963040,0.143746,0,Baixo
1968734,0.346933,0,Alto
1968811,0.194717,0,Medio
1968727,0.276768,0,Alto
1960263,0.149521,0,Baixo
1968824,0.468139,1,Critico
1955685,0.18138,0,Medio
1968630,0.272612,0,Alto
1968239,0.093726,0,Baixo
1966255,0.378957,1,Critico
1967053,0.207509,0,Medio
1957275,0.291831,0,Alto
1968814,0.05521,0,Baixo
1968827,0.169818,0,Medio
1968818,0.441863,1,Critico
1968838,0.287901,0,Alto
1968828,0.236899,0,Medio
1968810,0.338444,0,Alto
1968845,0.340389,0,Alto
1964054,0.325897,0,Alto
1965942,0.058147,0,Baixo
1963881,0.376843,1,Critico
1963042,0.306273,0,Alto
1968597,0.217087,0,Medio
1966792,0.4153,1,Critico
1966691,0.287997,0,Alto
1934865,0.167525,0,Medio
1968479,0.048852,0,Baixo
1968262,0.398499,1,Critico
1968549,0.374592,1,Critico
1968569,0.253355,0,Alto
1968856,0.144091,0,Baixo
1968822,0.082605,0,Baixo
1942685,0.069141,0,Baixo
1964988,0.104124,0,Baixo
1968540,0.23601,0,Medio
1968163,0.248855,0,Medio
1968857,0.333158,0,Alto
1968872,0.2366,0,Medio
1966102,0.107965,0,Baixo
1967523,0.252768,0,Alto
1968800,0.203106,0,Medio
1968902,0.129125,0,Baixo
1968739,0.290458,0,Alto
1967777,0.277204,0,Alto
1968721,0.140293,0,Baixo
1968883,0.022832,0,Baixo
1966957,0.10659,0,Baixo
1947652,0.157744,0,Baixo
1968916,0.197452,0,Medio
1968906,0.308685,0,Alto
1967286,0.256945,0,Alto
1968861,0.503954,1,Critico
1958325,0.302803,0,Alto
1968887,0.350261,0,Alto
1968666,0.182838,0,Medio
1968776,0.229044,0,Medio
1967531,0.650638,1,Critico
1963330,0.144752,0,Baixo
1968938,0.180343,0,Medio
1968929,0.180674,0,Medio
1968850,0.432608,1,Critico
1968530,0.072104,0,Baixo
1968943,0.183916,0,Medio
1963589,0.415138,1,Critico
1968944,0.184101,0,Medio
1968870,0.12476,0,Baixo
1966243,0.254617,0,Alto
1968970,0.086407,0,Baixo
1968969,0.234309,0,Medio
1947420,0.104438,0,Baixo
1928705,0.157751,0,Baixo
1937902,0.195375,0,Medio
1967289,0.308413,0,Alto
1960085,0.130892,0,Baixo
1965297,0.291405,0,Alto
1968974,0.17765,0,Medio
1968541,0.215876,0,Medio
1968693,0.238647,0,Medio
1966092,0.210983,0,Medio
1968990,0.35747,1,Alto
1966003,0.09978,0,Baixo
1966336,0.324381,0,Alto
1968725,0.198687,0,Medio
1969002,0.081396,0,Baixo
1968997,0.152234,0,Baixo
1969009,0.176035,0,Medio
1969011,0.249671,0,Medio
1969020,0.097154,0,Baixo
1967845,0.124169,0,Baixo
1965399,0.076178,0,Baixo
1969035,0.187745,0,Medio
1969038,0.05492,0,Baixo
1968742,0.27393,0,Alto
1964838,0.384681,1,Critico
1969066,0.163856,0,Medio
1969054,0.138901,0,Baixo
1969081,0.292409,0,Alto
1969079,0.128783,0,Baixo
1686129,0.415487,1,Critico
1969078,0.207788,0,Medio
1969102,0.086138,0,Baixo
1969083,0.107489,0,Baixo
1966080,0.527025,1,Critico
1969100,0.259201,0,Alto
1966065,0.19268,0,Medio
1969110,0.087239,0,Baixo
1969109,0.122809,0,Baixo
1959814,0.253085,0,Alto
1969084,0.077202,0,Baixo
1965435,0.572181,1,Critico
1969089,0.063221,0,Baixo
1968646,0.307136,0,Alto
1969115,0.089198,0,Baixo
1969114,0.273828,0,Alto
1969040,0.304946,0,Alto
1967033,0.284985,0,Alto
1969062,0.212391,0,Medio
1966310,0.035102,0,Baixo
1967942,0.169395,0,Medio
1968877,0.20482,0,Medio
1968594,0.073806,0,Baixo
1968830,0.06418,0,Baixo
1969135,0.297816,0,Alto
1969130,0.062627,0,Baixo
1969016,0.131699,0,Baixo
1957321,0.126077,0,Baixo
1968057,0.044363,0,Baixo
1968803,0.18556,0,Medio
1967834,0.348399,0,Alto
1969142,0.085897,0,Baixo
1969141,0.275118,0,Alto
1965924,0.223892,0,Medio
1969136,0.07517,0,Baixo
1969123,0.24489,0,Medio
1968566,0.114796,0,Baixo
1962706,0.355585,1,Alto
1969150,0.15953,0,Baixo
1966599,0.14234,0,Baixo
1969107,0.113276,0,Baixo
1969161,0.328583,0,Alto
1966322,0.129211,0,Baixo
1962142,0.218325,0,Medio
1969178,0.155434,0,Baixo
1969160,0.119452,0,Baixo
1969175,0.215128,0,Medio
1960393,0.449633,1,Critico
1853768,0.086917,0,Baixo
1969197,0.351781,1,Alto
1966456,0.16961,0,Medio
1969185,0.27666,0,Alto
1964509,0.154426,0,Baixo
1969177,0.226783,0,Medio
1968524,0.254241,0,Alto
1969223,0.246497,0,Medio
1969229,0.323718,0,Alto
1969133,0.228359,0,Medio
1969237,0.247716,0,Medio
1960084,0.075022,0,Baixo
1969231,0.087954,0,Baixo
1944163,0.147182,0,Baixo
1968123,0.174737,0,Medio
1969250,0.146647,0,Baixo
1951329,0.079598,0,Baixo
1967769,0.196124,0,Medio
1969164,0.222189,0,Medio
1956464,0.525617,1,Critico
1969282,0.338272,0,Alto
1969065,0.198155,0,Medio
1968841,0.255672,0,Alto
1969264,0.123941,0,Baixo
1969266,0.271518,0,Alto
1969253,0.083104,0,Baixo
1968293,0.128717,0,Baixo
1969204,0.167698,0,Medio
1969159,0.341774,0,Alto
1958170,0.460914,1,Critico
1969243,0.131672,0,Baixo
1969272,0.119121,0,Baixo
1968391,0.297071,0,Alto
1964736,0.234768,0,Medio
1969127,0.290053,0,Alto
1969188,0.199735,0,Medio
1968180,0.227065,0,Medio
1969303,0.198767,0,Medio
1969196,0.076875,0,Baixo
1969301,0.336242,0,Alto
1967173,0.166425,0,Medio
1969318,0.271715,0,Alto
1969317,0.150892,0,Baixo
1964021,0.154601,0,Baixo
1969283,0.168948,0,Medio
1969273,0.25576,0,Alto
1969321,0.150721,0,Baixo
1969326,0.303207,0,Alto
1969307,0.13122,0,Baixo
1969334,0.133067,0,Baixo
1969338,0.191244,0,Medio
1969330,0.130561,0,Baixo
1968738,0.282325,0,Alto
1966565,0.100791,0,Baixo
1969345,0.171092,0,Medio
1969353,0.136511,0,Baixo
1969235,0.050806,0,Baixo
1969355,0.160798,0,Medio
1967788,0.349058,0,Alto
1969368,0.247104,0,Medio
1969367,0.141074,0,Baixo
1945186,0.136926,0,Baixo
1969379,0.073061,0,Baixo
1969293,0.304668,0,Alto
1969234,0.136176,0,Baixo
1969391,0.134378,0,Baixo
1967526,0.207935,0,Medio
1968683,0.329641,0,Alto
1966164,0.219281,0,Medio
1961520,0.437742,1,Critico
1966473,0.362185,1,Critico
1965193,0.165497,0,Medio
1969407,0.077421,0,Baixo
1969202,0.223416,0,Medio
1969277,0.257901,0,Alto
1967257,0.466448,1,Critico
1969405,0.115606,0,Baixo
1968905,0.105182,0,Baixo
1969420,0.236003,0,Medio
1969315,0.289039,0,Alto
1969424,0.177231,0,Medio
1969408,0.136101,0,Baixo
1969431,0.1175,0,Baixo
1968476,0.220691,0,Medio
1969430,0.395404,1,Critico
1969429,0.219216,0,Medio
1969448,0.365973,1,Critico
1969464,0.071867,0,Baixo
1969213,0.319109,0,Alto
1965224,0.199169,0,Medio
1969440,0.092227,0,Baixo
1969404,0.305615,0,Alto
1968397,0.681155,1,Critico
1969423,0.119447,0,Baixo
1969469,0.192839,0,Medio
1969485,0.276797,0,Alto
1969519,0.376231,1,Critico
1969518,0.238053,0,Medio
1969509,0.217347,0,Medio
1969494,0.203799,0,Medio
1969495,0.049312,0,Baixo
1967903,0.098769,0,Baixo
1969556,0.326764,0,Alto
1969522,0.163705,0,Medio
1969521,0.218476,0,Medio
1969536,0.129647,0,Baixo
1969526,0.255367,0,Alto
1969446,0.228064,0,Medio
1969564,0.089433,0,Baixo
1968326,0.158417,0,Baixo
1968795,0.165878,0,Medio
1969560,0.131774,0,Baixo
1966217,0.31979,0,Alto
1969601,0.081242,0,Baixo
1969598,0.085245,0,Baixo
1962589,0.15666,0,Baixo
1969585,0.137267,0,Baixo
1969470,0.162292,0,Medio
1969606,0.150445,0,Baixo
1969596,0.227342,0,Medio
1969605,0.322656,0,Alto
1969565,0.269987,0,Alto
1969611,0.337391,0,Alto
1969579,0.21123,0,Medio
1969590,0.293193,0,Alto
1969320,0.242025,0,Medio
1969612,0.23635,0,Medio
1969603,0.167667,0,Medio
1969618,0.330113,0,Alto
1969625,0.173211,0,Medio
1968482,0.160781,0,Medio
1969278,0.065893,0,Baixo
1969624,0.18053,0,Medio
1967098,0.171682,0,Medio
1968067,0.177535,0,Medio
1969182,0.152682,0,Baixo
1969461,0.059013,0,Baixo
1968595,0.290623,0,Alto
1968428,0.231045,0,Medio
1966261,0.195164,0,Medio
1969667,0.121692,0,Baixo
1969676,0.338844,0,Alto
1969674,0.085808,0,Baixo
1969671,0.076241,0,Baixo
1969672,0.334994,0,Alto
1969489,0.289215,0,Alto
1969643,0.141179,0,Baixo
1969647,0.136586,0,Baixo
1969651,0.061581,0,Baixo
1969638,0.22648,0,Medio
1969589,0.074745,0,Baixo
1969706,0.04868,0,Baixo
1969425,0.2718,0,Alto
1969537,0.087616,0,Baixo
1945282,0.200582,0,Medio
1969116,0.10203,0,Baixo
1969670,0.197069,0,Medio
1968419,0.248349,0,Medio
1969768,0.16333,0,Medio
1969655,0.214471,0,Medio
1969747,0.274059,0,Alto
1969779,0.093971,0,Baixo
1969566,0.279956,0,Alto
1969570,0.40893,1,Critico
1969764,0.14397,0,Baixo
1969773,0.235587,0,Medio
1969801,0.225763,0,Medio
1969770,0.14423,0,Baixo
1969628,0.472615,1,Critico
1969806,0.190651,0,Medio
1969785,0.099372,0,Baixo
1969790,0.363626,1,Critico
1969831,0.176414,0,Medio
1969767,0.184851,0,Medio
1969661,0.172118,0,Medio
1969562,0.101716,0,Baixo
1969640,0.32979,0,Alto
1969835,0.168346,0,Medio
1969360,0.110162,0,Baixo
1951641,0.433323,1,Critico
1963924,0.115453,0,Baixo
1967179,0.170765,0,Medio
1962728,0.447885,1,Critico
1969254,0.215798,0,Medio
1969847,0.123625,0,Baixo
1954829,0.211823,0,Medio
1969549,0.465145,1,Critico
1969866,0.334113,0,Alto
1969863,0.181892,0,Medio
1969874,0.122423,0,Baixo
1968031,0.124106,0,Baixo
1967796,0.187136,0,Medio
1966664,0.230654,0,Medio
1969876,0.295099,0,Alto
1969865,0.298156,0,Alto
1969897,0.151049,0,Baixo
1969892,0.486798,1,Critico
1965715,0.078752,0,Baixo
1969844,0.044891,0,Baixo
1969900,0.167739,0,Medio
1966873,0.190939,0,Medio
1966264,0.07354,0,Baixo
1969354,0.147957,0,Baixo
1969609,0.080464,0,Baixo
1969928,0.430599,1,Critico
1969917,0.158733,0,Baixo
1969778,0.151412,0,Baixo
1960613,0.453179,1,Critico
1969936,0.200539,0,Medio
1967193,0.265052,0,Alto
1969789,0.177297,0,Medio
1966285,0.227528,0,Medio
1969953,0.2036,0,Medio
1969959,0.187059,0,Medio
1969954,0.191095,0,Medio
1969346,0.061021,0,Baixo
1969487,0.200771,0,Medio
1944064,0.343325,0,Alto
1969977,0.125266,0,Baixo
1969899,0.328842,0,Alto
1762703,0.185943,0,Medio
1956037,0.18463,0,Medio
1968648,0.167283,0,Medio
1970001,0.370544,1,Critico
1970005,0.119077,0,Baixo
1969980,0.36942,1,Critico
1969903,0.083816,0,Baixo
1969294,0.181702,0,Medio
1966286,0.150411,0,Baixo
1970008,0.218323,0,Medio
1970019,0.125151,0,Baixo
1970023,0.224823,0,Medio
1970012,0.152958,0,Baixo
1969932,0.453197,1,Critico
1970027,0.317248,0,Alto
1968024,0.369056,1,Critico
1962929,0.427735,1,Critico
1970014,0.212781,0,Medio
1970032,0.196321,0,Medio
1896545,0.302832,0,Alto
1970044,0.108894,0,Baixo
1970037,0.260655,0,Alto
1938274,0.309298,0,Alto
1970047,0.038519,0,Baixo
1970017,0.189386,0,Medio
1968758,0.32962,0,Alto
1968813,0.110114,0,Baixo
1970040,0.093154,0,Baixo
1965189,0.129695,0,Baixo
1970072,0.144317,0,Baixo
1966786,0.30459,0,Alto
1968086,0.333605,0,Alto
1970061,0.224873,0,Medio
1968926,0.162487,0,Medio
1970057,0.163244,0,Medio
1961194,0.407042,1,Critico
1969930,0.150074,0,Baixo
1968465,0.381224,1,Critico
1970000,0.200855,0,Medio
1970068,0.091983,0,Baixo
1969281,0.048282,0,Baixo
1970096,0.173805,0,Medio
1968094,0.254042,0,Alto
1966108,0.269769,0,Alto
1970045,0.297016,0,Alto
1948040,0.12203,0,Baixo
1970093,0.278593,0,Alto
1712854,0.219389,0,Medio
1969975,0.134897,0,Baixo
1968605,0.137005,0,Baixo
1968836,0.215772,0,Medio
1970100,0.147928,0,Baixo
1969377,0.151281,0,Baixo
1970117,0.240846,0,Medio
1970125,0.065644,0,Baixo
1969819,0.250723,0,Medio
1968664,0.383806,1,Critico
1970139,0.191459,0,Medio
1970149,0.376231,1,Critico
1959203,0.197961,0,Medio
1970129,0.325398,0,Alto
1956107,0.030991,0,Baixo
1969887,0.293651,0,Alto
1970163,0.107601,0,Baixo
1970165,0.064369,0,Baixo
1970158,0.161851,0,Medio
1970146,0.133088,0,Baixo
1969577,0.15319,0,Baixo
1970081,0.222872,0,Medio
1970179,0.116488,0,Baixo
1970136,0.270195,0,Alto
1970189,0.219336,0,Medio
1969730,0.176782,0,Medio
1970169,0.1164,0,Baixo
1964095,0.330093,0,Alto
1970198,0.313964,0,Alto
1970191,0.073321,0,Baixo
1970192,0.178452,0,Medio
1970132,0.40141,1,Critico
1967657,0.321999,0,Alto
1970197,0.163315,0,Medio
1964255,0.367198,1,Critico
1970204,0.095854,0,Baixo
1970208,0.230274,0,Medio
1968718,0.217156,0,Medio
1969898,0.035281,0,Baixo
1969839,0.124552,0,Baixo
1970236,0.187773,0,Medio
1970227,0.205186,0,Medio
1969472,0.14464,0,Baixo
1969501,0.315257,0,Alto
1958865,0.16739,0,Medio
1679887,0.263764,0,Alto
1970240,0.331519,0,Alto
1969979,0.081033,0,Baixo
1962914,0.22821,0,Medio
1968865,0.315872,0,Alto
1967982,0.127325,0,Baixo
1968455,0.1668,0,Medio
1969649,0.244719,0,Medio
1970231,0.136665,0,Baixo
1957100,0.292271,0,Alto
1969808,0.189242,0,Medio
1969291,0.199396,0,Medio
1676103,0.104272,0,Baixo
1969923,0.137654,0,Baixo
1968412,0.142922,0,Baixo
1970137,0.146972,0,Baixo
1969832,0.104396,0,Baixo
1966360,0.186296,0,Medio
1969946,0.223155,0,Medio
1961755,0.246107,0,Medio
1970258,0.022066,0,Baixo
1967673,0.520375,1,Critico
1969916,0.123652,0,Baixo
1970253,0.362228,1,Critico
1968141,0.029916,0,Baixo
1969830,0.105534,0,Baixo
1968259,0.31752,0,Alto
1970244,0.04299,0,Baixo
1970283,0.123981,0,Baixo
1970216,0.160072,0,Baixo
1970251,0.203152,0,Medio
1970273,0.061166,0,Baixo
1968882,0.281973,0,Alto
1969776,0.141399,0,Baixo
1964375,0.31736,0,Alto
1969940,0.275311,0,Alto
1956094,0.412911,1,Critico
1970059,0.370731,1,Critico
1968937,0.281996,0,Alto
1970300,0.301209,0,Alto
1969015,0.300176,0,Alto
1970295,0.327503,0,Alto
1951104,0.178241,0,Medio
1968323,0.03163,0,Baixo
1967075,0.209247,0,Medio
1861906,0.085338,0,Baixo
1970311,0.461846,1,Critico
1967268,0.31794,0,Alto
1970312,0.075087,0,Baixo
1970285,0.1806,0,Medio
1970323,0.253339,0,Alto
1969383,0.213605,0,Medio
1960700,0.194962,0,Medio
1970343,0.542408,1,Critico
1958040,0.504012,1,Critico
1970276,0.226738,0,Medio
1970350,0.341821,0,Alto
1966129,0.127363,0,Baixo
1970319,0.046843,0,Baixo
1970388,0.162945,0,Medio
1964871,0.175395,0,Medio
1962725,0.340282,0,Alto
1969511,0.228979,0,Medio
1970351,0.527956,1,Critico
1970358,0.452021,1,Critico
1968316,0.306001,0,Alto
1965966,0.15511,0,Baixo
1969459,0.178738,0,Medio
1968654,0.100141,0,Baixo
1970228,0.162237,0,Medio
1843770,0.244312,0,Medio
1969820,0.095181,0,Baixo
1970347,0.393879,1,Critico
1970363,0.161039,0,Medio
1970370,0.258246,0,Alto
1970317,0.090653,0,Baixo
1960482,0.343721,0,Alto
1460949,0.439977,1,Critico
1970348,0.15312,0,Baixo
1966505,0.334522,0,Alto
1968833,0.155578,0,Baixo
1970393,0.129214,0,Baixo
1970399,0.555635,1,Critico
1970171,0.464095,1,Critico
1970413,0.118933,0,Baixo
1967859,0.344596,0,Alto
1967161,0.306502,0,Alto
1969569,0.12394,0,Baixo
1970407,0.348389,0,Alto
1966458,0.142572,0,Baixo
1969137,0.283181,0,Alto
1970378,0.299186,0,Alto
1961179,0.210803,0,Medio
1970446,0.033877,0,Baixo
1970441,0.227776,0,Medio
1970444,0.290355,0,Alto
1970426,0.23998,0,Medio
1960692,0.38379,1,Critico
1969439,0.210532,0,Medio
1970450,0.46161,1,Critico
1952947,0.204798,0,Medio
1968219,0.218564,0,Medio
1970460,0.314718,0,Alto
1970465,0.17274,0,Medio
1970452,0.14812,0,Baixo
1968405,0.045025,0,Baixo
1970069,0.260108,0,Alto
1964457,0.137614,0,Baixo
1967237,0.320449,0,Alto
1970080,0.250618,0,Medio
1967026,0.274098,0,Alto
1970462,0.072762,0,Baixo
1970481,0.344016,0,Alto
1970489,0.089978,0,Baixo
1970256,0.184494,0,Medio
1953019,0.132125,0,Baixo
1968993,0.254146,0,Alto
1970497,0.081519,0,Baixo
1970473,0.155438,0,Baixo
1970259,0.217819,0,Medio
1970245,0.262178,0,Alto
1969535,0.344005,0,Alto
1970488,0.278279,0,Alto
1970492,0.22736,0,Medio
1970508,0.325788,0,Alto
1970510,0.247205,0,Medio
1970470,0.142941,0,Baixo
1970498,0.446192,1,Critico
1969840,0.102486,0,Baixo
1970516,0.119692,0,Baixo
1970505,0.23765,0,Medio
1970328,0.330525,0,Alto
1970513,0.326421,0,Alto
1953275,0.169038,0,Medio
1970511,0.327491,0,Alto
1969529,0.157082,0,Baixo
1970334,0.440228,1,Critico
1969795,0.151368,0,Baixo
1970530,0.131452,0,Baixo
1970535,0.218736,0,Medio
1970542,0.385033,1,Critico
1970524,0.113592,0,Baixo
1970537,0.297105,0,Alto
1970478,0.0593,0,Baixo
1969911,0.099251,0,Baixo
1970534,0.285623,0,Alto
1968662,0.320387,0,Alto
1970463,0.119077,0,Baixo
1969527,0.20675,0,Medio
1970310,0.205366,0,Medio
1970539,0.089494,0,Baixo
1970443,0.169126,0,Medio
1967011,0.153042,0,Baixo
1970509,0.241514,0,Medio
1970147,0.104763,0,Baixo
1959249,0.404613,1,Critico
1970367,0.128774,0,Baixo
1970406,0.360737,1,Critico
1969312,0.164107,0,Medio
1969041,0.180424,0,Medio
1968545,0.532363,1,Critico
1968258,0.033978,0,Baixo
1966840,0.092013,0,Baixo
1970496,0.131788,0,Baixo
1970553,0.121819,0,Baixo
1970475,0.39413,1,Critico
1970512,0.381205,1,Critico
1970415,0.109437,0,Baixo
1818417,0.032068,0,Baixo
1969756,0.2211,0,Medio
1969812,0.171954,0,Medio
1967706,0.098162,0,Baixo
1833233,0.278381,0,Alto
1967716,0.132781,0,Baixo
1970123,0.168852,0,Medio
1970552,0.102208,0,Baixo
1970563,0.274395,0,Alto
1955754,0.259478,0,Alto
1970024,0.380423,1,Critico
1970584,0.345045,0,Alto
1968182,0.066342,0,Baixo
1961154,0.071817,0,Baixo
1961123,0.120841,0,Baixo
1970515,0.127802,0,Baixo
1970386,0.085777,0,Baixo
1970603,0.526862,1,Critico
1945586,0.121048,0,Baixo
1970503,0.104517,0,Baixo
1966856,0.191815,0,Medio
1958373,0.529199,1,Critico
1970612,0.197654,0,Medio
1963542,0.471274,1,Critico
1966284,0.317186,0,Alto
1964297,0.175857,0,Medio
1970617,0.16952,0,Medio
1949132,0.137307,0,Baixo
1970556,0.060583,0,Baixo
1969396,0.039943,0,Baixo
1970487,0.148651,0,Baixo
1962322,0.203302,0,Medio
859308,0.169365,0,Medio
1970479,0.038897,0,Baixo
1968819,0.231711,0,Medio
1970625,0.143647,0,Baixo
1969221,0.519951,1,Critico
1965326,0.382891,1,Critico
1970632,0.296705,0,Alto
1967575,0.098202,0,Baixo
1970641,0.208427,0,Medio
1936293,0.180704,0,Medio
1966189,0.287978,0,Alto
1970642,0.06472,0,Baixo
1970649,0.013128,0,Baixo
1959884,0.35275,1,Alto
1969426,0.431262,1,Critico
1963704,0.386887,1,Critico
1970635,0.141891,0,Baixo
1970628,0.282653,0,Alto
1970643,0.120743,0,Baixo
1967278,0.329073,0,Alto
1966929,0.163491,0,Medio
1970654,0.078673,0,Baixo
1966141,0.102404,0,Baixo
1970458,0.115998,0,Baixo
1966909,0.280519,0,Alto
1873005,0.089926,0,Baixo
1970660,0.166614,0,Medio
1969669,0.133974,0,Baixo
1951218,0.380259,1,Critico
1970668,0.040536,0,Baixo
1970666,0.126401,0,Baixo
1970664,0.140274,0,Baixo
1969395,0.119179,0,Baixo
1969422,0.294641,0,Alto
1970670,0.277786,0,Alto
1970677,0.155495,0,Baixo
1969648,0.190677,0,Medio
1957011,0.32982,0,Alto
1969218,0.08316,0,Baixo
1957903,0.211592,0,Medio
1969208,0.089942,0,Baixo
1970467,0.031835,0,Baixo
1967851,0.044564,0,Baixo
1970596,0.027202,0,Baixo
1970703,0.148974,0,Baixo
1970304,0.033868,0,Baixo
1947438,0.246877,0,Medio
1970440,0.051642,0,Baixo
1970587,0.168484,0,Medio
1964899,0.276911,0,Alto
1968232,0.136108,0,Baixo
1970715,0.271592,0,Alto
1970711,0.198296,0,Medio
1970657,0.196841,0,Medio
1970723,0.22092,0,Medio
1970724,0.080567,0,Baixo
1964305,0.246457,0,Medio
1970675,0.103988,0,Baixo
1840094,0.071184,0,Baixo
1967988,0.246995,0,Medio
1969147,0.354911,1,Alto
1970693,0.183385,0,Medio
1970740,0.103328,0,Baixo
1970586,0.265664,0,Alto
1970747,0.133272,0,Baixo
1956897,0.271673,0,Alto
1970329,0.188529,0,Medio
1970762,0.159892,0,Baixo
1970760,0.097024,0,Baixo
1970738,0.303313,0,Alto
1970773,0.236275,0,Medio
1969530,0.088764,0,Baixo
1952406,0.350622,0,Alto
1970777,0.133336,0,Baixo
1970795,0.05503,0,Baixo
1968470,0.205404,0,Medio
1969641,0.114641,0,Baixo
1970802,0.03821,0,Baixo
1970772,0.27637,0,Alto
1970796,0.221903,0,Medio
1970804,0.117268,0,Baixo
1970816,0.216203,0,Medio
1968880,0.18507,0,Medio
1970798,0.185965,0,Medio
1970784,0.091742,0,Baixo
1970812,0.335869,0,Alto
1970821,0.239029,0,Medio
1968930,0.150033,0,Baixo
1954663,0.177538,0,Medio
1970758,0.193646,0,Medio
1933124,0.056433,0,Baixo
1970142,0.223066,0,Medio
1970800,0.30044,0,Alto
1966405,0.472464,1,Critico
1970854,0.133433,0,Baixo
1970845,0.313952,0,Alto
1970837,0.1742,0,Medio
1720187,0.095036,0,Baixo
1570875,0.294209,0,Alto
1970858,0.108031,0,Baixo
1970855,0.17033,0,Medio
1970834,0.078342,0,Baixo
1968307,0.464603,1,Critico
1970835,0.320039,0,Alto
1961936,0.173485,0,Medio
1970873,0.149268,0,Baixo
1970425,0.283231,0,Alto
1970849,0.177201,0,Medio
1970884,0.118562,0,Baixo
1970869,0.380722,1,Critico
1969833,0.270536,0,Alto
1968583,0.777655,1,Critico
1968478,0.118311,0,Baixo
1970859,0.114116,0,Baixo
1968162,0.191542,0,Medio
1967305,0.095052,0,Baixo
1968577,0.482258,1,Critico
1970889,0.084415,0,Baixo
1970903,0.02519,0,Baixo
1969550,0.226038,0,Medio
1970856,0.259948,0,Alto
1970805,0.219543,0,Medio
1970899,0.099599,0,Baixo
1970910,0.203341,0,Medio
1914315,0.028067,0,Baixo
1969815,0.086164,0,Baixo
1970201,0.124194,0,Baixo
1970907,0.045045,0,Baixo
1967910,0.113451,0,Baixo
1970233,0.143823,0,Baixo
1970922,0.103296,0,Baixo
1970927,0.059445,0,Baixo
1970928,0.096561,0,Baixo
1970926,0.062027,0,Baixo
1967156,0.234605,0,Medio
1970908,0.189178,0,Medio
1970941,0.120061,0,Baixo
1958875,0.2791,0,Alto
1970499,0.204192,0,Medio
1970935,0.120638,0,Baixo
1970885,0.203312,0,Medio
1969919,0.1868,0,Medio
1970932,0.202932,0,Medio
1970860,0.076081,0,Baixo
1968717,0.429859,1,Critico
1959459,0.326324,0,Alto
1970956,0.027195,0,Baixo
1966743,0.115028,0,Baixo
1970893,0.086523,0,Baixo
1970953,0.400402,1,Critico
1970957,0.135653,0,Baixo
1970951,0.060407,0,Baixo
1970940,0.225994,0,Medio
1970962,0.272851,0,Alto
1970699,0.184486,0,Medio
1970966,0.366779,1,Critico
1970972,0.247151,0,Medio
1966314,0.166281,0,Medio
1967450,0.248533,0,Medio
1969594,0.202083,0,Medio
1970984,0.191615,0,Medio
1969071,0.070299,0,Baixo
1970987,0.073478,0,Baixo
1970992,0.071446,0,Baixo
1969214,0.124336,0,Baixo
1971002,0.066473,0,Baixo
1970752,0.276826,0,Alto
1971007,0.117388,0,Baixo
1971008,0.274568,0,Alto
1971011,0.08706,0,Baixo
1970672,0.20306,0,Medio
1970857,0.178341,0,Medio
1971010,0.3032,0,Alto
1969180,0.164137,0,Medio
1970292,0.372965,1,Critico
1970349,0.231599,0,Medio
1970904,0.033662,0,Baixo
1970669,0.264039,0,Alto
1971045,0.033145,0,Baixo
1971044,0.107414,0,Baixo
1971047,0.265948,0,Alto
1970599,0.261355,0,Alto
1971058,0.170815,0,Medio
1971062,0.02251,0,Baixo
1971063,0.385657,1,Critico
1971078,0.278902,0,Alto
1971065,0.084002,0,Baixo
1971072,0.068506,0,Baixo
1971085,0.064961,0,Baixo
1960432,0.356418,1,Alto
1971056,0.36435,1,Critico
1971079,0.188148,0,Medio
1842648,0.398052,1,Critico
1970550,0.141858,0,Baixo
1971105,0.174979,0,Medio
1969113,0.144024,0,Baixo
1971067,0.092916,0,Baixo
1969622,0.112184,0,Baixo
1970564,0.335089,0,Alto
1971089,0.428059,1,Critico
1969700,0.231658,0,Medio
1971115,0.133392,0,Baixo
1971125,0.505839,1,Critico
1969880,0.191739,0,Medio
1971133,0.090579,0,Baixo
1956333,0.15338,0,Baixo
1971162,0.111267,0,Baixo
1971149,0.047114,0,Baixo
1971153,0.144178,0,Baixo
1969309,0.437367,1,Critico
1971143,0.244925,0,Medio
1966415,0.131995,0,Baixo
1971164,0.123631,0,Baixo
1963607,0.259342,0,Alto
1970780,0.158644,0,Baixo
1970422,0.216379,0,Medio
1971172,0.221752,0,Medio
1969053,0.266326,0,Alto
1967872,0.342408,0,Alto
1962737,0.53133,1,Critico
1949325,0.223408,0,Medio
1957469,0.293976,0,Alto
1971188,0.124128,0,Baixo
1971187,0.075251,0,Baixo
1971175,0.093865,0,Baixo
1969388,0.177716,0,Medio
1971165,0.247102,0,Medio
1971215,0.182861,0,Medio
1971200,0.212379,0,Medio
1969724,0.099672,0,Baixo
1971199,0.019341,0,Baixo
1969192,0.28706,0,Alto
1970909,0.223474,0,Medio
1971167,0.301721,0,Alto
1971238,0.054167,0,Baixo
1970346,0.186071,0,Medio
1971226,0.2431,0,Medio
1971206,0.260787,0,Alto
1971253,0.164152,0,Medio
1971236,0.354371,1,Alto
1971252,0.121071,0,Baixo
1971243,0.132183,0,Baixo
1971283,0.115569,0,Baixo
1971240,0.194671,0,Medio
1971277,0.215188,0,Medio
1971234,0.390566,1,Critico
1971280,0.030949,0,Baixo
1971038,0.221861,0,Medio
1971186,0.116335,0,Baixo
1971211,0.1588,0,Baixo
1971269,0.293428,0,Alto
1970299,0.099886,0,Baixo
1970994,0.168136,0,Medio
1971285,0.150057,0,Baixo
1971304,0.233529,0,Medio
1971306,0.159304,0,Baixo
1957010,0.11609,0,Baixo
1952754,0.268855,0,Alto
1971270,0.125067,0,Baixo
1971307,0.124493,0,Baixo
1971288,0.442372,1,Critico
1971341,0.062402,0,Baixo
1971340,0.177799,0,Medio
1944539,0.058274,0,Baixo
1971343,0.087713,0,Baixo
1971040,0.273582,0,Alto
1971229,0.233784,0,Medio
1969471,0.212082,0,Medio
1971354,0.503517,1,Critico
1970235,0.246521,0,Medio
1971326,0.044269,0,Baixo
1971352,0.119491,0,Baixo
1971349,0.017727,0,Baixo
1971353,0.146303,0,Baixo
1968740,0.574757,1,Critico
1970701,0.2723,0,Alto
1970571,0.091151,0,Baixo
1971370,0.145562,0,Baixo
1970880,0.086091,0,Baixo
1971371,0.123035,0,Baixo
1971389,0.260233,0,Alto
1971388,0.148448,0,Baixo
1967298,0.284233,0,Alto
1961090,0.553535,1,Critico
1971274,0.172649,0,Medio
1971375,0.299067,0,Alto
1971223,0.193243,0,Medio
1959000,0.304854,0,Alto
1971264,0.293203,0,Alto
1969169,0.30364,0,Alto
1970591,0.068696,0,Baixo
1971401,0.206552,0,Medio
1971398,0.246853,0,Medio
1920327,0.144813,0,Baixo
1968144,0.09919,0,Baixo
1969163,0.162309,0,Medio
1971318,0.110816,0,Baixo
1971404,0.245686,0,Medio
1969060,0.135352,0,Baixo
1970716,0.182144,0,Medio
1968692,0.1424,0,Baixo
1971320,0.18377,0,Medio
1971346,0.096087,0,Baixo
1969443,0.152725,0,Baixo
1969434,0.213376,0,Medio
1966522,0.14956,0,Baixo
1971411,0.100249,0,Baixo
1971383,0.259759,0,Alto
1970028,0.300699,0,Alto
1813962,0.121658,0,Baixo
1971446,0.068164,0,Baixo
1971429,0.092647,0,Baixo
1971444,0.124001,0,Baixo
1971442,0.241436,0,Medio
1971422,0.169448,0,Medio
1971350,0.247034,0,Medio
1971330,0.267074,0,Alto
1969149,0.45757,1,Critico
1971449,0.26948,0,Alto
1971459,0.117982,0,Baixo
1971460,0.31884,0,Alto
1971469,0.169923,0,Medio
1971450,0.052939,0,Baixo
1971465,0.124252,0,Baixo
1957122,0.250908,0,Medio
1971241,0.030156,0,Baixo
1971468,0.365817,1,Critico
1971055,0.395756,1,Critico
1967334,0.061571,0,Baixo
1958791,0.466309,1,Critico
1968252,0.101861,0,Baixo
1971528,0.022206,0,Baixo
1971477,0.075349,0,Baixo
1971520,0.375549,1,Critico
1968233,0.055592,0,Baixo
1971491,0.190889,0,Medio
1970915,0.071619,0,Baixo
1971286,0.356847,1,Alto
1971534,0.351996,1,Alto
1970262,0.338336,0,Alto
1971516,0.164114,0,Medio
1971479,0.130133,0,Baixo
1971399,0.236125,0,Medio
1971506,0.049991,0,Baixo
1969895,0.212287,0,Medio
1971496,0.122312,0,Baixo
1971541,0.307071,0,Alto
1968527,0.148586,0,Baixo
1971552,0.053802,0,Baixo
1971544,0.307742,0,Alto
1970447,0.355722,1,Alto
1971554,0.233779,0,Medio
1971539,0.395631,1,Critico
1971524,0.159105,0,Baixo
1968359,0.267358,0,Alto
1967142,0.256177,0,Alto
1971551,0.130232,0,Baixo
1971560,0.444074,1,Critico
1971562,0.328493,0,Alto
1971582,0.130881,0,Baixo
1971580,0.052091,0,Baixo
1968909,0.119666,0,Baixo
1971600,0.122239,0,Baixo
1971585,0.268055,0,Alto
1971108,0.231655,0,Medio
1970950,0.063223,0,Baixo
1971603,0.025177,0,Baixo
1971609,0.255107,0,Alto
1971615,0.277397,0,Alto
1971618,0.310829,0,Alto
1970616,0.128447,0,Baixo
1971616,0.089161,0,Baixo
1971292,0.159372,0,Baixo
1969310,0.161106,0,Medio
1970656,0.369979,1,Critico
1971626,0.145492,0,Baixo
1970847,0.296294,0,Alto
1969179,0.321364,0,Alto
1967772,0.114038,0,Baixo
1971006,0.073423,0,Baixo
1971453,0.109801,0,Baixo
1971470,0.093735,0,Baixo
1967749,0.455238,1,Critico
1971632,0.098768,0,Baixo
1971641,0.43555,1,Critico
1971623,0.233262,0,Medio
1948251,0.038796,0,Baixo
1971651,0.152514,0,Baixo
1969187,0.152636,0,Baixo
1970506,0.061448,0,Baixo
1971645,0.397511,1,Critico
1971652,0.257705,0,Alto
1967690,0.430278,1,Critico
1969805,0.264223,0,Alto
1971648,0.262995,0,Alto
1971664,0.178368,0,Medio
1971597,0.137433,0,Baixo
1970554,0.238391,0,Medio
1971502,0.018409,0,Baixo
1969952,0.062318,0,Baixo
1971625,0.065894,0,Baixo
1971619,0.343212,0,Alto
1971684,0.026232,0,Baixo
1971680,0.408954,1,Critico
1971670,0.118797,0,Baixo
1954616,0.270341,0,Alto
1971679,0.278083,0,Alto
1971579,0.271476,0,Alto
1971705,0.27883,0,Alto
1971708,0.167317,0,Medio
1971683,0.325966,0,Alto
1971706,0.295949,0,Alto
1968118,0.084753,0,Baixo
1915523,0.149424,0,Baixo
1950729,0.183427,0,Medio
1971714,0.09582,0,Baixo
1971696,0.102266,0,Baixo
1971722,0.175814,0,Medio
1832734,0.170752,0,Medio
1971564,0.097516,0,Baixo
1971589,0.322343,0,Alto
1971704,0.117699,0,Baixo
1970911,0.287031,0,Alto
1971608,0.229598,0,Medio
1767822,0.0546,0,Baixo
1970394,0.107503,0,Baixo
1971699,0.162307,0,Medio
1956603,0.411419,1,Critico
1969969,0.062698,0,Baixo
1956618,0.131733,0,Baixo
1971497,0.190265,0,Medio
1971736,0.2143,0,Medio
1970879,0.087512,0,Baixo
1971754,0.094429,0,Baixo
1969224,0.119455,0,Baixo
1970905,0.291045,0,Alto
1968413,0.349906,0,Alto
1971440,0.136445,0,Baixo
1971759,0.145366,0,Baixo
1971748,0.211372,0,Medio
1971695,0.159679,0,Baixo
1969705,0.245634,0,Medio
1971743,0.222167,0,Medio
1971563,0.239506,0,Medio
1971775,0.149482,0,Baixo
1970353,0.217228,0,Medio
1971779,0.264306,0,Alto
1969450,0.090036,0,Baixo
1971752,0.170965,0,Medio
1971773,0.186664,0,Medio
1971782,0.150432,0,Baixo
1970156,0.139777,0,Baixo
1971776,0.018141,0,Baixo
1971678,0.084356,0,Baixo
1971791,0.108651,0,Baixo
1971789,0.39861,1,Critico
1970257,0.184703,0,Medio
1971800,0.178912,0,Medio
1971799,0.076831,0,Baixo
1971709,0.396664,1,Critico
1971794,0.2327,0,Medio
1971771,0.054253,0,Baixo
1087159,0.235164,0,Medio
1971807,0.262332,0,Alto
1971810,0.353523,1,Alto
1970157,0.150677,0,Baixo
1971825,0.085694,0,Baixo
1971827,0.206131,0,Medio
1971841,0.08012,0,Baixo
1963649,0.388439,1,Critico
1970811,0.143636,0,Baixo
1971831,0.152097,0,Baixo
1971846,0.131562,0,Baixo
1971828,0.205875,0,Medio
1971823,0.274772,0,Alto
1971845,0.125425,0,Baixo
1971854,0.067508,0,Baixo
1946517,0.068186,0,Baixo
1877412,0.060464,0,Baixo
1971853,0.386822,1,Critico
1971863,0.26268,0,Alto
1971861,0.177802,0,Medio
1971864,0.324698,0,Alto
1971871,0.265326,0,Alto
1966133,0.463272,1,Critico
1971873,0.247497,0,Medio
1968171,0.250795,0,Medio
1971868,0.046644,0,Baixo
1971867,0.156456,0,Baixo
1971869,0.203533,0,Medio
1971875,0.596776,1,Critico
1971862,0.277267,0,Alto
1970419,0.103307,0,Baixo
1437445,0.296107,0,Alto
1970529,0.141049,0,Baixo
1971882,0.149654,0,Baixo
1971886,0.264821,0,Alto
1949606,0.070301,0,Baixo
1971581,0.430681,1,Critico
1971586,0.118186,0,Baixo
1969099,0.282974,0,Alto
1971138,0.170447,0,Medio
1971753,0.235927,0,Medio
1971896,0.111979,0,Baixo
1968689,0.336657,0,Alto
1970064,0.094006,0,Baixo
1969339,0.174094,0,Medio
1971646,0.32489,0,Alto
1950343,0.413696,1,Critico
1971777,0.056781,0,Baixo
1971897,0.1319,0,Baixo
1970717,0.164976,0,Medio
1954209,0.130058,0,Baixo
1971893,0.229343,0,Medio
1971611,0.654405,1,Critico
1954869,0.327054,0,Alto
1971899,0.260662,0,Alto
1971790,0.328275,0,Alto
1971905,0.340359,0,Alto
1971365,0.100457,0,Baixo
1971909,0.334168,0,Alto
1971918,0.136986,0,Baixo
1971813,0.099626,0,Baixo
1966308,0.348342,0,Alto
1121268,0.095712,0,Baixo
1971906,0.204101,0,Medio
1971921,0.187301,0,Medio
1971924,0.134208,0,Baixo
1971902,0.315492,0,Alto
1971622,0.238326,0,Medio
1971814,0.157237,0,Baixo
1953420,0.208918,0,Medio
1971940,0.181013,0,Medio
1971937,0.175499,0,Medio
1971946,0.336916,0,Alto
1971942,0.140118,0,Baixo
1971207,0.257188,0,Alto
1969822,0.080748,0,Baixo
1971947,0.255454,0,Alto
1969481,0.306814,0,Alto
1971923,0.213817,0,Medio
1970193,0.039546,0,Baixo
1971881,0.202326,0,Medio
1969435,0.334949,0,Alto
1971965,0.241084,0,Medio
1970546,0.129519,0,Baixo
1958166,0.35419,1,Alto
1968349,0.128236,0,Baixo
1971783,0.138936,0,Baixo
1951871,0.280235,0,Alto
1968106,0.40258,1,Critico
1970398,0.051307,0,Baixo
1971954,0.050245,0,Baixo
1969620,0.154944,0,Baixo
1971970,0.270616,0,Alto
1971977,0.124679,0,Baixo
1971976,0.203702,0,Medio
1971982,0.212143,0,Medio
1971972,0.031856,0,Baixo
1970690,0.207194,0,Medio
1971975,0.242184,0,Medio
1967488,0.322611,0,Alto
1971990,0.063963,0,Baixo
1971992,0.062429,0,Baixo
1971163,0.261022,0,Alto
1971987,0.264874,0,Alto
1971993,0.139524,0,Baixo
1971986,0.120783,0,Baixo
1971983,0.048106,0,Baixo
1967455,0.221682,0,Medio
1971974,0.154684,0,Baixo
1971973,0.14941,0,Baixo
1971945,0.103706,0,Baixo
1971969,0.195532,0,Medio
1972003,0.099649,0,Baixo
1971707,0.150811,0,Baixo
1971290,0.270338,0,Alto
1971847,0.118227,0,Baixo
1971576,0.266308,0,Alto
1972025,0.09443,0,Baixo
1972020,0.057203,0,Baixo
1944699,0.163939,0,Medio
1971998,0.040397,0,Baixo
1972024,0.394544,1,Critico
1972027,0.218726,0,Medio
1968752,0.040283,0,Baixo
1972031,0.105181,0,Baixo
1961085,0.179521,0,Medio
1971374,0.33297,0,Alto
1971961,0.027083,0,Baixo
1971793,0.115037,0,Baixo
1968807,0.29446,0,Alto
1969945,0.158938,0,Baixo
1972045,0.283569,0,Alto
1972053,0.102188,0,Baixo
1970645,0.29088,0,Alto
1964847,0.249921,0,Medio
1963100,0.348717,0,Alto
1968105,0.376585,1,Critico
1971796,0.122288,0,Baixo
1971935,0.721011,1,Critico
1972046,0.214623,0,Medio
1971723,0.201318,0,Medio
1972041,0.244519,0,Medio
1972057,0.313073,0,Alto
1972054,0.305892,0,Alto
1972058,0.084208,0,Baixo
1968485,0.151822,0,Baixo
1972073,0.30876,0,Alto
1972069,0.134149,0,Baixo
1972083,0.367374,1,Critico
1972066,0.240509,0,Medio
1964687,0.306697,0,Alto
1970757,0.098699,0,Baixo
1941530,0.446962,1,Critico
1972097,0.128247,0,Baixo
1972100,0.336103,0,Alto
1972096,0.313081,0,Alto
1970819,0.254787,0,Alto
1966319,0.257257,0,Alto
1970934,0.022222,0,Baixo
1965234,0.083579,0,Baixo
1972109,0.199532,0,Medio
1972015,0.086517,0,Baixo
1972099,0.259196,0,Alto
1968368,0.133251,0,Baixo
1972084,0.273724,0,Alto
1942186,0.127381,0,Baixo
1972115,0.162968,0,Medio
1972118,0.210152,0,Medio
1967750,0.280002,0,Alto
1971675,0.049841,0,Baixo
1972120,0.142162,0,Baixo
1970640,0.222901,0,Medio
1972114,0.063448,0,Baixo
1972130,0.441257,1,Critico
1966850,0.276327,0,Alto
1968500,0.177496,0,Medio
1972127,0.297759,0,Alto
1972151,0.320491,0,Alto
1972134,0.321617,0,Alto
1972135,0.096299,0,Baixo
1972157,0.173177,0,Medio
1972186,0.057812,0,Baixo
1972191,0.114901,0,Baixo
1969475,0.135814,0,Baixo
1964607,0.503703,1,Critico
1972199,0.135186,0,Baixo
1972080,0.217046,0,Medio
1972208,0.122599,0,Baixo
1972221,0.148822,0,Baixo
1969153,0.110782,0,Baixo
1972172,0.436311,1,Critico
1972223,0.182694,0,Medio
1972218,0.114476,0,Baixo
1972232,0.089185,0,Baixo
1972235,0.464162,1,Critico
1972213,0.373795,1,Critico
1970705,0.299317,0,Alto
1970341,0.1249,0,Baixo
1953076,0.178344,0,Medio
1970525,0.219983,0,Medio
1972262,0.175676,0,Medio
1972201,0.207122,0,Medio
1972230,0.070246,0,Baixo
1965534,0.09285,0,Baixo
1972265,0.156703,0,Baixo
1972222,0.32737,0,Alto
1972260,0.134412,0,Baixo
1972271,0.13831,0,Baixo
1971533,0.169246,0,Medio
1971911,0.272339,0,Alto
1972268,0.158978,0,Baixo
1972273,0.203237,0,Medio
1970076,0.205854,0,Medio
1972229,0.406419,1,Critico
1970532,0.188768,0,Medio
1971244,0.232106,0,Medio
1972108,0.2764,0,Alto
1971693,0.281102,0,Alto
1972250,0.206295,0,Medio
1972285,0.413567,1,Critico
1970212,0.288012,0,Alto
1971176,0.356546,1,Alto
1966808,0.363963,1,Critico
1972111,0.402152,1,Critico
1972195,0.143576,0,Baixo
1972298,0.194211,0,Medio
1972184,0.74391,1,Critico
1972312,0.020205,0,Baixo
1972299,0.487505,1,Critico
1971927,0.239222,0,Medio
1968220,0.41763,1,Critico
1972306,0.307655,0,Alto
1971955,0.270598,0,Alto
1969415,0.289548,0,Alto
1961181,0.405366,1,Critico
1972338,0.159601,0,Baixo
1966104,0.584196,1,Critico
1972316,0.35809,1,Critico
1969781,0.336036,0,Alto
1969782,0.144473,0,Baixo
1972356,0.092257,0,Baixo
1961757,0.567719,1,Critico
1972363,0.103158,0,Baixo
1972021,0.263364,0,Alto
1972362,0.082518,0,Baixo
1971721,0.189386,0,Medio
1972371,0.23342,0,Medio
1972301,0.138367,0,Baixo
1972383,0.163617,0,Medio
1972378,0.404335,1,Critico
1970078,0.236878,0,Medio
1972379,0.283177,0,Alto
1972347,0.465968,1,Critico
1971183,0.201569,0,Medio
1972210,0.265012,0,Alto
1954836,0.016248,0,Baixo
1972404,0.042999,0,Baixo
1972211,0.142641,0,Baixo
1947803,0.365738,1,Critico
1972142,0.115449,0,Baixo
1972252,0.279211,0,Alto
1969629,0.468529,1,Critico
1972206,0.242757,0,Medio
1970844,0.194778,0,Medio
1972382,0.234957,0,Medio
1971039,0.094702,0,Baixo
1972381,0.035128,0,Baixo
1972391,0.121404,0,Baixo
1972384,0.136119,0,Baixo
1972310,0.209572,0,Medio
1972409,0.055034,0,Baixo
1972322,0.210569,0,Medio
1972372,0.206808,0,Medio
1972410,0.210851,0,Medio
1972307,0.086067,0,Baixo
1972421,0.081017,0,Baixo
1972396,0.14795,0,Baixo
1972438,0.238557,0,Medio
1972400,0.428132,1,Critico
1972440,0.183851,0,Medio
1972374,0.025963,0,Baixo
1885918,0.270866,0,Alto
1972456,0.279491,0,Alto
1972464,0.139021,0,Baixo
1972365,0.319254,0,Alto
1972441,0.216997,0,Medio
1972452,0.227923,0,Medio
1972413,0.24635,0,Medio
1972458,0.033847,0,Baixo
1972444,0.408641,1,Critico
1972468,0.41949,1,Critico
1972467,0.22142,0,Medio
1972446,0.15817,0,Baixo
1970783,0.529246,1,Critico
1972399,0.184209,0,Medio
1972431,0.045857,0,Baixo
1972293,0.242822,0,Medio
1964762,0.035515,0,Baixo
1972433,0.149429,0,Baixo
1972498,0.102148,0,Baixo
1972463,0.21854,0,Medio
1963095,0.05244,0,Baixo
1972488,0.22337,0,Medio
1972495,0.179257,0,Medio
1972492,0.10012,0,Baixo
1972453,0.320483,0,Alto
1972416,0.117333,0,Baixo
1972392,0.101464,0,Baixo
1972508,0.259592,0,Alto
1972455,0.70744,1,Critico
1972415,0.102318,0,Baixo
1951276,0.183105,0,Medio
1972408,0.190367,0,Medio
1972535,0.04747,0,Baixo
1972466,0.236975,0,Medio
1964481,0.090248,0,Baixo
1972544,0.424734,1,Critico
1972539,0.152082,0,Baixo
1972555,0.244088,0,Medio
1972541,0.13454,0,Baixo
1972557,0.094312,0,Baixo
1972560,0.049298,0,Baixo
1972584,0.107652,0,Baixo
1972525,0.327789,0,Alto
1900374,0.162051,0,Medio
1972552,0.229389,0,Medio
1972565,0.06663,0,Baixo
1972582,0.381574,1,Critico
1972577,0.120431,0,Baixo
1972048,0.084884,0,Baixo
1972548,0.185321,0,Medio
1972490,0.14685,0,Baixo
1972617,0.241195,0,Medio
1972520,0.195602,0,Medio
1972610,0.171489,0,Medio
1972602,0.415947,1,Critico
1972547,0.147516,0,Baixo
1972585,0.182941,0,Medio
1972588,0.0723,0,Baixo
1972625,0.204587,0,Medio
1972537,0.260083,0,Alto
1972551,0.094898,0,Baixo
1972638,0.194532,0,Medio
1972595,0.444114,1,Critico
1972628,0.093598,0,Baixo
1972575,0.129886,0,Baixo
1972355,0.353968,1,Alto
1972283,0.157091,0,Baixo
1972561,0.120212,0,Baixo
1972183,0.248291,0,Medio
1972624,0.057436,0,Baixo
1972652,0.25639,0,Alto
1972665,0.080561,0,Baixo
1972564,0.219134,0,Medio
1972631,0.188853,0,Medio
1972627,0.147624,0,Baixo
1972645,0.092671,0,Baixo
1972470,0.241037,0,Medio
1972605,0.140521,0,Baixo
1972696,0.345537,0,Alto
1972635,0.12537,0,Baixo
1972673,0.164604,0,Medio
1972611,0.186635,0,Medio
1972614,0.141205,0,Baixo
1972570,0.163191,0,Medio
1972679,0.209974,0,Medio
1972646,0.068982,0,Baixo
1972667,0.260934,0,Alto
1972641,0.198987,0,Medio
1972581,0.22356,0,Medio
1972688,0.286548,0,Alto
1972654,0.16497,0,Medio
1972680,0.382307,1,Critico
1972442,0.245965,0,Medio
1972637,0.116731,0,Baixo
1972706,0.160202,0,Baixo
1972613,0.142152,0,Baixo
1972022,0.200469,0,Medio
1972721,0.179746,0,Medio
1972609,0.190005,0,Medio
1972730,0.071614,0,Baixo
1972742,0.376719,1,Critico
1972593,0.165689,0,Medio
1972745,0.137586,0,Baixo
1972569,0.32012,0,Alto
1972683,0.124927,0,Baixo
1972698,0.326564,0,Alto
1972746,0.138008,0,Baixo
1970943,0.082768,0,Baixo
1972676,0.10289,0,Baixo
1972689,0.105573,0,Baixo
1972737,0.03931,0,Baixo
1972747,0.286748,0,Alto
1972777,0.24342,0,Medio
1972598,0.226439,0,Medio
1972775,0.162663,0,Medio
1972740,0.173961,0,Medio
1972760,0.436019,1,Critico
1972704,0.186216,0,Medio
1972743,0.090732,0,Baixo
1972660,0.314464,0,Alto
1972755,0.225856,0,Medio
1972701,0.153262,0,Baixo
1972563,0.249592,0,Medio
1972794,0.23665,0,Medio
1972811,0.141877,0,Baixo
1972772,0.126106,0,Baixo
1972799,0.210572,0,Medio
1972788,0.082928,0,Baixo
1972690,0.147244,0,Baixo
1969644,0.131363,0,Baixo
1972797,0.293505,0,Alto
1972784,0.495187,1,Critico
1972825,0.101655,0,Baixo
1972608,0.212118,0,Medio
1972138,0.199801,0,Medio
1972834,0.24483,0,Medio
1972814,0.198747,0,Medio
1972867,0.39758,1,Critico
1972884,0.153499,0,Baixo
1972839,0.437379,1,Critico
1972840,0.191344,0,Medio
1972878,0.26755,0,Alto
1972830,0.276228,0,Alto
1972766,0.222162,0,Medio
1972875,0.126088,0,Baixo
1972903,0.144978,0,Baixo
1972820,0.341786,0,Alto
1972831,0.169912,0,Medio
1972713,0.066634,0,Baixo
1972886,0.227418,0,Medio
1967624,0.213091,0,Medio
1972924,0.208243,0,Medio
1972907,0.300561,0,Alto
1972482,0.346331,0,Alto
1897861,0.141545,0,Baixo
1972967,0.322524,0,Alto
1972962,0.069008,0,Baixo
1972949,0.183032,0,Medio
1972976,0.054681,0,Baixo
1972929,0.135304,0,Baixo
1972968,0.12781,0,Baixo
1972974,0.27695,0,Alto
1972856,0.116764,0,Baixo
1970655,0.172613,0,Medio
1966051,0.086734,0,Baixo
1966515,0.112439,0,Baixo
1972996,0.134973,0,Baixo
1972950,0.108886,0,Baixo
1973004,0.465255,1,Critico
1972815,0.237548,0,Medio
1972927,0.089757,0,Baixo
1972992,0.11473,0,Baixo
1973017,0.332887,0,Alto
1972955,0.132222,0,Baixo
1963520,0.350477,0,Alto
1973011,0.122277,0,Baixo
1972979,0.182904,0,Medio
1973026,0.166445,0,Medio
1971834,0.107139,0,Baixo
1973023,0.25623,0,Alto
1973027,0.155381,0,Baixo
1973002,0.364856,1,Critico
1973024,0.104196,0,Baixo
1709220,0.257564,0,Alto
1973008,0.252242,0,Alto
1972435,0.205813,0,Medio
1973034,0.197665,0,Medio
1973076,0.327771,0,Alto
1973091,0.059473,0,Baixo
1973078,0.165121,0,Medio
1973063,0.104742,0,Baixo
1973049,0.224183,0,Medio
1973099,0.304106,0,Alto
1973098,0.214917,0,Medio
1973142,0.230288,0,Medio
1973138,0.137644,0,Baixo
1973151,0.199468,0,Medio
1972516,0.28726,0,Alto
1973167,0.121394,0,Baixo
1973166,0.084577,0,Baixo
1973174,0.187698,0,Medio
1973173,0.280521,0,Alto
1973164,0.092402,0,Baixo
1973150,0.110681,0,Baixo
1972942,0.048955,0,Baixo
1973093,0.090494,0,Baixo
1973055,0.12067,0,Baixo
1973204,0.079427,0,Baixo
1973201,0.100411,0,Baixo
1973202,0.262597,0,Alto
1973210,0.070409,0,Baixo
1973214,0.28291,0,Alto
1973203,0.134403,0,Baixo
1972412,0.188941,0,Medio
1970502,0.349627,0,Alto
1972483,0.103933,0,Baixo
1971325,0.161889,0,Medio
1973254,0.171977,0,Medio
1973260,0.117478,0,Baixo
1973216,0.314324,0,Alto
1973256,0.05127,0,Baixo
1973281,0.186138,0,Medio
1973258,0.11792,0,Baixo
1973176,0.181518,0,Medio
1973162,0.112093,0,Baixo
1972966,0.407635,1,Critico
1973277,0.125351,0,Baixo
1973283,0.08163,0,Baixo
1972543,0.041817,0,Baixo
1973285,0.126014,0,Baixo
1973255,0.183383,0,Medio
1973301,0.328167,0,Alto
1973269,0.100735,0,Baixo
1973328,0.253648,0,Alto
1973327,0.175175,0,Medio
1973334,0.274628,0,Alto
1973215,0.081689,0,Baixo
1973326,0.080003,0,Baixo
1973339,0.329281,0,Alto
1973325,0.248068,0,Medio
1087627,0.214392,0,Medio
1973338,0.139686,0,Baixo
1973343,0.358142,1,Critico
1973319,0.17355,0,Medio
1973361,0.18769,0,Medio
1973447,0.118165,0,Baixo
1973378,0.120462,0,Baixo
1972451,0.156511,0,Baixo
1973433,0.419223,1,Critico
1973379,0.09245,0,Baixo
1973384,0.263992,0,Alto
1973389,0.174257,0,Medio
1973396,0.435483,1,Critico
1973492,0.306884,0,Alto
1973494,0.371708,1,Critico
1973437,0.356349,1,Alto
1973421,0.372369,1,Critico
1973409,0.298362,0,Alto
1973428,0.124193,0,Baixo
1973376,0.516294,1,Critico
1973464,0.273886,0,Alto
1973375,0.262004,0,Alto
1973426,0.289191,0,Alto
1973544,0.120592,0,Baixo
1973475,0.064234,0,Baixo
1973348,0.250304,0,Medio
1973517,0.109157,0,Baixo
1973429,0.163723,0,Medio
1973406,0.193443,0,Medio
1973488,0.303886,0,Alto
1973577,0.380886,1,Critico
1973598,0.16784,0,Medio
1973455,0.246692,0,Medio
1973481,0.378052,1,Critico
1973498,0.451275,1,Critico
1973454,0.272101,0,Alto
1973599,0.215941,0,Medio
1973547,0.249455,0,Medio
1973503,0.214628,0,Medio
1973535,0.102641,0,Baixo
1973501,0.263244,0,Alto
1973425,0.425972,1,Critico
1973377,0.195593,0,Medio
1973441,0.273786,0,Alto
1973442,0.363111,1,Critico
1973403,0.455598,1,Critico
1973430,0.283421,0,Alto
1973382,0.38758,1,Critico
1973394,0.209758,0,Medio
1973418,0.199443,0,Medio
1973562,0.27901,0,Alto
1973549,0.398589,1,Critico
1973508,0.252589,0,Alto
1973400,0.1275,0,Baixo
1973646,0.181871,0,Medio
1973602,0.302415,0,Alto
1973460,0.188634,0,Medio
1973462,0.387313,1,Critico
1973619,0.198781,0,Medio
1973452,0.315101,0,Alto
1973527,0.42037,1,Critico
1972994,0.189121,0,Medio
1973358,0.063769,0,Baixo
1973629,0.245723,0,Medio
1973401,0.187977,0,Medio
1973392,0.42621,1,Critico
1973385,0.114107,0,Baixo
1973557,0.151228,0,Baixo
1973538,0.282018,0,Alto
1973694,0.185551,0,Medio
1973459,0.201548,0,Medio
1973438,0.209056,0,Medio
1973413,0.273559,0,Alto
1973510,0.212441,0,Medio
1973666,0.182886,0,Medio
1973564,0.309993,0,Alto
1973551,0.485827,1,Critico
1973443,0.143338,0,Baixo
1973640,0.05275,0,Baixo
1973710,0.213258,0,Medio
1973388,0.220702,0,Medio
1973586,0.156942,0,Baixo
1973559,0.302609,0,Alto
1973624,0.253157,0,Alto
1972964,0.275908,0,Alto
1973605,0.161124,0,Medio
1973506,0.378979,1,Critico
1973515,0.232959,0,Medio
1973448,0.416586,1,Critico
1973561,0.230809,0,Medio
1973458,0.145326,0,Baixo
1973434,0.359266,1,Critico
1973468,0.140152,0,Baixo
1973696,0.210187,0,Medio
1973589,0.190474,0,Medio
1973374,0.100666,0,Baixo
1973518,0.11393,0,Baixo
1973513,0.362699,1,Critico
1973499,0.351903,1,Alto
1973511,0.389698,1,Critico
1973744,0.339674,0,Alto
1973661,0.460888,1,Critico
1973663,0.195214,0,Medio
1973588,0.304624,0,Alto
1973758,0.177066,0,Medio
1973672,0.220151,0,Medio
1973439,0.453021,1,Critico
1973773,0.262012,0,Alto
1973560,0.415981,1,Critico
1973540,0.164996,0,Medio
1973346,0.321481,0,Alto
1973039,0.15489,0,Baixo
1973423,0.273532,0,Alto
1973466,0.197297,0,Medio
1973490,0.096343,0,Baixo
1973534,0.209658,0,Medio
1973732,0.410965,1,Critico
1973352,0.099871,0,Baixo
1973766,0.043325,0,Baixo
1973767,0.309606,0,Alto
1973721,0.380586,1,Critico
1973679,0.158502,0,Baixo
1973731,0.329329,0,Alto
1973801,0.353378,1,Alto
1973420,0.23194,0,Medio
1973786,0.288221,0,Alto
1973774,0.301571,0,Alto
1973548,0.260056,0,Alto
1973436,0.342201,0,Alto
1973522,0.076954,0,Baixo
1973595,0.33943,0,Alto
1973616,0.112433,0,Baixo
1243634,0.325521,0,Alto
1973820,0.236758,0,Medio
1973727,0.161988,0,Medio
1973575,0.318912,0,Alto
1973533,0.369812,1,Critico
1973789,0.15009,0,Baixo
1973571,0.560755,1,Critico
1973592,0.383943,1,Critico
1973742,0.283659,0,Alto
1973752,0.225304,0,Medio
1973782,0.238747,0,Medio
1973746,0.214023,0,Medio
1973330,0.223989,0,Medio
1973373,0.334212,0,Alto
1973827,0.42622,1,Critico
1973724,0.168284,0,Medio
1973796,0.354671,1,Alto
1973689,0.231165,0,Medio
1973815,0.396984,1,Critico
1973824,0.107886,0,Baixo
1973614,0.422116,1,Critico
1973542,0.120168,0,Baixo
1973670,0.392337,1,Critico
1973641,0.34804,0,Alto
1973580,0.164259,0,Medio
1973869,0.252744,0,Alto
1973877,0.039592,0,Baixo
1973371,0.224809,0,Medio
1973819,0.3084,0,Alto
1973828,0.23653,0,Medio
1973504,0.290693,0,Alto
1973303,0.19449,0,Medio
1973862,0.167669,0,Medio
1973839,0.140308,0,Baixo
1973736,0.477857,1,Critico
1973410,0.376589,1,Critico
1973622,0.294637,0,Alto
1973697,0.415236,1,Critico
1973300,0.286717,0,Alto
1973903,0.230829,0,Medio
1973656,0.200904,0,Medio
1973404,0.205081,0,Medio
1973783,0.114811,0,Baixo
1973671,0.140306,0,Baixo
1973858,0.058906,0,Baixo
1973738,0.244915,0,Medio
1973759,0.209503,0,Medio
1973473,0.494839,1,Critico
1973863,0.157489,0,Baixo
1973889,0.458858,1,Critico
1973627,0.376841,1,Critico
1973912,0.088149,0,Baixo
1971999,0.398129,1,Critico
1973897,0.047143,0,Baixo
1973807,0.312052,0,Alto
1973482,0.250584,0,Medio
1973958,0.254907,0,Alto
1973620,0.202857,0,Medio
1973507,0.285015,0,Alto
1973794,0.411168,1,Critico
1966752,0.113075,0,Baixo
1971092,0.044792,0,Baixo
1973929,0.100175,0,Baixo
1973856,0.200211,0,Medio
1973669,0.316275,0,Alto
1973836,0.325862,0,Alto
1973945,0.248208,0,Medio
1973908,0.198032,0,Medio
1973502,0.395471,1,Critico
1973884,0.411719,1,Critico
1973324,0.29115,0,Alto
1973232,0.22154,0,Medio
1973770,0.098532,0,Baixo
1973973,0.165405,0,Medio
1973966,0.349264,0,Alto
1973594,0.474325,1,Critico
1974026,0.088161,0,Baixo
1973581,0.214485,0,Medio
1974065,0.313535,0,Alto
1973479,0.429832,1,Critico
1974045,0.107785,0,Baixo
1971575,0.10827,0,Baixo
1971416,0.227309,0,Medio
1972720,0.309708,0,Alto
1973881,0.193387,0,Medio
1974054,0.258076,0,Alto
1973980,0.117457,0,Baixo
1969342,0.152343,0,Baixo
1973304,0.133842,0,Baixo
1973509,0.364922,1,Critico
1973536,0.228656,0,Medio
1973756,0.196171,0,Medio
1974093,0.216861,0,Medio
1973383,0.315582,0,Alto
1973857,0.283738,0,Alto
1974033,0.258402,0,Alto
1973928,0.121579,0,Baixo
1973726,0.158583,0,Baixo
1973066,0.341008,0,Alto
1973907,0.497889,1,Critico
1974003,0.139602,0,Baixo
1973440,0.231127,0,Medio
1974006,0.126915,0,Baixo
1973939,0.278561,0,Alto
1973968,0.211097,0,Medio
1974008,0.166246,0,Medio
1973469,0.251307,0,Medio
1974108,0.10086,0,Baixo
1974043,0.077229,0,Baixo
1973962,0.120288,0,Baixo
1974058,0.29219,0,Alto
1974084,0.223437,0,Medio
1973541,0.323648,0,Alto
1973997,0.108653,0,Baixo
1973999,0.18633,0,Medio
1974123,0.159194,0,Baixo
1973631,0.225412,0,Medio
1974106,0.183592,0,Medio
1974078,0.219814,0,Medio
1972943,0.078477,0,Baixo
1974114,0.146894,0,Baixo
1974063,0.3966,1,Critico
1974131,0.371622,1,Critico
1974032,0.267702,0,Alto
1974094,0.279655,0,Alto
1974137,0.317958,0,Alto
1974136,0.226453,0,Medio
1974140,0.17854,0,Medio
1974199,0.43297,1,Critico
1973808,0.369988,1,Critico
1974013,0.322425,0,Alto
1973946,0.208526,0,Medio
1817394,0.046467,0,Baixo
1973706,0.24934,0,Medio
1971421,0.321115,0,Alto
1974071,0.254319,0,Alto
1974120,0.14514,0,Baixo
1974162,0.095864,0,Baixo
1973530,0.346522,0,Alto
1974046,0.110095,0,Baixo
1973514,0.191903,0,Medio
1974169,0.226184,0,Medio
1973979,0.156055,0,Baixo
1973445,0.32283,0,Alto
1973965,0.162998,0,Medio
1973585,0.38317,1,Critico
1974204,0.26499,0,Alto
1974195,0.089503,0,Baixo
1974181,0.259209,0,Alto
1974170,0.236987,0,Medio
1973160,0.176688,0,Medio
1973930,0.191329,0,Medio
1974133,0.47139,1,Critico
1974112,0.277282,0,Alto
1969807,0.160539,0,Baixo
1974187,0.162111,0,Medio
1974249,0.413447,1,Critico
1974155,0.171319,0,Medio
1973990,0.229492,0,Medio
1973033,0.231988,0,Medio
1974263,0.317422,0,Alto
1973848,0.297558,0,Alto
1974161,0.198783,0,Medio
1974265,0.429334,1,Critico
1973673,0.228089,0,Medio
1974234,0.234263,0,Medio
1974138,0.384858,1,Critico
1973520,0.113165,0,Baixo
703518,0.180909,0,Medio
1974241,0.259418,0,Alto
1974319,0.21962,0,Medio
1947995,0.273572,0,Alto
1974217,0.353542,1,Alto
1974266,0.278386,0,Alto
1974342,0.04946,0,Baixo
1973936,0.116467,0,Baixo
1973408,0.41208,1,Critico
1974208,0.253689,0,Alto
1974226,0.229134,0,Medio
1974311,0.385638,1,Critico
1974298,0.142202,0,Baixo
1974293,0.140028,0,Baixo
1974324,0.07118,0,Baixo
1974286,0.178047,0,Medio
1973699,0.182738,0,Medio
1972953,0.120547,0,Baixo
1974297,0.098137,0,Baixo
1973975,0.244122,0,Medio
1974126,0.128857,0,Baixo
1974284,0.750507,1,Critico
1973825,0.28938,0,Alto
1974326,0.34582,0,Alto
1974111,0.236251,0,Medio
1972012,0.124224,0,Baixo
1971857,0.393062,1,Critico
1672278,0.194468,0,Medio
1974454,0.081743,0,Baixo
1974351,0.476725,1,Critico
1974349,0.5136,1,Critico
1973700,0.36388,1,Critico
1974422,0.101055,0,Baixo
1974424,0.465102,1,Critico
1066495,0.192328,0,Medio
1972486,0.257454,0,Alto
1974475,0.3576,1,Alto
1974315,0.176011,0,Medio
1974440,0.275699,0,Alto
1974438,0.408895,1,Critico
1974442,0.209878,0,Medio
1974444,0.029136,0,Baixo
1974518,0.206904,0,Medio
1974488,0.211511,0,Medio
1974476,0.073145,0,Baixo
1974482,0.25467,0,Alto
1974307,0.327061,0,Alto
1974507,0.370878,1,Critico
1974402,0.261852,0,Alto
1972447,0.343778,0,Alto
1972556,0.389376,1,Critico
1974483,0.232046,0,Medio
1974510,0.080178,0,Baixo
1974412,0.083628,0,Baixo
1974313,0.425259,1,Critico
1974356,0.186168,0,Medio
1973785,0.231923,0,Medio
1974540,0.234108,0,Medio
1974535,0.087182,0,Baixo
1974467,0.060659,0,Baixo
1974555,0.200861,0,Medio
1972932,0.434666,1,Critico
1970827,0.140378,0,Baixo
1974392,0.100559,0,Baixo
1973307,0.291694,0,Alto
1973944,0.30476,0,Alto
1974499,0.203241,0,Medio
1971394,0.142852,0,Baixo
1591052,0.188196,0,Medio
1974599,0.214174,0,Medio
1973866,0.304053,0,Alto
1974372,0.207576,0,Medio
1974486,0.060414,0,Baixo
1974534,0.186134,0,Medio
1974527,0.116637,0,Baixo
1974390,0.286808,0,Alto
1974495,0.11519,0,Baixo
1973695,0.138991,0,Baixo
1973799,0.291831,0,Alto
1972596,0.106236,0,Baixo
1974377,0.213082,0,Medio
1972039,0.260359,0,Alto
1974579,0.080995,0,Baixo
1974616,0.118296,0,Baixo
1974612,0.081304,0,Baixo
1974606,0.204215,0,Medio
1974633,0.223199,0,Medio
1961792,0.414412,1,Critico
1974548,0.08683,0,Baixo
1969261,0.159631,0,Baixo
1973853,0.439144,1,Critico
1973161,0.147739,0,Baixo
1973711,0.285739,0,Alto
1973686,0.163593,0,Medio
1972938,0.136365,0,Baixo
1973451,0.388407,1,Critico
1973465,0.352636,1,Alto
1972920,0.076846,0,Baixo
1973342,0.232306,0,Medio
1081697,0.486931,1,Critico
1973642,0.243425,0,Medio
1974015,0.213249,0,Medio
1974132,0.154449,0,Baixo
1974085,0.228125,0,Medio
1973583,0.160677,0,Medio
1973524,0.203061,0,Medio
1974028,0.081991,0,Baixo
1973603,0.246847,0,Medio
1970594,0.116336,0,Baixo
1973537,0.424978,1,Critico
1973554,0.182619,0,Medio
1973432,0.158421,0,Baixo
1973634,0.177009,0,Medio
1973888,0.276871,0,Alto
1974214,0.326947,0,Alto
1973474,0.422831,1,Critico
1973667,0.173712,0,Medio
1969176,0.288634,0,Alto
1973926,0.060368,0,Baixo
1973573,0.148789,0,Baixo
1973556,0.284558,0,Alto
1972748,0.098797,0,Baixo
1973493,0.438426,1,Critico
1974713,0.198675,0,Medio
1974689,0.089899,0,Baixo
1074161,0.210731,0,Medio
1974250,0.367637,1,Critico
1943961,0.20844,0,Medio
1974190,0.258505,0,Alto
1973053,0.210583,0,Medio
1974730,0.194065,0,Medio
1974709,0.110465,0,Baixo
1974669,0.189985,0,Medio
1974526,0.193462,0,Medio
1974626,0.199449,0,Medio
1974658,0.143644,0,Baixo
1974657,0.143235,0,Baixo
1974710,0.106586,0,Baixo
1974697,0.12543,0,Baixo
1973909,0.115164,0,Baixo
1973187,0.080314,0,Baixo
1974761,0.251794,0,Medio
1974701,0.109446,0,Baixo
1691619,0.365112,1,Critico
1973137,0.235744,0,Medio
1973612,0.289605,0,Alto
1974196,0.230471,0,Medio
1974757,0.082825,0,Baixo
1973110,0.249334,0,Medio
1939127,0.326644,0,Alto
1974648,0.204431,0,Medio
1974815,0.120018,0,Baixo
1974770,0.066838,0,Baixo
1974791,0.123658,0,Baixo
1972900,0.253763,0,Alto
1974824,0.176027,0,Medio
1974793,0.233704,0,Medio
1972618,0.297788,0,Alto
1973972,0.190103,0,Medio
1974565,0.069015,0,Baixo
1974492,0.038659,0,Baixo
1972302,0.403961,1,Critico
1974833,0.170234,0,Medio
1974698,0.222674,0,Medio
1974724,0.179205,0,Medio
1974839,0.170971,0,Medio
1974819,0.470604,1,Critico
1974742,0.175924,0,Medio
1970682,0.111233,0,Baixo
1974787,0.17239,0,Medio
1972403,0.06133,0,Baixo
1973830,0.299189,0,Alto
1974840,0.247687,0,Medio
1974411,0.204848,0,Medio
1974794,0.045032,0,Baixo
1974817,0.069357,0,Baixo
1974809,0.135197,0,Baixo
1972957,0.318699,0,Alto
1974898,0.034269,0,Baixo
1972597,0.331206,0,Alto
1974637,0.276694,0,Alto
1974751,0.169501,0,Medio
1974814,0.171843,0,Medio
1974820,0.267735,0,Alto
1974875,0.175551,0,Medio
1974399,0.227899,0,Medio
1974870,0.114631,0,Baixo
1972512,0.353303,1,Alto
1974927,0.295118,0,Alto
1974866,0.147178,0,Baixo
1972880,0.130341,0,Baixo
1974932,0.330329,0,Alto
1974908,0.239133,0,Medio
1974667,0.242595,0,Medio
1974354,0.11793,0,Baixo
1967310,0.228544,0,Medio
1974617,0.393223,1,Critico
1973130,0.175273,0,Medio
1974949,0.10278,0,Baixo
1974948,0.139259,0,Baixo
1974542,0.113617,0,Baixo
1974795,0.274707,0,Alto
1974922,0.21796,0,Medio
1974968,0.212037,0,Medio
1974940,0.150719,0,Baixo
1974990,0.146815,0,Baixo
1973118,0.079663,0,Baixo
1974950,0.158435,0,Baixo
1974991,0.092451,0,Baixo
1974941,0.26833,0,Alto
1974962,0.167417,0,Medio
1974986,0.137146,0,Baixo
1973065,0.114909,0,Baixo
1971205,0.205477,0,Medio
1975017,0.245526,0,Medio
1973832,0.085978,0,Baixo
1972963,0.411373,1,Critico
1975048,0.062921,0,Baixo
1975024,0.240999,0,Medio
1975052,0.51181,1,Critico
1972567,0.196849,0,Medio
1975016,0.268538,0,Alto
1972023,0.163227,0,Medio
1974255,0.161245,0,Medio
1975073,0.365223,1,Critico
1975059,0.218973,0,Medio
1714214,0.103157,0,Baixo
1975047,0.097396,0,Baixo
1974982,0.161108,0,Medio
1973654,0.024033,0,Baixo
1973565,0.392556,1,Critico
1974021,0.114987,0,Baixo
1973772,0.317876,0,Alto
1975038,0.220119,0,Medio
1974176,0.293545,0,Alto
1974274,0.14201,0,Baixo
1974999,0.090311,0,Baixo
1974530,0.055284,0,Baixo
1974572,0.092159,0,Baixo
1974668,0.148723,0,Baixo
1975049,0.188455,0,Medio
1973444,0.204863,0,Medio
1973449,0.247368,0,Medio
1972913,0.238557,0,Medio
1975079,0.339764,0,Alto
1974333,0.108782,0,Baixo
1974977,0.501535,1,Critico
1972659,0.452292,1,Critico
1973568,0.441173,1,Critico
1972419,0.198595,0,Medio
1971968,0.164208,0,Medio
1974107,0.117645,0,Baixo
1975100,0.209313,0,Medio
1974580,0.148916,0,Baixo
1974396,0.159408,0,Baixo
1973718,0.128756,0,Baixo
1975097,0.215205,0,Medio
1975004,0.179877,0,Medio
1974954,0.110593,0,Baixo
1974546,0.127946,0,Baixo
1968601,0.262771,0,Alto
1975090,0.094971,0,Baixo
1973743,0.27385,0,Alto
1975128,0.26395,0,Alto
1975101,0.222072,0,Medio
1975040,0.166484,0,Medio
1974357,0.194075,0,Medio
1975111,0.19585,0,Medio
1975126,0.063856,0,Baixo
1973757,0.373847,1,Critico
1975071,0.168456,0,Medio
1975159,0.272303,0,Alto
1975146,0.041035,0,Baixo
1974413,0.282622,0,Alto
1975127,0.18803,0,Medio
1975051,0.027302,0,Baixo
1972951,0.116574,0,Baixo
1975026,0.429921,1,Critico
1973812,0.197655,0,Medio
1975177,0.171253,0,Medio
1975125,0.478101,1,Critico
1973322,0.13018,0,Baixo
1974914,0.246945,0,Medio
1968920,0.184002,0,Medio
1975142,0.150484,0,Baixo
712933,0.45405,1,Critico
1975022,0.258581,0,Alto
1975204,0.145876,0,Baixo
1974853,0.292886,0,Alto
1975195,0.084691,0,Baixo
1975213,0.11261,0,Baixo
1975039,0.282718,0,Alto
1975095,0.241408,0,Medio
1968469,0.441151,1,Critico
1972769,0.266556,0,Alto
1974521,0.123891,0,Baixo
1975139,0.059206,0,Baixo
1969222,0.160541,0,Baixo
1974850,0.053591,0,Baixo
1975234,0.234448,0,Medio
1975225,0.256119,0,Alto
1975200,0.259172,0,Alto
1974957,0.190326,0,Medio
1974759,0.128256,0,Baixo
1975260,0.1965,0,Medio
1975233,0.044822,0,Baixo
1975250,0.497694,1,Critico
1975257,0.274289,0,Alto
1971148,0.44729,1,Critico
1975196,0.253718,0,Alto
1975270,0.119855,0,Baixo
1974812,0.111468,0,Baixo
1974994,0.079871,0,Baixo
1972978,0.09981,0,Baixo
1975191,0.45961,1,Critico
1975296,0.144187,0,Baixo
1974892,0.020081,0,Baixo
1975229,0.248806,0,Medio
1975197,0.091791,0,Baixo
1949984,0.308314,0,Alto
1975307,0.098809,0,Baixo
1973949,0.223921,0,Medio
1975240,0.166781,0,Medio
1975335,0.340146,0,Alto
1975263,0.138493,0,Baixo
1973058,0.093232,0,Baixo
1973991,0.278089,0,Alto
1975336,0.303919,0,Alto
1975123,0.137738,0,Baixo
1974897,0.251441,0,Medio
1975302,0.21119,0,Medio
1975326,0.425102,1,Critico
1975355,0.267832,0,Alto
1975342,0.042974,0,Baixo
1975165,0.166218,0,Medio
1975192,0.16751,0,Medio
1974037,0.15788,0,Baixo
1975344,0.107124,0,Baixo
1974672,0.375008,1,Critico
1975309,0.313612,0,Alto
1975293,0.099689,0,Baixo
1975321,0.122599,0,Baixo
1975340,0.122567,0,Baixo
1975278,0.286924,0,Alto
1975376,0.129651,0,Baixo
1975353,0.10273,0,Baixo
1975264,0.122252,0,Baixo
1975347,0.383005,1,Critico
1975329,0.346644,0,Alto
1975393,0.066089,0,Baixo
1973397,0.405576,1,Critico
1974702,0.260117,0,Alto
1975310,0.104656,0,Baixo
1975404,0.114538,0,Baixo
1975433,0.41342,1,Critico
1975423,0.291603,0,Alto
1968081,0.246886,0,Medio
1974135,0.130841,0,Baixo
1975451,0.072282,0,Baixo
692831,0.111262,0,Baixo
1975467,0.199314,0,Medio
1975432,0.061413,0,Baixo
1975441,0.232222,0,Medio
1973947,0.440819,1,Critico
1975244,0.215622,0,Medio
1975378,0.189118,0,Medio
1975478,0.209152,0,Medio
1975439,0.114483,0,Baixo
1974466,0.260578,0,Alto
1975176,0.179778,0,Medio
1973035,0.08663,0,Baixo
1964353,0.268864,0,Alto
1975140,0.058706,0,Baixo
1975456,0.316423,0,Alto
1974571,0.18492,0,Medio
1975065,0.428496,1,Critico
1512579,0.102511,0,Baixo
1974904,0.242629,0,Medio
1973491,0.383953,1,Critico
1975395,0.124422,0,Baixo
1971900,0.289816,0,Alto
1973677,0.228318,0,Medio
1974237,0.132013,0,Baixo
1974930,0.225482,0,Medio
1973235,0.164583,0,Medio
1974788,0.131871,0,Baixo
1966920,0.343615,0,Alto
1975068,0.09402,0,Baixo
1972848,0.146728,0,Baixo
1974952,0.07237,0,Baixo
1975008,0.189158,0,Medio
1975466,0.098495,0,Baixo
1975075,0.325429,0,Alto
1974522,0.276623,0,Alto
1975454,0.265901,0,Alto
1975493,0.100817,0,Baixo
1975470,0.340936,0,Alto
1975507,0.152757,0,Baixo
1969678,0.142613,0,Baixo
1972837,0.21285,0,Medio
1724394,0.256945,0,Alto
1972649,0.047251,0,Baixo
1975532,0.100731,0,Baixo
1971784,0.113745,0,Baixo
1973414,0.287621,0,Alto
1975558,0.102874,0,Baixo
1975510,0.201921,0,Medio
1975516,0.345546,0,Alto
1975577,0.108028,0,Baixo
1972622,0.100202,0,Baixo
1974296,0.172286,0,Medio
1975391,0.440312,1,Critico
1967134,0.22395,0,Medio
1975352,0.22911,0,Medio
1975230,0.129655,0,Baixo
1975483,0.39658,1,Critico
1975587,0.15834,0,Baixo
1975597,0.076249,0,Baixo
1975581,0.136224,0,Baixo
1974651,0.266589,0,Alto
1975503,0.219964,0,Medio
1974652,0.166573,0,Medio
1975594,0.073654,0,Baixo
1975628,0.189286,0,Medio
1975181,0.098627,0,Baixo
1967837,0.108682,0,Baixo
1975427,0.156433,0,Baixo
1974577,0.414633,1,Critico
1975010,0.208386,0,Medio
1975589,0.178057,0,Medio
1973347,0.098924,0,Baixo
1965550,0.199404,0,Medio
1975596,0.399067,1,Critico
1975544,0.409503,1,Critico
1975368,0.217296,0,Medio
1975652,0.367546,1,Critico
1975615,0.204949,0,Medio
1975572,0.051748,0,Baixo
734754,0.1627,0,Medio
1975046,0.161429,0,Medio
1975653,0.118591,0,Baixo
1975388,0.122452,0,Baixo
1975610,0.19345,0,Medio
1974741,0.323207,0,Alto
1974714,0.22131,0,Medio
1970597,0.444311,1,Critico
1975690,0.090782,0,Baixo
1975686,0.14709,0,Baixo
1975697,0.273978,0,Alto
1975700,0.081506,0,Baixo
1973196,0.202189,0,Medio
1975730,0.139614,0,Baixo
633779,0.181167,0,Medio
1973873,0.097448,0,Baixo
1973678,0.074302,0,Baixo
1975712,0.338344,0,Alto
1975717,0.453679,1,Critico
1972434,0.272626,0,Alto
1975673,0.271854,0,Alto
1975644,0.267112,0,Alto
1975705,0.28661,0,Alto
1975747,0.221203,0,Medio
1974703,0.022398,0,Baixo
1975748,0.099986,0,Baixo
1975541,0.144736,0,Baixo
1975788,0.208026,0,Medio
1973282,0.313646,0,Alto
1975413,0.22562,0,Medio
1974110,0.345896,0,Alto
1974923,0.155824,0,Baixo
1972632,0.226476,0,Medio
1975752,0.263652,0,Alto
1973259,0.176884,0,Medio
1975765,0.283497,0,Alto
1975801,0.131656,0,Baixo
1975567,0.39264,1,Critico
1974393,0.246812,0,Medio
1975422,0.040483,0,Baixo
1975806,0.202966,0,Medio
1975849,0.122642,0,Baixo
1975844,0.193406,0,Medio
1975795,0.057706,0,Baixo
1975536,0.088268,0,Baixo
1975824,0.149595,0,Baixo
1975665,0.070811,0,Baixo
1975492,0.142215,0,Baixo
1975740,0.147008,0,Baixo
1968027,0.180943,0,Medio
1975851,0.078809,0,Baixo
1975411,0.27626,0,Alto
1975491,0.391605,1,Critico
1975410,0.147981,0,Baixo
1974069,0.233413,0,Medio
1975798,0.11652,0,Baixo
1975855,0.425794,1,Critico
1975827,0.196361,0,Medio
1975400,0.071446,0,Baixo
1972752,0.095206,0,Baixo
1975149,0.350386,0,Alto
1975791,0.092756,0,Baixo
1975180,0.095605,0,Baixo
1975183,0.053974,0,Baixo
1972791,0.085476,0,Baixo
1975069,0.174622,0,Medio
1975366,0.272533,0,Alto
1975561,0.165798,0,Medio
1972842,0.082327,0,Baixo
1975825,0.331926,0,Alto
1973486,0.235284,0,Medio
1973056,0.18464,0,Medio
1975406,0.044157,0,Baixo
1973657,0.15218,0,Baixo
1975853,0.128432,0,Baixo
1975612,0.072598,0,Baixo
1968679,0.165017,0,Medio
1973823,0.075173,0,Baixo
1671070,0.357257,1,Alto
1971395,0.073463,0,Baixo
1974802,0.198354,0,Medio
1975707,0.087133,0,Baixo
1973986,0.095783,0,Baixo
1975756,0.231562,0,Medio
1975878,0.197417,0,Medio
1975731,0.198688,0,Medio
1765687,0.312174,0,Alto
1975861,0.127932,0,Baixo
1975830,0.255424,0,Alto
1975944,0.168835,0,Medio
1975876,0.247504,0,Medio
1975874,0.252977,0,Alto
1975901,0.240763,0,Medio
1975892,0.353979,1,Alto
1973068,0.35398,1,Alto
1975884,0.160599,0,Baixo
1975937,0.167499,0,Medio
1975948,0.11737,0,Baixo
1972702,0.144783,0,Baixo
1893999,0.454482,1,Critico
1975833,0.231297,0,Medio
1975928,0.137043,0,Baixo
1975969,0.219491,0,Medio
1973775,0.27144,0,Alto
1975988,0.18518,0,Medio
1975995,0.244536,0,Medio
1975880,0.267819,0,Alto
1975346,0.385486,1,Critico
1817676,0.235206,0,Medio
1975923,0.100604,0,Baixo
1975975,0.283317,0,Alto
1975979,0.318424,0,Alto
1975785,0.070795,0,Baixo
1974935,0.273198,0,Alto
1975537,0.163657,0,Medio
1975805,0.275254,0,Alto
1975951,0.341877,0,Alto
1975864,0.343048,0,Alto
1975053,0.108421,0,Baixo
1972604,0.232913,0,Medio
1975737,0.333037,0,Alto
1973337,0.286869,0,Alto
1976000,0.324913,0,Alto
1975382,0.062461,0,Baixo
1972603,0.306703,0,Alto
1972931,0.10903,0,Baixo
1972657,0.077159,0,Baixo
1976034,0.199251,0,Medio
1976021,0.280084,0,Alto
1973064,0.196172,0,Medio
1975684,0.552052,1,Critico
1975913,0.117419,0,Baixo
1976033,0.089798,0,Baixo
1975773,0.24064,0,Medio
1975226,0.332974,0,Alto
1976045,0.190308,0,Medio
1975241,0.126996,0,Baixo
1975953,0.293173,0,Alto
1975424,0.203615,0,Medio
1971966,0.204402,0,Medio
1975860,0.126229,0,Baixo
1976072,0.33587,0,Alto
1964954,0.341568,0,Alto
1976046,0.299832,0,Alto
1976073,0.096713,0,Baixo
1975593,0.226534,0,Medio
1976106,0.183996,0,Medio
1975682,0.131786,0,Baixo
1972940,0.337093,0,Alto
1976053,0.15556,0,Baixo
1976139,0.442314,1,Critico
1976126,0.331438,0,Alto
1976079,0.422473,1,Critico
1976135,0.43093,1,Critico
1976113,0.21664,0,Medio
1975122,0.240116,0,Medio
1976151,0.578385,1,Critico
1975964,0.367234,1,Critico
1971447,0.252936,0,Alto
1976003,0.076572,0,Baixo
1976152,0.137849,0,Baixo
1972357,0.268544,0,Alto
1976023,0.193809,0,Medio
1975497,0.493565,1,Critico
1556101,0.116716,0,Baixo
1975631,0.061615,0,Baixo
1970555,0.473523,1,Critico
1973424,0.2057,0,Medio
1975674,0.39668,1,Critico
1972896,0.185854,0,Medio
1971050,0.139899,0,Baixo
1972644,0.163939,0,Medio
1975642,0.087745,0,Baixo
1974142,0.423939,1,Critico
1975796,0.169679,0,Medio
1971811,0.188952,0,Medio
1975527,0.062914,0,Baixo
1972832,0.160349,0,Baixo
1972574,0.183175,0,Medio
1975020,0.073312,0,Baixo
1975611,0.049085,0,Baixo
1975675,0.276382,0,Alto
1974987,0.042003,0,Baixo
1972888,0.195209,0,Medio
1976162,0.42554,1,Critico
1976036,0.242059,0,Medio
1973771,0.266531,0,Alto
1976186,0.208701,0,Medio
1975284,0.375337,1,Critico
1976189,0.205046,0,Medio
1976207,0.221212,0,Medio
1976165,0.205691,0,Medio
1976084,0.38345,1,Critico
1973100,0.34296,0,Alto
1975212,0.230083,0,Medio
1976203,0.166511,0,Medio
1976083,0.069833,0,Baixo
1974153,0.196276,0,Medio
1976212,0.057642,0,Baixo
1976213,0.446759,1,Critico
1976217,0.148492,0,Baixo
1972697,0.227716,0,Medio
1976132,0.136316,0,Baixo
1972550,0.123762,0,Baixo
1976209,0.333451,0,Alto
1976170,0.076757,0,Baixo
1976202,0.125588,0,Baixo
1974975,0.077469,0,Baixo
1976075,0.130512,0,Baixo
1976239,0.285494,0,Alto
1976118,0.239577,0,Medio
1976219,0.190888,0,Medio
1953815,0.188934,0,Medio
1975889,0.095342,0,Baixo
1976201,0.143233,0,Baixo
1976226,0.025831,0,Baixo
1736716,0.507312,1,Critico
1976221,0.306073,0,Alto
1976242,0.311462,0,Alto
1883323,0.181088,0,Medio
1976220,0.144464,0,Baixo
1975186,0.204239,0,Medio
1976230,0.243053,0,Medio
1971988,0.333087,0,Alto
1975297,0.233284,0,Medio
1976266,0.215784,0,Medio
1972036,0.163163,0,Medio
1976062,0.373729,1,Critico
1975460,0.064709,0,Baixo
1976016,0.283019,0,Alto
1976268,0.374294,1,Critico
1976313,0.097765,0,Baixo
1976057,0.107932,0,Baixo
1972327,0.335716,0,Alto
1976175,0.172169,0,Medio
1975672,0.167977,0,Medio
1973112,0.375932,1,Critico
1975001,0.163185,0,Medio
1976315,0.103879,0,Baixo
1964657,0.064741,0,Baixo
1976307,0.491341,1,Critico
1976318,0.179851,0,Medio
1976316,0.092693,0,Baixo
1974192,0.099592,0,Baixo
1969748,0.067481,0,Baixo
1976090,0.184701,0,Medio
1976314,0.205638,0,Medio
1976190,0.114375,0,Baixo
1970384,0.053116,0,Baixo
1973398,0.266127,0,Alto
1976205,0.237413,0,Medio
1976215,0.112916,0,Baixo
1975625,0.121861,0,Baixo
1976354,0.128461,0,Baixo
1975965,0.064752,0,Baixo
1976341,0.1952,0,Medio
1973262,0.094688,0,Baixo
1976355,0.386997,1,Critico
1974197,0.414272,1,Critico
1969896,0.206372,0,Medio
1976329,0.229632,0,Medio
1976369,0.10619,0,Baixo
1976327,0.083848,0,Baixo
1976112,0.221465,0,Medio
1925134,0.236043,0,Medio
1976278,0.070322,0,Baixo
1974309,0.395536,1,Critico
1976393,0.157099,0,Baixo
1976409,0.138875,0,Baixo
1972369,0.270353,0,Alto
1976284,0.024301,0,Baixo
1976373,0.121568,0,Baixo
1975657,0.15711,0,Baixo
1957333,0.368785,1,Critico
1973308,0.117376,0,Baixo
1976420,0.096039,0,Baixo
1976429,0.215516,0,Medio
1976262,0.12221,0,Baixo
1976372,0.280428,0,Alto
1976360,0.361934,1,Critico
1976124,0.247296,0,Medio
1976424,0.13177,0,Baixo
1976437,0.350143,0,Alto
1976433,0.131471,0,Baixo
1974441,0.31098,0,Alto
1976376,0.218936,0,Medio
1975656,0.142794,0,Baixo
1971501,0.404638,1,Critico
1974159,0.32411,0,Alto
1976392,0.170144,0,Medio
1973293,0.281826,0,Alto
1975416,0.256479,0,Alto
1976447,0.19777,0,Medio
1976459,0.077756,0,Baixo
1976345,0.14265,0,Baixo
1970010,0.195228,0,Medio
1976460,0.09192,0,Baixo
1976419,0.219332,0,Medio
1973638,0.307815,0,Alto
1614772,0.222702,0,Medio
1976454,0.312379,0,Alto
1970662,0.236347,0,Medio
1976416,0.143761,0,Baixo
1976356,0.223879,0,Medio
1972465,0.242757,0,Medio
1976474,0.07199,0,Baixo
1976344,0.33914,0,Alto
1975614,0.134964,0,Baixo
1976074,0.207019,0,Medio
1976367,0.402982,1,Critico
1976492,0.199137,0,Medio
1973495,0.360788,1,Critico
1974408,0.175729,0,Medio
1975074,0.13037,0,Baixo
1976054,0.189916,0,Medio
1970997,0.127644,0,Baixo
1972751,0.183044,0,Medio
1972883,0.35091,1,Alto
1972724,0.258155,0,Alto
1975929,0.242915,0,Medio
1976462,0.112208,0,Baixo
1953394,0.154302,0,Baixo
1976494,0.056162,0,Baixo
1976478,0.264642,0,Alto
1976508,0.080719,0,Baixo
1976484,0.187594,0,Medio
1974971,0.06768,0,Baixo
1969673,0.13906,0,Baixo
1975920,0.10443,0,Baixo
1972647,0.163339,0,Medio
1976526,0.23046,0,Medio
1976511,0.190938,0,Medio
1976286,0.269891,0,Alto
1976471,0.278169,0,Alto
1976490,0.24661,0,Medio
1976535,0.167624,0,Medio
1947694,0.122605,0,Baixo
1976501,0.23321,0,Medio
1974976,0.141517,0,Baixo
1970052,0.161381,0,Medio
1976544,0.097284,0,Baixo
1976541,0.167143,0,Medio
1962121,0.079813,0,Baixo
1976136,0.26928,0,Alto
1972493,0.35851,1,Critico
1976401,0.129018,0,Baixo
1976103,0.281668,0,Alto
1975816,0.163344,0,Medio
1976512,0.242999,0,Medio
1976476,0.156346,0,Baixo
1973018,0.292985,0,Alto
1976455,0.139717,0,Baixo
1975994,0.227167,0,Medio
1306050,0.131117,0,Baixo
1975461,0.34026,0,Alto
1976572,0.320803,0,Alto
1976293,0.223943,0,Medio
1976517,0.056714,0,Baixo
1976553,0.194625,0,Medio
1976550,0.282552,0,Alto
1976522,0.232248,0,Medio
1971761,0.073467,0,Baixo
1976432,0.140205,0,Baixo
1976590,0.177857,0,Medio
1976561,0.137877,0,Baixo
1976600,0.133054,0,Baixo
1976577,0.073364,0,Baixo
1975539,0.069298,0,Baixo
1973921,0.132239,0,Baixo
1971456,0.348368,0,Alto
1972546,0.423248,1,Critico
1976498,0.174494,0,Medio
1976415,0.206303,0,Medio
1976597,0.27594,0,Alto
1967810,0.314692,0,Alto
1976547,0.143507,0,Baixo
1976631,0.307737,0,Alto
1976588,0.1017,0,Baixo
1976579,0.325287,0,Alto
1939152,0.170798,0,Medio
1976573,0.370524,1,Critico
1976632,0.162295,0,Medio
1976164,0.14624,0,Baixo
1976598,0.129951,0,Baixo
1976633,0.352539,1,Alto
1976188,0.163222,0,Medio
1976375,0.225961,0,Medio
1976613,0.13388,0,Baixo
1976660,0.132753,0,Baixo
1966194,0.308262,0,Alto
1976574,0.076372,0,Baixo
1976332,0.186869,0,Medio
1972977,0.157329,0,Baixo
1976012,0.242284,0,Medio
1976642,0.175191,0,Medio
1976651,0.092636,0,Baixo
1976662,0.217942,0,Medio
1974766,0.132251,0,Baixo
1976618,0.214654,0,Medio
1976668,0.233865,0,Medio
1975959,0.147261,0,Baixo
1976319,0.114623,0,Baixo
1976568,0.261115,0,Alto
1976659,0.119896,0,Baixo
1976583,0.211718,0,Medio
1976687,0.23043,0,Medio
1976548,0.093491,0,Baixo
1975459,0.110582,0,Baixo
1976671,0.324104,0,Alto
1965504,0.230373,0,Medio
1976265,0.323756,0,Alto
1976701,0.186074,0,Medio
1976560,0.369783,1,Critico
1973140,0.126563,0,Baixo
1975443,0.175834,0,Medio
1976663,0.162982,0,Medio
1976639,0.207289,0,Medio
1976698,0.08312,0,Baixo
1976675,0.158552,0,Baixo
1976569,0.30762,0,Alto
1976539,0.295785,0,Alto
1976712,0.093194,0,Baixo
1976719,0.067037,0,Baixo
1976725,0.107193,0,Baixo
1971818,0.09432,0,Baixo
1976609,0.179595,0,Medio
1976483,0.313966,0,Alto
1976706,0.169045,0,Medio
1722043,0.093992,0,Baixo
1976676,0.435978,1,Critico
1976738,0.168175,0,Medio
1976713,0.031844,0,Baixo
1975255,0.209863,0,Medio
1976669,0.309377,0,Alto
1976513,0.108948,0,Baixo
1967962,0.147239,0,Baixo
1972188,0.453894,1,Critico
1976742,0.108837,0,Baixo
1976721,0.091714,0,Baixo
1976519,0.247705,0,Medio
1976716,0.24949,0,Medio
1976754,0.168952,0,Medio
1975318,0.090355,0,Baixo
1974712,0.111128,0,Baixo
1966245,0.349102,0,Alto
1720205,0.115415,0,Baixo
1976751,0.210151,0,Medio
558363,0.232724,0,Medio
1976711,0.143538,0,Baixo
1976643,0.212573,0,Medio
1976718,0.320388,0,Alto
1976771,0.279685,0,Alto
1974746,0.202037,0,Medio
1975469,0.179898,0,Medio
1976758,0.088048,0,Baixo
1974175,0.266144,0,Alto
1976783,0.242885,0,Medio
1976726,0.174005,0,Medio
1976693,0.137799,0,Baixo
1976724,0.092179,0,Baixo
1920768,0.271525,0,Alto
1976776,0.115728,0,Baixo
1976799,0.492407,1,Critico
1976731,0.071909,0,Baixo
1976781,0.194557,0,Medio
1976734,0.043085,0,Baixo
1971860,0.364994,1,Critico
1976801,0.19247,0,Medio
1976792,0.255439,0,Alto
1976181,0.160293,0,Baixo
1976774,0.213914,0,Medio
1976812,0.05197,0,Baixo
1975116,0.171151,0,Medio
1976685,0.17869,0,Medio
1976832,0.342195,0,Alto
1971407,0.079731,0,Baixo
1976820,0.447776,1,Critico
1976204,0.250488,0,Medio
1971858,0.179663,0,Medio
1976784,0.193015,0,Medio
1976619,0.099634,0,Baixo
1975238,0.17394,0,Medio
1976686,0.124682,0,Baixo
1976825,0.155986,0,Baixo
1976847,0.188293,0,Medio
1970274,0.162439,0,Medio
1976705,0.3605,1,Critico
1976828,0.336516,0,Alto
1968169,0.40409,1,Critico
1976876,0.13852,0,Baixo
1976881,0.10673,0,Baixo
1976806,0.172311,0,Medio
1976794,0.205137,0,Medio
1976857,0.430328,1,Critico
1974718,0.164067,0,Medio
1975668,0.322101,0,Alto
1973025,0.216739,0,Medio
1976870,0.187353,0,Medio
1972946,0.195564,0,Medio
1976491,0.204307,0,Medio
1975258,0.167159,0,Medio
1973868,0.291837,0,Alto
1976835,0.079243,0,Baixo
1976932,0.268157,0,Alto
1976887,0.217886,0,Medio
1976911,0.104487,0,Baixo
1976967,0.23835,0,Medio
1976933,0.177318,0,Medio
1976936,0.188237,0,Medio
1976924,0.565651,1,Critico
1971933,0.282727,0,Alto
1976874,0.125073,0,Baixo
1976954,0.204488,0,Medio
1974728,0.279073,0,Alto
1975220,0.089919,0,Baixo
1976816,0.180659,0,Medio
1972042,0.373825,1,Critico
1976989,0.111374,0,Baixo
1976974,0.107448,0,Baixo
1976937,0.062132,0,Baixo
1975719,0.368076,1,Critico
1974764,0.241041,0,Medio
1965069,0.303156,0,Alto
1976996,0.047161,0,Baixo
1898402,0.122527,0,Baixo
1976005,0.133841,0,Baixo
1976947,0.29445,0,Alto
1972626,0.275524,0,Alto
1969462,0.327377,0,Alto
1973351,0.127084,0,Baixo
1976944,0.3103,0,Alto
1974874,0.331151,0,Alto
1973061,0.355651,1,Alto
1975221,0.275306,0,Alto
1976439,0.103743,0,Baixo
1975640,0.271409,0,Alto
1976235,0.125535,0,Baixo
1976080,0.246141,0,Medio
1972960,0.179478,0,Medio
1975012,0.330556,0,Alto
1964618,0.137676,0,Baixo
1806273,0.198768,0,Medio
1976271,0.195395,0,Medio
1976987,0.097342,0,Baixo
1976592,0.115261,0,Baixo
1974166,0.164002,0,Medio
1976630,0.165865,0,Medio
1975362,0.176069,0,Medio
1976923,0.230278,0,Medio
1971483,0.249187,0,Medio
1971488,0.199132,0,Medio
1975643,0.319456,0,Alto
1974758,0.26149,0,Alto
1976428,0.222321,0,Medio
1976554,0.125759,0,Baixo
1975916,0.069561,0,Baixo
1240845,0.146614,0,Baixo
1976915,0.095071,0,Baixo
1975088,0.127458,0,Baixo
1967057,0.279181,0,Alto
1972236,0.109044,0,Baixo
1975766,0.281425,0,Alto
1976140,0.034341,0,Baixo
1951961,0.388037,1,Critico
1946705,0.174674,0,Medio
1976957,0.228365,0,Medio
1976968,0.196213,0,Medio
1974818,0.251674,0,Medio
1976981,0.295321,0,Alto
1976921,0.291365,0,Alto
1976791,0.278629,0,Alto
1972143,0.528838,1,Critico
1976963,0.140184,0,Baixo
1972648,0.176714,0,Medio
1976955,0.221291,0,Medio
1977000,0.186735,0,Medio
1975526,0.27935,0,Alto
1977008,0.256266,0,Alto
1977031,0.170704,0,Medio
1976976,0.171005,0,Medio
1977046,0.306421,0,Alto
1977039,0.194712,0,Medio
1975792,0.297491,0,Alto
1976795,0.145531,0,Baixo
1976894,0.263056,0,Alto
855095,0.208822,0,Medio
1956403,0.14136,0,Baixo
1976040,0.220257,0,Medio
1977051,0.098348,0,Baixo
1977040,0.15958,0,Baixo
694131,0.165698,0,Medio
1973953,0.314811,0,Alto
1977052,0.122254,0,Baixo
1977081,0.218976,0,Medio
1974227,0.304488,0,Alto
1976381,0.421542,1,Critico
1970814,0.095608,0,Baixo
1976966,0.239497,0,Medio
854043,0.083394,0,Baixo
1977076,0.334471,0,Alto
1933541,0.090775,0,Baixo
1977098,0.200249,0,Medio
1977061,0.430501,1,Critico
1976945,0.209786,0,Medio
1966225,0.214494,0,Medio
1976975,0.076525,0,Baixo
1965969,0.043703,0,Baixo
1976267,0.245157,0,Medio
1965725,0.16295,0,Medio
1977097,0.129171,0,Baixo
1974798,0.245233,0,Medio
1965675,0.376167,1,Critico
1976736,0.161525,0,Medio
1977043,0.210457,0,Medio
1977111,0.086696,0,Baixo
1974614,0.113052,0,Baixo
1977092,0.23756,0,Medio
1976901,0.43287,1,Critico
1977134,0.126522,0,Baixo
1977118,0.147029,0,Baixo
1977128,0.167912,0,Medio
1975617,0.082704,0,Baixo
1975763,0.328276,0,Alto
1977131,0.100808,0,Baixo
1976807,0.348484,0,Alto
1977033,0.383745,1,Critico
1976599,0.212754,0,Medio
1977148,0.136525,0,Baixo
1974860,0.237967,0,Medio
1977056,0.134334,0,Baixo
1977129,0.308649,0,Alto
1976469,0.260471,0,Alto
1974781,0.11835,0,Baixo
1977160,0.14113,0,Baixo
1969555,0.136908,0,Baixo
1977180,0.236384,0,Medio
1977149,0.076302,0,Baixo
1976463,0.541062,1,Critico
1977200,0.203305,0,Medio
1977170,0.182132,0,Medio
1581751,0.495017,1,Critico
1977139,0.179054,0,Medio
1977195,0.240467,0,Medio
1977197,0.33164,0,Alto
1977116,0.244479,0,Medio
1974185,0.269681,0,Alto
1977219,0.2074,0,Medio
1977171,0.089512,0,Baixo
1971717,0.174487,0,Medio
1976440,0.106581,0,Baixo
1977184,0.150281,0,Baixo
1975290,0.24403,0,Medio
1976100,0.343288,0,Alto
1976506,0.249465,0,Medio
1976994,0.443905,1,Critico
1976908,0.07245,0,Baixo
1976320,0.146719,0,Baixo
1973662,0.193063,0,Medio
1976025,0.197202,0,Medio
1974737,0.149406,0,Baixo
1975735,0.207847,0,Medio
1974825,0.247233,0,Medio
1977049,0.226656,0,Medio
1974102,0.353033,1,Alto
1974453,0.212439,0,Medio
1976740,0.164671,0,Medio
1976798,0.081537,0,Baixo
1974559,0.312564,0,Alto
1973497,0.331483,0,Alto
1977225,0.240059,0,Medio
1977238,0.48242,1,Critico
1972670,0.181923,0,Medio
1976958,0.052956,0,Baixo
1976458,0.238761,0,Medio
1977230,0.252435,0,Alto
1763445,0.148789,0,Baixo
1976603,0.318655,0,Alto
1972534,0.161414,0,Medio
1977181,0.220615,0,Medio
1977254,0.109055,0,Baixo
1977014,0.300583,0,Alto
1977229,0.29437,0,Alto
1977057,0.115018,0,Baixo
1977248,0.144015,0,Baixo
1977165,0.080668,0,Baixo
1972835,0.290581,0,Alto
1977257,0.590919,1,Critico
1977273,0.125938,0,Baixo
1944604,0.095905,0,Baixo
1951621,0.225031,0,Medio
1966167,0.387335,1,Critico
1977287,0.168185,0,Medio
1977264,0.22082,0,Medio
1776344,0.227998,0,Medio
1971434,0.406472,1,Critico
1976666,0.276536,0,Alto
1976128,0.190644,0,Medio
1970944,0.341434,0,Alto
1977268,0.210229,0,Medio
1977189,0.188968,0,Medio
1974586,0.139288,0,Baixo
1977187,0.075182,0,Baixo
1977218,0.330429,0,Alto
1977290,0.074722,0,Baixo
1974716,0.094521,0,Baixo
1938101,0.340184,0,Alto
1972621,0.391455,1,Critico
1956314,0.365585,1,Critico
1973225,0.218175,0,Medio
1977054,0.328603,0,Alto
1974220,0.380644,1,Critico
1975394,0.152762,0,Baixo
1977308,0.196799,0,Medio
1973261,0.137428,0,Baixo
1971710,0.106927,0,Baixo
1976166,0.246324,0,Medio
1977298,0.10229,0,Baixo
1975037,0.223925,0,Medio
1977239,0.212957,0,Medio
1977322,0.185085,0,Medio
1977321,0.176444,0,Medio
1977327,0.098064,0,Baixo
1973739,0.173839,0,Medio
1976496,0.288083,0,Alto
1977301,0.219999,0,Medio
1977244,0.080033,0,Baixo
1977267,0.118086,0,Baixo
1977053,0.093247,0,Baixo
1976101,0.374151,1,Critico
1977335,0.176621,0,Medio
1972921,0.236321,0,Medio
1977270,0.1408,0,Baixo
1973779,0.267463,0,Alto
1974177,0.314127,0,Alto
1977360,0.246226,0,Medio
1975743,0.272667,0,Alto
1976762,0.036048,0,Baixo
1977106,0.09798,0,Baixo
1976530,0.242901,0,Medio
1964758,0.146277,0,Baixo
1976379,0.161817,0,Medio
1972578,0.146738,0,Baixo
1977231,0.34421,0,Alto
1977203,0.335116,0,Alto
1977325,0.232199,0,Medio
1977351,0.082462,0,Baixo
1977362,0.112701,0,Baixo
1977390,0.236771,0,Medio
1975556,0.233666,0,Medio
1977365,0.095025,0,Baixo
1975201,0.199002,0,Medio
1977376,0.203602,0,Medio
1977348,0.127263,0,Baixo
1976109,0.214285,0,Medio
1977347,0.227395,0,Medio
1977078,0.095919,0,Baixo
1977356,0.134197,0,Baixo
1977252,0.248114,0,Medio
1976836,0.227909,0,Medio
1977392,0.12638,0,Baixo
1977406,0.127458,0,Baixo
1977370,0.14345,0,Baixo
1976752,0.166788,0,Medio
1977409,0.374406,1,Critico
1975341,0.414471,1,Critico
1967842,0.217641,0,Medio
1968282,0.150235,0,Baixo
1976406,0.133564,0,Baixo
1971150,0.196008,0,Medio
1977242,0.044687,0,Baixo
1977087,0.20505,0,Medio
1977015,0.143107,0,Baixo
1972549,0.209976,0,Medio
1977028,0.058094,0,Baixo
1977164,0.273903,0,Alto
1973702,0.285614,0,Alto
1973597,0.340021,0,Alto
1974224,0.088745,0,Baixo
1976405,0.145558,0,Baixo
1977415,0.252833,0,Alto
1977003,0.303449,0,Alto
1974202,0.136883,0,Baixo
1977359,0.079669,0,Baixo
1977442,0.191512,0,Medio
1977434,0.502243,1,Critico
1977369,0.050437,0,Baixo
1976108,0.110829,0,Baixo
1977363,0.136846,0,Baixo
1977459,0.442605,1,Critico
1974496,0.23018,0,Medio
1977396,0.141574,0,Baixo
1977418,0.151699,0,Baixo
1977464,0.145074,0,Baixo
1977438,0.148114,0,Baixo
1973074,0.28233,0,Alto
1975092,0.320593,0,Alto
1976310,0.556022,1,Critico
1972716,0.113152,0,Baixo
1977469,0.225977,0,Medio
1972669,0.113204,0,Baixo
1976246,0.203431,0,Medio
1977497,0.103386,0,Baixo
1977484,0.120791,0,Baixo
1974569,0.197446,0,Medio
1977481,0.103255,0,Baixo
1977492,0.098823,0,Baixo
1977305,0.214783,0,Medio
1973563,0.174269,0,Medio
1977498,0.158514,0,Baixo
1973372,0.330541,0,Alto
1977477,0.756872,1,Critico
1977514,0.324642,0,Alto
1973545,0.382723,1,Critico
1977501,0.1504,0,Baixo
1977474,0.048881,0,Baixo
1977518,0.17729,0,Medio
1971018,0.310687,0,Alto
1977531,0.121079,0,Baixo
1975808,0.288087,0,Alto
1977538,0.166862,0,Medio
1977493,0.1091,0,Baixo
1977368,0.074228,0,Baixo
1899238,0.131756,0,Baixo
1965828,0.37602,1,Critico
1976753,0.180814,0,Medio
1977553,0.247292,0,Medio
1977546,0.12612,0,Baixo
1960885,0.48793,1,Critico
1977545,0.144814,0,Baixo
1973496,0.314157,0,Alto
1977382,0.386318,1,Critico
1977505,0.457197,1,Critico
1977554,0.301835,0,Alto
1974670,0.214301,0,Medio
1977585,0.337486,0,Alto
1977579,0.160783,0,Medio
1973693,0.24172,0,Medio
1976683,0.150399,0,Baixo
1951064,0.49997,1,Critico
1977320,0.466584,1,Critico
980484,0.226771,0,Medio
1977591,0.227394,0,Medio
1972664,0.223985,0,Medio
1977595,0.239906,0,Medio
1977185,0.192374,0,Medio
1977584,0.12443,0,Baixo
1976627,0.094849,0,Baixo
1977589,0.049123,0,Baixo
1977571,0.125325,0,Baixo
1977603,0.491183,1,Critico
1973350,0.234657,0,Medio
1977621,0.093541,0,Baixo
1977282,0.143594,0,Baixo
1974783,0.294696,0,Alto
1975506,0.07906,0,Baixo
1977452,0.125831,0,Baixo
1977012,0.395535,1,Critico
1973543,0.292934,0,Alto
1977281,0.213865,0,Medio
1976422,0.222108,0,Medio
1976089,0.092717,0,Baixo
1976602,0.186618,0,Medio
1953475,0.137191,0,Baixo
1977311,0.217044,0,Medio
1971173,0.347287,0,Alto
1966075,0.116996,0,Baixo
1974493,0.13798,0,Baixo
1973850,0.222247,0,Medio
1972185,0.223486,0,Medio
1977632,0.199018,0,Medio
1977540,0.394697,1,Critico
1977271,0.265956,0,Alto
1976860,0.348587,0,Alto
1977634,0.1067,0,Baixo
1977614,0.254579,0,Alto
1977630,0.191844,0,Medio
1977120,0.135024,0,Baixo
1977565,0.159385,0,Baixo
1977560,0.409312,1,Critico
1977600,0.096339,0,Baixo
1977590,0.257135,0,Alto
1977650,0.220013,0,Medio
1943970,0.14792,0,Baixo
1977413,0.120209,0,Baixo
1972776,0.217994,0,Medio
1977660,0.044045,0,Baixo
1972749,0.333399,0,Alto
1977667,0.14126,0,Baixo
1976305,0.279332,0,Alto
1894046,0.219948,0,Medio
1977289,0.328476,0,Alto
1977422,0.307812,0,Alto
1976051,0.761117,1,Critico
1976222,0.212938,0,Medio
1974943,0.35679,1,Alto
1970234,0.066115,0,Baixo
1977192,0.164892,0,Medio
1977624,0.272912,0,Alto
1977670,0.152691,0,Baixo
1973776,0.275947,0,Alto
1975962,0.079755,0,Baixo
1977038,0.470693,1,Critico
1977666,0.300544,0,Alto
1974219,0.10936,0,Baixo
1977692,0.087498,0,Baixo
1977539,0.100402,0,Baixo
1972655,0.288771,0,Alto
1977050,0.259177,0,Alto
1976129,0.148949,0,Baixo
1977686,0.19655,0,Medio
1977558,0.254725,0,Alto
1977551,0.123884,0,Baixo
1976745,0.251885,0,Medio
1977718,0.165591,0,Medio
1972427,0.130202,0,Baixo
1977709,0.700865,1,Critico
1967911,0.288901,0,Alto
1977668,0.439561,1,Critico
1977704,0.068358,0,Baixo
1977734,0.276961,0,Alto
1977724,0.475105,1,Critico
1977741,0.141475,0,Baixo
1977778,0.131131,0,Baixo
1975455,0.0807,0,Baixo
1977725,0.176937,0,Medio
1977760,0.060211,0,Baixo
1977774,0.1191,0,Baixo
1977751,0.310448,0,Alto
1977763,0.103429,0,Baixo
1977756,0.073159,0,Baixo
1977875,0.328029,0,Alto
1977916,0.206177,0,Medio
1977810,0.247441,0,Medio
1977867,0.12393,0,Baixo
1977781,0.204455,0,Medio
1977812,0.097004,0,Baixo
1977783,0.296969,0,Alto
1977927,0.088548,0,Baixo
1978029,0.387076,1,Critico
1978063,0.160741,0,Medio
1977815,0.147254,0,Baixo
1977955,0.193565,0,Medio
1977894,0.236999,0,Medio
1977878,0.375808,1,Critico
1977856,0.218883,0,Medio
1977768,0.141853,0,Baixo
1978148,0.089638,0,Baixo
1977886,0.203734,0,Medio
1977837,0.229286,0,Medio
1977543,0.134978,0,Baixo
1977829,0.250534,0,Medio
1977809,0.218881,0,Medio
1978102,0.276473,0,Alto
1977755,0.083772,0,Baixo
1977775,0.26346,0,Alto
1977861,0.174538,0,Medio
1977761,0.228975,0,Medio
1978072,0.234839,0,Medio
1977762,0.117604,0,Baixo
1978071,0.077175,0,Baixo
1977888,0.196184,0,Medio
1978089,0.108677,0,Baixo
1977807,0.047158,0,Baixo
1977808,0.078956,0,Baixo
1977987,0.159152,0,Baixo
1977906,0.217912,0,Medio
1978030,0.093318,0,Baixo
1977931,0.142663,0,Baixo
1977769,0.161922,0,Medio
1977805,0.169508,0,Medio
1978065,0.048994,0,Baixo
1977766,0.1569,0,Baixo
1978182,0.202939,0,Medio
1977744,0.242136,0,Medio
1978017,0.310182,0,Alto
1977845,0.193123,0,Medio
1978093,0.309198,0,Alto
1978081,0.088235,0,Baixo
1977785,0.10677,0,Baixo
1977935,0.107751,0,Baixo
1977828,0.184519,0,Medio
1977974,0.200806,0,Medio
1977885,0.216491,0,Medio
1977821,0.138413,0,Baixo
1977985,0.031861,0,Baixo
1977908,0.419632,1,Critico
1977844,0.189059,0,Medio
1977813,0.071332,0,Baixo
1977870,0.258035,0,Alto
1978126,0.199934,0,Medio
1978216,0.102766,0,Baixo
1977851,0.111738,0,Baixo
1977992,0.176752,0,Medio
1977991,0.178363,0,Medio
1978045,0.103971,0,Baixo
1977881,0.306368,0,Alto
1978200,0.148725,0,Baixo
1977795,0.113063,0,Baixo
1978064,0.114335,0,Baixo
1977923,0.292663,0,Alto
1978001,0.185073,0,Medio
1978243,0.189343,0,Medio
1977915,0.143911,0,Baixo
1978155,0.05871,0,Baixo
1977900,0.331859,0,Alto
1977950,0.176718,0,Medio
1134431,0.186632,0,Medio
1978018,0.215349,0,Medio
1978203,0.148438,0,Baixo
1978040,0.440211,1,Critico
1977868,0.173752,0,Medio
1977839,0.266699,0,Alto
1978020,0.332897,0,Alto
1978049,0.179859,0,Medio
1978186,0.356291,1,Alto
1977824,0.164594,0,Medio
1977820,0.244514,0,Medio
1977956,0.133275,0,Baixo
1977879,0.114461,0,Baixo
1977948,0.127655,0,Baixo
1977838,0.095438,0,Baixo
1978139,0.089432,0,Baixo
1978003,0.219986,0,Medio
1973703,0.33803,0,Alto
1978122,0.141425,0,Baixo
1978268,0.142566,0,Baixo
1977739,0.379328,1,Critico
1978066,0.239952,0,Medio
1978033,0.339249,0,Alto
1978192,0.228712,0,Medio
1977847,0.128417,0,Baixo
1977989,0.164495,0,Medio
1978117,0.283331,0,Alto
1978080,0.264524,0,Alto
1977938,0.284593,0,Alto
1978167,0.169028,0,Medio
1978257,0.21558,0,Medio
1977427,0.496125,1,Critico
1978223,0.202635,0,Medio
1977905,0.070248,0,Baixo
1978300,0.230615,0,Medio
1977939,0.142777,0,Baixo
1978183,0.161931,0,Medio
1978121,0.101297,0,Baixo
1977826,0.256579,0,Alto
1978251,0.090954,0,Baixo
1977976,0.19502,0,Medio
1977983,0.180727,0,Medio
1978010,0.117985,0,Baixo
1977799,0.078406,0,Baixo
1977864,0.312453,0,Alto
1978096,0.159525,0,Baixo
1978077,0.195911,0,Medio
1977776,0.092638,0,Baixo
1978289,0.119391,0,Baixo
1685941,0.145213,0,Baixo
1977786,0.260664,0,Alto
1978238,0.223915,0,Medio
1977971,0.059792,0,Baixo
1978242,0.140124,0,Baixo
1977903,0.109662,0,Baixo
1977887,0.280252,0,Alto
1977949,0.241505,0,Medio
1978171,0.1385,0,Baixo
1978207,0.172605,0,Medio
1977814,0.167448,0,Medio
1977963,0.165538,0,Medio
1978248,0.092761,0,Baixo
1978227,0.303543,0,Alto
1977862,0.242326,0,Medio
1978042,0.10744,0,Baixo
1978260,0.233392,0,Medio
1947855,0.045424,0,Baixo
1978316,0.138623,0,Baixo
1978177,0.304389,0,Alto
1978371,0.078247,0,Baixo
1978110,0.17129,0,Medio
1977747,0.126623,0,Baixo
1978067,0.092321,0,Baixo
1978341,0.148183,0,Baixo
1978025,0.209844,0,Medio
1977907,0.161267,0,Medio
1978087,0.16114,0,Medio
1978237,0.255176,0,Alto
1978312,0.232259,0,Medio
1978174,0.103051,0,Baixo
1977806,0.110564,0,Baixo
1978256,0.09252,0,Baixo
1977951,0.175903,0,Medio
1978327,0.329867,0,Alto
1978044,0.102366,0,Baixo
1978221,0.156484,0,Baixo
1978222,0.424855,1,Critico
1977836,0.100497,0,Baixo
1977986,0.328293,0,Alto
1978002,0.226047,0,Medio
1978109,0.246527,0,Medio
1978430,0.050056,0,Baixo
1978036,0.255884,0,Alto
1978106,0.125768,0,Baixo
1978039,0.153693,0,Baixo
1978156,0.22744,0,Medio
1978303,0.125417,0,Baixo
1978305,0.262787,0,Alto
1978440,0.272031,0,Alto
1978485,0.1139,0,Baixo
1978334,0.141878,0,Baixo
1977840,0.218439,0,Medio
1978170,0.296876,0,Alto
1976114,0.182914,0,Medio
1978328,0.119559,0,Baixo
1978247,0.159791,0,Baixo
1978154,0.191496,0,Medio
1973955,0.354155,1,Alto
1978297,0.242306,0,Medio
1978218,0.090688,0,Baixo
1978263,0.273982,0,Alto
1978118,0.233689,0,Medio
1978565,0.055633,0,Baixo
1978069,0.097879,0,Baixo
1978060,0.155018,0,Baixo
1978125,0.109409,0,Baixo
1978208,0.163671,0,Medio
1977740,0.174434,0,Medio
1977759,0.162101,0,Medio
1978011,0.211344,0,Medio
1978204,0.271446,0,Alto
1978456,0.111062,0,Baixo
1978434,0.191773,0,Medio
1978271,0.285442,0,Alto
1978474,0.220411,0,Medio
1978307,0.169768,0,Medio
1978387,0.103769,0,Baixo
1978092,0.106767,0,Baixo
1978373,0.172227,0,Medio
1978590,0.051591,0,Baixo
1978255,0.050565,0,Baixo
1978058,0.218408,0,Medio
1978132,0.210373,0,Medio
1978484,0.200423,0,Medio
1978267,0.098918,0,Baixo
1978048,0.076971,0,Baixo
1978038,0.285133,0,Alto
1978431,0.411285,1,Critico
1978504,0.177102,0,Medio
1978317,0.245915,0,Medio
1978611,0.233954,0,Medio
1978294,0.184872,0,Medio
1978084,0.278888,0,Alto
1978264,0.348252,0,Alto
1977804,0.244091,0,Medio
1978503,0.183297,0,Medio
1978462,0.244237,0,Medio
1978594,0.376753,1,Critico
1978233,0.340352,0,Alto
1977921,0.105009,0,Baixo
1978054,0.078847,0,Baixo
1978055,0.225927,0,Medio
1977899,0.231652,0,Medio
1978052,0.173401,0,Medio
1978245,0.205349,0,Medio
1978517,0.170839,0,Medio
1978535,0.375325,1,Critico
1978099,0.03974,0,Baixo
1978418,0.156172,0,Baixo
1978421,0.09364,0,Baixo
1978225,0.109484,0,Baixo
1978457,0.218206,0,Medio
1976159,0.248893,0,Medio
1978313,0.128312,0,Baixo
1978368,0.200184,0,Medio
1978632,0.33335,0,Alto
1977917,0.364919,1,Critico
1978542,0.298738,0,Alto
1978637,0.078326,0,Baixo
1978528,0.173908,0,Medio
1978283,0.161817,0,Medio
1978379,0.151046,0,Baixo
1978024,0.257775,0,Alto
1977853,0.177077,0,Medio
1977920,0.301719,0,Alto
1978034,0.194963,0,Medio
1976324,0.145142,0,Baixo
1978378,0.340232,0,Alto
1978571,0.230662,0,Medio
1978498,0.181496,0,Medio
1978198,0.219913,0,Medio
1978502,0.332934,0,Alto
1978443,0.126045,0,Baixo
1978413,0.336888,0,Alto
1974238,0.23273,0,Medio
1978441,0.237119,0,Medio
1978321,0.069327,0,Baixo
1972789,0.3118,0,Alto
1978239,0.110571,0,Baixo
1978432,0.314155,0,Alto
1978545,0.27879,0,Alto
1978043,0.277393,0,Alto
1978119,0.343791,0,Alto
1977943,0.161984,0,Medio
1978229,0.166516,0,Medio
1978453,0.268504,0,Alto
1977893,0.088375,0,Baixo
1978452,0.05106,0,Baixo
1978159,0.421943,1,Critico
1978472,0.115522,0,Baixo
1978164,0.158172,0,Baixo
1978290,0.167084,0,Medio
1978650,0.297311,0,Alto
1978460,0.114604,0,Baixo
1978389,0.165835,0,Medio
1978627,0.144865,0,Baixo
1978147,0.162587,0,Medio
1978046,0.278492,0,Alto
1978347,0.214111,0,Medio
1978343,0.24777,0,Medio
1978581,0.243911,0,Medio
1978626,0.21121,0,Medio
1978136,0.359213,1,Critico
1978423,0.091524,0,Baixo
1978623,0.397533,1,Critico
1978335,0.158043,0,Baixo
1977816,0.332385,0,Alto
1978108,0.097971,0,Baixo
1973472,0.176961,0,Medio
1972993,0.478376,1,Critico
1978330,0.146496,0,Baixo
1978449,0.223155,0,Medio
1978173,0.068873,0,Baixo
1975736,0.172504,0,Medio
1978671,0.197085,0,Medio
1978652,0.143078,0,Baixo
1978083,0.103915,0,Baixo
1973723,0.264599,0,Alto
1977412,0.21758,0,Medio
1977735,0.222803,0,Medio
1978551,0.235719,0,Medio
1978385,0.284168,0,Alto
1978359,0.0693,0,Baixo
1977613,0.195144,0,Medio
1978633,0.224957,0,Medio
1978041,0.249309,0,Medio
1978674,0.173332,0,Medio
1978506,0.179174,0,Medio
1976426,0.134991,0,Baixo
1973290,0.249014,0,Medio
1978694,0.08527,0,Baixo
1978673,0.179547,0,Medio
1978465,0.176168,0,Medio
1978628,0.23052,0,Medio
1969921,0.121745,0,Baixo
1978288,0.240087,0,Medio
1977566,0.117445,0,Baixo
1977933,0.097143,0,Baixo
1976211,0.180019,0,Medio
1978438,0.067418,0,Baixo
1973665,0.36283,1,Critico
1978187,0.294331,0,Alto
1978580,0.130278,0,Baixo
1978369,0.275878,0,Alto
1977788,0.196471,0,Medio
1978682,0.047323,0,Baixo
1978455,0.389349,1,Critico
1978698,0.098988,0,Baixo
1978486,0.249917,0,Medio
1978477,0.223594,0,Medio
1978533,0.124649,0,Baixo
1978419,0.171009,0,Medio
1978697,0.117672,0,Baixo
1978609,0.187419,0,Medio
1978713,0.25215,0,Alto
1978429,0.306062,0,Alto
1978442,0.170473,0,Medio
1978356,0.05514,0,Baixo
1978635,0.143978,0,Baixo
1978478,0.162621,0,Medio
1978274,0.270216,0,Alto
1978676,0.179796,0,Medio
1977997,0.214862,0,Medio
1978408,0.171705,0,Medio
1978094,0.366353,1,Critico
1978492,0.180879,0,Medio
1978615,0.07983,0,Baixo
1978399,0.317397,0,Alto
1978521,0.15493,0,Baixo
1978743,0.205325,0,Medio
1978153,0.234747,0,Medio
1978510,0.168136,0,Medio
1978234,0.193422,0,Medio
1978232,0.081666,0,Baixo
1977146,0.202015,0,Medio
1978691,0.202619,0,Medio
1945997,0.203704,0,Medio
1978180,0.326147,0,Alto
1977914,0.240823,0,Medio
1978428,0.390844,1,Critico
1978372,0.237812,0,Medio
1842326,0.274307,0,Alto
1978791,0.06085,0,Baixo
1978765,0.274856,0,Alto
1978772,0.15227,0,Baixo
1977925,0.218769,0,Medio
1978680,0.113858,0,Baixo
1976853,0.134894,0,Baixo
1977737,0.11673,0,Baixo
1978728,0.230745,0,Medio
1978600,0.177995,0,Medio
1977869,0.206268,0,Medio
1978754,0.213075,0,Medio
1978668,0.304351,0,Alto
1978624,0.248611,0,Medio
1978027,0.169499,0,Medio
1978792,0.066233,0,Baixo
1969026,0.435167,1,Critico
1978240,0.150289,0,Baixo
1975372,0.300891,0,Alto
1949946,0.224431,0,Medio
1978086,0.074942,0,Baixo
1978815,0.177397,0,Medio
1978734,0.172345,0,Medio
1978622,0.175784,0,Medio
1978746,0.087238,0,Baixo
1978730,0.165874,0,Medio
1978166,0.171955,0,Medio
1978801,0.13624,0,Baixo
1978386,0.274519,0,Alto
1978768,0.281982,0,Alto
1978302,0.201248,0,Medio
1978789,0.186915,0,Medio
1978364,0.339384,0,Alto
1975560,0.346004,0,Alto
1977445,0.248047,0,Medio
1978827,0.33897,0,Alto
1978219,0.232974,0,Medio
711945,0.142067,0,Baixo
1978659,0.177138,0,Medio
1975442,0.027337,0,Baixo
1978531,0.303422,0,Alto
1978384,0.144201,0,Baixo
1978857,0.093476,0,Baixo
1978620,0.24196,0,Medio
1978829,0.063908,0,Baixo
1977970,0.275174,0,Alto
1978292,0.062906,0,Baixo
1974834,0.099503,0,Baixo
562709,0.135313,0,Baixo
1978781,0.207749,0,Medio
1973079,0.137019,0,Baixo
1978853,0.145154,0,Baixo
1978820,0.242908,0,Medio
1975254,0.115314,0,Baixo
1978723,0.199938,0,Medio
1978837,0.229435,0,Medio
1971740,0.29476,0,Alto
1978822,0.188546,0,Medio
1977672,0.09099,0,Baixo
1978700,0.131027,0,Baixo
1978745,0.060256,0,Baixo
1977013,0.14797,0,Baixo
1977843,0.184614,0,Medio
1977201,0.287521,0,Alto
1978568,0.162775,0,Medio
1978903,0.233716,0,Medio
1977977,0.104954,0,Baixo
1975914,0.462088,1,Critico
1978749,0.151445,0,Baixo
1978917,0.228036,0,Medio
1978873,0.193362,0,Medio
1978866,0.341084,0,Alto
1976993,0.217706,0,Medio
1977954,0.124879,0,Baixo
1978835,0.28746,0,Alto
1978859,0.085142,0,Baixo
1782409,0.166898,0,Medio
1974034,0.307557,0,Alto
1966915,0.234525,0,Medio
1978436,0.0962,0,Baixo
1978855,0.104513,0,Baixo
1973894,0.485299,1,Critico
1978161,0.178561,0,Medio
1977865,0.431004,1,Critico
1965901,0.32409,0,Alto
1978889,0.212008,0,Medio
1978921,0.252026,0,Medio
1978913,0.204376,0,Medio
1978774,0.118595,0,Baixo
1737760,0.099617,0,Baixo
1978939,0.133028,0,Baixo
1978013,0.099257,0,Baixo
1978613,0.268656,0,Alto
1965833,0.358392,1,Critico
1977913,0.298646,0,Alto
1978748,0.151794,0,Baixo
1978949,0.348146,0,Alto
1978916,0.261516,0,Alto
1978407,0.200343,0,Medio
1978929,0.087937,0,Baixo
1978529,0.181827,0,Medio
1978935,0.061562,0,Baixo
1974082,0.225374,0,Medio
1974549,0.307793,0,Alto
1978942,0.09673,0,Baixo
1977437,0.17232,0,Medio
1978890,0.152673,0,Baixo
1975034,0.0867,0,Baixo
1974368,0.17415,0,Medio
1978914,0.258022,0,Alto
1978887,0.279908,0,Alto
1978936,0.338499,0,Alto
1977500,0.321609,0,Alto
1974993,0.098959,0,Baixo
1978450,0.368922,1,Critico
1978319,0.247859,0,Medio
1978952,0.067401,0,Baixo
1978892,0.123843,0,Baixo
1977468,0.079844,0,Baixo
1978988,0.411315,1,Critico
1978964,0.215707,0,Medio
1978907,0.308256,0,Alto
1978596,0.127943,0,Baixo
1978966,0.20527,0,Medio
1978924,0.390995,1,Critico
1978960,0.172351,0,Medio
1977966,0.291308,0,Alto
1975645,0.301464,0,Alto
1978403,0.402521,1,Critico
1978755,0.359767,1,Critico
1978980,0.127391,0,Baixo
1978028,0.197732,0,Medio
1973841,0.444029,1,Critico
1978669,0.268702,0,Alto
1978900,0.177087,0,Medio
1978948,0.170166,0,Medio
1978133,0.21753,0,Medio
1978078,0.170174,0,Medio
1536687,0.102664,0,Baixo
1978800,0.163938,0,Medio
1978897,0.353439,1,Alto
1978996,0.114859,0,Baixo
1978831,0.427736,1,Critico
1978847,0.111644,0,Baixo
1970572,0.385637,1,Critico
1979035,0.277011,0,Alto
1979034,0.110529,0,Baixo
1972708,0.187906,0,Medio
1978961,0.193459,0,Medio
1978707,0.25744,0,Alto
1900776,0.064919,0,Baixo
1979045,0.127271,0,Baixo
1972568,0.143161,0,Baixo
1979063,0.511946,1,Critico
1978967,0.364307,1,Critico
1979080,0.202121,0,Medio
1978982,0.094015,0,Baixo
1978992,0.101469,0,Baixo
1978570,0.055603,0,Baixo
1978586,0.026673,0,Baixo
1978750,0.233132,0,Medio
1978677,0.088583,0,Baixo
1978990,0.065655,0,Baixo
1978974,0.216601,0,Medio
1977665,0.27992,0,Alto
1979003,0.103949,0,Baixo
1978716,0.302649,0,Alto
1978904,0.231049,0,Medio
1979071,0.162462,0,Medio
1979074,0.07341,0,Baixo
1979096,0.085304,0,Baixo
1971420,0.11422,0,Baixo
1978116,0.189025,0,Medio
1978539,0.153996,0,Baixo
1979059,0.133423,0,Baixo
1977910,0.134743,0,Baixo
1978520,0.130089,0,Baixo
1979128,0.247122,0,Medio
1978710,0.048943,0,Baixo
1979135,0.141861,0,Baixo
1979146,0.150001,0,Baixo
1974690,0.316908,0,Alto
1977980,0.068037,0,Baixo
1979107,0.301416,0,Alto
1977780,0.250597,0,Medio
1978057,0.095147,0,Baixo
1977981,0.264012,0,Alto
1978358,0.246225,0,Medio
1977771,0.104071,0,Baixo
1979110,0.089587,0,Baixo
1978176,0.263967,0,Alto
1979147,0.22344,0,Medio
1978114,0.053552,0,Baixo
1979155,0.248362,0,Medio
1978999,0.216556,0,Medio
1978113,0.184997,0,Medio
1978111,0.056957,0,Baixo
1977849,0.158702,0,Baixo
1978140,0.194851,0,Medio
1978585,0.162393,0,Medio
1978146,0.146158,0,Baixo
1978404,0.388395,1,Critico
1978845,0.389743,1,Critico
1977794,0.286471,0,Alto
1979137,0.17742,0,Medio
1978721,0.331573,0,Alto
1977877,0.092221,0,Baixo
1979018,0.187618,0,Medio
1977932,0.201412,0,Medio
1978272,0.117119,0,Baixo
1978323,0.18899,0,Medio
1978382,0.399338,1,Critico
1978258,0.248949,0,Medio
1978665,0.045711,0,Baixo
1978201,0.113174,0,Baixo
1979094,0.126656,0,Baixo
1978810,0.32449,0,Alto
1977764,0.384558,1,Critico
1977942,0.206328,0,Medio
1977872,0.191357,0,Medio
1977860,0.183626,0,Medio
1978337,0.253804,0,Alto
1977902,0.166138,0,Medio
1978144,0.328573,0,Alto
1978329,0.240884,0,Medio
1979151,0.11502,0,Baixo
1979148,0.064648,0,Baixo
1979134,0.364713,1,Critico
1978558,0.218667,0,Medio
1979130,0.218889,0,Medio
1978993,0.124868,0,Baixo
1978483,0.156164,0,Baixo
1979175,0.092169,0,Baixo
1978199,0.312735,0,Alto
1978986,0.588669,1,Critico
1979204,0.18813,0,Medio
1979117,0.351233,1,Alto
1978304,0.228983,0,Medio
1978767,0.253128,0,Alto
1979208,0.025813,0,Baixo
1979256,0.264105,0,Alto
1977373,0.052504,0,Baixo
1971094,0.306602,0,Alto
1979189,0.101371,0,Baixo
1971414,0.392176,1,Critico
1817890,0.149679,0,Baixo
1978476,0.388761,1,Critico
1969872,0.14678,0,Baixo
1978437,0.119265,0,Baixo
1979222,0.255257,0,Alto
1973713,0.265841,0,Alto
1979150,0.334021,0,Alto
1979239,0.174128,0,Medio
1978687,0.083078,0,Baixo
1979263,0.043757,0,Baixo
1978391,0.283258,0,Alto
1979289,0.422431,1,Critico
1979305,0.209502,0,Medio
1977586,0.155905,0,Baixo
1979237,0.188352,0,Medio
1978648,0.149847,0,Baixo
1979037,0.237202,0,Medio
1976173,0.132443,0,Baixo
1979118,0.128588,0,Baixo
1979209,0.343758,0,Alto
1979214,0.141028,0,Baixo
1979121,0.210021,0,Medio
1965844,0.271832,0,Alto
1979167,0.216893,0,Medio
1979288,0.211925,0,Medio
1974388,0.215024,0,Medio
1972912,0.198811,0,Medio
1971123,0.429307,1,Critico
1773537,0.260158,0,Alto
1979255,0.212735,0,Medio
1978752,0.092792,0,Baixo
1979199,0.234758,0,Medio
1975807,0.254965,0,Alto
1979087,0.080344,0,Baixo
1972342,0.076115,0,Baixo
1979192,0.138698,0,Baixo
1972800,0.120027,0,Baixo
1979215,0.228282,0,Medio
1976150,0.227472,0,Medio
1979341,0.078258,0,Baixo
1979336,0.252647,0,Alto
1978742,0.108895,0,Baixo
1978035,0.144698,0,Baixo
1979334,0.119171,0,Baixo
1979356,0.134152,0,Baixo
1459687,0.379663,1,Critico
1979144,0.226627,0,Medio
1979296,0.33657,0,Alto
1979358,0.346784,0,Alto
1979338,0.213126,0,Medio
1974016,0.353756,1,Alto
1979371,0.219656,0,Medio
1646400,0.142647,0,Baixo
1978776,0.134818,0,Baixo
1979406,0.123652,0,Baixo
1978224,0.071028,0,Baixo
1978655,0.246677,0,Medio
1979422,0.181888,0,Medio
1978825,0.281275,0,Alto
1979317,0.156983,0,Baixo
678122,0.266579,0,Alto
1979378,0.1845,0,Medio
1976620,0.270218,0,Alto
1979404,0.190593,0,Medio
1979437,0.113985,0,Baixo
1972401,0.142228,0,Baixo
1974299,0.167661,0,Medio
1979391,0.121711,0,Baixo
1979252,0.295004,0,Alto
1979421,0.105378,0,Baixo
1979281,0.06073,0,Baixo
1979072,0.02517,0,Baixo
1979424,0.261698,0,Alto
1976893,0.314827,0,Alto
1971744,0.156746,0,Baixo
1977284,0.181039,0,Medio
1977089,0.244993,0,Medio
1979419,0.171298,0,Medio
1979271,0.02943,0,Baixo
1979447,0.094395,0,Baixo
1979025,0.167608,0,Medio
1979418,0.19637,0,Medio
1978861,0.188518,0,Medio
1976905,0.154812,0,Baixo
1979486,0.228491,0,Medio
1979161,0.123657,0,Baixo
1979460,0.136806,0,Baixo
1978736,0.225242,0,Medio
1978351,0.182193,0,Medio
1979171,0.116746,0,Baixo
1972043,0.133364,0,Baixo
1963290,0.277878,0,Alto
1979463,0.257023,0,Alto
1973086,0.152215,0,Baixo
1979440,0.092774,0,Baixo
1979325,0.212982,0,Medio
1979191,0.097583,0,Baixo
1977607,0.115957,0,Baixo
1973314,0.283991,0,Alto
1977911,0.222988,0,Medio
1976027,0.07721,0,Baixo
1979243,0.225018,0,Medio
1978617,0.153705,0,Baixo
1978661,0.127131,0,Baixo
1978299,0.30794,0,Alto
1972898,0.116701,0,Baixo
1938841,0.175937,0,Medio
1977680,0.132469,0,Baixo
1974280,0.222449,0,Medio
1978883,0.044895,0,Baixo
1974767,0.086883,0,Baixo
1979038,0.277522,0,Alto
1979015,0.306106,0,Alto
1978439,0.231904,0,Medio
1979079,0.138108,0,Baixo
1978451,0.092405,0,Baixo
1973664,0.198434,0,Medio
1979510,0.305016,0,Alto
1978862,0.29297,0,Alto
1978970,0.170272,0,Medio
1978951,0.105486,0,Baixo
1978388,0.270717,0,Alto
1974039,0.162252,0,Medio
1975064,0.161581,0,Medio
1971005,0.312553,0,Alto
1978019,0.226431,0,Medio
1979481,0.192407,0,Medio
1979008,0.15843,0,Baixo
1978006,0.196063,0,Medio
1979254,0.090996,0,Baixo
1974784,0.052669,0,Baixo
1971660,0.10287,0,Baixo
1979476,0.194442,0,Medio
1979538,0.394827,1,Critico
1979543,0.095882,0,Baixo
1901089,0.125401,0,Baixo
1978339,0.134506,0,Baixo
1977819,0.307396,0,Alto
1979524,0.245257,0,Medio
1976859,0.180661,0,Medio
1973288,0.257716,0,Alto
1979561,0.154296,0,Baixo
1979574,0.189195,0,Medio
1971658,0.227396,0,Medio
1979484,0.191793,0,Medio
1979537,0.265002,0,Alto
1979532,0.106623,0,Baixo
1979544,0.061082,0,Baixo
1979536,0.317344,0,Alto
1976048,0.21516,0,Medio
1979571,0.186532,0,Medio
1979428,0.195245,0,Medio
1979528,0.100433,0,Baixo
1979572,0.14573,0,Baixo
1979468,0.156934,0,Baixo
1979525,0.146661,0,Baixo
1979556,0.183692,0,Medio
1979588,0.09438,0,Baixo
1977823,0.109479,0,Baixo
1963403,0.418659,1,Critico
1973834,0.228592,0,Medio
1979570,0.201808,0,Medio
1976714,0.204499,0,Medio
1979602,0.606895,1,Critico
1969765,0.234215,0,Medio
1979596,0.194796,0,Medio
1979605,0.212867,0,Medio
1979600,0.389541,1,Critico
1979611,0.408486,1,Critico
1979569,0.153634,0,Baixo
1974215,0.139222,0,Baixo
1974173,0.237694,0,Medio
1979617,0.076277,0,Baixo
1979597,0.079686,0,Baixo
1979609,0.225616,0,Medio
1977276,0.210643,0,Medio
1978969,0.157742,0,Baixo
1979513,0.211733,0,Medio
1977162,0.092383,0,Baixo
1972296,0.402057,1,Critico
1979630,0.224568,0,Medio
1979582,0.129446,0,Baixo
1979650,0.285124,0,Alto
1977096,0.185903,0,Medio
1978244,0.286821,0,Alto
1979156,0.235765,0,Medio
1979212,0.318918,0,Alto
1979259,0.306587,0,Alto
1973090,0.308399,0,Alto
1979321,0.071455,0,Baixo
1979639,0.446965,1,Critico
1977047,0.257655,0,Alto
1942168,0.226873,0,Medio
1976499,0.112964,0,Baixo
1977023,0.315279,0,Alto
1979676,0.111846,0,Baixo
1978493,0.132515,0,Baixo
1979109,0.239057,0,Medio
1979185,0.203003,0,Medio
1971147,0.24559,0,Medio
1974747,0.129659,0,Baixo
1977784,0.144017,0,Baixo
1976298,0.17249,0,Medio
1973900,0.193235,0,Medio
1979684,0.316179,0,Alto
1979099,0.206424,0,Medio
1975472,0.286634,0,Alto
1979690,0.146645,0,Baixo
1971891,0.21766,0,Medio
1888248,0.357837,1,Critico
1979708,0.142918,0,Baixo
1979705,0.201658,0,Medio
1979651,0.110293,0,Baixo
1979696,0.166389,0,Medio
1979712,0.159789,0,Baixo
1979716,0.262009,0,Alto
1979464,0.217514,0,Medio
1978719,0.432432,1,Critico
1741421,0.421276,1,Critico
1979732,0.086443,0,Baixo
1972139,0.150104,0,Baixo
1979740,0.168667,0,Medio
1979741,0.074037,0,Baixo
1976763,0.173442,0,Medio
1979757,0.341586,0,Alto
1979758,0.19634,0,Medio
1974750,0.13689,0,Baixo
1979760,0.186443,0,Medio
1977156,0.400048,1,Critico
1979773,0.164905,0,Medio
1974775,0.155973,0,Baixo
1979778,0.193197,0,Medio
1973630,0.330669,0,Alto
1979790,0.179124,0,Medio
1979793,0.195477,0,Medio
1979803,0.147701,0,Baixo
1979697,0.218658,0,Medio
1975938,0.102938,0,Baixo
1979797,0.039146,0,Baixo
1973880,0.142785,0,Baixo
1978908,0.135337,0,Baixo
1979806,0.107511,0,Baixo
1979788,0.152417,0,Baixo
1978885,0.211694,0,Medio
1979812,0.149535,0,Baixo
1979810,0.064445,0,Baixo
1979780,0.086547,0,Baixo
1978729,0.15701,0,Baixo
1952080,0.273729,0,Alto
1724968,0.298233,0,Alto
1979836,0.094905,0,Baixo
1977576,0.154835,0,Baixo
1977859,0.203482,0,Medio
1972304,0.351979,1,Alto
1972398,0.115829,0,Baixo
1973184,0.227082,0,Medio
1974449,0.243869,0,Medio
1978380,0.220585,0,Medio
1979807,0.204777,0,Medio
1966293,0.256389,0,Alto
1977904,0.204275,0,Medio
1972616,0.103734,0,Baixo
1979867,0.161363,0,Medio
1975118,0.369909,1,Critico
1979786,0.160765,0,Medio
1979743,0.15444,0,Baixo
1973252,0.335571,0,Alto
1975905,0.280544,0,Alto
1979849,0.276838,0,Alto
1973969,0.272123,0,Alto
1979888,0.076597,0,Baixo
1979883,0.315233,0,Alto
1978424,0.123697,0,Baixo
1976653,0.053709,0,Baixo
1979848,0.302774,0,Alto
1976644,0.138001,0,Baixo
1977530,0.064941,0,Baixo
1977803,0.292841,0,Alto
1972908,0.25401,0,Alto
1978509,0.203817,0,Medio
1979904,0.21821,0,Medio
1979906,0.2495,0,Medio
1978074,0.312303,0,Alto
1979913,0.144193,0,Baixo
1979919,0.013653,0,Baixo
1965559,0.158451,0,Baixo
1978158,0.150559,0,Baixo
1977827,0.112038,0,Baixo
1975789,0.037904,0,Baixo
1977707,0.135338,0,Baixo
1979228,0.089417,0,Baixo
1979954,0.111821,0,Baixo
1973790,0.33409,0,Alto
1973362,0.358009,1,Critico
1972167,0.271924,0,Alto
1979958,0.218952,0,Medio
1979950,0.097664,0,Baixo
1973816,0.453117,1,Critico
1979938,0.131159,0,Baixo
1980017,0.227752,0,Medio
1979990,0.292719,0,Alto
1977846,0.261988,0,Alto
1977058,0.152131,0,Baixo
1973212,0.093146,0,Baixo
1980041,0.111046,0,Baixo
1979694,0.250529,0,Medio
1974608,0.543806,1,Critico
1979903,0.279308,0,Alto
1980062,0.204949,0,Medio
1980045,0.201662,0,Medio
1978311,0.331616,0,Alto
1980068,0.092753,0,Baixo
1980082,0.184455,0,Medio
1980075,0.346038,0,Alto
1975548,0.284696,0,Alto
1980102,0.187607,0,Medio
1980001,0.109039,0,Baixo
1975818,0.182118,0,Medio
1980122,0.031385,0,Baixo
1980016,0.239319,0,Medio
1980137,0.080239,0,Baixo
688740,0.228821,0,Medio
1977237,0.097738,0,Baixo
1980029,0.095526,0,Baixo
1971296,0.400289,1,Critico
1979915,0.10897,0,Baixo
1979491,0.253357,0,Alto
1980184,0.174412,0,Medio
1968568,0.039429,0,Baixo
1977433,0.246544,0,Medio
1961917,0.230957,0,Medio
1976249,0.101262,0,Baixo
1980191,0.180602,0,Medio
1974439,0.236779,0,Medio
1979846,0.131761,0,Baixo
1974650,0.288807,0,Alto
1973719,0.096179,0,Baixo
1978210,0.312492,0,Alto
1974827,0.152225,0,Baixo
1949263,0.472698,1,Critico
1980011,0.44511,1,Critico
1979176,0.216974,0,Medio
1980223,0.178852,0,Medio
1980225,0.214658,0,Medio
1944438,0.292333,0,Alto
1980085,0.310907,0,Alto
1980144,0.259379,0,Alto
1980222,0.191806,0,Medio
1980230,0.323727,0,Alto
1978306,0.176291,0,Medio
1972323,0.322558,0,Alto
1976248,0.152269,0,Baixo
1980251,0.337955,0,Alto
1980260,0.077373,0,Baixo
1980264,0.084294,0,Baixo
1972261,0.432409,1,Critico
1980141,0.23082,0,Medio
1970589,0.122924,0,Baixo
1976085,0.089691,0,Baixo
1957838,0.481527,1,Critico
1980268,0.068159,0,Baixo
1980247,0.095545,0,Baixo
1976813,0.279016,0,Alto
1975042,0.372491,1,Critico
1980259,0.302485,0,Alto
1979102,0.224743,0,Medio
1972948,0.307645,0,Alto
1980295,0.239131,0,Medio
1980302,0.083728,0,Baixo
1980238,0.246411,0,Medio
1980312,0.192101,0,Medio
1980175,0.10226,0,Baixo
1980311,0.096663,0,Baixo
1980308,0.175067,0,Medio
1980284,0.149911,0,Baixo
1974846,0.216044,0,Medio
1980305,0.039845,0,Baixo
1976451,0.490304,1,Critico
1980338,0.383471,1,Critico
1979813,0.081782,0,Baixo
1974907,0.105998,0,Baixo
1979417,0.25626,0,Alto
1973083,0.245925,0,Medio
1980304,0.192118,0,Medio
1974154,0.225868,0,Medio
1980044,0.1885,0,Medio
1978480,0.228693,0,Medio
1977678,0.13722,0,Baixo
1980317,0.156438,0,Baixo
1970620,0.151855,0,Baixo
1976567,0.268552,0,Alto
1980372,0.135126,0,Baixo
1974938,0.277379,0,Alto
1980332,0.098517,0,Baixo
1980392,0.247935,0,Medio
1973088,0.147964,0,Baixo
1980289,0.140912,0,Baixo
1974210,0.184198,0,Medio
1980375,0.118002,0,Baixo
1980409,0.073548,0,Baixo
1980327,0.180504,0,Medio
1980391,0.166934,0,Medio
1979642,0.054294,0,Baixo
1980404,0.143252,0,Baixo
1975535,0.0717,0,Baixo
1980410,0.390198,1,Critico
1974145,0.309035,0,Alto
1980412,0.123287,0,Baixo
1980297,0.236014,0,Medio
1973648,0.181211,0,Medio
1980383,0.184824,0,Medio
1980104,0.084891,0,Baixo
1933584,0.271355,0,Alto
1980342,0.220224,0,Medio
1980430,0.166219,0,Medio
1980369,0.187342,0,Medio
1980276,0.218517,0,Medio
1976770,0.200331,0,Medio
1974379,0.070632,0,Baixo
1980399,0.265951,0,Alto
1980433,0.145807,0,Baixo
1951471,0.058324,0,Baixo
1978185,0.335652,0,Alto
1977779,0.481523,1,Critico
1974341,0.268948,0,Alto
1977729,0.41328,1,Critico
1978647,0.114583,0,Baixo
1975584,0.10204,0,Baixo
1979643,0.067639,0,Baixo
1973579,0.236199,0,Medio
1980047,0.15146,0,Baixo
1977990,0.188088,0,Medio
1980456,0.115484,0,Baixo
1980157,0.168165,0,Medio
1971334,0.126389,0,Baixo
1980468,0.354588,1,Alto
1980425,0.061392,0,Baixo
1979551,0.336593,0,Alto
1946149,0.076883,0,Baixo
1973712,0.191599,0,Medio
1980467,0.084423,0,Baixo
1980423,0.07472,0,Baixo
1946325,0.143961,0,Baixo
1980206,0.229162,0,Medio
1977628,0.319236,0,Alto
1979331,0.182509,0,Medio
1980439,0.255076,0,Alto
1980485,0.127653,0,Baixo
1980459,0.188338,0,Medio
1324057,0.147052,0,Baixo
1980470,0.073966,0,Baixo
1980486,0.099549,0,Baixo
1980483,0.461925,1,Critico
1973904,0.208122,0,Medio
1614695,0.116195,0,Baixo
1980407,0.142158,0,Baixo
1979894,0.055369,0,Baixo
1980493,0.159408,0,Baixo
1980159,0.174857,0,Medio
1978977,0.312701,0,Alto
1980360,0.301229,0,Alto
1980507,0.199287,0,Medio
1980335,0.388741,1,Critico
1980511,0.127078,0,Baixo
1980403,0.200918,0,Medio
1980503,0.07645,0,Baixo
1980531,0.127531,0,Baixo
1975091,0.31698,0,Alto
1980505,0.153514,0,Baixo
1980424,0.187447,0,Medio
1980413,0.180668,0,Medio
1980522,0.039563,0,Baixo
1980351,0.201572,0,Medio
1980190,0.165047,0,Medio
1979878,0.222015,0,Medio
1980506,0.125619,0,Baixo
1971584,0.55485,1,Critico
1980529,0.539464,1,Critico
1974113,0.306878,0,Alto
1979866,0.043505,0,Baixo
1969324,0.086503,0,Baixo
1980535,0.277215,0,Alto
1980490,0.09037,0,Baixo
1977715,0.111296,0,Baixo
1979828,0.132652,0,Baixo
1980553,0.154272,0,Baixo
1977654,0.162113,0,Medio
1980560,0.733549,1,Critico
1979075,0.089539,0,Baixo
1978672,0.237277,0,Medio
1980035,0.174485,0,Medio
1980482,0.179508,0,Medio
1973435,0.264009,0,Alto
1980510,0.208034,0,Medio
1976942,0.204498,0,Medio
1975553,0.429667,1,Critico
1975102,0.466699,1,Critico
1979626,0.470209,1,Critico
1980546,0.467457,1,Critico
1975850,0.168731,0,Medio
1980555,0.111815,0,Baixo
1980598,0.300031,0,Alto
1980589,0.086322,0,Baixo
1974221,0.177067,0,Medio
1980565,0.189306,0,Medio
1980480,0.193594,0,Medio
1980597,0.198508,0,Medio
1975219,0.194546,0,Medio
1974655,0.116832,0,Baixo
1972879,0.281455,0,Alto
1980610,0.07602,0,Baixo
1980616,0.042957,0,Baixo
1980583,0.199205,0,Medio
1980615,0.429398,1,Critico
1973822,0.28951,0,Alto
1980588,0.094402,0,Baixo
1980491,0.088563,0,Baixo
1974207,0.302048,0,Alto
1980607,0.194989,0,Medio
1980249,0.174882,0,Medio
1967448,0.241983,0,Medio
1973275,0.418984,1,Critico
1980573,0.284897,0,Alto
1980631,0.29713,0,Alto
1980367,0.211518,0,Medio
1980644,0.117336,0,Baixo
1980576,0.152193,0,Baixo
1980645,0.072438,0,Baixo
1980473,0.129783,0,Baixo
1979989,0.080831,0,Baixo
1977880,0.247191,0,Medio
1980036,0.075131,0,Baixo
1980648,0.325635,0,Alto
1980627,0.245668,0,Medio
1980647,0.0671,0,Baixo
1978735,0.279575,0,Alto
1980669,0.153075,0,Baixo
1980663,0.137426,0,Baixo
1980547,0.381567,1,Critico
1980628,0.189733,0,Medio
1980673,0.057682,0,Baixo
1980617,0.281106,0,Alto
1979066,0.018422,0,Baixo
1980642,0.084994,0,Baixo
1976309,0.241223,0,Medio
1979693,0.353163,1,Alto
1980143,0.309749,0,Alto
1978068,0.221015,0,Medio
1846318,0.294483,0,Alto
1980365,0.194798,0,Medio
1978572,0.25037,0,Medio
1976193,0.276814,0,Alto
1980474,0.064105,0,Baixo
1973539,0.233434,0,Medio
1967360,0.223007,0,Medio
1975398,0.123646,0,Baixo
1980667,0.200325,0,Medio
1972004,0.383642,1,Critico
1972685,0.209897,0,Medio
1978598,0.255993,0,Alto
1980633,0.08014,0,Baixo
1980581,0.216266,0,Medio
1978103,0.380258,1,Critico
1980674,0.502409,1,Critico
1968826,0.379472,1,Critico
1980569,0.257543,0,Alto
1979685,0.099261,0,Baixo
1973525,0.136883,0,Baixo
1980620,0.10743,0,Baixo
1974631,0.121922,0,Baixo
1979898,0.098191,0,Baixo
1979593,0.287461,0,Alto
1445068,0.326772,0,Alto
1980723,0.212712,0,Medio
1090650,0.443056,1,Critico
1980621,0.164192,0,Medio
1980707,0.316652,0,Alto
1980187,0.077154,0,Baixo
1980715,0.147313,0,Baixo
1980688,0.244379,0,Medio
1980701,0.257317,0,Alto
1430145,0.236932,0,Medio
1980719,0.240809,0,Medio
1980698,0.103345,0,Baixo
1980514,0.182594,0,Medio
1980377,0.122056,0,Baixo
1978573,0.200112,0,Medio
1975380,0.074375,0,Baixo
1980718,0.182815,0,Medio
1979785,0.295874,0,Alto
1980743,0.087973,0,Baixo
1980087,0.257163,0,Alto
1977323,0.232866,0,Medio
1979580,0.332688,0,Alto
1980738,0.058615,0,Baixo
1968927,0.244517,0,Medio
1973037,0.099438,0,Baixo
1980774,0.34781,0,Alto
1977387,0.108164,0,Baixo
1980766,0.191239,0,Medio
1977791,0.408604,1,Critico
1980058,0.112,0,Baixo
1980797,0.106968,0,Baixo
1954013,0.143226,0,Baixo
1980795,0.132869,0,Baixo
1975753,0.231763,0,Medio
1979320,0.155659,0,Baixo
1980798,0.11688,0,Baixo
1972790,0.383541,1,Critico
1980782,0.162158,0,Medio
1977622,0.314658,0,Alto
1972193,0.131069,0,Baixo
1973959,0.071701,0,Baixo
1980804,0.10633,0,Baixo
1980815,0.212623,0,Medio
1980834,0.026767,0,Baixo
1980813,0.112062,0,Baixo
1972829,0.047905,0,Baixo
1980671,0.341506,0,Alto
1980843,0.077691,0,Baixo
1980722,0.133755,0,Baixo
1978298,0.254926,0,Alto
1972095,0.085729,0,Baixo
1979024,0.251546,0,Medio
1979567,0.378341,1,Critico
1944441,0.351747,1,Alto
1980876,0.216099,0,Medio
1980850,0.155507,0,Baixo
1980846,0.30849,0,Alto
1980851,0.159929,0,Baixo
1969878,0.198577,0,Medio
1980869,0.200905,0,Medio
1977697,0.131965,0,Baixo
1971345,0.160538,0,Baixo
1980849,0.073468,0,Baixo
1980900,0.209785,0,Medio
1980840,0.198896,0,Medio
1975132,0.251967,0,Medio
1980602,0.114395,0,Baixo
1980887,0.208849,0,Medio
1980525,0.032002,0,Baixo
1980809,0.082716,0,Baixo
1980810,0.123527,0,Baixo
1974343,0.097232,0,Baixo
1974671,0.108079,0,Baixo
1980570,0.348479,0,Alto
1980853,0.121928,0,Baixo
1974359,0.102198,0,Baixo
1980676,0.308414,0,Alto
1980871,0.147928,0,Baixo
1956860,0.302148,0,Alto
1976641,0.223968,0,Medio
1977717,0.217616,0,Medio
1980799,0.240169,0,Medio
1974961,0.252776,0,Alto
1980888,0.312442,0,Alto
1980915,0.193676,0,Medio
1980759,0.269105,0,Alto
1975154,0.159775,0,Baixo
1976161,0.340249,0,Alto
1944477,0.161602,0,Medio
1980814,0.072121,0,Baixo
1980816,0.077611,0,Baixo
1980765,0.088772,0,Baixo
1979952,0.21136,0,Medio
1980918,0.360419,1,Critico
1980884,0.128627,0,Baixo
1980904,0.094145,0,Baixo
1949156,0.21191,0,Medio
1980940,0.186689,0,Medio
1980896,0.164849,0,Medio
1980907,0.160425,0,Baixo
1980805,0.054406,0,Baixo
1980239,0.191668,0,Medio
1980941,0.122098,0,Baixo
1980929,0.054022,0,Baixo
1980868,0.374538,1,Critico
1943645,0.06141,0,Baixo
1980953,0.163286,0,Medio
1978325,0.140985,0,Baixo
1980944,0.197822,0,Medio
1980951,0.069534,0,Baixo
1978957,0.27055,0,Alto
1980950,0.102422,0,Baixo
1976872,0.301815,0,Alto
1980973,0.209526,0,Medio
1980716,0.214108,0,Medio
1980634,0.114326,0,Baixo
1973229,0.243526,0,Medio
1979188,0.353176,1,Alto
1977401,0.268777,0,Alto
1980966,0.192515,0,Medio
1980956,0.197273,0,Medio
1978308,0.11677,0,Baixo
1980957,0.284073,0,Alto
1980983,0.38022,1,Critico
1980508,0.228388,0,Medio
1951716,0.287251,0,Alto
1975915,0.425256,1,Critico
1975997,0.556358,1,Critico
1980769,0.269418,0,Alto
1975569,0.183835,0,Medio
1973887,0.21534,0,Medio
1980975,0.347846,0,Alto
1980450,0.381914,1,Critico
1980764,0.261551,0,Alto
1976236,0.253075,0,Alto
1974152,0.309796,0,Alto
1980895,0.308262,0,Alto
1980749,0.142229,0,Baixo
1980635,0.162163,0,Medio
1980540,0.155271,0,Baixo
1977010,0.23949,0,Medio
1978101,0.176405,0,Medio
1973895,0.117768,0,Baixo
1978397,0.099333,0,Baixo
1981054,0.141874,0,Baixo
1979407,0.206587,0,Medio
1981052,0.253305,0,Alto
1980034,0.224506,0,Medio
1978838,0.150489,0,Baixo
1977777,0.385732,1,Critico
1271464,0.184366,0,Medio
1981077,0.125928,0,Baixo
1975603,0.132775,0,Baixo
1981005,0.526864,1,Critico
1981092,0.259854,0,Alto
1981075,0.237281,0,Medio
1980649,0.086959,0,Baixo
1251394,0.117059,0,Baixo
1981082,0.091819,0,Baixo
1980690,0.100671,0,Baixo
1975306,0.294514,0,Alto
1981071,0.273725,0,Alto
1980863,0.094996,0,Baixo
1980477,0.142151,0,Baixo
1980577,0.219618,0,Medio
1980196,0.163591,0,Medio
1981059,0.236249,0,Medio
1981081,0.395804,1,Critico
1981105,0.152326,0,Baixo
1981104,0.140071,0,Baixo
1981096,0.320238,0,Alto
1981095,0.103334,0,Baixo
1966992,0.240833,0,Medio
1976468,0.111475,0,Baixo
1981121,0.157964,0,Baixo
1981078,0.268683,0,Alto
1977714,0.181353,0,Medio
1981083,0.168076,0,Medio
1979142,0.273744,0,Alto
1981125,0.138864,0,Baixo
661976,0.280769,0,Alto
1977616,0.079473,0,Baixo
1978365,0.268722,0,Alto
1981106,0.351578,1,Alto
1974888,0.29788,0,Alto
1979666,0.332587,0,Alto
1981120,0.141075,0,Baixo
1981131,0.113777,0,Baixo
1980475,0.456792,1,Critico
1981046,0.078383,0,Baixo
1981111,0.204979,0,Medio
1979754,0.174648,0,Medio
1981156,0.094853,0,Baixo
1980444,0.127121,0,Baixo
1964682,0.259945,0,Alto
1981133,0.116002,0,Baixo
1981166,0.392429,1,Critico
1977961,0.197011,0,Medio
1973077,0.380999,1,Critico
1981134,0.39909,1,Critico
1968576,0.060985,0,Baixo
1981172,0.182068,0,Medio
1981176,0.086279,0,Baixo
978140,0.197153,0,Medio
1981033,0.088281,0,Baixo
1974436,0.299886,0,Alto
1973707,0.225374,0,Medio
1981153,0.126774,0,Baixo
1981170,0.254727,0,Alto
1973407,0.346926,0,Alto
1972291,0.105861,0,Baixo
1981144,0.081847,0,Baixo
1980819,0.139325,0,Baixo
1981117,0.22809,0,Medio
1974515,0.333437,0,Alto
1976273,0.522189,1,Critico
1981174,0.288286,0,Alto
1981184,0.155934,0,Baixo
1980186,0.130512,0,Baixo
1975096,0.129097,0,Baixo
1973500,0.217368,0,Medio
1973264,0.171001,0,Medio
1974088,0.188053,0,Medio
1971820,0.141169,0,Baixo
1980998,0.278641,0,Alto
1973652,0.060175,0,Baixo
1981151,0.262064,0,Alto
1977432,0.153818,0,Baixo
1981150,0.161471,0,Medio
1975863,0.161231,0,Medio
1974325,0.259327,0,Alto
1980226,0.048858,0,Baixo
1973675,0.372659,1,Critico
1974924,0.384186,1,Critico
1979671,0.184885,0,Medio
1981029,0.206446,0,Medio
1962145,0.392248,1,Critico
1981233,0.403266,1,Critico
1981218,0.150704,0,Baixo
1951441,0.168693,0,Medio
1981229,0.295733,0,Alto
1981241,0.187215,0,Medio
1981239,0.289807,0,Alto
1981243,0.059122,0,Baixo
1981226,0.286703,0,Alto
1952202,0.238424,0,Medio
1968567,0.24143,0,Medio
1980917,0.10045,0,Baixo
1972047,0.073687,0,Baixo
1981258,0.039171,0,Baixo
1981261,0.137439,0,Baixo
1981248,0.12005,0,Baixo
1979578,0.211249,0,Medio
1981211,0.364816,1,Critico
1980982,0.189423,0,Medio
1981263,0.340352,0,Alto
1981235,0.092782,0,Baixo
1981207,0.109538,0,Baixo
1981276,0.097661,0,Baixo
1981289,0.2622,0,Alto
1978276,0.278631,0,Alto
1981179,0.200578,0,Medio
1974755,0.199128,0,Medio
1976295,0.27031,0,Alto
1976518,0.111712,0,Baixo
1981284,0.24005,0,Medio
1975228,0.283173,0,Alto
1981272,0.054009,0,Baixo
1973273,0.149003,0,Baixo
1980932,0.196935,0,Medio
1596304,0.251634,0,Medio
1972642,0.047136,0,Baixo
1981138,0.199525,0,Medio
1981314,0.067132,0,Baixo
1981252,0.170019,0,Medio
1957184,0.257284,0,Alto
1972989,0.098623,0,Baixo
1981318,0.239187,0,Medio
1980112,0.340672,0,Alto
1981155,0.055632,0,Baixo
1981322,0.177985,0,Medio
1981225,0.079075,0,Baixo
1981004,0.147092,0,Baixo
1979702,0.045724,0,Baixo
1981326,0.309774,0,Alto
1979868,0.259401,0,Alto
1979333,0.142278,0,Baixo
1727417,0.418087,1,Critico
1981349,0.20591,0,Medio
1981313,0.05201,0,Baixo
1981316,0.145659,0,Baixo
1980880,0.131204,0,Baixo
1981245,0.127635,0,Baixo
1981332,0.141043,0,Baixo
1981260,0.109068,0,Baixo
1981325,0.134636,0,Baixo
1981364,0.153621,0,Baixo
1981353,0.277199,0,Alto
1929535,0.110299,0,Baixo
1898282,0.094917,0,Baixo
1979007,0.096624,0,Baixo
1981343,0.325058,0,Alto
1976240,0.35877,1,Critico
1981107,0.447155,1,Critico
1981365,0.202374,0,Medio
1981308,0.379159,1,Critico
1967867,0.113167,0,Baixo
1981340,0.10054,0,Baixo
1981328,0.096956,0,Baixo
1981368,0.2391,0,Medio
1981389,0.21427,0,Medio
1978564,0.380728,1,Critico
1981390,0.111828,0,Baixo
1981387,0.186429,0,Medio
1978794,0.133742,0,Baixo
1981336,0.18664,0,Medio
1973876,0.285982,0,Alto
1980147,0.223276,0,Medio
1981338,0.149709,0,Baixo
1981253,0.255032,0,Alto
1981399,0.112228,0,Baixo
1981375,0.223167,0,Medio
1981410,0.431343,1,Critico
1981403,0.115551,0,Baixo
1981422,0.178176,0,Medio
1981347,0.185375,0,Medio
1981418,0.206027,0,Medio
1981254,0.191181,0,Medio
1981380,0.110738,0,Baixo
1970062,0.366009,1,Critico
1973050,0.25106,0,Medio
1981415,0.197256,0,Medio
1981405,0.086288,0,Baixo
1981430,0.071005,0,Baixo
1979504,0.247752,0,Medio
1981417,0.126051,0,Baixo
1977312,0.171027,0,Medio
1980683,0.233939,0,Medio
1972700,0.100368,0,Baixo
1979658,0.198145,0,Medio
1981423,0.382699,1,Critico
1980828,0.100216,0,Baixo
1976814,0.176667,0,Medio
1981450,0.214722,0,Medio
1981437,0.179261,0,Medio
1981425,0.332636,0,Alto
1981443,0.285164,0,Alto
1979550,0.208582,0,Medio
1980515,0.235829,0,Medio
1981453,0.416944,1,Critico
1980655,0.124257,0,Baixo
1972844,0.105849,0,Baixo
1981452,0.181813,0,Medio
1981428,0.275057,0,Alto
1981473,0.26104,0,Alto
1981476,0.391098,1,Critico
1981431,0.277923,0,Alto
1978543,0.327002,0,Alto
1975562,0.070515,0,Baixo
1973918,0.320159,0,Alto
1981469,0.113365,0,Baixo
1978841,0.11302,0,Baixo
1968332,0.318474,0,Alto
1981465,0.112993,0,Baixo
1981486,0.180318,0,Medio
1981480,0.10221,0,Baixo
1979555,0.215089,0,Medio
1981459,0.246257,0,Medio
1981457,0.287807,0,Alto
1981494,0.115292,0,Baixo
1945445,0.38824,1,Critico
1981514,0.170087,0,Medio
1955982,0.33649,0,Alto
1981463,0.065682,0,Baixo
1974151,0.179819,0,Medio
1981503,0.061446,0,Baixo
1975253,0.279119,0,Alto
1980156,0.085895,0,Baixo
1944810,0.081783,0,Baixo
1981202,0.16909,0,Medio
1981495,0.353227,1,Alto
1978741,0.095615,0,Baixo
1980899,0.2034,0,Medio
1981215,0.032997,0,Baixo
1979655,0.264316,0,Alto
1978519,0.147172,0,Baixo
1974589,0.449379,1,Critico
1976594,0.263797,0,Alto
1981163,0.13563,0,Baixo
1981066,0.244097,0,Medio
1972876,0.123723,0,Baixo
1981032,0.028754,0,Baixo
1981265,0.482403,1,Critico
1980534,0.17398,0,Medio
1981031,0.099988,0,Baixo
584936,0.156969,0,Baixo
1981200,0.133842,0,Baixo
1981366,0.20599,0,Medio
1975099,0.199038,0,Medio
1979624,0.124594,0,Baixo
1980385,0.220134,0,Medio
1981192,0.174145,0,Medio
1980333,0.159241,0,Baixo
1977403,0.124096,0,Baixo
1981145,0.088728,0,Baixo
1978261,0.31463,0,Alto
1978918,0.195656,0,Medio
1978398,0.094305,0,Baixo
1981026,0.184451,0,Medio
1977752,0.188136,0,Medio
1980708,0.269857,0,Alto
1981477,0.060254,0,Baixo
1973047,0.145975,0,Baixo
1981491,0.208646,0,Medio
1973910,0.247528,0,Medio
1977471,0.169104,0,Medio
1981527,0.275824,0,Alto
1981544,0.251541,0,Medio
1981550,0.093491,0,Baixo
1976385,0.196687,0,Medio
1975055,0.251898,0,Medio
1977004,0.309625,0,Alto
1977223,0.169489,0,Medio
1981464,0.089023,0,Baixo
1973649,0.399818,1,Critico
1981543,0.100877,0,Baixo
1981402,0.410196,1,Critico
1981562,0.233285,0,Medio
1981085,0.291813,0,Alto
1978037,0.069225,0,Baixo
1981154,0.212216,0,Medio
1981569,0.288344,0,Alto
1981548,0.105399,0,Baixo
1981553,0.357237,1,Alto
1981566,0.277463,0,Alto
1981484,0.144087,0,Baixo
1981529,0.058447,0,Baixo
1979564,0.197423,0,Medio
1975392,0.227298,0,Medio
1979554,0.163473,0,Medio
1981585,0.233547,0,Medio
1979902,0.41818,1,Critico
1977132,0.26183,0,Alto
1981582,0.284186,0,Alto
1981568,0.060107,0,Baixo
1978813,0.224884,0,Medio
1981591,0.331012,0,Alto
1980105,0.290442,0,Alto
1981581,0.2782,0,Alto
1979201,0.13648,0,Baixo
1981559,0.253133,0,Alto
1981573,0.146055,0,Baixo
1981180,0.327683,0,Alto
1981610,0.288979,0,Alto
1678788,0.379607,1,Critico
1981611,0.088956,0,Baixo
1981091,0.134051,0,Baixo
1981354,0.239345,0,Medio
1981504,0.194011,0,Medio
1979595,0.136962,0,Baixo
1981605,0.066409,0,Baixo
1979613,0.165724,0,Medio
1981447,0.077858,0,Baixo
1972909,0.317116,0,Alto
1726404,0.279447,0,Alto
1979837,0.175125,0,Medio
1973628,0.29192,0,Alto
1950840,0.185765,0,Medio
1977924,0.272012,0,Alto
1979023,0.239001,0,Medio
1981587,0.169869,0,Medio
1975783,0.20068,0,Medio
1981628,0.204182,0,Medio
1965738,0.138518,0,Baixo
1971583,0.082116,0,Baixo
1981627,0.135331,0,Baixo
1981620,0.199287,0,Medio
1981538,0.108987,0,Baixo
1981633,0.156538,0,Baixo
1976680,0.220556,0,Medio
1972623,0.1476,0,Baixo
1981664,0.194746,0,Medio
1981649,0.120748,0,Baixo
1981660,0.146334,0,Baixo
1978684,0.239489,0,Medio
1973705,0.317783,0,Alto
1981307,0.23083,0,Medio
1981653,0.077547,0,Baixo
1978357,0.246902,0,Medio
1981327,0.293509,0,Alto
1981606,0.144889,0,Baixo
1981679,0.229334,0,Medio
1981675,0.264293,0,Alto
1981251,0.264835,0,Alto
1981657,0.167013,0,Medio
1981676,0.1371,0,Baixo
1981334,0.167987,0,Medio
1976919,0.141703,0,Baixo
1978309,0.382374,1,Critico
1976708,0.225177,0,Medio
1981671,0.190981,0,Medio
1981683,0.292305,0,Alto
1981545,0.126331,0,Baixo
1979436,0.14684,0,Baixo
1981705,0.254901,0,Alto
1981680,0.154621,0,Baixo
1981080,0.215686,0,Medio
1981682,0.142557,0,Baixo
1981678,0.321095,0,Alto
1981686,0.155672,0,Baixo
1978608,0.183882,0,Medio
1977629,0.323942,0,Alto
1981460,0.150652,0,Baixo
1976621,0.429443,1,Critico
1974369,0.251239,0,Medio
1980931,0.102922,0,Baixo
1981376,0.080922,0,Baixo
1981222,0.225379,0,Medio
1977926,0.243908,0,Medio
1981451,0.139569,0,Baixo
1978912,0.089163,0,Baixo
1981177,0.164907,0,Medio
1973964,0.331183,0,Alto
1979644,0.215809,0,Medio
691531,0.202838,0,Medio
1975209,0.135615,0,Baixo
1977260,0.21057,0,Medio
1981661,0.169601,0,Medio
1972919,0.08164,0,Baixo
1981704,0.324448,0,Alto
1981102,0.247742,0,Medio
1981498,0.121745,0,Baixo
1981703,0.533833,1,Critico
1979912,0.162834,0,Medio
1940477,0.089145,0,Baixo
1981710,0.268129,0,Alto
1972911,0.34179,0,Alto
1980019,0.035921,0,Baixo
1977993,0.307598,0,Alto
1978753,0.098813,0,Baixo
1981681,0.105252,0,Baixo
1958580,0.32846,0,Alto
1978764,0.52628,1,Critico
1980682,0.383699,1,Critico
1974806,0.26365,0,Alto
1981723,0.156223,0,Baixo
1981607,0.172337,0,Medio
1981249,0.160432,0,Baixo
1973457,0.286698,0,Alto
1981696,0.203953,0,Medio
1981537,0.093912,0,Baixo
1981700,0.138375,0,Baixo
1981743,0.13338,0,Baixo
1980032,0.21739,0,Medio
1981337,0.20225,0,Medio
1981751,0.017089,0,Baixo
1975331,0.380497,1,Critico
1981708,0.128274,0,Baixo
1979329,0.274357,0,Alto
1981749,0.196386,0,Medio
1980903,0.233048,0,Medio
1966863,0.296804,0,Alto
1981736,0.089682,0,Baixo
1981768,0.242132,0,Medio
1979196,0.091987,0,Baixo
1981757,0.175138,0,Medio
1980629,0.102383,0,Baixo
1981616,0.424142,1,Critico
1981770,0.096478,0,Baixo
1981755,0.257922,0,Alto
1981771,0.293585,0,Alto
1981747,0.101904,0,Baixo
1981534,0.262939,0,Alto
1974786,0.436844,1,Critico
1980858,0.141682,0,Baixo
1974810,0.177374,0,Medio
1981765,0.198727,0,Medio
1981641,0.407745,1,Critico
1975543,0.098198,0,Baixo
1981773,0.236188,0,Medio
1973046,0.394667,1,Critico
1977135,0.092099,0,Baixo
1981789,0.257531,0,Alto
1978363,0.152179,0,Baixo
1981586,0.105638,0,Baixo
1981786,0.776879,1,Critico
1981701,0.0183,0,Baixo
1980905,0.108862,0,Baixo
1968596,0.295581,0,Alto
1974387,0.317956,0,Alto
1981798,0.290439,0,Alto
1981801,0.236771,0,Medio
1975031,0.115124,0,Baixo
1981036,0.209831,0,Medio
1981825,0.289287,0,Alto
1981829,0.298588,0,Alto
1976591,0.043822,0,Baixo
1981808,0.135875,0,Baixo
1981444,0.168647,0,Medio
1981820,0.280181,0,Alto
1981638,0.304722,0,Alto
1981835,0.338555,0,Alto
1981837,0.341655,0,Alto
1972228,0.192813,0,Medio
1975530,0.052743,0,Baixo
1981823,0.185844,0,Medio
1975858,0.198522,0,Medio
1980352,0.207961,0,Medio
1971948,0.081696,0,Baixo
1981479,0.156895,0,Baixo
1979166,0.140744,0,Baixo
1979542,0.184606,0,Medio
1974200,0.131685,0,Baixo
1981828,0.213313,0,Medio
1976940,0.31928,0,Alto
1979360,0.284008,0,Alto
1975552,0.215996,0,Medio
1981640,0.327972,0,Alto
1978137,0.264304,0,Alto
1975174,0.166426,0,Medio
1981822,0.184065,0,Medio
1981571,0.214683,0,Medio
1981735,0.176632,0,Medio
1978409,0.151338,0,Baixo
1981309,0.351744,1,Alto
1981488,0.242145,0,Medio
1980242,0.190875,0,Medio
1973052,0.103311,0,Baixo
1974653,0.192921,0,Medio
1981860,0.254511,0,Alto
1981674,0.133346,0,Baixo
1981861,0.100005,0,Baixo
1981867,0.112072,0,Baixo
1980252,0.130435,0,Baixo
1981865,0.235608,0,Medio
1981868,0.119789,0,Baixo
1973984,0.109958,0,Baixo
1981842,0.243707,0,Medio
1981878,0.149701,0,Baixo
1981086,0.191848,0,Medio
1981792,0.143133,0,Baixo
1970134,0.223961,0,Medio
1981870,0.080197,0,Baixo
1981826,0.177406,0,Medio
1979490,0.293802,0,Alto
1979145,0.322336,0,Alto
1972726,0.156331,0,Baixo
1977074,0.179281,0,Medio
1979586,0.120499,0,Baixo
1980340,0.083263,0,Baixo
1981894,0.152272,0,Baixo
1981345,0.261212,0,Alto
1978787,0.308201,0,Alto
1981897,0.158031,0,Baixo
1981295,0.1072,0,Baixo
1981905,0.384107,1,Critico
1981617,0.083942,0,Baixo
1966148,0.337562,0,Alto
1968157,0.439507,1,Critico
1981927,0.262078,0,Alto
1976148,0.21371,0,Medio
1981920,0.205998,0,Medio
1981926,0.155678,0,Baixo
1981944,0.151798,0,Baixo
1981933,0.239117,0,Medio
1980579,0.210536,0,Medio
1977790,0.208348,0,Medio
1981791,0.334128,0,Alto
1981924,0.10241,0,Baixo
1981928,0.067456,0,Baixo
1981565,0.194021,0,Medio
1980593,0.157628,0,Baixo
1980128,0.036088,0,Baixo
1978796,0.131774,0,Baixo
1981919,0.087523,0,Baixo
1977152,0.254078,0,Alto
1976998,0.389452,1,Critico
1981652,0.202639,0,Medio
1980864,0.111022,0,Baixo
1981948,0.019276,0,Baixo
1980758,0.241938,0,Medio
1978578,0.33949,0,Alto
1975632,0.489879,1,Critico
1973957,0.060618,0,Baixo
1981939,0.144683,0,Baixo
1981887,0.365681,1,Critico
1981556,0.248266,0,Medio
1981961,0.104256,0,Baixo
1981953,0.173009,0,Medio
1981955,0.145262,0,Baixo
1981969,0.07283,0,Baixo
1981964,0.211835,0,Medio
1975847,0.221617,0,Medio
1967437,0.212727,0,Medio
1981967,0.020775,0,Baixo
1981802,0.219696,0,Medio
1981311,0.139199,0,Baixo
1971950,0.417611,1,Critico
1981838,0.448574,1,Critico
1973387,0.329279,0,Alto
1973230,0.275555,0,Alto
1981980,0.280488,0,Alto
1981971,0.141958,0,Baixo
1982003,0.16157,0,Medio
1981760,0.179043,0,Medio
1978644,0.169368,0,Medio
1973526,0.230765,0,Medio
1976411,0.166421,0,Medio
1975774,0.29512,0,Alto
1981693,0.311401,0,Alto
1973175,0.204001,0,Medio
1980889,0.167695,0,Medio
1981982,0.245587,0,Medio
1981752,0.131303,0,Baixo
1975886,0.264116,0,Alto
1978761,0.202446,0,Medio
1981088,0.087958,0,Baixo
1964663,0.23274,0,Medio
1981991,0.100263,0,Baixo
1974899,0.313585,0,Alto
1981881,0.570807,1,Critico
1981986,0.094373,0,Baixo
1981857,0.091591,0,Baixo
1978026,0.262568,0,Alto
1981972,0.189989,0,Medio
1980026,0.224541,0,Medio
1817774,0.29145,0,Alto
1981438,0.328768,0,Alto
1981978,0.243508,0,Medio
1981487,0.258929,0,Alto
1982028,0.229505,0,Medio
1980354,0.076707,0,Baixo
1982000,0.099411,0,Baixo
1982017,0.111506,0,Baixo
1982014,0.32617,0,Alto
1978850,0.122406,0,Baixo
1947464,0.292523,0,Alto
1982005,0.168432,0,Medio
1982051,0.178417,0,Medio
1977682,0.151956,0,Baixo
1972805,0.174939,0,Medio
1982052,0.184324,0,Medio
1972658,0.198728,0,Medio
1982057,0.061387,0,Baixo
1973073,0.440264,1,Critico
1982066,0.241742,0,Medio
1974998,0.188834,0,Medio
1981994,0.324542,0,Alto
1982079,0.434913,1,Critico
1968707,0.152257,0,Baixo
1975957,0.252801,0,Alto
1976831,0.416305,1,Critico
1982073,0.323474,0,Alto
1980906,0.148394,0,Baixo
1978489,0.32255,0,Alto
1978143,0.352766,1,Alto
1982091,0.076722,0,Baixo
1970861,0.271135,0,Alto
1982053,0.085778,0,Baixo
1979172,0.192806,0,Medio
1981020,0.322027,0,Alto
1982103,0.108,0,Baixo
1982049,0.199094,0,Medio
1576367,0.112461,0,Baixo
1975409,0.138517,0,Baixo
1977030,0.228288,0,Medio
1975887,0.135538,0,Baixo
1979921,0.217497,0,Medio
1977597,0.202492,0,Medio
1982114,0.093399,0,Baixo
1982104,0.112006,0,Baixo
1982107,0.353669,1,Alto
1982116,0.142615,0,Baixo
1976078,0.1555,0,Baixo
1975418,0.129732,0,Baixo
1982125,0.201997,0,Medio
1972251,0.073024,0,Baixo
1978318,0.361795,1,Critico
1978202,0.297724,0,Alto
1977060,0.071969,0,Baixo
1979964,0.220336,0,Medio
1975810,0.105353,0,Baixo
1979081,0.254803,0,Alto
1975831,0.310913,0,Alto
1981957,0.119466,0,Baixo
1974739,0.146681,0,Baixo
1980650,0.142488,0,Baixo
1975646,0.185978,0,Medio
1975619,0.141333,0,Baixo
1982151,0.182886,0,Medio
1982154,0.15424,0,Baixo
1981734,0.476246,1,Critico
1980873,0.117136,0,Baixo
1980825,0.118093,0,Baixo
1982159,0.081056,0,Baixo
1974127,0.156908,0,Baixo
1982117,0.240304,0,Medio
1978332,0.245743,0,Medio
1974837,0.432583,1,Critico
1982158,0.041975,0,Baixo
1979162,0.10588,0,Baixo
1982137,0.447061,1,Critico
1979871,0.17202,0,Medio
1981067,0.366919,1,Critico
1982136,0.088793,0,Baixo
1980776,0.258144,0,Alto
1982146,0.472318,1,Critico
1972719,0.09306,0,Baixo
1982139,0.183654,0,Medio
1979847,0.42313,1,Critico
1975148,0.238541,0,Medio
1981540,0.318761,0,Alto
1982121,0.19461,0,Medio
1982188,0.099687,0,Baixo
1968940,0.269688,0,Alto
1981970,0.167572,0,Medio
1982203,0.5015,1,Critico
1975021,0.098436,0,Baixo
1982211,0.293524,0,Alto
1976852,0.280585,0,Alto
1977647,0.159329,0,Baixo
1974878,0.404063,1,Critico
1982213,0.206004,0,Medio
1981946,0.183365,0,Medio
1981690,0.13736,0,Baixo
1978956,0.10506,0,Baixo
1975033,0.230924,0,Medio
1982113,0.163842,0,Medio
1982183,0.115834,0,Baixo
1976122,0.125483,0,Baixo
1980210,0.307032,0,Alto
1979173,0.285308,0,Alto
1789290,0.297538,0,Alto
1981501,0.132606,0,Baixo
1934410,0.180049,0,Medio
1982245,0.411993,1,Critico
1981788,0.207642,0,Medio
1981213,0.264193,0,Alto
1982020,0.161161,0,Medio
1974338,0.338069,0,Alto
1971053,0.38178,1,Critico
1982258,0.145951,0,Baixo
1982268,0.122496,0,Baixo
1981992,0.288874,0,Alto
1960874,0.474261,1,Critico
1982277,0.19431,0,Medio
1982267,0.098258,0,Baixo
1982264,0.310144,0,Alto
1977246,0.256136,0,Alto
1982273,0.150686,0,Baixo
1973270,0.145223,0,Baixo
1982195,0.158642,0,Baixo
1981552,0.299028,0,Alto
1982288,0.268223,0,Alto
1982295,0.086179,0,Baixo
1982278,0.278624,0,Alto
1974149,0.328201,0,Alto
1973223,0.437367,1,Critico
1974967,0.099234,0,Baixo
1981785,0.14394,0,Baixo
1982152,0.254783,0,Alto
1981629,0.231083,0,Medio
1977338,0.024972,0,Baixo
1980178,0.108442,0,Baixo
1981539,0.253514,0,Alto
1982186,0.192143,0,Medio
1982281,0.378446,1,Critico
1981917,0.092256,0,Baixo
1982297,0.11938,0,Baixo
1392000,0.326829,0,Alto
1969055,0.205182,0,Medio
1982301,0.254572,0,Alto
1977999,0.334315,0,Alto
1975199,0.108712,0,Baixo
1982129,0.15184,0,Baixo
1981714,0.077183,0,Baixo
1981995,0.180283,0,Medio
1978589,0.150742,0,Baixo
1982300,0.181361,0,Medio
1982323,0.067336,0,Baixo
1982275,0.273633,0,Alto
1975056,0.301483,0,Alto
1982224,0.043008,0,Baixo
1982219,0.117218,0,Baixo
1982324,0.142991,0,Baixo
1974057,0.066197,0,Baixo
1982335,0.253232,0,Alto
1980705,0.202663,0,Medio
1981817,0.091238,0,Baixo
1982315,0.249251,0,Medio
1982337,0.108964,0,Baixo
1980704,0.282473,0,Alto
1982290,0.139621,0,Baixo
1972910,0.147596,0,Baixo
1982343,0.152502,0,Baixo
1982339,0.162527,0,Medio
1982356,0.106196,0,Baixo
1982247,0.339839,0,Alto
1972828,0.205127,0,Medio
1982102,0.251989,0,Medio
1982230,0.264673,0,Alto
1982355,0.171562,0,Medio
1974641,0.201146,0,Medio
1971540,0.244142,0,Medio
1974068,0.251152,0,Medio
1980585,0.439496,1,Critico
1977482,0.279861,0,Alto
1970013,0.400642,1,Critico
1982333,0.229727,0,Medio
1976503,0.111762,0,Baixo
1979993,0.192061,0,Medio
1971997,0.399109,1,Critico
1683345,0.232161,0,Medio
1979616,0.280279,0,Alto
1982369,0.095133,0,Baixo
1982386,0.071518,0,Baixo
1982225,0.158839,0,Baixo
1982228,0.220013,0,Medio
1982370,0.236504,0,Medio
1982380,0.188453,0,Medio
1982336,0.155175,0,Baixo
1982352,0.312768,0,Alto
1979392,0.42805,1,Critico
1961427,0.123321,0,Baixo
1975305,0.306196,0,Alto
1982392,0.130405,0,Baixo
1975794,0.158876,0,Baixo
1982391,0.162844,0,Medio
1982376,0.106815,0,Baixo
1982378,0.288585,0,Alto
1980595,0.31797,0,Alto
1976300,0.302768,0,Alto
1973246,0.480971,1,Critico
1939002,0.105933,0,Baixo
1982226,0.077759,0,Baixo
1982243,0.231366,0,Medio
1979387,0.164069,0,Medio
1978348,0.357663,1,Alto
1982402,0.033696,0,Baixo
1982289,0.254913,0,Alto
1982276,0.147367,0,Baixo
1950850,0.252535,0,Alto
1977133,0.130386,0,Baixo
1979737,0.160256,0,Baixo
1981973,0.106803,0,Baixo
1979068,0.091535,0,Baixo
1981985,0.234057,0,Medio
1976657,0.19411,0,Medio
1975922,0.213815,0,Medio
1979292,0.139915,0,Baixo
857807,0.16068,0,Medio
1982435,0.06643,0,Baixo
1978603,0.081551,0,Baixo
1982429,0.240341,0,Medio
1982433,0.102023,0,Baixo
1982436,0.322032,0,Alto
1976850,0.310988,0,Alto
1982418,0.142118,0,Baixo
1982231,0.217966,0,Medio
1978070,0.12879,0,Baixo
1982394,0.261657,0,Alto
1978567,0.235621,0,Medio
1564426,0.32016,0,Alto
1979755,0.231016,0,Medio
1956545,0.162389,0,Medio
1969775,0.08195,0,Baixo
1982452,0.171754,0,Medio
1980115,0.249085,0,Medio
1982458,0.203454,0,Medio
1982439,0.09639,0,Baixo
1982282,0.200399,0,Medio
1982441,0.230691,0,Medio
1982455,0.21345,0,Medio
1982469,0.156042,0,Baixo
1970727,0.084637,0,Baixo
1982467,0.074128,0,Baixo
1979403,0.105794,0,Baixo
1981908,0.18311,0,Medio
1982478,0.405217,1,Critico
1982255,0.083143,0,Baixo
1966340,0.351996,1,Alto
1982432,0.08053,0,Baixo
1982479,0.144527,0,Baixo
848375,0.127664,0,Baixo
1981362,0.307663,0,Alto
1976941,0.03911,0,Baixo
1982440,0.327269,0,Alto
1982468,0.217278,0,Medio
1976214,0.252991,0,Alto
1981089,0.2522,0,Alto
1982483,0.167256,0,Medio
1979673,0.072291,0,Baixo
1979379,0.240862,0,Medio
1982372,0.213813,0,Medio
1977094,0.144091,0,Baixo
1982377,0.159885,0,Baixo
1982397,0.101183,0,Baixo
1982459,0.212257,0,Medio
1970881,0.115351,0,Baixo
1979751,0.231306,0,Medio
1898131,0.184486,0,Medio
1982481,0.128702,0,Baixo
1982477,0.139185,0,Baixo
1976061,0.33086,0,Alto
1982407,0.420198,1,Critico
1980283,0.063213,0,Baixo
1979083,0.332993,0,Alto
1982471,0.185759,0,Medio
1982464,0.081362,0,Baixo
1980632,0.11399,0,Baixo
1967468,0.173293,0,Medio
1981043,0.485044,1,Critico
1982510,0.120704,0,Baixo
1972849,0.31392,0,Alto
1982509,0.112285,0,Baixo
1982498,0.080204,0,Baixo
1982508,0.277058,0,Alto
1974780,0.203209,0,Medio
1982517,0.211362,0,Medio
1976867,0.144383,0,Baixo
1981648,0.12693,0,Baixo
1982521,0.264183,0,Alto
1982501,0.076327,0,Baixo
1982522,0.226959,0,Medio
1982516,0.129724,0,Baixo
1982399,0.125453,0,Baixo
1982520,0.103875,0,Baixo
1977643,0.321287,0,Alto
1982511,0.231672,0,Medio
1974978,0.246177,0,Medio
1982530,0.197961,0,Medio
1982528,0.241604,0,Medio
1982546,0.183996,0,Medio
1980859,0.274504,0,Alto
1982555,0.187056,0,Medio
1982556,0.451363,1,Critico
1979722,0.225981,0,Medio
1981614,0.627033,1,Critico
1982566,0.098078,0,Baixo
1980665,0.342538,0,Alto
1982568,0.224518,0,Medio
1981759,0.096541,0,Baixo
1982588,0.103983,0,Baixo
1980961,0.29042,0,Alto
1980613,0.117678,0,Baixo
1974421,0.116598,0,Baixo
1980176,0.115882,0,Baixo
1982592,0.213758,0,Medio
1982594,0.135995,0,Baixo
1974198,0.362354,1,Critico
1751530,0.189346,0,Medio
1982597,0.169405,0,Medio
1981603,0.337971,0,Alto
1982609,0.100582,0,Baixo
1968249,0.184794,0,Medio
1982612,0.075906,0,Baixo
1844177,0.288426,0,Alto
1980894,0.141166,0,Baixo
1961905,0.19112,0,Medio
1323222,0.213057,0,Medio
1979859,0.25604,0,Alto
1974678,0.181413,0,Medio
1982619,0.172473,0,Medio
1982628,0.0619,0,Baixo
1981455,0.070425,0,Baixo
1971856,0.350745,0,Alto
1981065,0.185787,0,Medio
1970218,0.23455,0,Medio
1982631,0.241803,0,Medio
1981363,0.120822,0,Baixo
1976514,0.153376,0,Baixo
1980784,0.25319,0,Alto
1982632,0.10897,0,Baixo
1982643,0.186347,0,Medio
1982729,0.135715,0,Baixo
1982712,0.073679,0,Baixo
1982676,0.048039,0,Baixo
1982711,0.101739,0,Baixo
1982700,0.174981,0,Medio
1982681,0.056773,0,Baixo
1982679,0.060765,0,Baixo
1980142,0.287251,0,Alto
1982682,0.153036,0,Baixo
1982674,0.041865,0,Baixo
1982716,0.099204,0,Baixo
1982735,0.158503,0,Baixo
1982678,0.189726,0,Medio
1982760,0.13367,0,Baixo
1982768,0.121594,0,Baixo
1982705,0.122951,0,Baixo
1982701,0.062939,0,Baixo
1979363,0.075714,0,Baixo
1982677,0.210053,0,Medio
1982687,0.115495,0,Baixo
1982750,0.171225,0,Medio
1982720,0.147769,0,Baixo
1982737,0.169267,0,Medio
1982659,0.27644,0,Alto
1982828,0.096672,0,Baixo
1982834,0.111279,0,Baixo
1982755,0.130441,0,Baixo
1982696,0.112419,0,Baixo
828025,0.166573,0,Medio
1966681,0.133778,0,Baixo
1982740,0.106547,0,Baixo
1982758,0.044988,0,Baixo
1982792,0.049091,0,Baixo
1982743,0.09183,0,Baixo
1982827,0.075549,0,Baixo
1982878,0.060056,0,Baixo
1981990,0.190185,0,Medio
1982838,0.05583,0,Baixo
1981762,0.065014,0,Baixo
1957452,0.386818,1,Critico
1982726,0.225765,0,Medio
1971109,0.161781,0,Medio
1982706,0.079539,0,Baixo
1982861,0.043708,0,Baixo
1982903,0.52455,1,Critico
1982928,0.041619,0,Baixo
1982870,0.151815,0,Baixo
1982438,0.277942,0,Alto
1982120,0.087385,0,Baixo
1982941,0.394282,1,Critico
1982946,0.193235,0,Medio
1982894,0.081855,0,Baixo
1982862,0.186061,0,Medio
1982899,0.044006,0,Baixo
1972606,0.291023,0,Alto
1982694,0.12791,0,Baixo
1982931,0.633363,1,Critico
1982815,0.091925,0,Baixo
1982717,0.112881,0,Baixo
1982979,0.150675,0,Baixo
1982950,0.096052,0,Baixo
1978927,0.203124,0,Medio
1982765,0.131837,0,Baixo
1978532,0.122801,0,Baixo
1982992,0.082398,0,Baixo
1982968,0.076038,0,Baixo
1982904,0.144901,0,Baixo
1983008,0.19724,0,Medio
1983001,0.136372,0,Baixo
1982314,0.060601,0,Baixo
1981019,0.192805,0,Medio
1982772,0.044669,0,Baixo
1983012,0.103099,0,Baixo
1982956,0.165891,0,Medio
1983009,0.241395,0,Medio
1982986,0.191664,0,Medio
1977306,0.089138,0,Baixo
1983049,0.104366,0,Baixo
1983066,0.04828,0,Baixo
1982852,0.143703,0,Baixo
1983037,0.044835,0,Baixo
1983076,0.16578,0,Medio
1983082,0.09555,0,Baixo
1983050,0.1219,0,Baixo
1983063,0.10561,0,Baixo
1983098,0.141952,0,Baixo
1981551,0.404072,1,Critico
1981440,0.426969,1,Critico
1983085,0.325165,0,Alto
1610633,0.099112,0,Baixo
1980891,0.225769,0,Medio
1979628,0.324459,0,Alto
1983101,0.246193,0,Medio
1983111,0.095723,0,Baixo
1982598,0.162547,0,Medio
1983090,0.217868,0,Medio
1983096,0.146124,0,Baixo
1983150,0.205748,0,Medio
1983129,0.136379,0,Baixo
1957248,0.463148,1,Critico
1982699,0.098741,0,Baixo
1982756,0.243809,0,Medio
1442393,0.135793,0,Baixo
1983145,0.11071,0,Baixo
1982584,0.083256,0,Baixo
1983132,0.133925,0,Baixo
1982456,0.076097,0,Baixo
1983157,0.172538,0,Medio
1983155,0.06161,0,Baixo
1983113,0.110301,0,Baixo
1979159,0.140008,0,Baixo
1981764,0.106719,0,Baixo
1817699,0.180561,0,Medio
1983168,0.056724,0,Baixo
1983189,0.219601,0,Medio
1982739,0.114158,0,Baixo
1983199,0.10512,0,Baixo
1983184,0.195173,0,Medio
1983188,0.131784,0,Baixo
1983209,0.141916,0,Baixo
1982430,0.146562,0,Baixo
1979932,0.266538,0,Alto
1977247,0.211634,0,Medio
1982199,0.275713,0,Alto
1983142,0.291189,0,Alto
1983228,0.104658,0,Baixo
1982330,0.181519,0,Medio
1983218,0.206125,0,Medio
1973446,0.293429,0,Alto
1983239,0.078007,0,Baixo
1982274,0.25065,0,Medio
1979745,0.215525,0,Medio
1980463,0.258671,0,Alto
1983250,0.111889,0,Baixo
1981022,0.214449,0,Medio
1983181,0.062826,0,Baixo
1982780,0.148128,0,Baixo
1980733,0.069767,0,Baixo
1975272,0.139978,0,Baixo
1978471,0.099264,0,Baixo
1983269,0.346246,0,Alto
1983284,0.254823,0,Alto
1983287,0.189896,0,Medio
1978464,0.292525,0,Alto
1983068,0.097211,0,Baixo
1982412,0.307797,0,Alto
1983286,0.180185,0,Medio
1983290,0.114919,0,Baixo
1983275,0.079593,0,Baixo
1983314,0.285824,0,Alto
1983313,0.268329,0,Alto
1983266,0.282076,0,Alto
1983304,0.12438,0,Baixo
1983276,0.186279,0,Medio
1983322,0.341602,0,Alto
1983325,0.144607,0,Baixo
1983345,0.292073,0,Alto
1980272,0.085204,0,Baixo
1983347,0.351088,1,Alto
1977757,0.279892,0,Alto
1952177,0.095967,0,Baixo
1983318,0.250008,0,Medio
1982033,0.106793,0,Baixo
1983306,0.101929,0,Baixo
1983282,0.218591,0,Medio
1983363,0.188073,0,Medio
1983367,0.229648,0,Medio
1983388,0.242821,0,Medio
1983350,0.415483,1,Critico
1982976,0.044006,0,Baixo
1971510,0.116982,0,Baixo
1979608,0.148907,0,Baixo
1978499,0.091006,0,Baixo
1983386,0.152522,0,Baixo
1983371,0.182819,0,Medio
1983404,0.140558,0,Baixo
1983246,0.265178,0,Alto
1977241,0.102716,0,Baixo
1976030,0.46301,1,Critico
1958836,0.308847,0,Alto
1973306,0.242406,0,Medio
1981072,0.225299,0,Medio
1983417,0.347597,0,Alto
1983429,0.258284,0,Alto
1978922,0.101276,0,Baixo
1981267,0.144524,0,Baixo
1980487,0.332708,0,Alto
1983431,0.150957,0,Baixo
1983443,0.258718,0,Alto
1980205,0.121547,0,Baixo
1983444,0.186589,0,Medio
1983353,0.124118,0,Baixo
1978864,0.270695,0,Alto
1983020,0.090408,0,Baixo
1983463,0.260968,0,Alto
1981037,0.13925,0,Baixo
1966229,0.073522,0,Baixo
1981800,0.368252,1,Critico
1983471,0.704335,1,Critico
1983495,0.108345,0,Baixo
1983458,0.134858,0,Baixo
1975166,0.178751,0,Medio
1983485,0.199328,0,Medio
1983474,0.207825,0,Medio
1983507,0.112566,0,Baixo
1983505,0.078562,0,Baixo
1983528,0.305166,0,Alto
1954916,0.161393,0,Medio
1983532,0.124951,0,Baixo
1983537,0.171092,0,Medio
1983513,0.145603,0,Baixo
1983527,0.0643,0,Baixo
1981281,0.122406,0,Baixo
1983543,0.080814,0,Baixo
1983112,0.224848,0,Medio
1983433,0.092257,0,Baixo
1982428,0.251496,0,Medio
1979152,0.218503,0,Medio
1982354,0.216592,0,Medio
1980063,0.107534,0,Baixo
1968424,0.358367,1,Critico
1983541,0.24396,0,Medio
1983570,0.345505,0,Alto
1980373,0.27458,0,Alto
1983589,0.139112,0,Baixo
1976670,0.245105,0,Medio
1982774,0.041172,0,Baixo
1977398,0.182939,0,Medio
1981597,0.430753,1,Critico
1983437,0.301838,0,Alto
1983568,0.279806,0,Alto
1983594,0.069494,0,Baixo
1983575,0.043512,0,Baixo
1979833,0.116574,0,Baixo
1983592,0.133027,0,Baixo
1982239,0.115043,0,Baixo
1976224,0.083942,0,Baixo
1983583,0.261583,0,Alto
1972117,0.139194,0,Baixo
1983596,0.23707,0,Medio
1983604,0.273464,0,Alto
1983603,0.47579,1,Critico
1983620,0.095602,0,Baixo
1982794,0.055653,0,Baixo
1973071,0.322887,0,Alto
1983611,0.122523,0,Baixo
1983577,0.251989,0,Medio
1983605,0.321033,0,Alto
1983619,0.147842,0,Baixo
1982913,0.11718,0,Baixo
1965420,0.386075,1,Critico
1977833,0.264744,0,Alto
1979450,0.074069,0,Baixo
1983613,0.362677,1,Critico
1819825,0.118135,0,Baixo
1983660,0.08872,0,Baixo
1968953,0.175855,0,Medio
1975030,0.22271,0,Medio
1982453,0.115414,0,Baixo
1983656,0.106341,0,Baixo
1983674,0.134808,0,Baixo
1899642,0.155854,0,Baixo
1983670,0.121449,0,Baixo
1975775,0.242689,0,Medio
1981713,0.042745,0,Baixo
1983673,0.361162,1,Critico
1982149,0.135802,0,Baixo
1981396,0.215251,0,Medio
1975954,0.232163,0,Medio
1978566,0.168921,0,Medio
1967038,0.154924,0,Baixo
1982565,0.153014,0,Baixo
1983691,0.446551,1,Critico
1983509,0.128188,0,Baixo
1983214,0.347914,0,Alto
1983694,0.110955,0,Baixo
1983700,0.22715,0,Medio
1983707,0.266487,0,Alto
1980030,0.069707,0,Baixo
1981923,0.157683,0,Baixo
1983709,0.240062,0,Medio
1977448,0.219027,0,Medio
1983698,0.11523,0,Baixo
1983467,0.014819,0,Baixo
1983720,0.235769,0,Medio
1983730,0.178738,0,Medio
1975239,0.20441,0,Medio
1983717,0.474881,1,Critico
1983649,0.238411,0,Medio
1983738,0.100628,0,Baixo
1983741,0.346032,0,Alto
1983743,0.168118,0,Medio
1983618,0.048492,0,Baixo
1969265,0.179088,0,Medio
1983734,0.09863,0,Baixo
1980117,0.335915,0,Alto
1975822,0.105961,0,Baixo
1983662,0.087608,0,Baixo
1983740,0.143828,0,Baixo
1983750,0.172086,0,Medio
1982845,0.061738,0,Baixo
1983775,0.228453,0,Medio
1983773,0.144014,0,Baixo
1983774,0.187143,0,Medio
1983784,0.045866,0,Baixo
1983497,0.107932,0,Baixo
1980263,0.181648,0,Medio
1966413,0.257379,0,Alto
1983788,0.130424,0,Baixo
1975635,0.266459,0,Alto
1931022,0.146443,0,Baixo
1981358,0.188827,0,Medio
1983440,0.166788,0,Medio
1983814,0.064567,0,Baixo
1982061,0.091626,0,Baixo
1983816,0.091182,0,Baixo
1983802,0.311121,0,Alto
1983827,0.100674,0,Baixo
1983791,0.03096,0,Baixo
1983792,0.122063,0,Baixo
1983794,0.102027,0,Baixo
1978505,0.138656,0,Baixo
1983852,0.182621,0,Medio
1982012,0.129378,0,Baixo
1983861,0.126998,0,Baixo
1983860,0.116356,0,Baixo
1983853,0.093792,0,Baixo
1983826,0.162483,0,Medio
1980996,0.096257,0,Baixo
1983805,0.281226,0,Alto
1983782,0.168651,0,Medio
1983621,0.090621,0,Baixo
1983870,0.211202,0,Medio
1983874,0.54678,1,Critico
1983545,0.235017,0,Medio
1983880,0.367496,1,Critico
1983011,0.068861,0,Baixo
1981639,0.180786,0,Medio
1982570,0.098158,0,Baixo
1983888,0.115811,0,Baixo
958364,0.153185,0,Baixo
1867754,0.212181,0,Medio
1983868,0.267331,0,Alto
1983798,0.376457,1,Critico
1983909,0.23402,0,Medio
1983877,0.093906,0,Baixo
1983835,0.416111,1,Critico
1983905,0.130785,0,Baixo
1983686,0.130968,0,Baixo
1978540,0.107949,0,Baixo
1973268,0.086406,0,Baixo
1975751,0.161664,0,Medio
1977528,0.13124,0,Baixo
1977344,0.127829,0,Baixo
1983901,0.103457,0,Baixo
1983767,0.272425,0,Alto
1983920,0.340854,0,Alto
1983817,0.161077,0,Medio
1983529,0.220037,0,Medio
1983648,0.219481,0,Medio
1983712,0.086928,0,Baixo
1983934,0.282488,0,Alto
1795861,0.123755,0,Baixo
1982475,0.126314,0,Baixo
1982320,0.279093,0,Alto
1983183,0.176158,0,Medio
1983939,0.078986,0,Baixo
1975834,0.138699,0,Baixo
1983942,0.315325,0,Alto
1981015,0.397612,1,Critico
1983885,0.249561,0,Medio
1976404,0.262753,0,Alto
1983699,0.244684,0,Medio
1983950,0.090841,0,Baixo
1720534,0.217359,0,Medio
1983754,0.096152,0,Baixo
1983966,0.20636,0,Medio
1983957,0.181098,0,Medio
1983974,0.201577,0,Medio
1966016,0.158188,0,Baixo
1982329,0.371266,1,Critico
1983863,0.231349,0,Medio
1983894,0.159414,0,Baixo
1983948,0.116,0,Baixo
1983965,0.065624,0,Baixo
1975179,0.389071,1,Critico
1983951,0.166181,0,Medio
1983984,0.061821,0,Baixo
1983576,0.1023,0,Baixo
1983830,0.37216,1,Critico
1983961,0.172937,0,Medio
1983959,0.197845,0,Medio
536323,0.196315,0,Medio
1983964,0.061161,0,Baixo
1982448,0.247034,0,Medio
1984012,0.106886,0,Baixo
1983445,0.017549,0,Baixo
1982821,0.157834,0,Baixo
1984001,0.089501,0,Baixo
1977342,0.241031,0,Medio
1983971,0.22929,0,Medio
1982602,0.209107,0,Medio
1984003,0.121636,0,Baixo
1981298,0.05605,0,Baixo
1984023,0.062675,0,Baixo
1984039,0.067801,0,Baixo
1974235,0.079344,0,Baixo
1977588,0.101629,0,Baixo
1965371,0.210819,0,Medio
1982068,0.19516,0,Medio
1984043,0.074057,0,Baixo
1982233,0.157785,0,Baixo
1984047,0.194981,0,Medio
1983976,0.120911,0,Baixo
1983890,0.169884,0,Medio
1984037,0.271359,0,Alto
1973320,0.340911,0,Alto
1984065,0.092631,0,Baixo
1930316,0.154745,0,Baixo
1983928,0.175695,0,Medio
1983993,0.161258,0,Medio
1978511,0.285807,0,Alto
1980258,0.178693,0,Medio
1984045,0.084242,0,Baixo
1979784,0.089013,0,Baixo
1984076,0.349514,0,Alto
1973013,0.316719,0,Alto
1984007,0.121772,0,Baixo
1984081,0.251574,0,Medio
1983912,0.087268,0,Baixo
1983997,0.141236,0,Baixo
1984066,0.174997,0,Medio
1984082,0.069124,0,Baixo
1984022,0.240126,0,Medio
1979670,0.130169,0,Baixo
1984053,0.167174,0,Medio
1984068,0.108653,0,Baixo
1984088,0.109383,0,Baixo
1984093,0.070594,0,Baixo
1984086,0.135828,0,Baixo
1977395,0.069398,0,Baixo
1984120,0.092293,0,Baixo
1984114,0.133059,0,Baixo
1984101,0.106116,0,Baixo
1974879,0.097755,0,Baixo
1977631,0.324661,0,Alto
1984079,0.224297,0,Medio
1984095,0.214236,0,Medio
1984117,0.396048,1,Critico
1984100,0.129167,0,Baixo
1984112,0.063409,0,Baixo
1984020,0.089468,0,Baixo
1984107,0.165327,0,Medio
1984115,0.24477,0,Medio
1980097,0.190333,0,Medio
1983866,0.033316,0,Baixo
1970275,0.114044,0,Baixo
1981896,0.228172,0,Medio
1984155,0.251243,0,Medio
1984148,0.131607,0,Baixo
1975501,0.081375,0,Baixo
1984144,0.218755,0,Medio
1984147,0.06064,0,Baixo
1984152,0.073623,0,Baixo
1984162,0.133599,0,Baixo
1984011,0.335401,0,Alto
1984143,0.271864,0,Alto
1984166,0.243452,0,Medio
1983973,0.443886,1,Critico
1984149,0.074916,0,Baixo
1982591,0.35043,0,Alto
1980435,0.073529,0,Baixo
1984156,0.201491,0,Medio
1983677,0.238599,0,Medio
1984175,0.101424,0,Baixo
1970294,0.163935,0,Medio
1984157,0.147691,0,Baixo
1984132,0.20209,0,Medio
1984161,0.189452,0,Medio
1984050,0.348564,0,Alto
1974239,0.324124,0,Alto
1983969,0.291495,0,Alto
1984176,0.344942,0,Alto
1984130,0.107949,0,Baixo
1982692,0.225319,0,Medio
1984182,0.116667,0,Baixo
1983812,0.194632,0,Medio
1981715,0.087505,0,Baixo
1984190,0.123424,0,Baixo
1980772,0.432899,1,Critico
1984183,0.270514,0,Alto
1984211,0.09493,0,Baixo
1960986,0.185298,0,Medio
1984207,0.192651,0,Medio
475601,0.175804,0,Medio
1984070,0.207258,0,Medio
1768199,0.201759,0,Medio
1981462,0.1945,0,Medio
1984218,0.071397,0,Baixo
1984169,0.458353,1,Critico
1984198,0.332559,0,Alto
1960018,0.091822,0,Baixo
1984230,0.288597,0,Alto
1984052,0.11482,0,Baixo
1984237,0.348781,0,Alto
1984234,0.242305,0,Medio
1981424,0.179904,0,Medio
1980411,0.172614,0,Medio
1984255,0.150239,0,Baixo
1983534,0.237465,0,Medio
1983900,0.419655,1,Critico
1984248,0.469815,1,Critico
1984185,0.12762,0,Baixo
1982138,0.167192,0,Medio
1979748,0.291712,0,Alto
1984243,0.090468,0,Baixo
1968425,0.149605,0,Baixo
1983837,0.189568,0,Medio
1974782,0.184203,0,Medio
1978651,0.155716,0,Baixo
1984275,0.150856,0,Baixo
1984278,0.118605,0,Baixo
1979664,0.247823,0,Medio
1975540,0.318781,0,Alto
1983926,0.199953,0,Medio
1984269,0.475986,1,Critico
1984016,0.17344,0,Medio
1984285,0.113762,0,Baixo
1976210,0.305467,0,Alto
1885347,0.34096,0,Alto
1984286,0.23715,0,Medio
1984272,0.255237,0,Alto
1984233,0.193231,0,Medio
1984284,0.087279,0,Baixo
1984287,0.095194,0,Baixo
1983915,0.12229,0,Baixo
1980779,0.182725,0,Medio
1984279,0.166618,0,Medio
1984299,0.038566,0,Baixo
1984266,0.286713,0,Alto
1984131,0.233487,0,Medio
1984307,0.07347,0,Baixo
1973340,0.242905,0,Medio
1984265,0.140049,0,Baixo
1981304,0.072307,0,Baixo
1984317,0.272065,0,Alto
1984186,0.188989,0,Medio
561485,0.256056,0,Alto
1984340,0.078467,0,Baixo
1968914,0.182776,0,Medio
1984349,0.206515,0,Medio
1981592,0.103577,0,Baixo
1982550,0.163635,0,Medio
1984358,0.09025,0,Baixo
1984364,0.039047,0,Baixo
1984345,0.260242,0,Alto
1982536,0.05435,0,Baixo
1984347,0.42705,1,Critico
1329218,0.213799,0,Medio
1984226,0.361242,1,Critico
1984371,0.483247,1,Critico
1984343,0.06436,0,Baixo
1984335,0.216061,0,Medio
1984383,0.133069,0,Baixo
1984360,0.080273,0,Baixo
1976339,0.126732,0,Baixo
1984369,0.729433,1,Critico
1984381,0.36339,1,Critico
1984392,0.11197,0,Baixo
1984379,0.254813,0,Alto
1984396,0.135554,0,Baixo
1984387,0.031446,0,Baixo
1979456,0.132586,0,Baixo
1984399,0.025707,0,Baixo
1984060,0.18851,0,Medio
1969931,0.05077,0,Baixo
1984407,0.26224,0,Alto
1984408,0.234619,0,Medio
1982465,0.399016,1,Critico
1984414,0.047562,0,Baixo
1983994,0.181522,0,Medio
1976604,0.046145,0,Baixo
1984413,0.13805,0,Baixo
1984316,0.088337,0,Baixo
1972432,0.266717,0,Alto
1562878,0.325749,0,Alto
1984217,0.193259,0,Medio
1984431,0.245375,0,Medio
1981654,0.25278,0,Alto
1980587,0.118581,0,Baixo
1984447,0.224968,0,Medio
1983383,0.106927,0,Baixo
1981859,0.066487,0,Baixo
1984441,0.365847,1,Critico
1973070,0.164341,0,Medio
1953888,0.280811,0,Alto
1984464,0.089441,0,Baixo
1979459,0.101834,0,Baixo
1984455,0.152296,0,Baixo
1972678,0.273118,0,Alto
1977578,0.194558,0,Medio
1984470,0.070583,0,Baixo
1984468,0.182566,0,Medio
1984481,0.085752,0,Baixo
1984463,0.140618,0,Baixo
1984475,0.03364,0,Baixo
1984473,0.045403,0,Baixo
1984483,0.113007,0,Baixo
1984429,0.052849,0,Baixo
1984482,0.099266,0,Baixo
1984467,0.310615,0,Alto
1984502,0.247163,0,Medio
1984492,0.047992,0,Baixo
1978606,0.201279,0,Medio
1984484,0.044011,0,Baixo
1984325,0.211838,0,Medio
1984087,0.090122,0,Baixo
1970609,0.068719,0,Baixo
1979020,0.449085,1,Critico
1982445,0.305711,0,Alto
1984488,0.069356,0,Baixo
1984133,0.177451,0,Medio
1983227,0.153523,0,Baixo
1984509,0.323285,0,Alto
1984518,0.017187,0,Baixo
1984500,0.086191,0,Baixo
1962072,0.095911,0,Baixo
1984477,0.139592,0,Baixo
1984229,0.265406,0,Alto
1984503,0.316605,0,Alto
1981732,0.087311,0,Baixo
1981360,0.223967,0,Medio
1984538,0.179075,0,Medio
1968333,0.404783,1,Critico
1984541,0.333279,0,Alto
1983572,0.062923,0,Baixo
1984561,0.154249,0,Baixo
1980679,0.273305,0,Alto
1984466,0.09272,0,Baixo
1984563,0.202172,0,Medio
1980946,0.04814,0,Baixo
1982868,0.142252,0,Baixo
1982847,0.102685,0,Baixo
1982937,0.219835,0,Medio
1980739,0.204084,0,Medio
1982697,0.069457,0,Baixo
1974894,0.0976,0,Baixo
1984581,0.120117,0,Baixo
1984420,0.290529,0,Alto
1982470,0.209688,0,Medio
1418831,0.272888,0,Alto
1984590,0.138828,0,Baixo
1983580,0.263055,0,Alto
1984597,0.04627,0,Baixo
1984591,0.029761,0,Baixo
1984606,0.152713,0,Baixo
1984609,0.059701,0,Baixo
1983032,0.123081,0,Baixo
1982806,0.327429,0,Alto
1978909,0.200311,0,Medio
1979217,0.144403,0,Baixo
1973323,0.140601,0,Baixo
1984573,0.130604,0,Baixo
1984629,0.225354,0,Medio
1966527,0.165778,0,Medio
1980202,0.17134,0,Medio
1974532,0.330422,0,Alto
1984633,0.093959,0,Baixo
1977337,0.346229,0,Alto
1984118,0.179675,0,Medio
1984055,0.217388,0,Medio
1984635,0.227848,0,Medio
1980689,0.124884,0,Baixo
1984642,0.34796,0,Alto
1984599,0.132284,0,Baixo
1983119,0.042959,0,Baixo
1954856,0.188101,0,Medio
1984647,0.171533,0,Medio
1979874,0.252703,0,Alto
1984474,0.026879,0,Baixo
1980398,0.186885,0,Medio
1984649,0.109044,0,Baixo
1984668,0.040415,0,Baixo
1983867,0.05285,0,Baixo
1984667,0.06103,0,Baixo
1984662,0.108375,0,Baixo
1983598,0.125823,0,Baixo
1984663,0.149155,0,Baixo
1984671,0.325629,0,Alto
1981382,0.079606,0,Baixo
1984664,0.542122,1,Critico
1978211,0.219579,0,Medio
1984686,0.078319,0,Baixo
1984689,0.088965,0,Baixo
1950973,0.232574,0,Medio
1984695,0.133814,0,Baixo
1983906,0.213522,0,Medio
1968387,0.332235,0,Alto
1984264,0.067137,0,Baixo
1972207,0.262391,0,Alto
1982642,0.154272,0,Baixo
1976331,0.281434,0,Alto
1973927,0.379658,1,Critico
1982321,0.162914,0,Medio
1984685,0.685154,1,Critico
1984731,0.148468,0,Baixo
1984733,0.121835,0,Baixo
1984739,0.068532,0,Baixo
686958,0.379706,1,Critico
1984740,0.234889,0,Medio
1984745,0.16426,0,Medio
1974659,0.095884,0,Baixo
1984749,0.148619,0,Baixo
1976142,0.158925,0,Baixo
1984748,0.191624,0,Medio
1984790,0.118553,0,Baixo
1982016,0.216328,0,Medio
1984734,0.205217,0,Medio
1984773,0.095716,0,Baixo
1984803,0.123748,0,Baixo
1975793,0.284308,0,Alto
1984460,0.129746,0,Baixo
1976417,0.136007,0,Baixo
1975145,0.105212,0,Baixo
1984380,0.281127,0,Alto
1984813,0.216742,0,Medio
1984789,0.059182,0,Baixo
1984828,0.399332,1,Critico
1978195,0.135451,0,Baixo
1984833,0.046765,0,Baixo
1978715,0.326578,0,Alto
1972059,0.052276,0,Baixo
1984843,0.381849,1,Critico
1984850,0.180934,0,Medio
1984747,0.147209,0,Baixo
1984860,0.220378,0,Medio
1984862,0.250602,0,Medio
1966041,0.133319,0,Baixo
1984880,0.212283,0,Medio
1984855,0.165508,0,Medio
1984807,0.244714,0,Medio
1984893,0.03872,0,Baixo
1984861,0.059953,0,Baixo
1984598,0.150333,0,Baixo
1969394,0.140753,0,Baixo
1984894,0.141878,0,Baixo
1984902,0.172877,0,Medio
1984858,0.26921,0,Alto
1984920,0.153606,0,Baixo
1984903,0.180639,0,Medio
1984905,0.341454,0,Alto
1984928,0.136824,0,Baixo
1984845,0.039816,0,Baixo
1974375,0.222768,0,Medio
1984810,0.094963,0,Baixo
1960894,0.305408,0,Alto
1984923,0.353159,1,Alto
1984933,0.194567,0,Medio
1984281,0.346554,0,Alto
1971767,0.049083,0,Baixo
1983956,0.358829,1,Critico
1984950,0.215697,0,Medio
1968440,0.68348,1,Critico
1984835,0.031784,0,Baixo
1984955,0.244758,0,Medio
1984961,0.359258,1,Critico
1969410,0.275431,0,Alto
1984957,0.330763,0,Alto
1984964,0.047279,0,Baixo
1984963,0.127655,0,Baixo
1984694,0.363531,1,Critico
1984917,0.191828,0,Medio
1979527,0.158085,0,Baixo
1984982,0.112549,0,Baixo
1982148,0.086857,0,Baixo
1984886,0.07082,0,Baixo
1981797,0.143446,0,Baixo
1984235,0.085676,0,Baixo
1984988,0.140969,0,Baixo
1984997,0.284977,0,Alto
1984998,0.299815,0,Alto
1984974,0.078233,0,Baixo
1985005,0.282574,0,Alto
1985002,0.085379,0,Baixo
1895462,0.147396,0,Baixo
1984995,0.243317,0,Medio
1984805,0.114538,0,Baixo
1984263,0.101097,0,Baixo
1985004,0.25461,0,Alto
1985011,0.043602,0,Baixo
1985003,0.295891,0,Alto
1982523,0.159518,0,Baixo
1983780,0.202057,0,Medio
1985034,0.206968,0,Medio
1985035,0.217718,0,Medio
1985036,0.121795,0,Baixo
1985038,0.39038,1,Critico
1985039,0.289484,0,Alto
1983756,0.04083,0,Baixo
1980672,0.256919,0,Alto
1981841,0.257787,0,Alto
1985040,0.223594,0,Medio
1980658,0.350355,0,Alto
1985046,0.112994,0,Baixo
1985027,0.141111,0,Baixo
1982460,0.107178,0,Baixo
1983324,0.061905,0,Baixo
1985050,0.232279,0,Medio
1982784,0.215392,0,Medio
1981361,0.134478,0,Baixo
1983277,0.170837,0,Medio
1985058,0.203591,0,Medio
1984937,0.367728,1,Critico
1977125,0.204604,0,Medio
1984763,0.451203,1,Critico
1985033,0.367761,1,Critico
1985048,0.065841,0,Baixo
1985063,0.094214,0,Baixo
1979163,0.084985,0,Baixo
1983610,0.075166,0,Baixo
1897218,0.144842,0,Baixo
1985080,0.416513,1,Critico
1985091,0.114085,0,Baixo
1985049,0.25006,0,Medio
1976338,0.026981,0,Baixo
1985107,0.197878,0,Medio
1985105,0.234916,0,Medio
1983725,0.110033,0,Baixo
1985115,0.286002,0,Alto
1749287,0.134153,0,Baixo
1983064,0.386811,1,Critico
1979197,0.307549,0,Alto
1978004,0.114344,0,Baixo
1985120,0.40005,1,Critico
1985109,0.269487,0,Alto
1311849,0.173285,0,Medio
1985106,0.229189,0,Medio
1985060,0.185695,0,Medio
1985128,0.266749,0,Alto
1985131,0.257894,0,Alto
1983824,0.060401,0,Baixo
1985116,0.119393,0,Baixo
1982341,0.14566,0,Baixo
1983550,0.166172,0,Medio
1985139,0.399916,1,Critico
1985137,0.055475,0,Baixo
1974623,0.13721,0,Baixo
1985140,0.337167,0,Alto
1985103,0.225221,0,Medio
1985149,0.149291,0,Baixo
1985133,0.054923,0,Baixo
1985154,0.442014,1,Critico
1933530,0.163323,0,Medio
1985151,0.309442,0,Alto
1985167,0.262195,0,Alto
1985166,0.048312,0,Baixo
1985129,0.322647,0,Alto
1948537,0.308545,0,Alto
1985159,0.172353,0,Medio
1985158,0.160424,0,Baixo
1985144,0.155344,0,Baixo
1985171,0.160174,0,Baixo
1985186,0.139597,0,Baixo
1985188,0.075234,0,Baixo
1985178,0.156724,0,Baixo
1985146,0.253511,0,Alto
1985194,0.109906,0,Baixo
1985196,0.167757,0,Medio
1970155,0.153722,0,Baixo
1979182,0.165653,0,Medio
1985189,0.100752,0,Baixo
1985211,0.13999,0,Baixo
1984614,0.040582,0,Baixo
1985143,0.218125,0,Medio
1985226,0.547638,1,Critico
1985224,0.083949,0,Baixo
1974105,0.12956,0,Baixo
1985221,0.083132,0,Baixo
1985220,0.169592,0,Medio
1925548,0.067612,0,Baixo
1969525,0.102707,0,Baixo
1985239,0.126138,0,Baixo
1985237,0.05384,0,Baixo
1985238,0.264378,0,Alto
1985232,0.360055,1,Critico
1985240,0.080192,0,Baixo
1985241,0.306208,0,Alto
1985192,0.046065,0,Baixo
1971944,0.168226,0,Medio
1985225,0.307616,0,Alto
1983234,0.173968,0,Medio
1985231,0.133389,0,Baixo
1975971,0.112229,0,Baixo
1985259,0.089552,0,Baixo
1985265,0.28507,0,Alto
1982059,0.080105,0,Baixo
1985250,0.087494,0,Baixo
1985258,0.118882,0,Baixo
1985253,0.25658,0,Alto
1985207,0.164032,0,Medio
1985251,0.298165,0,Alto
1985269,0.108513,0,Baixo
1985248,0.210522,0,Medio
1985246,0.268102,0,Alto
1985277,0.223788,0,Medio
1984524,0.26021,0,Alto
1975989,0.401436,1,Critico
1985276,0.093519,0,Baixo
1985283,0.102671,0,Baixo
1984611,0.105999,0,Baixo
1985264,0.260731,0,Alto
1978760,0.170898,0,Medio
1970210,0.240336,0,Medio
1985132,0.352201,1,Alto
1984406,0.240091,0,Medio
1985299,0.251916,0,Medio
1985295,0.310932,0,Alto
1985305,0.319504,0,Alto
1984306,0.249003,0,Medio
1985308,0.157714,0,Baixo
1985279,0.199182,0,Medio
1924011,0.101085,0,Baixo
1985311,0.093704,0,Baixo
1985314,0.187244,0,Medio
1983904,0.125412,0,Baixo
1985293,0.316723,0,Alto
1985324,0.318028,0,Alto
1983018,0.287337,0,Alto
1985325,0.35611,1,Alto
1985327,0.200995,0,Medio
1985340,0.226479,0,Medio
1985337,0.280226,0,Alto
1985322,0.145415,0,Baixo
1985353,0.402023,1,Critico
1985330,0.283538,0,Alto
1985329,0.13082,0,Baixo
1985326,0.296685,0,Alto
1985271,0.148562,0,Baixo
1985335,0.182866,0,Medio
1985304,0.098222,0,Baixo
1985328,0.146149,0,Baixo
1985333,0.167931,0,Medio
1967443,0.10647,0,Baixo
1985334,0.234228,0,Medio
1985348,0.394267,1,Critico
1985370,0.219316,0,Medio
1985358,0.206435,0,Medio
1985359,0.141012,0,Baixo
1985300,0.204106,0,Medio
1985356,0.153776,0,Baixo
1985357,0.381137,1,Critico
1985371,0.251469,0,Medio
1985372,0.115017,0,Baixo
1985346,0.192825,0,Medio
1985315,0.395262,1,Critico
1953576,0.257731,0,Alto
1985379,0.392367,1,Critico
1984993,0.054661,0,Baixo
1985210,0.365031,1,Critico
1984418,0.108071,0,Baixo
1985364,0.31303,0,Alto
1985205,0.189595,0,Medio
1975906,0.198925,0,Medio
1985090,0.26343,0,Alto
1981937,0.212328,0,Medio
1984954,0.409115,1,Critico
1985362,0.211993,0,Medio
1985354,0.25256,0,Alto
1985382,0.10766,0,Baixo
1985301,0.150285,0,Baixo
1985384,0.305779,0,Alto
1985388,0.128764,0,Baixo
1983735,0.357002,1,Alto
1985373,0.464159,1,Critico
1985381,0.362519,1,Critico
1984106,0.295304,0,Alto
1985410,0.075148,0,Baixo
1985399,0.125219,0,Baixo
1985355,0.281779,0,Alto
1985130,0.179653,0,Medio
1972587,0.192853,0,Medio
1969656,0.167645,0,Medio
1132613,0.200669,0,Medio
1984778,0.272915,0,Alto
737858,0.255114,0,Alto
1985008,0.029708,0,Baixo
1985417,0.353103,1,Alto
1985193,0.114409,0,Baixo
1985385,0.126386,0,Baixo
1980362,0.081588,0,Baixo
1985056,0.386781,1,Critico
1985425,0.116118,0,Baixo
1985411,0.064928,0,Baixo
1985436,0.115184,0,Baixo
1670409,0.435853,1,Critico
1985369,0.156714,0,Baixo
1985428,0.127029,0,Baixo
1985453,0.314271,0,Alto
1985440,0.156686,0,Baixo
1985446,0.09178,0,Baixo
1985456,0.150015,0,Baixo
1985387,0.093846,0,Baixo
1985447,0.257183,0,Alto
1985421,0.23684,0,Medio
1985457,0.14228,0,Baixo
1978527,0.240202,0,Medio
1981400,0.108399,0,Baixo
1972171,0.421033,1,Critico
1985449,0.117707,0,Baixo
1985471,0.094739,0,Baixo
943560,0.311033,0,Alto
1985475,0.046211,0,Baixo
1985216,0.124978,0,Baixo
1985451,0.124143,0,Baixo
1985468,0.112635,0,Baixo
1985485,0.361395,1,Critico
1978780,0.242812,0,Medio
1985070,0.088986,0,Baixo
1985491,0.24893,0,Medio
1985218,0.189875,0,Medio
1985412,0.043547,0,Baixo
1985494,0.090802,0,Baixo
1985492,0.097993,0,Baixo
1985313,0.153763,0,Baixo
1985501,0.309111,0,Alto
1975231,0.293299,0,Alto
1985511,0.207485,0,Medio
1985510,0.078836,0,Baixo
1985493,0.079336,0,Baixo
1985516,0.330136,0,Alto
1967361,0.106513,0,Baixo
1985526,0.184775,0,Medio
1984910,0.18779,0,Medio
1985525,0.180254,0,Medio
1981891,0.229051,0,Medio
1985527,0.182374,0,Medio
1984785,0.160911,0,Medio
1985536,0.223153,0,Medio
1985427,0.223576,0,Medio
1985174,0.343305,0,Alto
1985539,0.096028,0,Baixo
1985584,0.446872,1,Critico
1985532,0.059956,0,Baixo
1985541,0.146836,0,Baixo
1985555,0.308456,0,Alto
1985572,0.295412,0,Alto
1984869,0.06392,0,Baixo
1951464,0.400684,1,Critico
1985620,0.255933,0,Alto
1985616,0.07611,0,Baixo
1985580,0.126182,0,Baixo
1985618,0.256719,0,Alto
1985624,0.130357,0,Baixo
1985219,0.297971,0,Alto
1985645,0.094143,0,Baixo
1985641,0.12835,0,Baixo
1985625,0.153297,0,Baixo
1985646,0.09913,0,Baixo
1985652,0.088528,0,Baixo
1985659,0.120256,0,Baixo
1983135,0.252347,0,Alto
1983681,0.270237,0,Alto
1985669,0.167595,0,Medio
1978833,0.149428,0,Baixo
1985676,0.024395,0,Baixo
1979518,0.175858,0,Medio
1984476,0.204234,0,Medio
1985609,0.039751,0,Baixo
1985656,0.097685,0,Baixo
1969791,0.084501,0,Baixo
1982907,0.099011,0,Baixo
1985696,0.146242,0,Baixo
1985702,0.130603,0,Baixo
1985610,0.113932,0,Baixo
1985679,0.081734,0,Baixo
1975639,0.154812,0,Baixo
1977661,0.271026,0,Alto
1985705,0.355414,1,Alto
1984959,0.039559,0,Baixo
1974660,0.381709,1,Critico
1969926,0.048081,0,Baixo
1967940,0.334229,0,Alto
1985722,0.113749,0,Baixo
1985726,0.086269,0,Baixo
1985592,0.176917,0,Medio
1981839,0.195465,0,Medio
1985611,0.484289,1,Critico
1984457,0.16634,0,Medio
1985738,0.346593,0,Alto
1985745,0.316929,0,Alto
1985714,0.109473,0,Baixo
1985395,0.197389,0,Medio
1985758,0.031735,0,Baixo
1977646,0.197224,0,Medio
1985658,0.272368,0,Alto
1985768,0.118856,0,Baixo
1985135,0.352994,1,Alto
1975371,0.310097,0,Alto
1958578,0.210364,0,Medio
1984784,0.092382,0,Baixo
1985752,0.098446,0,Baixo
1985523,0.097125,0,Baixo
1984567,0.169832,0,Medio
1985737,0.209344,0,Medio
1985780,0.164721,0,Medio
1985790,0.084067,0,Baixo
1985681,0.208774,0,Medio
1984612,0.097665,0,Baixo
1970091,0.078773,0,Baixo
1985791,0.075221,0,Baixo
1985750,0.13283,0,Baixo
1985782,0.168786,0,Medio
1985794,0.059218,0,Baixo
1985777,0.127315,0,Baixo
1985455,0.087592,0,Baixo
1985792,0.024316,0,Baixo
1985797,0.210962,0,Medio
1985801,0.29043,0,Alto
1984302,0.131452,0,Baixo
1985811,0.121837,0,Baixo
1985821,0.214809,0,Medio
1985814,0.055208,0,Baixo
1985803,0.314311,0,Alto
1972129,0.266788,0,Alto
1985817,0.170925,0,Medio
1985170,0.227176,0,Medio
1985826,0.024659,0,Baixo
1979111,0.295827,0,Alto
1985838,0.066445,0,Baixo
1985832,0.281815,0,Alto
1985839,0.290595,0,Alto
1985828,0.093081,0,Baixo
1984900,0.098689,0,Baixo
1985830,0.206419,0,Medio
1983573,0.230501,0,Medio
1982886,0.172535,0,Medio
1985856,0.144437,0,Baixo
1984419,0.334696,0,Alto
1973309,0.121803,0,Baixo
1984443,0.14446,0,Baixo
1981697,0.132141,0,Baixo
1985868,0.476323,1,Critico
1985573,0.162574,0,Medio
1976160,0.277603,0,Alto
1985872,0.226349,0,Medio
1983556,0.352043,1,Alto
1985880,0.260592,0,Alto
1969858,0.08853,0,Baixo
1985893,0.177406,0,Medio
1981392,0.119686,0,Baixo
1984707,0.137251,0,Baixo
1977858,0.30821,0,Alto
1982312,0.31612,0,Alto
1977480,0.161174,0,Medio
1984952,0.137575,0,Baixo
1982633,0.213082,0,Medio
1981502,0.103666,0,Baixo
1983083,0.175582,0,Medio
1985706,0.156209,0,Baixo
1983697,0.217319,0,Medio
1983319,0.194449,0,Medio
1980881,0.168369,0,Medio
1981795,0.098776,0,Baixo
1980544,0.071083,0,Baixo
1984494,0.060359,0,Baixo
1972672,0.119357,0,Baixo
1981168,0.272483,0,Alto
1980454,0.164678,0,Medio
1984206,0.319896,0,Alto
1983092,0.131103,0,Baixo
1983154,0.108445,0,Baixo
1983016,0.188599,0,Medio
1983015,0.250421,0,Medio
1983922,0.414204,1,Critico
1985262,0.060514,0,Baixo
1983844,0.069196,0,Baixo
1984208,0.235514,0,Medio
1984219,0.043555,0,Baixo
1982142,0.227044,0,Medio
1973278,0.224099,0,Medio
1982962,0.045872,0,Baixo
1985342,0.140747,0,Baixo
1980735,0.107042,0,Baixo
1972941,0.227974,0,Medio
1984865,0.316189,0,Alto
1984875,0.080333,0,Baixo
1979663,0.317402,0,Alto
1972284,0.240444,0,Medio
1985672,0.124165,0,Baixo
1975337,0.114142,0,Baixo
1391173,0.409819,1,Critico
1983772,0.100507,0,Baixo
1985352,0.424109,1,Critico
1979393,0.386032,1,Critico
1977224,0.156664,0,Baixo
1974317,0.322791,0,Alto
1979975,0.158112,0,Baixo
1983061,0.037538,0,Baixo
1982048,0.104504,0,Baixo
1982911,0.025579,0,Baixo
1984844,0.033379,0,Baixo
1984028,0.060977,0,Baixo
1965250,0.346059,0,Alto
1983859,0.169797,0,Medio
1983231,0.259947,0,Alto
1985024,0.182368,0,Medio
1983615,0.121691,0,Baixo
1985680,0.24291,0,Medio
1985694,0.161334,0,Medio
1985019,0.074226,0,Baixo
1985535,0.247814,0,Medio
1930311,0.443328,1,Critico
1985422,0.159748,0,Baixo
1985376,0.137146,0,Baixo
1985286,0.239602,0,Medio
1985010,0.233551,0,Medio
1983420,0.126185,0,Baixo
1974330,0.106153,0,Baixo
1976041,0.102602,0,Baixo
1985715,0.126044,0,Baixo
1974970,0.14641,0,Baixo
1985853,0.240602,0,Medio
1985912,0.229694,0,Medio
1985918,0.045808,0,Baixo
1973075,0.323382,0,Alto
1985507,0.287283,0,Alto
1983571,0.167673,0,Medio
1985477,0.153072,0,Baixo
1982915,0.235651,0,Medio
1983285,0.193946,0,Medio
1985852,0.175024,0,Medio
1984061,0.098592,0,Baixo
1985076,0.261811,0,Alto
1985908,0.372515,1,Critico
1982126,0.217617,0,Medio
1981702,0.20908,0,Medio
1983566,0.127032,0,Baixo
1983953,0.114733,0,Baixo
1983714,0.318245,0,Alto
1985416,0.221728,0,Medio
1983695,0.21,0,Medio
1436481,0.212764,0,Medio
1982596,0.256451,0,Alto
1985933,0.186482,0,Medio
1977582,0.292453,0,Alto
1985936,0.098058,0,Baixo
1983684,0.262219,0,Alto
1985943,0.251684,0,Medio
1979225,0.24029,0,Medio
1978050,0.254759,0,Alto
1985959,0.130771,0,Baixo
1985020,0.132677,0,Baixo
1985413,0.234534,0,Medio
1985833,0.224996,0,Medio
1985956,0.174949,0,Medio
1983737,0.302425,0,Alto
1983281,0.353282,1,Alto
1985966,0.059834,0,Baixo
1985173,0.317725,0,Alto
1812127,0.149949,0,Baixo
1977743,0.13828,0,Baixo
1984374,0.08697,0,Baixo
1982291,0.193424,0,Medio
1985725,0.116473,0,Baixo
1982144,0.158818,0,Baixo
1982844,0.073457,0,Baixo
1980835,0.291741,0,Alto
1985255,0.634024,1,Critico
1984800,0.357433,1,Alto
1978458,0.158902,0,Baixo
1981519,0.168929,0,Medio
1969838,0.205887,0,Medio
1985948,0.239352,0,Medio
1985977,0.355952,1,Alto
1985419,0.112099,0,Baixo
1973604,0.352461,1,Alto
1973489,0.401204,1,Critico
1984008,0.184932,0,Medio
1979309,0.15176,0,Baixo
1951658,0.25968,0,Alto
1984212,0.14699,0,Baixo
1985993,0.130703,0,Baixo
1983713,0.11903,0,Baixo
1985515,0.38873,1,Critico
1985974,0.270991,0,Alto
1979926,0.331143,0,Alto
1974871,0.304016,0,Alto
1986010,0.276817,0,Alto
1984496,0.162978,0,Medio
1986007,0.18141,0,Medio
1986006,0.444622,1,Critico
1972998,0.233988,0,Medio
1986014,0.056893,0,Baixo
1986017,0.288564,0,Alto
1986011,0.237126,0,Medio
1980054,0.392779,1,Critico
1984639,0.136547,0,Baixo
1985697,0.117593,0,Baixo
1986000,0.286731,0,Alto
1986009,0.117593,0,Baixo
1981278,0.148966,0,Baixo
1985179,0.111376,0,Baixo
1974288,0.194268,0,Medio
1978821,0.25704,0,Alto
1985415,0.117374,0,Baixo
1984032,0.1792,0,Medio
1978518,0.234526,0,Medio
1984142,0.351053,1,Alto
1983097,0.076763,0,Baixo
1941405,0.159082,0,Baixo
1980420,0.21748,0,Medio
1985368,0.247261,0,Medio
1981902,0.147185,0,Baixo
1979767,0.027233,0,Baixo
1968019,0.265456,0,Alto
1969042,0.179177,0,Medio
1979581,0.085237,0,Baixo
1986028,0.113128,0,Baixo
1985753,0.259034,0,Alto
1981572,0.124976,0,Baixo
1986034,0.144232,0,Baixo
1986044,0.18061,0,Medio
1975868,0.47407,1,Critico
1985717,0.214559,0,Medio
1979818,0.347448,0,Alto
1986054,0.163386,0,Medio
1972947,0.123599,0,Baixo
1984885,0.170892,0,Medio
1969483,0.158928,0,Baixo
1986039,0.223465,0,Medio
1986062,0.333841,0,Alto
1975109,0.211703,0,Medio
1975440,0.273005,0,Alto
1985866,0.108561,0,Baixo
1986069,0.187826,0,Medio
1986076,0.315704,0,Alto
1985565,0.226559,0,Medio
1983067,0.063804,0,Baixo
1983095,0.288447,0,Alto
1983408,0.175667,0,Medio
1981393,0.315241,0,Alto
1973123,0.155608,0,Baixo
1979962,0.324602,0,Alto
1986087,0.155716,0,Baixo
1986058,0.116063,0,Baixo
1986077,0.162599,0,Medio
1985111,0.207376,0,Medio
1986088,0.206029,0,Medio
1981259,0.089044,0,Baixo
1985390,0.20029,0,Medio
1982223,0.235008,0,Medio
1986093,0.107401,0,Baixo
1957210,0.550333,1,Critico
1985284,0.349644,0,Alto
1984757,0.112945,0,Baixo
1986101,0.511776,1,Critico
1982360,0.18415,0,Medio
1985568,0.147059,0,Baixo
1985660,0.28533,0,Alto
1986103,0.511789,1,Critico
1981862,0.235465,0,Medio
1977375,0.102573,0,Baixo
1985127,0.194604,0,Medio
1985278,0.123412,0,Baixo
1982389,0.064713,0,Baixo
1984021,0.217368,0,Medio
1986074,0.166003,0,Medio
1177042,0.090425,0,Baixo
1977258,0.155728,0,Baixo
1986117,0.20546,0,Medio
1947975,0.506212,1,Critico
1986106,0.126127,0,Baixo
1943639,0.123326,0,Baixo
1970055,0.271789,0,Alto
1984947,0.073042,0,Baixo
1986120,0.126525,0,Baixo
1986118,0.121193,0,Baixo
1976873,0.077876,0,Baixo
1986140,0.244751,0,Medio
1171225,0.149447,0,Baixo
1923500,0.247483,0,Medio
1986104,0.418624,1,Critico
1983459,0.277948,0,Alto
1986152,0.142313,0,Baixo
1986138,0.106077,0,Baixo
1980781,0.421494,1,Critico
1986166,0.127529,0,Baixo
1986129,0.125404,0,Baixo
1986148,0.136247,0,Baixo
1974855,0.232072,0,Medio
1986178,0.203844,0,Medio
1986130,0.035977,0,Baixo
1986179,0.140888,0,Baixo
1946589,0.294424,0,Alto
1986167,0.211867,0,Medio
1983931,0.175724,0,Medio
1985622,0.152978,0,Baixo
1986128,0.203513,0,Medio
1985252,0.089169,0,Baixo
1982201,0.089289,0,Baixo
1985312,0.038475,0,Baixo
1978599,0.446906,1,Critico
1983726,0.200092,0,Medio
1974663,0.16731,0,Medio
1984832,0.379342,1,Critico
1984705,0.211667,0,Medio
1964068,0.398698,1,Critico
1981589,0.177032,0,Medio
1982451,0.267302,0,Alto
1978762,0.224041,0,Medio
1965393,0.40055,1,Critico
1986215,0.105242,0,Baixo
1986220,0.499517,1,Critico
1984786,0.126423,0,Baixo
1972367,0.134186,0,Baixo
1986185,0.065002,0,Baixo
1986210,0.289301,0,Alto
1986214,0.233095,0,Medio
1986236,0.059968,0,Baixo
1986229,0.533211,1,Critico
1976004,0.415121,1,Critico
1986233,0.499307,1,Critico
1983206,0.047796,0,Baixo
1984127,0.338465,0,Alto
1986228,0.089828,0,Baixo
1986241,0.329337,0,Alto
1986221,0.291902,0,Alto
1986240,0.285439,0,Alto
1985180,0.337088,0,Alto
1982293,0.231903,0,Medio
1974913,0.293762,0,Alto
1972173,0.312485,0,Alto
1973639,0.309311,0,Alto
1868575,0.384005,1,Critico
1986250,0.314894,0,Alto
1978595,0.249342,0,Medio
1969675,0.220424,0,Medio
1986272,0.134558,0,Baixo
1986279,0.300144,0,Alto
1972705,0.141581,0,Baixo
1984353,0.337,0,Alto
1960694,0.316843,0,Alto
1973974,0.392226,1,Critico
1986281,0.252993,0,Alto
1983176,0.053247,0,Baixo
1853459,0.113122,0,Baixo
1979210,0.291722,0,Alto
1986288,0.13788,0,Baixo
1983310,0.083504,0,Baixo
1977789,0.107829,0,Baixo
1984735,0.192049,0,Medio
1983254,0.340558,0,Alto
1983362,0.141459,0,Baixo
1986159,0.211037,0,Medio
1965812,0.131789,0,Baixo
1985795,0.134498,0,Baixo
1985420,0.155299,0,Baixo
1977890,0.108606,0,Baixo
1977044,0.128373,0,Baixo
1986297,0.14846,0,Baixo
1975348,0.264486,0,Alto
1965527,0.348544,0,Alto
1976056,0.32707,0,Alto
1982880,0.10772,0,Baixo
1980790,0.196685,0,Medio
1986212,0.29332,0,Alto
1986303,0.123732,0,Baixo
1954843,0.095562,0,Baixo
1986301,0.259083,0,Alto
1985267,0.075309,0,Baixo
1440063,0.42545,1,Critico
1986190,0.095488,0,Baixo
1935068,0.261446,0,Alto
1981411,0.282692,0,Alto
1986314,0.144605,0,Baixo
1954879,0.239179,0,Medio
1986302,0.204374,0,Medio
1986333,0.455199,1,Critico
1984273,0.134476,0,Baixo
1986347,0.122718,0,Baixo
1986351,0.373519,1,Critico
1986336,0.149619,0,Baixo
1986354,0.188561,0,Medio
1986356,0.056191,0,Baixo
1986026,0.27525,0,Alto
1986371,0.198519,0,Medio
1986377,0.12445,0,Baixo
1982221,0.159667,0,Baixo
1985942,0.458185,1,Critico
1985955,0.18253,0,Medio
1986369,0.154774,0,Baixo
1986198,0.082689,0,Baixo
1986278,0.191353,0,Medio
1983895,0.253272,0,Alto
1976466,0.20099,0,Medio
1986329,0.39274,1,Critico
1980207,0.024801,0,Baixo
1980728,0.186661,0,Medio
1986419,0.159623,0,Baixo
1986391,0.149969,0,Baixo
1986389,0.127612,0,Baixo
1986143,0.593407,1,Critico
1973316,0.208271,0,Medio
1468150,0.224685,0,Medio
1963871,0.109751,0,Baixo
1976505,0.384102,1,Critico
1986404,0.282733,0,Alto
1983727,0.176018,0,Medio
1978888,0.12224,0,Baixo
1985013,0.294787,0,Alto
1984440,0.214505,0,Medio
1968915,0.192182,0,Medio
1986234,0.093351,0,Baixo
1983086,0.12756,0,Baixo
1984915,0.12565,0,Baixo
1982625,0.284275,0,Alto
1974942,0.195984,0,Medio
1986443,0.441271,1,Critico
735472,0.232793,0,Medio
1950686,0.232476,0,Medio
1965510,0.296565,0,Alto
1985288,0.046996,0,Baixo
1985772,0.476168,1,Critico
1985521,0.221852,0,Medio
1986292,0.121056,0,Baixo
1952459,0.163767,0,Medio
1971737,0.377489,1,Critico
1985769,0.223938,0,Medio
1985126,0.145302,0,Baixo
1986307,0.149281,0,Baixo
1986309,0.060322,0,Baixo
1981910,0.17982,0,Medio
1984658,0.083461,0,Baixo
1986472,0.142676,0,Baixo
1986466,0.170041,0,Medio
1986470,0.131074,0,Baixo
1971293,0.411815,1,Critico
1972158,0.355175,1,Alto
1246663,0.258563,0,Alto
1986415,0.230074,0,Medio
1986482,0.106817,0,Baixo
1986401,0.248094,0,Medio
1986157,0.297468,0,Alto
1986430,0.166359,0,Medio
1986495,0.216561,0,Medio
1986486,0.77138,1,Critico
1986498,0.171874,0,Medio
1986501,0.168337,0,Medio
1985695,0.44287,1,Critico
687278,0.103512,0,Baixo
1958222,0.233319,0,Medio
1971439,0.124416,0,Baixo
1986380,0.076396,0,Baixo
1986513,0.152607,0,Baixo
1986494,0.12024,0,Baixo
1978874,0.10062,0,Baixo
1986505,0.148029,0,Baixo
1981331,0.149631,0,Baixo
1986516,0.146143,0,Baixo
1972970,0.126315,0,Baixo
1984604,0.269033,0,Alto
1986191,0.097915,0,Baixo
1986525,0.103168,0,Baixo
1986524,0.250027,0,Medio
1986254,0.167167,0,Medio
1986227,0.346553,0,Alto
1979104,0.102615,0,Baixo
1986406,0.189715,0,Medio
1986542,0.346125,0,Alto
1986540,0.354721,1,Alto
1986461,0.334834,0,Alto
1886683,0.182178,0,Medio
1986546,0.044631,0,Baixo
1954358,0.270846,0,Alto
1986526,0.241096,0,Medio
1974662,0.147085,0,Baixo
1986183,0.167716,0,Medio
1983954,0.180008,0,Medio
1985547,0.19317,0,Medio
1543513,0.192567,0,Medio
1986552,0.137932,0,Baixo
1986553,0.425568,1,Critico
1986558,0.168518,0,Medio
1986563,0.087685,0,Baixo
1986126,0.155473,0,Baixo
1986543,0.242673,0,Medio
1986458,0.249323,0,Medio
1986452,0.085738,0,Baixo
1986559,0.281472,0,Alto
1986459,0.362164,1,Critico
1972675,0.231378,0,Medio
1980165,0.222421,0,Medio
1986562,0.115546,0,Baixo
1986576,0.329836,0,Alto
1986163,0.233688,0,Medio
1972987,0.185746,0,Medio
1984840,0.058651,0,Baixo
1983614,0.264913,0,Alto
1979577,0.388282,1,Critico
1986595,0.225684,0,Medio
1986579,0.212633,0,Medio
1986023,0.203863,0,Medio
1986594,0.050269,0,Baixo
1986520,0.270673,0,Alto
1986556,0.095296,0,Baixo
1986583,0.348232,0,Alto
1986601,0.156932,0,Baixo
1986610,0.198651,0,Medio
1977366,0.361264,1,Critico
1986548,0.188327,0,Medio
1986599,0.211047,0,Medio
1976412,0.182431,0,Medio
1983369,0.229042,0,Medio
1986624,0.134164,0,Baixo
1986122,0.17025,0,Medio
1982381,0.171365,0,Medio
1975345,0.090741,0,Baixo
1986604,0.266733,0,Alto
1985480,0.151744,0,Baixo
1978664,0.21736,0,Medio
1986620,0.499154,1,Critico
1980516,0.212649,0,Medio
1986640,0.225362,0,Medio
1986633,0.070899,0,Baixo
1986335,0.163903,0,Medio
1986041,0.235483,0,Medio
1986602,0.068218,0,Baixo
1986635,0.099794,0,Baixo
1974346,0.239181,0,Medio
1986652,0.156346,0,Baixo
1986649,0.05689,0,Baixo
1971455,0.257123,0,Alto
1980140,0.184351,0,Medio
1986656,0.190816,0,Medio
1986661,0.326368,0,Alto
1986657,0.084991,0,Baixo
1986528,0.258338,0,Alto
1976029,0.492147,1,Critico
1975776,0.460982,1,Critico
1986648,0.264022,0,Alto
1986685,0.191232,0,Medio
1974362,0.190766,0,Medio
1986531,0.099783,0,Baixo
1967975,0.28727,0,Alto
1986660,0.356079,1,Alto
1986662,0.103941,0,Baixo
1986689,0.205795,0,Medio
1986698,0.267279,0,Alto
1986598,0.292885,0,Alto
1983629,0.121334,0,Baixo
1986711,0.216482,0,Medio
1986675,0.476046,1,Critico
1986706,0.104239,0,Baixo
1986666,0.200963,0,Medio
984925,0.353717,1,Alto
1986668,0.278829,0,Alto
1986682,0.146215,0,Baixo
1985051,0.20841,0,Medio
1986158,0.089446,0,Baixo
1985458,0.202594,0,Medio
1982912,0.239769,0,Medio
1986721,0.027113,0,Baixo
1986258,0.237489,0,Medio
1986697,0.114136,0,Baixo
1986672,0.225139,0,Medio
1979474,0.119302,0,Baixo
1986725,0.071619,0,Baixo
1985533,0.378527,1,Critico
1983777,0.11038,0,Baixo
1981167,0.175767,0,Medio
1966773,0.097602,0,Baixo
1986650,0.392079,1,Critico
1986745,0.047383,0,Baixo
1836919,0.162431,0,Medio
1986365,0.151072,0,Baixo
1986763,0.184368,0,Medio
1324875,0.14655,0,Baixo
1986755,0.265352,0,Alto
1985784,0.263893,0,Alto
1986752,0.318258,0,Alto
1986757,0.342955,0,Alto
1986743,0.092489,0,Baixo
1986769,0.110296,0,Baixo
1986776,0.094205,0,Baixo
1981310,0.430389,1,Critico
1978574,0.176914,0,Medio
1986738,0.480429,1,Critico
1986782,0.226768,0,Medio
1986759,0.143737,0,Baixo
1986778,0.136433,0,Baixo
1976907,0.310711,0,Alto
1966663,0.126392,0,Baixo
1986589,0.115683,0,Baixo
1986636,0.342759,0,Alto
1976097,0.126674,0,Baixo
1983801,0.118114,0,Baixo
1986793,0.067893,0,Baixo
1981846,0.219031,0,Medio
1986397,0.199495,0,Medio
1967292,0.159346,0,Baixo
1986442,0.078643,0,Baixo
1986408,0.167119,0,Medio
1982807,0.079578,0,Baixo
1985169,0.237833,0,Medio
1986612,0.329785,0,Alto
1983559,0.206776,0,Medio
1975961,0.342383,0,Alto
1986200,0.402122,1,Critico
1972318,0.365368,1,Critico
1986787,0.328277,0,Alto
1975289,0.285633,0,Alto
1986098,0.181934,0,Medio
1986422,0.504029,1,Critico
1976991,0.098618,0,Baixo
1986659,0.120004,0,Baixo
1980368,0.293874,0,Alto
1986799,0.245448,0,Medio
1972350,0.289675,0,Alto
1986777,0.182198,0,Medio
1642627,0.0826,0,Baixo
1986796,0.411325,1,Critico
1986753,0.03178,0,Baixo
1982162,0.35404,1,Alto
1986765,0.569238,1,Critico
1241107,0.138612,0,Baixo
1986741,0.155728,0,Baixo
1981561,0.331407,0,Alto
1981238,0.178607,0,Medio
1984953,0.121012,0,Baixo
1986775,0.137156,0,Baixo
1977245,0.11016,0,Baixo
1984699,0.249333,0,Medio
1986783,0.13714,0,Baixo
1986823,0.077747,0,Baixo
1986839,0.308237,0,Alto
1979674,0.249052,0,Medio
1986454,0.210957,0,Medio
1986108,0.250904,0,Medio
1986846,0.10912,0,Baixo
1986836,0.172268,0,Medio
1985870,0.067559,0,Baixo
1974900,0.197199,0,Medio
1986817,0.132478,0,Baixo
1986868,0.102105,0,Baixo
1983768,0.202867,0,Medio
1986825,0.423411,1,Critico
1986866,0.316149,0,Alto
1986858,0.222174,0,Medio
1986850,0.317289,0,Alto
1986869,0.144748,0,Baixo
1983148,0.080936,0,Baixo
1986717,0.107494,0,Baixo
1986872,0.185395,0,Medio
1986880,0.161208,0,Medio
1986890,0.268153,0,Alto
1984395,0.217849,0,Medio
1986876,0.247231,0,Medio
1986888,0.163541,0,Medio
1985320,0.412557,1,Critico
1986517,0.332907,0,Alto
1986889,0.359641,1,Critico
1986863,0.235904,0,Medio
1986901,0.295004,0,Alto
1984966,0.29805,0,Alto
1981367,0.15523,0,Baixo
1985851,0.189099,0,Medio
1984640,0.331806,0,Alto
1945246,0.36794,1,Critico
1986895,0.200418,0,Medio
1986471,0.263257,0,Alto
1986822,0.309537,0,Alto
1986004,0.289615,0,Alto
1986784,0.42334,1,Critico
1986567,0.306459,0,Alto
1986723,0.173421,0,Medio
1983000,0.095739,0,Baixo
1981904,0.10278,0,Baixo
1986286,0.115589,0,Baixo
1986735,0.065465,0,Baixo
1986884,0.087651,0,Baixo
1986898,0.127686,0,Baixo
1984556,0.401164,1,Critico
1986663,0.250144,0,Medio
1983402,0.089456,0,Baixo
1986861,0.0512,0,Baixo
1986900,0.198031,0,Medio
1961971,0.210042,0,Medio
1986902,0.348088,0,Alto
1986920,0.086971,0,Baixo
1986907,0.259479,0,Alto
1986357,0.232403,0,Medio
1986933,0.227796,0,Medio
1985285,0.387601,1,Critico
1984341,0.246107,0,Medio
1986566,0.150749,0,Baixo
1968642,0.025641,0,Baixo
1986253,0.175358,0,Medio
1977912,0.159208,0,Baixo
1976523,0.180311,0,Medio
1986944,0.115013,0,Baixo
1974613,0.205345,0,Medio
1986949,0.082701,0,Baixo
1983781,0.211925,0,Medio
1986958,0.347085,0,Alto
1983998,0.195601,0,Medio
1986966,0.303146,0,Alto
1986967,0.053243,0,Baixo
1986971,0.09821,0,Baixo
1986970,0.227625,0,Medio
1979482,0.193069,0,Medio
1986957,0.043369,0,Baixo
1978131,0.103556,0,Baixo
1986980,0.281308,0,Alto
1986950,0.114534,0,Baixo
1810363,0.18045,0,Medio
1986989,0.08848,0,Baixo
1986981,0.395178,1,Critico
1986959,0.33946,0,Alto
1986587,0.257396,0,Alto
1986954,0.406284,1,Critico
1986875,0.168055,0,Medio
1986964,0.087233,0,Baixo
1986987,0.078955,0,Baixo
1983947,0.202053,0,Medio
1975770,0.143022,0,Baixo
1986993,0.235438,0,Medio
1986877,0.125269,0,Baixo
1984365,0.194316,0,Medio
1986909,0.058402,0,Baixo
1986758,0.322571,0,Alto
1986992,0.160853,0,Medio
1986996,0.224835,0,Medio
1986968,0.12174,0,Baixo
1961270,0.231019,0,Medio
734308,0.286985,0,Alto
1977142,0.085287,0,Baixo
1987000,0.083811,0,Baixo
1983370,0.12601,0,Baixo
1975222,0.183092,0,Medio
1987002,0.241346,0,Medio
1987004,0.107878,0,Baixo
1987009,0.079549,0,Baixo
1986998,0.367884,1,Critico
1987019,0.169935,0,Medio
1987013,0.116178,0,Baixo
1987026,0.249447,0,Medio
1986821,0.172969,0,Medio
1986570,0.062343,0,Baixo
1985088,0.265918,0,Alto
1986549,0.152209,0,Baixo
1987030,0.136198,0,Baixo
1987047,0.3743,1,Critico
1984173,0.21285,0,Medio
1987031,0.106406,0,Baixo
1986012,0.33276,0,Alto
1951417,0.143653,0,Baixo
1986438,0.256955,0,Alto
1987034,0.267416,0,Alto
1581340,0.229588,0,Medio
1987042,0.23173,0,Medio
1679592,0.314602,0,Alto
1987048,0.054595,0,Baixo
1295815,0.155875,0,Baixo
1987059,0.602326,1,Critico
1973107,0.219657,0,Medio
1987053,0.040428,0,Baixo
1977036,0.18833,0,Medio
1984981,0.223176,0,Medio
1987044,0.287563,0,Alto
1983137,0.065597,0,Baixo
1986749,0.101988,0,Baixo
1973211,0.36041,1,Critico
1987076,0.299756,0,Alto
1982363,0.189717,0,Medio
1978978,0.138275,0,Baixo
1987078,0.156703,0,Baixo
1986840,0.155345,0,Baixo
1987074,0.253235,0,Alto
1987032,0.143097,0,Baixo
1979852,0.162187,0,Medio
1987090,0.110964,0,Baixo
1975269,0.202666,0,Medio
1987080,0.052909,0,Baixo
1987067,0.350757,0,Alto
1987073,0.221532,0,Medio
1986881,0.163215,0,Medio
1976197,0.342214,0,Alto
1953880,0.331891,0,Alto
1975512,0.480285,1,Critico
1981547,0.328425,0,Alto
1986999,0.142978,0,Baixo
1982423,0.242632,0,Medio
1986791,0.240351,0,Medio
1980025,0.254898,0,Alto
1973186,0.353774,1,Alto
1986935,0.098422,0,Baixo
1986988,0.153627,0,Baixo
1987111,0.199386,0,Medio
1985774,0.169036,0,Medio
1987099,0.068713,0,Baixo
1987110,0.12447,0,Baixo
1972812,0.221494,0,Medio
1981746,0.425613,1,Critico
1987113,0.093309,0,Baixo
1987109,0.305349,0,Alto
1987103,0.289994,0,Alto
1987121,0.103779,0,Baixo
1977641,0.096356,0,Baixo
1987128,0.064499,0,Baixo
1987129,0.242414,0,Medio
1987135,0.164338,0,Medio
1976815,0.265094,0,Alto
1987092,0.066903,0,Baixo
1984587,0.223825,0,Medio
1987138,0.125152,0,Baixo
1987140,0.049224,0,Baixo
1978576,0.179712,0,Medio
1981045,0.165878,0,Medio
1092973,0.249582,0,Medio
1983548,0.278175,0,Alto
1987142,0.169187,0,Medio
1987146,0.056642,0,Baixo
1987107,0.023375,0,Baixo
974738,0.413308,1,Critico
1968160,0.286237,0,Alto
1986621,0.063727,0,Baixo
1987157,0.043255,0,Baixo
1986090,0.165567,0,Medio
1972653,0.258322,0,Alto
1987169,0.290299,0,Alto
1987162,0.415951,1,Critico
1987132,0.129629,0,Baixo
1987126,0.230914,0,Medio
1987156,0.196151,0,Medio
1983914,0.3177,0,Alto
1987119,0.154233,0,Baixo
1987149,0.377013,1,Critico
1987160,0.142781,0,Baixo
1947877,0.368628,1,Critico
1976500,0.479586,1,Critico
1987170,0.066828,0,Baixo
1987165,0.202104,0,Medio
1987164,0.531507,1,Critico
1985538,0.174488,0,Medio
1987192,0.193445,0,Medio
1987173,0.300016,0,Alto
1987177,0.30804,0,Alto
1987131,0.1244,0,Baixo
1987150,0.281891,0,Alto
1975086,0.10278,0,Baixo
1985716,0.095358,0,Baixo
1346264,0.191358,0,Medio
1987190,0.37283,1,Critico
1980927,0.12549,0,Baixo
1987203,0.111512,0,Baixo
1977143,0.0949,0,Baixo
1987139,0.216333,0,Medio
1987187,0.235977,0,Medio
1987178,0.090551,0,Baixo
1987198,0.183872,0,Medio
1986780,0.259422,0,Alto
1987017,0.150185,0,Baixo
1987147,0.080725,0,Baixo
1978235,0.240075,0,Medio
1987206,0.298018,0,Alto
1986925,0.089599,0,Baixo
1987220,0.364838,1,Critico
1977723,0.234722,0,Medio
1985502,0.203419,0,Medio
1987214,0.081832,0,Baixo
1987014,0.18051,0,Medio
1976044,0.112748,0,Baixo
1986716,0.149747,0,Baixo
1985183,0.141296,0,Baixo
1897141,0.199158,0,Medio
1987105,0.155371,0,Baixo
1968308,0.169964,0,Medio
1987223,0.280574,0,Alto
1969488,0.319707,0,Alto
1982484,0.333006,0,Alto
1987230,0.079068,0,Baixo
1987189,0.057942,0,Baixo
1987233,0.083162,0,Baixo
1982279,0.224236,0,Medio
1987208,0.459823,1,Critico
1986833,0.193934,0,Medio
1972806,0.183352,0,Medio
1983354,0.251216,0,Medio
1985816,0.052328,0,Baixo
1987265,0.276432,0,Alto
1987256,0.081252,0,Baixo
1987254,0.162824,0,Medio
1984636,0.198346,0,Medio
1987215,0.17445,0,Medio
1986815,0.13718,0,Baixo
1974316,0.320909,0,Alto
1987269,0.053477,0,Baixo
1985950,0.256517,0,Alto
1987159,0.124491,0,Baixo
1973081,0.218707,0,Medio
1987293,0.161004,0,Medio
1987184,0.1868,0,Medio
1987296,0.232422,0,Medio
1987196,0.074631,0,Baixo
1985142,0.478165,1,Critico
1975823,0.662903,1,Critico
1970575,0.752254,1,Critico
1987312,0.256334,0,Alto
1986936,0.674593,1,Critico
1987278,0.078988,0,Baixo
1987249,0.096309,0,Baixo
1987305,0.201103,0,Medio
1987281,0.174138,0,Medio
1979279,0.243095,0,Medio
1981321,0.095871,0,Baixo
1979055,0.337014,0,Alto
1987330,0.093033,0,Baixo
1987315,0.167876,0,Medio
1987311,0.149774,0,Baixo
1973574,0.288518,0,Alto
1987319,0.15597,0,Baixo
1987355,0.213191,0,Medio
1983815,0.355638,1,Alto
1972971,0.341137,0,Alto
1987277,0.221951,0,Medio
1987339,0.22688,0,Medio
1987272,0.224508,0,Medio
1975565,0.532307,1,Critico
1987379,0.19396,0,Medio
1987341,0.226191,0,Medio
1982058,0.110958,0,Baixo
1985287,0.384927,1,Critico
1985303,0.187364,0,Medio
1987264,0.118314,0,Baixo
1984184,0.265919,0,Alto
1987384,0.207436,0,Medio
1987400,0.196454,0,Medio
1987386,0.107843,0,Baixo
1976435,0.312799,0,Alto
1987314,0.303331,0,Alto
1987350,0.329619,0,Alto
1987404,0.181283,0,Medio
1987411,0.277599,0,Alto
1987422,0.145805,0,Baixo
1986737,0.059087,0,Baixo
1987325,0.069447,0,Baixo
1987287,0.2247,0,Medio
1981774,0.364464,1,Critico
1985383,0.398224,1,Critico
1963029,0.073722,0,Baixo
1865752,0.095077,0,Baixo
1984404,0.15044,0,Baixo
1986383,0.108123,0,Baixo
1984529,0.147324,0,Baixo
1981730,0.309974,0,Alto
1975429,0.201225,0,Medio
1977178,0.276899,0,Alto
1987435,0.155991,0,Baixo
1987426,0.32577,0,Alto
1987413,0.197409,0,Medio
1982615,0.163585,0,Medio
1987348,0.163382,0,Medio
1987415,0.139589,0,Baixo
1987313,0.115515,0,Baixo
1986426,0.041417,0,Baixo
1987443,0.260647,0,Alto
1982595,0.252325,0,Alto
1987434,0.074176,0,Baixo
1978082,0.144046,0,Baixo
1987460,0.261732,0,Alto
1987364,0.12367,0,Baixo
1985298,0.166707,0,Medio
1987451,0.15108,0,Baixo
1986865,0.190137,0,Medio
1987390,0.141645,0,Baixo
1987385,0.240326,0,Medio
1972476,0.064763,0,Baixo
1987557,0.102887,0,Baixo
1987596,0.109955,0,Baixo
1987403,0.109301,0,Baixo
1987636,0.180761,0,Medio
1970374,0.043814,0,Baixo
1976082,0.19553,0,Medio
1987552,0.155917,0,Baixo
1983907,0.221209,0,Medio
1987493,0.13627,0,Baixo
1987496,0.150459,0,Baixo
1987520,0.123039,0,Baixo
1987540,0.074933,0,Baixo
1987655,0.12259,0,Baixo
1987541,0.084296,0,Baixo
1987463,0.127806,0,Baixo
1987500,0.113339,0,Baixo
1987533,0.217525,0,Medio
1987660,0.13691,0,Baixo
1987488,0.01825,0,Baixo
1987746,0.080284,0,Baixo
1987476,0.301223,0,Alto
1987610,0.104568,0,Baixo
1987498,0.082364,0,Baixo
1987703,0.125835,0,Baixo
1987593,0.127053,0,Baixo
1987453,0.397369,1,Critico
1987571,0.148841,0,Baixo
1987631,0.089165,0,Baixo
1987517,0.053164,0,Baixo
1987585,0.137126,0,Baixo
1987736,0.108802,0,Baixo
1987652,0.264058,0,Alto
1987565,0.145438,0,Baixo
1987558,0.113253,0,Baixo
1987553,0.093902,0,Baixo
1987549,0.168784,0,Medio
1987522,0.051608,0,Baixo
1689675,0.233244,0,Medio
1969704,0.130278,0,Baixo
1987550,0.152113,0,Baixo
1987634,0.15246,0,Baixo
1987584,0.124995,0,Baixo
1987492,0.247768,0,Medio
1987772,0.138034,0,Baixo
1987730,0.124935,0,Baixo
1987461,0.179722,0,Medio
1987638,0.398215,1,Critico
1987649,0.187752,0,Medio
1984755,0.079975,0,Baixo
1981034,0.429162,1,Critico
1987783,0.258048,0,Alto
1985529,0.038204,0,Baixo
1987519,0.084631,0,Baixo
1987583,0.0394,0,Baixo
1987683,0.114177,0,Baixo
1987691,0.097956,0,Baixo
1987802,0.099127,0,Baixo
1987645,0.175373,0,Medio
1987514,0.22209,0,Medio
1984311,0.283573,0,Alto
1987734,0.168751,0,Medio
1987751,0.193955,0,Medio
1987790,0.099791,0,Baixo
1978394,0.229812,0,Medio
1987743,0.082974,0,Baixo
1987768,0.162221,0,Medio
1987642,0.148119,0,Baixo
1987714,0.197397,0,Medio
1987455,0.138419,0,Baixo
1987559,0.198329,0,Medio
1987793,0.281006,0,Alto
1987481,0.105878,0,Baixo
1987669,0.147741,0,Baixo
1987712,0.144337,0,Baixo
1987835,0.186227,0,Medio
1987821,0.09199,0,Baixo
1987732,0.176436,0,Medio
1987334,0.25076,0,Medio
1987704,0.150336,0,Baixo
1987850,0.147406,0,Baixo
1987847,0.154993,0,Baixo
1987721,0.179475,0,Medio
1987654,0.116302,0,Baixo
1987864,0.142407,0,Baixo
1987548,0.10217,0,Baixo
1973450,0.566726,1,Critico
1972983,0.231542,0,Medio
1987858,0.24693,0,Medio
1987855,0.138085,0,Baixo
1987867,0.036122,0,Baixo
1987845,0.148408,0,Baixo
1987072,0.324449,0,Alto
1985083,0.285887,0,Alto
1987774,0.108203,0,Baixo
1987884,0.109841,0,Baixo
1986547,0.088143,0,Baixo
1987750,0.165569,0,Medio
1986521,0.254199,0,Alto
1987792,0.146229,0,Baixo
1986440,0.177887,0,Medio
1987804,0.138722,0,Baixo
1987888,0.322928,0,Alto
1987900,0.096827,0,Baixo
1987894,0.242385,0,Medio
1987477,0.131944,0,Baixo
1987898,0.158784,0,Baixo
1987337,0.055291,0,Baixo
1987346,0.231642,0,Medio
1972785,0.108645,0,Baixo
1985522,0.254495,0,Alto
1987279,0.417472,1,Critico
1987749,0.114918,0,Baixo
1982317,0.585801,1,Critico
1987414,0.203195,0,Medio
1987765,0.145089,0,Baixo
1987913,0.283701,0,Alto
1987902,0.153253,0,Baixo
1987919,0.263072,0,Alto
1986724,0.239602,0,Medio
1987844,0.098999,0,Baixo
1987914,0.214033,0,Medio
1973967,0.240198,0,Medio
1987166,0.391577,1,Critico
1987924,0.174015,0,Medio
1984884,0.150915,0,Baixo
1987356,0.205901,0,Medio
1987298,0.097951,0,Baixo
1987949,0.049798,0,Baixo
1976917,0.359245,1,Critico
1987616,0.160404,0,Baixo
1986448,0.289047,0,Alto
1987934,0.09926,0,Baixo
1987941,0.107943,0,Baixo
1977177,0.12652,0,Baixo
1987953,0.102712,0,Baixo
1987925,0.120042,0,Baixo
1987535,0.157076,0,Baixo
1972871,0.114974,0,Baixo
1987954,0.051617,0,Baixo
1974517,0.221066,0,Medio
1984405,0.14102,0,Baixo
1987972,0.397935,1,Critico
1983630,0.150573,0,Baixo
1807874,0.189989,0,Medio
1987969,0.265131,0,Alto
1607075,0.168599,0,Medio
1987986,0.091941,0,Baixo
1987690,0.098732,0,Baixo
1986492,0.195136,0,Medio
1987985,0.135459,0,Baixo
1983279,0.075498,0,Baixo
1987950,0.252369,0,Alto
1975167,0.168637,0,Medio
1987992,0.201551,0,Medio
1987698,0.10132,0,Baixo
1987930,0.093624,0,Baixo
1987929,0.158749,0,Baixo
1987613,0.070968,0,Baixo
1987999,0.461342,1,Critico
1987982,0.131572,0,Baixo
1973132,0.295422,0,Alto
1987456,0.116938,0,Baixo
1433405,0.131691,0,Baixo
1987788,0.209133,0,Medio
1922804,0.068299,0,Baixo
1987317,0.15088,0,Baixo
1988006,0.190781,0,Medio
1988015,0.241665,0,Medio
1988012,0.292665,0,Alto
1987979,0.377988,1,Critico
1988021,0.185568,0,Medio
1988019,0.092133,0,Baixo
1972817,0.385461,1,Critico
1988025,0.052617,0,Baixo
1988027,0.452398,1,Critico
1984104,0.217744,0,Medio
1981767,0.221562,0,Medio
1988040,0.208475,0,Medio
1988042,0.053246,0,Baixo
1981250,0.247073,0,Medio
1970583,0.330163,0,Alto
1988047,0.178507,0,Medio
1988051,0.134955,0,Baixo
1987367,0.248655,0,Medio
1988063,0.182381,0,Medio
1974164,0.321048,0,Alto
1986134,0.112977,0,Baixo
1976363,0.161668,0,Medio
1988065,0.212423,0,Medio
1953272,0.181329,0,Medio
1985208,0.146993,0,Baixo
1987430,0.114481,0,Baixo
1986703,0.326175,0,Alto
1987327,0.112027,0,Baixo
1985995,0.401321,1,Critico
1985988,0.119472,0,Baixo
1986832,0.204762,0,Medio
1985564,0.212633,0,Medio
1987068,0.160399,0,Baixo
1980209,0.157356,0,Baixo
1988088,0.171519,0,Medio
1975894,0.252039,0,Medio
1263145,0.180989,0,Medio
1986226,0.181735,0,Medio
1983349,0.214218,0,Medio
1986294,0.193958,0,Medio
1983389,0.218655,0,Medio
1985991,0.421337,1,Critico
1673141,0.207344,0,Medio
1981416,0.080145,0,Baixo
1981073,0.164562,0,Medio
1988105,0.19174,0,Medio
1972712,0.271246,0,Alto
1987439,0.483655,1,Critico
1981583,0.187623,0,Medio
1986916,0.063381,0,Baixo
1988121,0.317989,0,Alto
1976047,0.438589,1,Critico
1988104,0.103991,0,Baixo
1970588,0.192207,0,Medio
1988124,0.353353,1,Alto
1986696,0.213352,0,Medio
1988028,0.087128,0,Baixo
1987227,0.092311,0,Baixo
1988115,0.298456,0,Alto
1986080,0.044798,0,Baixo
1962171,0.464408,1,Critico
1988129,0.194298,0,Medio
1979960,0.22127,0,Medio
1988144,0.16078,0,Medio
1988155,0.160254,0,Baixo
1987235,0.174271,0,Medio
1988134,0.262484,0,Alto
1983854,0.529963,1,Critico
1988151,0.224833,0,Medio
1988140,0.098567,0,Baixo
1988158,0.208055,0,Medio
1859918,0.291378,0,Alto
1988102,0.23725,0,Medio
1987880,0.24128,0,Medio
1982657,0.217499,0,Medio
1971152,0.089301,0,Baixo
1835047,0.152239,0,Baixo
1986873,0.12123,0,Baixo
1977443,0.162045,0,Medio
1988192,0.081975,0,Baixo
1988201,0.294016,0,Alto
1956848,0.26073,0,Alto
1628655,0.113191,0,Baixo
1983807,0.026602,0,Baixo
1966868,0.161657,0,Medio
1975370,0.206826,0,Medio
1983806,0.324849,0,Alto
1971844,0.155566,0,Baixo
1988215,0.411028,1,Critico
1972802,0.180674,0,Medio
1987328,0.052015,0,Baixo
1987243,0.189802,0,Medio
1972961,0.299987,0,Alto
1973778,0.178832,0,Medio
1988226,0.07848,0,Baixo
1978926,0.175688,0,Medio
1988208,0.092754,0,Baixo
1988231,0.163245,0,Medio
1984897,0.045765,0,Baixo
1978688,0.400611,1,Critico
1986568,0.293223,0,Alto
1986063,0.335107,0,Alto
1988240,0.262407,0,Alto
1988244,0.341181,0,Alto
1988230,0.167957,0,Medio
1988236,0.221918,0,Medio
1783126,0.0769,0,Baixo
1988245,0.381369,1,Critico
1988257,0.25879,0,Alto
1988259,0.126766,0,Baixo
1988247,0.231115,0,Medio
1978315,0.086694,0,Baixo
1977009,0.202776,0,Medio
1988256,0.154018,0,Baixo
1790000,0.181971,0,Medio
1986487,0.26555,0,Alto
1972959,0.296332,0,Alto
1955015,0.103556,0,Baixo
1988277,0.113984,0,Baixo
1954648,0.099102,0,Baixo
1988272,0.036068,0,Baixo
1819250,0.132465,0,Baixo
1988291,0.131289,0,Baixo
1988293,0.158679,0,Baixo
1988280,0.067973,0,Baixo
1988251,0.333628,0,Alto
1988276,0.090671,0,Baixo
1968103,0.084223,0,Baixo
1987432,0.213886,0,Medio
1988322,0.3037,0,Alto
1988287,0.067687,0,Baixo
1973219,0.133843,0,Baixo
1983963,0.281339,0,Alto
1988333,0.055287,0,Baixo
1978469,0.162832,0,Medio
1988296,0.11575,0,Baixo
1988329,0.074289,0,Baixo
1988355,0.06672,0,Baixo
1988321,0.14475,0,Baixo
664235,0.262215,0,Alto
1986541,0.095195,0,Baixo
1081671,0.157358,0,Baixo
1983828,0.325559,0,Alto
1988313,0.17281,0,Medio
1988341,0.201977,0,Medio
1987815,0.138236,0,Baixo
1975784,0.314794,0,Alto
1988362,0.141981,0,Baixo
1987041,0.308929,0,Alto
1987580,0.090936,0,Baixo
1988390,0.139514,0,Baixo
1988397,0.330005,0,Alto
1987167,0.113083,0,Baixo
1988398,0.135769,0,Baixo
1972164,0.148485,0,Baixo
1987387,0.079938,0,Baixo
1986972,0.163289,0,Medio
1972315,0.327312,0,Alto
1988414,0.137496,0,Baixo
1981852,0.2064,0,Medio
1988378,0.090361,0,Baixo
1988435,0.067403,0,Baixo
1670871,0.400048,1,Critico
1988300,0.232523,0,Medio
1978205,0.260368,0,Alto
1988210,0.057452,0,Baixo
1988391,0.126601,0,Baixo
1988396,0.15433,0,Baixo
1988443,0.218055,0,Medio
1988380,0.031735,0,Baixo
1988445,0.123301,0,Baixo
1988468,0.29103,0,Alto
1988472,0.054473,0,Baixo
1988439,0.114747,0,Baixo
1983488,0.282893,0,Alto
1988463,0.194691,0,Medio
1988478,0.124884,0,Baixo
1988485,0.084726,0,Baixo
1988359,0.146387,0,Baixo
1986732,0.207692,0,Medio
1986042,0.1952,0,Medio
1980865,0.227234,0,Medio
1988212,0.234708,0,Medio
1979779,0.098468,0,Baixo
1988347,0.204035,0,Medio
1988479,0.080866,0,Baixo
1988490,0.13594,0,Baixo
1980727,0.201951,0,Medio
1988508,0.026914,0,Baixo
1988501,0.088748,0,Baixo
1988518,0.205791,0,Medio
1986519,0.496087,1,Critico
1985682,0.170679,0,Medio
1969758,0.328878,0,Alto
1969692,0.108394,0,Baixo
1988504,0.102101,0,Baixo
1987707,0.128386,0,Baixo
1988497,0.160576,0,Baixo
1976434,0.365737,1,Critico
1988538,0.026467,0,Baixo
1988548,0.235537,0,Medio
1974790,0.214275,0,Medio
1987428,0.270931,0,Alto
1988557,0.281613,0,Alto
1988442,0.075856,0,Baixo
1979973,0.107488,0,Baixo
1988177,0.46812,1,Critico
1988413,0.154746,0,Baixo
1988570,0.133153,0,Baixo
1988560,0.28436,0,Alto
1988579,0.27309,0,Alto
1987210,0.148892,0,Baixo
1988429,0.079629,0,Baixo
1984205,0.186139,0,Medio
1986467,0.416371,1,Critico
1988585,0.20505,0,Medio
1988024,0.17447,0,Medio
1988599,0.109756,0,Baixo
1887386,0.09583,0,Baixo
1988587,0.22091,0,Medio
1988565,0.215826,0,Medio
1980395,0.207362,0,Medio
1988616,0.411344,1,Critico
1988608,0.089024,0,Baixo
1988612,0.065786,0,Baixo
1988617,0.22079,0,Medio
1987810,0.137448,0,Baixo
1974461,0.364468,1,Critico
1976834,0.149791,0,Baixo
1986550,0.073093,0,Baixo
1986628,0.143453,0,Baixo
1987064,0.230999,0,Medio
1988369,0.15586,0,Baixo
1988339,0.015887,0,Baixo
1988622,0.216192,0,Medio
1988606,0.091579,0,Baixo
1986125,0.100248,0,Baixo
1988626,0.415726,1,Critico
1987431,0.042077,0,Baixo
1988653,0.216944,0,Medio
1963236,0.237498,0,Medio
1988648,0.151251,0,Baixo
1764222,0.208268,0,Medio
1986772,0.11057,0,Baixo
1988660,0.23355,0,Medio
1983034,0.111519,0,Baixo
1988658,0.23948,0,Medio
1968150,0.204735,0,Medio
1988620,0.1928,0,Medio
1988663,0.163265,0,Medio
1986646,0.087127,0,Baixo
1988406,0.127878,0,Baixo
1988316,0.401436,1,Critico
1987859,0.210447,0,Medio
1986475,0.127839,0,Baixo
1988666,0.201892,0,Medio
1988627,0.226933,0,Medio
1988665,0.306571,0,Alto
1988519,0.168337,0,Medio
1987970,0.146766,0,Baixo
1988682,0.174814,0,Medio
1987916,0.429903,1,Critico
1987829,0.09989,0,Baixo
1979434,0.532095,1,Critico
1988053,0.168162,0,Medio
1988677,0.145401,0,Baixo
1941071,0.117707,0,Baixo
1988697,0.09138,0,Baixo
1988180,0.171075,0,Medio
1988701,0.01712,0,Baixo
1980228,0.219284,0,Medio
1988668,0.340792,0,Alto
1988690,0.265997,0,Alto
1988523,0.069311,0,Baixo
1988709,0.183244,0,Medio
1988642,0.137966,0,Baixo
1982309,0.330465,0,Alto
1988713,0.159212,0,Baixo
1988707,0.273171,0,Alto
1988728,0.313615,0,Alto
1988705,0.142622,0,Baixo
1988698,0.141103,0,Baixo
1988716,0.06113,0,Baixo
1988706,0.358426,1,Critico
1987425,0.211064,0,Medio
1964721,0.10217,0,Baixo
1981496,0.12991,0,Baixo
1968852,0.080886,0,Baixo
1987112,0.401674,1,Critico
1988710,0.29995,0,Alto
1988715,0.248819,0,Medio
1988555,0.111722,0,Baixo
1988729,0.137247,0,Baixo
1988712,0.176459,0,Medio
1988723,0.10055,0,Baixo
1985222,0.254141,0,Alto
1988733,0.184838,0,Medio
1988739,0.083692,0,Baixo
1988751,0.255441,0,Alto
1987058,0.273372,0,Alto
1988702,0.10487,0,Baixo
1968170,0.082504,0,Baixo
1976899,0.384,1,Critico
1988270,0.127735,0,Baixo
1988747,0.210725,0,Medio
1988762,0.176743,0,Medio
1988737,0.242284,0,Medio
1986398,0.116384,0,Baixo
1988767,0.058001,0,Baixo
1988772,0.139796,0,Baixo
1988765,0.362295,1,Critico
1988795,0.299533,0,Alto
1988787,0.039938,0,Baixo
1988695,0.073453,0,Baixo
1988806,0.335229,0,Alto
1986824,0.153614,0,Baixo
1988803,0.08773,0,Baixo
1988217,0.0857,0,Baixo
564493,0.154664,0,Baixo
1970115,0.30351,0,Alto
1978236,0.214725,0,Medio
1988558,0.123205,0,Baixo
1988817,0.217666,0,Medio
1988515,0.300897,0,Alto
1988821,0.289529,0,Alto
1988681,0.109063,0,Baixo
1988807,0.207977,0,Medio
1987809,0.111903,0,Baixo
1988838,0.72101,1,Critico
1986116,0.089868,0,Baixo
1988678,0.218167,0,Medio
1988842,0.215746,0,Medio
1987885,0.118544,0,Baixo
1986730,0.493742,1,Critico
1988830,0.124932,0,Baixo
1988825,0.132321,0,Baixo
1988848,0.117162,0,Baixo
1988451,0.297271,0,Alto
1988786,0.113934,0,Baixo
1988840,0.306857,0,Alto
1988853,0.065834,0,Baixo
1988793,0.197688,0,Medio
1988863,0.139072,0,Baixo
1988858,0.117353,0,Baixo
1986201,0.351087,1,Alto
1988864,0.188951,0,Medio
1988850,0.124461,0,Baixo
1988243,0.164708,0,Medio
1988855,0.609921,1,Critico
1988870,0.289951,0,Alto
1987082,0.136537,0,Baixo
1981042,0.17516,0,Medio
1988869,0.185822,0,Medio
1987458,0.091415,0,Baixo
1988866,0.107891,0,Baixo
1987033,0.140812,0,Baixo
1988875,0.315314,0,Alto
1988911,0.310056,0,Alto
1979354,0.446526,1,Critico
1988893,0.037174,0,Baixo
1988148,0.086753,0,Baixo
1988937,0.175179,0,Medio
1988921,0.206632,0,Medio
1988822,0.312608,0,Alto
1986627,0.237733,0,Medio
1983818,0.131807,0,Baixo
1988927,0.254796,0,Alto
1988930,0.10085,0,Baixo
1988629,0.03134,0,Baixo
1988824,0.178595,0,Medio
1988961,0.20519,0,Medio
1971995,0.194263,0,Medio
1981040,0.22513,0,Medio
1988949,0.14218,0,Baixo
1988951,0.336218,0,Alto
1984452,0.092246,0,Baixo
1988967,0.216868,0,Medio
1988908,0.243566,0,Medio
1988919,0.084335,0,Baixo
1988932,0.288964,0,Alto
1988033,0.145272,0,Baixo
1988936,0.112835,0,Baixo
1981301,0.212128,0,Medio
1988968,0.263667,0,Alto
1988966,0.094739,0,Baixo
1978805,0.068742,0,Baixo
1988985,0.284603,0,Alto
1988976,0.253744,0,Alto
1988854,0.204988,0,Medio
1988916,0.160469,0,Baixo
1988989,0.396379,1,Critico
1986499,0.200147,0,Medio
1987651,0.147972,0,Baixo
1973146,0.167827,0,Medio
1988994,0.230793,0,Medio
1988964,0.27743,0,Alto
1971665,0.377027,1,Critico
1988982,0.219619,0,Medio
1969905,0.183563,0,Medio
1988820,0.408703,1,Critico
1987193,0.067129,0,Baixo
1970967,0.15113,0,Baixo
1989013,0.16284,0,Medio
1985630,0.035895,0,Baixo
1981093,0.159072,0,Baixo
1988676,0.213728,0,Medio
1964629,0.057186,0,Baixo
1988860,0.131448,0,Baixo
1986686,0.316524,0,Alto
1989026,0.098682,0,Baixo
1988990,0.100594,0,Baixo
1947032,0.397709,1,Critico
1971492,0.235562,0,Medio
1987834,0.111486,0,Baixo
1989021,0.590123,1,Critico
1988999,0.273766,0,Alto
1989031,0.124217,0,Baixo
1989027,0.121354,0,Baixo
1939906,0.365531,1,Critico
1989052,0.326629,0,Alto
1989041,0.085679,0,Baixo
1988343,0.269776,0,Alto
1989040,0.069693,0,Baixo
1989032,0.230432,0,Medio
1981796,0.244724,0,Medio
1988894,0.163067,0,Medio
1988810,0.250823,0,Medio
1987373,0.279181,0,Alto
1984565,0.150046,0,Baixo
1988913,0.386997,1,Critico
1989043,0.103916,0,Baixo
1989068,0.131769,0,Baixo
1989057,0.114556,0,Baixo
1989059,0.218382,0,Medio
1988566,0.077673,0,Baixo
1987362,0.184445,0,Medio
1989085,0.118483,0,Baixo
1975445,0.158567,0,Baixo
1985973,0.116027,0,Baixo
1989098,0.356235,1,Alto
1989073,0.64853,1,Critico
1989035,0.538727,1,Critico
1989089,0.093812,0,Baixo
1989091,0.183462,0,Medio
1989005,0.278051,0,Alto
1989069,0.102522,0,Baixo
1988754,0.204813,0,Medio
1989097,0.091767,0,Baixo
1989011,0.151655,0,Baixo
1988998,0.378675,1,Critico
1988889,0.327933,0,Alto
1988906,0.139339,0,Baixo
1988314,0.332621,0,Alto
1918064,0.237135,0,Medio
1988841,0.390407,1,Critico
1988965,0.33436,0,Alto
1989099,0.198985,0,Medio
1989100,0.082713,0,Baixo
1989107,0.136426,0,Baixo
1980543,0.212833,0,Medio
1988948,0.221555,0,Medio
1988720,0.167521,0,Medio
1986658,0.163444,0,Medio
1988971,0.053627,0,Baixo
1988254,0.132141,0,Baixo
1987673,0.119245,0,Baixo
1981575,0.131462,0,Baixo
1989087,0.119773,0,Baixo
1988934,0.100719,0,Baixo
1987326,0.282383,0,Alto
1982879,0.40081,1,Critico
1989126,0.143354,0,Baixo
1982388,0.156407,0,Baixo
700002,0.2724,0,Alto
1984180,0.15859,0,Baixo
1977705,0.272437,0,Alto
1987789,0.159018,0,Baixo
1989015,0.476316,1,Critico
1989034,0.172908,0,Medio
1989133,0.18774,0,Medio
1988996,0.146734,0,Baixo
1988959,0.22645,0,Medio
1988941,0.036091,0,Baixo
1988956,0.241136,0,Medio
1989131,0.058161,0,Baixo
1989135,0.225396,0,Medio
1971317,0.246899,0,Medio
1986046,0.201221,0,Medio
1988433,0.255285,0,Alto
1989140,0.2286,0,Medio
1989144,0.432454,1,Critico
1975431,0.301551,0,Alto
1989149,0.123193,0,Baixo
1988568,0.160211,0,Baixo
1989156,0.176594,0,Medio
1989174,0.249593,0,Medio
1989124,0.112852,0,Baixo
1989148,0.151312,0,Baixo
1989141,0.0948,0,Baixo
1976624,0.239416,0,Medio
1984595,0.11773,0,Baixo
1988691,0.324504,0,Alto
1986262,0.237082,0,Medio
1987392,0.229638,0,Medio
1986399,0.117105,0,Baixo
1989197,0.080044,0,Baixo
1989064,0.335413,0,Alto
1974592,0.255393,0,Alto
1988857,0.119303,0,Baixo
1986762,0.452723,1,Critico
1986841,0.179588,0,Medio
1989136,0.188244,0,Medio
1989142,0.165694,0,Medio
1989168,0.173298,0,Medio
1989202,0.291832,0,Alto
1978653,0.127503,0,Baixo
1989181,0.257668,0,Alto
1989082,0.085856,0,Baixo
1986177,0.25357,0,Alto
1989189,0.081844,0,Baixo
1989182,0.197508,0,Medio
1989178,0.218182,0,Medio
1989175,0.151917,0,Baixo
1989163,0.083782,0,Baixo
1989155,0.101723,0,Baixo
1989153,0.331165,0,Alto
1975236,0.268645,0,Alto
1989146,0.228461,0,Medio
1988512,0.199307,0,Medio
1984711,0.219921,0,Medio
1989216,0.184526,0,Medio
1989213,0.118066,0,Baixo
1989056,0.240403,0,Medio
1989198,0.167933,0,Medio
1976431,0.072729,0,Baixo
1989207,0.214073,0,Medio
1978783,0.252763,0,Alto
1989214,0.155483,0,Baixo
1989208,0.088047,0,Baixo
1989221,0.286305,0,Alto
1988475,0.168765,0,Medio
1989219,0.167009,0,Medio
1989193,0.249194,0,Medio
1989051,0.163835,0,Medio
1980990,0.093074,0,Baixo
1986370,0.069146,0,Baixo
1981536,0.075112,0,Baixo
1989200,0.367949,1,Critico
1989236,0.144188,0,Baixo
1989137,0.206645,0,Medio
1970215,0.155995,0,Baixo
1989246,0.236097,0,Medio
1986802,0.237996,0,Medio
1985965,0.272571,0,Alto
1989247,0.150292,0,Baixo
1732499,0.345498,0,Alto
1982118,0.344276,0,Alto
1972305,0.290412,0,Alto
1981983,0.079913,0,Baixo
1987958,0.192023,0,Medio
1985848,0.474864,1,Critico
1987323,0.207521,0,Medio
1988815,0.196287,0,Medio
1719658,0.299727,0,Alto
1834247,0.169955,0,Medio
1989251,0.097004,0,Baixo
1989159,0.169397,0,Medio
1989253,0.255553,0,Alto
1989275,0.075747,0,Baixo
1974796,0.11561,0,Baixo
1987745,0.167655,0,Medio
1989288,0.170385,0,Medio
1988778,0.329997,0,Alto
1989220,0.041378,0,Baixo
1988186,0.022846,0,Baixo
1989272,0.075831,0,Baixo
1988735,0.155686,0,Baixo
1987637,0.09628,0,Baixo
1989273,0.133076,0,Baixo
1989315,0.152773,0,Baixo
1989092,0.205022,0,Medio
1975677,0.387314,1,Critico
1987423,0.280448,0,Alto
1988365,0.248287,0,Medio
1988536,0.12144,0,Baixo
1987101,0.156489,0,Baixo
1989312,0.07607,0,Baixo
1989169,0.283355,0,Alto
1989324,0.408216,1,Critico
1988218,0.051236,0,Baixo
1989166,0.181057,0,Medio
1978500,0.164672,0,Medio
1987136,0.117207,0,Baixo
1989319,0.551807,1,Critico
1989132,0.121729,0,Baixo
1974816,0.249448,0,Medio
1565423,0.160292,0,Baixo
1989327,0.148136,0,Baixo
1989339,0.071063,0,Baixo
1989338,0.103274,0,Baixo
1989307,0.298735,0,Alto
1989317,0.160483,0,Baixo
1989262,0.074568,0,Baixo
1989284,0.088693,0,Baixo
1989350,0.26468,0,Alto
1989336,0.170835,0,Medio
1989326,0.363896,1,Critico
1982514,0.132954,0,Baixo
1989352,0.192631,0,Medio
1989353,0.092939,0,Baixo
1944297,0.109521,0,Baixo
1987144,0.183972,0,Medio
1984708,0.487555,1,Critico
1989245,0.165062,0,Medio
1975160,0.23281,0,Medio
1971826,0.123214,0,Baixo
1974378,0.311171,0,Alto
1989226,0.199431,0,Medio
1981016,0.241335,0,Medio
1023937,0.123712,0,Baixo
1951294,0.180231,0,Medio
1988246,0.3076,0,Alto
1989297,0.239853,0,Medio
1989378,0.253701,0,Alto
1987118,0.184872,0,Medio
1989075,0.214778,0,Medio
1954021,0.238969,0,Medio
1984572,0.076764,0,Baixo
1989369,0.078924,0,Baixo
1989376,0.445615,1,Critico
1989227,0.165239,0,Medio
1979178,0.51525,1,Critico
1987259,0.286203,0,Alto
1985903,0.154018,0,Baixo
1989396,0.233132,0,Medio
1987349,0.159075,0,Baixo
1989414,0.153497,0,Baixo
1989050,0.068894,0,Baixo
1988808,0.274614,0,Alto
1989373,0.349355,0,Alto
1989405,0.4661,1,Critico
1980428,0.330815,0,Alto
1984653,0.098539,0,Baixo
1254205,0.223633,0,Medio
1979122,0.213741,0,Medio
1989417,0.189871,0,Medio
1984522,0.30335,0,Alto
1989423,0.125262,0,Baixo
1985201,0.184595,0,Medio
1989375,0.245718,0,Medio
1984669,0.078851,0,Baixo
1989429,0.134944,0,Baixo
1989295,0.131913,0,Baixo
1980659,0.282211,0,Alto
1924306,0.184316,0,Medio
1987740,0.164465,0,Medio
1975764,0.277513,0,Alto
1988473,0.128121,0,Baixo
1951755,0.212548,0,Medio
1989228,0.389139,1,Critico
1989444,0.143558,0,Baixo
1989045,0.500837,1,Critico
1988895,0.391648,1,Critico
1986789,0.485734,1,Critico
1987800,0.107454,0,Baixo
1989440,0.181434,0,Medio
1989442,0.211184,0,Medio
1989420,0.122254,0,Baixo
1988607,0.348326,0,Alto
1972538,0.085454,0,Baixo
1989453,0.308519,0,Alto
1985904,0.489852,1,Critico
1989400,0.148229,0,Baixo
1989471,0.072644,0,Baixo
1979963,0.39412,1,Critico
1969824,0.302544,0,Alto
1989472,0.062861,0,Baixo
1978241,0.183391,0,Medio
1982222,0.288362,0,Alto
1989437,0.1956,0,Medio
1989479,0.092395,0,Baixo
1988741,0.283157,0,Alto
1987861,0.318026,0,Alto
1981706,0.188616,0,Medio
1989464,0.172697,0,Medio
1989473,0.241555,0,Medio
1989454,0.114315,0,Baixo
1988938,0.259074,0,Alto
1989419,0.258546,0,Alto
1979127,0.09907,0,Baixo
1989498,0.113658,0,Baixo
1978703,0.16777,0,Medio
1984432,0.120914,0,Baixo
1989468,0.131651,0,Baixo
1980561,0.135179,0,Baixo
1989466,0.045109,0,Baixo
1989192,0.403836,1,Critico
1989527,0.229252,0,Medio
1979667,0.115482,0,Baixo
1989480,0.077968,0,Baixo
1989530,0.364767,1,Critico
1989106,0.193681,0,Medio
1989507,0.156091,0,Baixo
1989505,0.179777,0,Medio
1989493,0.165853,0,Medio
1989514,0.148802,0,Baixo
1986733,0.388801,1,Critico
1989511,0.177615,0,Medio
1987819,0.075029,0,Baixo
1977835,0.177547,0,Medio
1988392,0.088068,0,Baixo
1983728,0.118387,0,Baixo
1989546,0.176469,0,Medio
1982306,0.189245,0,Medio
1989528,0.208504,0,Medio
1989508,0.098336,0,Baixo
1989460,0.278632,0,Alto
1989533,0.50535,1,Critico
1981449,0.211846,0,Medio
1989183,0.298849,0,Alto
1978562,0.199443,0,Medio
1989554,0.216829,0,Medio
1989127,0.373837,1,Critico
1978473,0.182692,0,Medio
1987988,0.246452,0,Medio
1989566,0.071497,0,Baixo
1989549,0.075682,0,Baixo
1989548,0.090739,0,Baixo
1989463,0.217389,0,Medio
1978683,0.167606,0,Medio
1988904,0.176863,0,Medio
1989541,0.1265,0,Baixo
1985917,0.104266,0,Baixo
1979294,0.272225,0,Alto
1989576,0.116178,0,Baixo
1987335,0.141435,0,Baixo
1989569,0.26058,0,Alto
1986350,0.258335,0,Alto
1989564,0.299518,0,Alto
1987263,0.129981,0,Baixo
1979515,0.257616,0,Alto
1989565,0.158708,0,Baixo
1989467,0.139608,0,Baixo
1989613,0.11874,0,Baixo
1981499,0.11251,0,Baixo
1989592,0.139552,0,Baixo
1989615,0.100358,0,Baixo
1977897,0.125926,0,Baixo
1370223,0.186701,0,Medio
1987767,0.120352,0,Baixo
1989614,0.265139,0,Alto
1989618,0.185299,0,Medio
1966411,0.459435,1,Critico
1989365,0.270181,0,Alto
1980382,0.138884,0,Baixo
1986707,0.338803,0,Alto
1989555,0.180646,0,Medio
1989491,0.217334,0,Medio
1989619,0.217232,0,Medio
1988258,0.136321,0,Baixo
1989623,0.147186,0,Baixo
1979891,0.240219,0,Medio
1982634,0.199092,0,Medio
1989597,0.124269,0,Baixo
1989422,0.208055,0,Medio
1989415,0.214992,0,Medio
1989523,0.210203,0,Medio
1979942,0.287005,0,Alto
1982476,0.197233,0,Medio
1989524,0.185245,0,Medio
1989660,0.133563,0,Baixo
1988220,0.228835,0,Medio
1988050,0.125961,0,Baixo
1989643,0.353873,1,Alto
1987554,0.091785,0,Baixo
1989500,0.056256,0,Baixo
1989585,0.086198,0,Baixo
1989663,0.024935,0,Baixo
1989644,0.08677,0,Baixo
1989680,0.374745,1,Critico
1989645,0.1755,0,Medio
1989610,0.106951,0,Baixo
1989655,0.074271,0,Baixo
1989675,0.053615,0,Baixo
1979713,0.29492,0,Alto
1989646,0.056928,0,Baixo
1980922,0.070479,0,Baixo
1989595,0.023024,0,Baixo
1989688,0.152321,0,Baixo
1989661,0.09173,0,Baixo
1989697,0.088441,0,Baixo
1989659,0.039224,0,Baixo
1989693,0.135038,0,Baixo
1986805,0.178286,0,Medio
1989689,0.052747,0,Baixo
1989699,0.20129,0,Medio
1989243,0.292433,0,Alto
1989599,0.234025,0,Medio
1989678,0.057303,0,Baixo
1989733,0.114103,0,Baixo
1989671,0.083709,0,Baixo
1989719,0.050786,0,Baixo
1989458,0.176076,0,Medio
1989668,0.235059,0,Medio
1989729,0.064865,0,Baixo
1989739,0.052515,0,Baixo
1509508,0.290329,0,Alto
1972586,0.091746,0,Baixo
1989605,0.098278,0,Baixo
1987662,0.149935,0,Baixo
1986024,0.094154,0,Baixo
1989776,0.062016,0,Baixo
1989715,0.052642,0,Baixo
1989752,0.085763,0,Baixo
1978660,0.222416,0,Medio
1989791,0.045901,0,Baixo
1988488,0.048013,0,Baixo
1989756,0.187298,0,Medio
1989742,0.070056,0,Baixo
1989743,0.070471,0,Baixo
1989439,0.144541,0,Baixo
1989757,0.056421,0,Baixo
1989748,0.04687,0,Baixo
1983330,0.13355,0,Baixo
1989769,0.097091,0,Baixo
1989686,0.243165,0,Medio
1989770,0.105631,0,Baixo
1989763,0.192967,0,Medio
1989793,0.063749,0,Baixo
1989786,0.072706,0,Baixo
1989787,0.08884,0,Baixo
1989815,0.175254,0,Medio
1989687,0.385035,1,Critico
1989735,0.062265,0,Baixo
1989745,0.12723,0,Baixo
1989862,0.062372,0,Baixo
1989765,0.42136,1,Critico
1989721,0.06043,0,Baixo
1988954,0.414055,1,Critico
1989747,0.051888,0,Baixo
1989705,0.166205,0,Medio
1989730,0.044864,0,Baixo
1989764,0.143588,0,Baixo
1989820,0.198923,0,Medio
1979160,0.143739,0,Baixo
1989789,0.115937,0,Baixo
1989698,0.166663,0,Medio
1989727,0.04539,0,Baixo
1989829,0.066621,0,Baixo
1978454,0.173998,0,Medio
1982181,0.150084,0,Baixo
1989740,0.045965,0,Baixo
1989634,0.094828,0,Baixo
1986882,0.33993,0,Alto
1989861,0.096382,0,Baixo
1989830,0.37711,1,Critico
1978808,0.237091,0,Medio
1989891,0.04,0,Baixo
1989845,0.069053,0,Baixo
1989859,0.053064,0,Baixo
1787421,0.395422,1,Critico
1989009,0.245277,0,Medio
1989563,0.125384,0,Baixo
1989725,0.185936,0,Medio
1989886,0.223357,0,Medio
1989908,0.13615,0,Baixo
1978495,0.078681,0,Baixo
1989844,0.257191,0,Alto
1989885,0.176401,0,Medio
1989914,0.165615,0,Medio
1989823,0.290474,0,Alto
1989907,0.194006,0,Medio
1989924,0.148509,0,Baixo
1978152,0.223082,0,Medio
1977922,0.159903,0,Baixo
1985952,0.221298,0,Medio
1989868,0.218129,0,Medio
1984872,0.263984,0,Alto
1979808,0.069643,0,Baixo
1985445,0.146349,0,Baixo
1989684,0.173004,0,Medio
1989858,0.037012,0,Baixo
1963210,0.253616,0,Alto
1979480,0.049089,0,Baixo
1989798,0.070777,0,Baixo
1989933,0.067458,0,Baixo
1989932,0.282188,0,Alto
1986947,0.359704,1,Critico
1989945,0.199749,0,Medio
1927535,0.430774,1,Critico
1985764,0.266053,0,Alto
1987239,0.219719,0,Medio
1989929,0.155058,0,Baixo
1989775,0.054706,0,Baixo
1989492,0.227486,0,Medio
1989882,0.062878,0,Baixo
1989965,0.081261,0,Baixo
1988805,0.348487,0,Alto
1989976,0.339279,0,Alto
1989906,0.177663,0,Medio
1989957,0.174242,0,Medio
1989822,0.042717,0,Baixo
1989962,0.185529,0,Medio
1989963,0.116956,0,Baixo
1989980,0.208048,0,Medio
1989904,0.146607,0,Baixo
1989572,0.046093,0,Baixo
1989758,0.091713,0,Baixo
1987174,0.097866,0,Baixo
1989968,0.354921,1,Alto
1989985,0.295721,0,Alto
1977796,0.167529,0,Medio
1989425,0.355852,1,Alto
1989392,0.112737,0,Baixo
1989979,0.121314,0,Baixo
1989987,0.104825,0,Baixo
1989956,0.538666,1,Critico
1988833,0.125923,0,Baixo
1990030,0.169646,0,Medio
1990000,0.066967,0,Baixo
1990008,0.194162,0,Medio
1983447,0.177807,0,Medio
1989927,0.10383,0,Baixo
1990015,0.145587,0,Baixo
1990025,0.136722,0,Baixo
1990011,0.290638,0,Alto
1990032,0.08625,0,Baixo
1986586,0.260165,0,Alto
1990060,0.113514,0,Baixo
1990039,0.091392,0,Baixo
1988458,0.144868,0,Baixo
1989941,0.192,0,Medio
1990042,0.065693,0,Baixo
1990010,0.124716,0,Baixo
1990019,0.371559,1,Critico
1990035,0.074077,0,Baixo
1989973,0.137829,0,Baixo
1989970,0.215625,0,Medio
1990054,0.137119,0,Baixo
1989865,0.10594,0,Baixo
1981317,0.218267,0,Medio
1990081,0.143323,0,Baixo
1979725,0.171303,0,Medio
1990018,0.355405,1,Alto
1039129,0.45002,1,Critico
1990076,0.049784,0,Baixo
1989681,0.076909,0,Baixo
1990057,0.198319,0,Medio
1989993,0.205239,0,Medio
1990074,0.083437,0,Baixo
1990009,0.293824,0,Alto
1990068,0.235233,0,Medio
1990079,0.133681,0,Baixo
1990002,0.257323,0,Alto
1990109,0.035999,0,Baixo
1989077,0.401235,1,Critico
1978228,0.168284,0,Medio
1990105,0.429053,1,Critico
1990106,0.06474,0,Baixo
1990078,0.177937,0,Medio
1986892,0.201068,0,Medio
1987452,0.04926,0,Baixo
1989913,0.052982,0,Baixo
1990021,0.221832,0,Medio
1985157,0.238162,0,Medio
1990064,0.212653,0,Medio
1976292,0.123046,0,Baixo
1978882,0.133079,0,Baixo
1981744,0.085687,0,Baixo
1910002,0.318084,0,Alto
1990111,0.152755,0,Baixo
1990115,0.271428,0,Alto
1990093,0.184727,0,Medio
1985708,0.141363,0,Baixo
1990113,0.161676,0,Medio
1990127,0.034715,0,Baixo
1987036,0.186201,0,Medio
1989233,0.11234,0,Baixo
1979774,0.298172,0,Alto
1990134,0.154601,0,Baixo
1990117,0.169408,0,Medio
1990142,0.262974,0,Alto
1990108,0.0429,0,Baixo
1983473,0.127269,0,Baixo
1990150,0.122885,0,Baixo
1990152,0.064356,0,Baixo
1990148,0.392509,1,Critico
1989774,0.064092,0,Baixo
1989518,0.092596,0,Baixo
1989790,0.064578,0,Baixo
1986712,0.19964,0,Medio
1989889,0.346858,0,Alto
1989801,0.054759,0,Baixo
1989873,0.143112,0,Baixo
1989581,0.196624,0,Medio
1987291,0.119845,0,Baixo
1989961,0.067007,0,Baixo
1978602,0.115089,0,Baixo
1989939,0.048913,0,Baixo
1989807,0.096118,0,Baixo
1989780,0.045468,0,Baixo
1987115,0.22959,0,Medio
1990149,0.040947,0,Baixo
1989103,0.128055,0,Baixo
1990163,0.123954,0,Baixo
1990170,0.072106,0,Baixo
1990164,0.261219,0,Alto
1988431,0.123821,0,Baixo
1990179,0.183693,0,Medio
1990185,0.254151,0,Alto
1975583,0.350043,0,Alto
1987401,0.325823,0,Alto
1990104,0.098359,0,Baixo
1986973,0.129082,0,Baixo
1990180,0.246189,0,Medio
1990033,0.050157,0,Baixo
1989119,0.290415,0,Alto
1990186,0.240306,0,Medio
1983955,0.261019,0,Alto
1990062,0.068682,0,Baixo
1990155,0.155611,0,Baixo
1990088,0.070937,0,Baixo
1980590,0.121302,0,Baixo
1990208,0.04803,0,Baixo
1980974,0.093506,0,Baixo
1990189,0.119624,0,Baixo
1990200,0.069325,0,Baixo
1990226,0.238856,0,Medio
1990237,0.062304,0,Baixo
1990225,0.209343,0,Medio
1944919,0.12409,0,Baixo
1978544,0.14602,0,Baixo
1990230,0.054548,0,Baixo
1990220,0.1396,0,Baixo
1985272,0.211558,0,Medio
1990239,0.064249,0,Baixo
1988418,0.151473,0,Baixo
1989872,0.06712,0,Baixo
1990238,0.256587,0,Alto
1986740,0.332038,0,Alto
1990212,0.331225,0,Alto
1990214,0.052155,0,Baixo
1985949,0.170413,0,Medio
1989920,0.069917,0,Baixo
1989928,0.071605,0,Baixo
1990166,0.206265,0,Medio
1989833,0.131147,0,Baixo
1989191,0.068727,0,Baixo
1990229,0.045222,0,Baixo
1989724,0.059506,0,Baixo
1990050,0.090969,0,Baixo
1990087,0.11136,0,Baixo
1990258,0.218878,0,Medio
1990271,0.105177,0,Baixo
1990250,0.239069,0,Medio
1990277,0.138787,0,Baixo
1990282,0.1791,0,Medio
1990204,0.070272,0,Baixo
1989832,0.219921,0,Medio
1990242,0.099496,0,Baixo
1989587,0.480225,1,Critico
1989573,0.180202,0,Medio
1990281,0.109392,0,Baixo
1989436,0.269315,0,Alto
1989408,0.149309,0,Baixo
1989393,0.180094,0,Medio
1990286,0.282853,0,Alto
1978537,0.079386,0,Baixo
1989381,0.11951,0,Baixo
1989372,0.297309,0,Alto
1990283,0.13346,0,Baixo
1989367,0.119056,0,Baixo
1990288,0.128979,0,Baixo
1989361,0.274473,0,Alto
1990292,0.204145,0,Medio
1989335,0.18451,0,Medio
1627456,0.213635,0,Medio
1985989,0.18474,0,Medio
1989330,0.447118,1,Critico
1989358,0.338032,0,Alto
1988837,0.276672,0,Alto
1989357,0.28779,0,Alto
1989348,0.267515,0,Alto
1989347,0.203774,0,Medio
1986695,0.447255,1,Critico
1989329,0.450732,1,Critico
1990280,0.197554,0,Medio
1989340,0.306983,0,Alto
1990297,0.105686,0,Baixo
1990287,0.115261,0,Baixo
1990310,0.061699,0,Baixo
1986449,0.21176,0,Medio
1990307,0.280242,0,Alto
1990312,0.165666,0,Medio
1988987,0.247235,0,Medio
1989510,0.269094,0,Alto
1989915,0.094308,0,Baixo
1990324,0.145625,0,Baixo
1932748,0.280754,0,Alto
1990336,0.226409,0,Medio
1988912,0.187625,0,Medio
1985910,0.12885,0,Baixo
1985488,0.163709,0,Medio
1986295,0.376252,1,Critico
1990356,0.084348,0,Baixo
1989875,0.063349,0,Baixo
1987060,0.161703,0,Medio
1988931,0.14791,0,Baixo
1990360,0.061932,0,Baixo
1990367,0.206534,0,Medio
1989911,0.247732,0,Medio
1935557,0.306109,0,Alto
1990373,0.150005,0,Baixo
1990279,0.080126,0,Baixo
1989080,0.261521,0,Alto
1990309,0.063837,0,Baixo
1989867,0.175326,0,Medio
1990377,0.268828,0,Alto
1990378,0.398277,1,Critico
1990400,0.158726,0,Baixo
1990392,0.245941,0,Medio
1989700,0.154203,0,Baixo
1990390,0.130884,0,Baixo
1975843,0.269952,0,Alto
1990398,0.184738,0,Medio
1990145,0.137658,0,Baixo
1990051,0.239323,0,Medio
1990420,0.439591,1,Critico
1971715,0.245752,0,Medio
1990434,0.095704,0,Baixo
1987370,0.201889,0,Medio
1986141,0.142616,0,Baixo
1990432,0.067584,0,Baixo
1990348,0.201683,0,Medio
1989800,0.046641,0,Baixo
1989925,0.175451,0,Medio
1990439,0.050665,0,Baixo
1990456,0.446567,1,Critico
1989229,0.11766,0,Baixo
1990207,0.24395,0,Medio
1990196,0.135357,0,Baixo
1988686,0.350251,0,Alto
1990477,0.153734,0,Baixo
1970945,0.080721,0,Baixo
1989494,0.154051,0,Baixo
1990460,0.297466,0,Alto
1990487,0.236858,0,Medio
1987322,0.307424,0,Alto
1990490,0.155924,0,Baixo
1990494,0.215975,0,Medio
1990496,0.326045,0,Alto
1989234,0.189638,0,Medio
1990515,0.059817,0,Baixo
1990497,0.108179,0,Baixo
1752787,0.299113,0,Alto
1971848,0.116097,0,Baixo
1989497,0.078388,0,Baixo
1990510,0.118281,0,Baixo
1990531,0.133477,0,Baixo
1990483,0.090709,0,Baixo
1990545,0.324018,0,Alto
1990512,0.188259,0,Medio
1990567,0.096583,0,Baixo
1990529,0.193415,0,Medio
1990569,0.169968,0,Medio
1990559,0.267814,0,Alto
1990555,0.127717,0,Baixo
1988386,0.1921,0,Medio
1990505,0.120717,0,Baixo
1990598,0.087818,0,Baixo
1990553,0.095203,0,Baixo
1990607,0.107029,0,Baixo
1986977,0.109422,0,Baixo
1990293,0.232299,0,Medio
1990538,0.146475,0,Baixo
1990514,0.08283,0,Baixo
1497575,0.190772,0,Medio
1743847,0.11358,0,Baixo
1990509,0.18966,0,Medio
1990590,0.173863,0,Medio
1990520,0.149177,0,Baixo
1977202,0.08667,0,Baixo
1989629,0.140236,0,Baixo
1990638,0.205264,0,Medio
1990618,0.219037,0,Medio
1988621,0.298324,0,Alto
1990536,0.081302,0,Baixo
1986771,0.12617,0,Baixo
1990359,0.098405,0,Baixo
1990633,0.133772,0,Baixo
1990568,0.209768,0,Medio
1990621,0.045389,0,Baixo
1990636,0.100657,0,Baixo
1990547,0.181652,0,Medio
1990643,0.032848,0,Baixo
1990586,0.107347,0,Baixo
1990653,0.131373,0,Baixo
1990102,0.126183,0,Baixo
1989263,0.265444,0,Alto
1990696,0.312018,0,Alto
1990703,0.03089,0,Baixo
1990679,0.182953,0,Medio
1990699,0.166979,0,Medio
1990354,0.162625,0,Medio
1990710,0.4401,1,Critico
1956331,0.263237,0,Alto
1990701,0.050449,0,Baixo
1819900,0.379006,1,Critico
1990361,0.074023,0,Baixo
1990096,0.111932,0,Baixo
1990720,0.141883,0,Baixo
1990717,0.102495,0,Baixo
1982398,0.340004,0,Alto
1990716,0.207333,0,Medio
1990724,0.054802,0,Baixo
1990671,0.166535,0,Medio
1989531,0.240663,0,Medio
1987347,0.270656,0,Alto
1990737,0.173653,0,Medio
1990736,0.067552,0,Baixo
1990745,0.404167,1,Critico
1990689,0.077639,0,Baixo
1990733,0.245614,0,Medio
1956865,0.435833,1,Critico
1990676,0.213703,0,Medio
1990768,0.247266,0,Medio
1990773,0.115114,0,Baixo
1986147,0.241234,0,Medio
1983783,0.262514,0,Alto
1990738,0.242838,0,Medio
1969848,0.07547,0,Baixo
1990777,0.135972,0,Baixo
1990542,0.156249,0,Baixo
1990740,0.15782,0,Baixo
1989501,0.233,0,Medio
1593017,0.221881,0,Medio
1974849,0.273992,0,Alto
1989841,0.08296,0,Baixo
1990387,0.159616,0,Baixo
1990789,0.288573,0,Alto
1969614,0.180104,0,Medio
1988117,0.202609,0,Medio
1982145,0.35416,1,Alto
1990576,0.094069,0,Baixo
1989601,0.162012,0,Medio
1990072,0.040572,0,Baixo
1990478,0.092584,0,Baixo
1716602,0.255536,0,Alto
1990748,0.194513,0,Medio
1990765,0.314605,0,Alto
1990783,0.131957,0,Baixo
1988290,0.474981,1,Critico
1990818,0.208475,0,Medio
1989648,0.096022,0,Baixo
1990798,0.188362,0,Medio
1990797,0.068283,0,Baixo
1990753,0.142536,0,Baixo
1990819,0.191986,0,Medio
1990793,0.521191,1,Critico
1988802,0.103895,0,Baixo
1987910,0.074181,0,Baixo
1989707,0.080748,0,Baixo
1988852,0.190129,0,Medio
1988262,0.079557,0,Baixo
1990685,0.608137,1,Critico
1988103,0.150386,0,Baixo
1990830,0.105525,0,Baixo
1990682,0.222572,0,Medio
1990743,0.231422,0,Medio
1990820,0.257498,0,Alto
1989509,0.111451,0,Baixo
1989438,0.119166,0,Baixo
1990831,0.172447,0,Medio
1990782,0.089568,0,Baixo
1990868,0.298646,0,Alto
1990869,0.102527,0,Baixo
1990808,0.067276,0,Baixo
1990666,0.264086,0,Alto
1990817,0.174501,0,Medio
1990877,0.158387,0,Baixo
1988248,0.208069,0,Medio
1990840,0.200796,0,Medio
1954597,0.243759,0,Medio
1975973,0.090925,0,Baixo
1989289,0.421235,1,Critico
1990908,0.151938,0,Baixo
1932007,0.143862,0,Baixo
1987984,0.078828,0,Baixo
1990904,0.091954,0,Baixo
1990898,0.099061,0,Baixo
1990905,0.210614,0,Medio
1990910,0.282847,0,Alto
1990750,0.21471,0,Medio
1989762,0.09474,0,Baixo
1990752,0.049862,0,Baixo
1990915,0.14756,0,Baixo
1990948,0.486296,1,Critico
1990920,0.183136,0,Medio
1990122,0.153786,0,Baixo
1990345,0.26494,0,Alto
1983375,0.117602,0,Baixo
1990919,0.138197,0,Baixo
1990056,0.151171,0,Baixo
1990943,0.192875,0,Medio
1989593,0.250612,0,Medio
1990947,0.059481,0,Baixo
1989550,0.074444,0,Baixo
1990963,0.253353,0,Alto
1990937,0.322495,0,Alto
1990881,0.089938,0,Baixo
1609128,0.167983,0,Medio
1990795,0.117423,0,Baixo
1990988,0.062721,0,Baixo
1990895,0.154065,0,Baixo
1990100,0.180084,0,Medio
1990578,0.246851,0,Medio
1990592,0.21912,0,Medio
1976747,0.335407,0,Alto
1990067,0.142106,0,Baixo
1990686,0.07617,0,Baixo
1990981,0.15496,0,Baixo
1957895,0.28832,0,Alto
1987420,0.160953,0,Medio
1989461,0.183853,0,Medio
1990300,0.239637,0,Medio
1984992,0.054596,0,Baixo
1978991,0.100055,0,Baixo
1990660,0.200223,0,Medio
1990741,0.299001,0,Alto
1990223,0.078364,0,Baixo
1990841,0.33294,0,Alto
1991000,0.231767,0,Medio
1990977,0.114009,0,Baixo
1990976,0.062697,0,Baixo
1991019,0.200375,0,Medio
1991022,0.224137,0,Medio
1989540,0.210811,0,Medio
1990930,0.070344,0,Baixo
1985086,0.056421,0,Baixo
1990968,0.136099,0,Baixo
1991011,0.133728,0,Baixo
1991046,0.115757,0,Baixo
1991065,0.174201,0,Medio
1990990,0.6366,1,Critico
1765420,0.174936,0,Medio
1988483,0.328023,0,Alto
1978848,0.29776,0,Alto
1990801,0.139236,0,Baixo
1990347,0.127162,0,Baixo
1991056,0.158903,0,Baixo
1990970,0.13769,0,Baixo
1991029,0.149044,0,Baixo
1991060,0.101187,0,Baixo
1972264,0.042191,0,Baixo
1990771,0.177075,0,Medio
1991088,0.462844,1,Critico
1990708,0.066087,0,Baixo
1986298,0.342999,0,Alto
1990760,0.122504,0,Baixo
1991127,0.098889,0,Baixo
1987191,0.157785,0,Baixo
1991041,0.11884,0,Baixo
1990965,0.121871,0,Baixo
1991123,0.121103,0,Baixo
1991125,0.170781,0,Medio
1991128,0.186106,0,Medio
1991147,0.126866,0,Baixo
1990887,0.216205,0,Medio
1991101,0.495631,1,Critico
1991097,0.15523,0,Baixo
1990936,0.117818,0,Baixo
1988271,0.108795,0,Baixo
1989959,0.118033,0,Baixo
1990747,0.103427,0,Baixo
1991165,0.116113,0,Baixo
1990889,0.292481,0,Alto
1990158,0.141292,0,Baixo
1991138,0.144845,0,Baixo
1991151,0.066318,0,Baixo
1989761,0.058012,0,Baixo
1991170,0.23555,0,Medio
1991176,0.256345,0,Alto
1991030,0.222735,0,Medio
1990996,0.473791,1,Critico
1991168,0.214629,0,Medio
1976823,0.389354,1,Critico
1991012,0.174575,0,Medio
1991177,0.075728,0,Baixo
1989732,0.040559,0,Baixo
1988509,0.342823,0,Alto
1968890,0.072608,0,Baixo
1990802,0.101954,0,Baixo
1991158,0.313921,0,Alto
1978763,0.219308,0,Medio
1989382,0.4507,1,Critico
1991195,0.256109,0,Alto
1991104,0.077125,0,Baixo
1987043,0.409983,1,Critico
1990121,0.051701,0,Baixo
1989459,0.059523,0,Baixo
1979466,0.232585,0,Medio
1991167,0.18955,0,Medio
1991081,0.194195,0,Medio
1989617,0.192016,0,Medio
1991105,0.178849,0,Medio
1991203,0.144291,0,Baixo
1991225,0.224267,0,Medio
1990850,0.363055,1,Critico
1991196,0.322433,0,Alto
1991152,0.060761,0,Baixo
1990640,0.176654,0,Medio
1989270,0.30858,0,Alto
1976570,0.387121,1,Critico
1991248,0.161124,0,Medio
1990518,0.070268,0,Baixo
1988142,0.278211,0,Alto
1991229,0.071331,0,Baixo
1991268,0.269972,0,Alto
1991274,0.077033,0,Baixo
1991232,0.200374,0,Medio
1990422,0.026164,0,Baixo
1991313,0.295962,0,Alto
1991302,0.166944,0,Medio
1988641,0.121682,0,Baixo
1978197,0.107704,0,Baixo
1991317,0.213912,0,Medio
1991184,0.308247,0,Alto
1991235,0.239422,0,Medio
1989044,0.115695,0,Baixo
1991182,0.196856,0,Medio
1991314,0.142132,0,Baixo
1984422,0.212822,0,Medio
1991335,0.22768,0,Medio
1988611,0.094075,0,Baixo
1982100,0.199913,0,Medio
1991345,0.274773,0,Alto
1991240,0.055101,0,Baixo
1989383,0.102788,0,Baixo
1990451,0.114603,0,Baixo
1988816,0.099494,0,Baixo
1990599,0.225467,0,Medio
1991334,0.065256,0,Baixo
1990995,0.138731,0,Baixo
1991074,0.11824,0,Baixo
1990757,0.207381,0,Medio
1987297,0.139151,0,Baixo
1990822,0.336526,0,Alto
1984289,0.212212,0,Medio
1991111,0.162471,0,Medio
1991159,0.055116,0,Baixo
1991291,0.087057,0,Baixo
1989802,0.08861,0,Baixo
1987877,0.263181,0,Alto
1991359,0.192487,0,Medio
1987475,0.109502,0,Baixo
1991364,0.223683,0,Medio
1991245,0.074938,0,Baixo
1937188,0.38451,1,Critico
1646187,0.131529,0,Baixo
1986867,0.176545,0,Medio
1991082,0.220856,0,Medio
1988407,0.038727,0,Baixo
1983752,0.160385,0,Baixo
1985845,0.169629,0,Medio
1991328,0.238934,0,Medio
1991387,0.258425,0,Alto
1990903,0.176747,0,Medio
1991411,0.403369,1,Critico
1991272,0.347235,0,Alto
1986289,0.143928,0,Baixo
1968051,0.145364,0,Baixo
1987271,0.553717,1,Critico
1991385,0.216811,0,Medio
1975135,0.187877,0,Medio
1991413,0.348232,0,Alto
1991429,0.13897,0,Baixo
1991416,0.080973,0,Baixo
1991412,0.062504,0,Baixo
1991382,0.07586,0,Baixo
1988773,0.060269,0,Baixo
1991083,0.127803,0,Baixo
1989720,0.059593,0,Baixo
1991408,0.155771,0,Baixo
1972571,0.203952,0,Medio
1991433,0.116909,0,Baixo
1991419,0.231674,0,Medio
1991445,0.193536,0,Medio
1991375,0.047526,0,Baixo
1991428,0.210144,0,Medio
1991449,0.250749,0,Medio
1991452,0.281475,0,Alto
1991438,0.103337,0,Baixo
1988403,0.150488,0,Baixo
1991460,0.129873,0,Baixo
1991389,0.231285,0,Medio
1990294,0.059046,0,Baixo
1990095,0.187543,0,Medio
1991483,0.295047,0,Alto
1991468,0.110558,0,Baixo
1991436,0.407473,1,Critico
1989255,0.176912,0,Medio
1991482,0.133968,0,Baixo
1989824,0.06563,0,Baixo
1990615,0.107384,0,Baixo
1991059,0.050207,0,Baixo
1968310,0.172531,0,Medio
1991517,0.112547,0,Baixo
1988532,0.209017,0,Medio
1985945,0.277119,0,Alto
1988757,0.342181,0,Alto
1989711,0.095184,0,Baixo
1991519,0.132777,0,Baixo
1991530,0.455159,1,Critico
1991499,0.197003,0,Medio
1991495,0.35779,1,Alto
1991420,0.149827,0,Baixo
1991534,0.228513,0,Medio
1991513,0.46172,1,Critico
1988846,0.42313,1,Critico
1991515,0.080073,0,Baixo
1968251,0.429296,1,Critico
1988402,0.081744,0,Baixo
1991532,0.291504,0,Alto
1990549,0.138571,0,Baixo
1977288,0.150248,0,Baixo
1991547,0.210055,0,Medio
1991518,0.260161,0,Alto
1991545,0.114064,0,Baixo
1991554,0.099658,0,Baixo
1991562,0.337944,0,Alto
1986067,0.148295,0,Baixo
1991289,0.05474,0,Baixo
1989809,0.106034,0,Baixo
1991572,0.219672,0,Medio
1991559,0.168297,0,Medio
1991556,0.237262,0,Medio
1989983,0.20002,0,Medio
1991561,0.213266,0,Medio
1991581,0.050151,0,Baixo
1991042,0.103952,0,Baixo
1991553,0.176417,0,Medio
1989096,0.222095,0,Medio
1991577,0.265261,0,Alto
1991290,0.249197,0,Medio
1991454,0.220617,0,Medio
1991018,0.356873,1,Alto
1991330,0.451716,1,Critico
1990845,0.087448,0,Baixo
1991395,0.315576,0,Alto
1991605,0.249404,0,Medio
1991592,0.267892,0,Alto
1988441,0.07729,0,Baixo
1991615,0.260968,0,Alto
1964373,0.314316,0,Alto
1990143,0.214859,0,Medio
1991618,0.262593,0,Alto
1991593,0.080901,0,Baixo
1991590,0.087161,0,Baixo
1982384,0.111598,0,Baixo
1991455,0.144337,0,Baixo
1991632,0.136675,0,Baixo
1980736,0.098295,0,Baixo
1991619,0.229004,0,Medio
1991640,0.204248,0,Medio
1991633,0.161772,0,Medio
1991646,0.184731,0,Medio
1991651,0.109379,0,Baixo
1991440,0.213028,0,Medio
1975108,0.255165,0,Alto
1991675,0.158434,0,Baixo
1991588,0.060017,0,Baixo
1991461,0.076205,0,Baixo
1991622,0.121416,0,Baixo
1984618,0.152795,0,Baixo
1991644,0.117212,0,Baixo
1991671,0.04829,0,Baixo
1991616,0.394208,1,Critico
1989612,0.211529,0,Medio
1991691,0.274898,0,Alto
1991705,0.295271,0,Alto
1990221,0.227685,0,Medio
1991687,0.226687,0,Medio
1961895,0.24253,0,Medio
1990668,0.187249,0,Medio
1991733,0.172296,0,Medio
1986271,0.200902,0,Medio
1099449,0.277724,0,Alto
1991718,0.127557,0,Baixo
1991714,0.050527,0,Baixo
1991715,0.058335,0,Baixo
1742756,0.270003,0,Alto
1991414,0.350309,0,Alto
1991727,0.157397,0,Baixo
1991695,0.274915,0,Alto
1991740,0.219883,0,Medio
1991576,0.334955,0,Alto
1989061,0.216392,0,Medio
1991728,0.211756,0,Medio
1989333,0.12351,0,Baixo
1991756,0.101833,0,Baixo
1991298,0.309698,0,Alto
1985386,0.094843,0,Baixo
1991751,0.262314,0,Alto
1991627,0.166859,0,Medio
1991785,0.162737,0,Medio
1991776,0.187882,0,Medio
1857330,0.201694,0,Medio
1991765,0.297612,0,Alto
1986203,0.096553,0,Baixo
1991696,0.18442,0,Medio
1991771,0.426126,1,Critico
1991745,0.120952,0,Baixo
1991801,0.097189,0,Baixo
1991793,0.201313,0,Medio
1986623,0.47392,1,Critico
1991804,0.124082,0,Baixo
1991790,0.166973,0,Medio
1991795,0.038025,0,Baixo
1991796,0.08476,0,Baixo
1974256,0.237058,0,Medio
1989129,0.244525,0,Medio
1989306,0.204968,0,Medio
1991724,0.268891,0,Alto
1991816,0.19006,0,Medio
1991422,0.254098,0,Alto
1991824,0.223231,0,Medio
1991840,0.166682,0,Medio
1981775,0.184634,0,Medio
1991346,0.234351,0,Medio
1991802,0.178928,0,Medio
1991871,0.23894,0,Medio
1991845,0.395962,1,Critico
1989535,0.188123,0,Medio
1991886,0.12497,0,Baixo
1991877,0.073859,0,Baixo
1990659,0.251886,0,Medio
1991865,0.059134,0,Baixo
1991847,0.052772,0,Baixo
1991814,0.219612,0,Medio
1991909,0.126221,0,Baixo
1991536,0.073445,0,Baixo
1991473,0.260531,0,Alto
565749,0.181275,0,Medio
1991725,0.20924,0,Medio
1986694,0.238014,0,Medio
1991888,0.161977,0,Medio
1991658,0.110073,0,Baixo
1991707,0.276756,0,Alto
1991371,0.351203,1,Alto
1991332,0.108943,0,Baixo
1991558,0.100838,0,Baixo
1991555,0.20917,0,Medio
1991808,0.261132,0,Alto
1990759,0.11912,0,Baixo
1976091,0.237043,0,Medio
1990709,0.054541,0,Baixo
1991500,0.136062,0,Baixo
1991684,0.09113,0,Baixo
1983535,0.374362,1,Critico
1991907,0.154363,0,Baixo
1991798,0.127745,0,Baixo
1974992,0.29581,0,Alto
1991923,0.174763,0,Medio
1990389,0.124412,0,Baixo
1991731,0.198846,0,Medio
1991919,0.102438,0,Baixo
1978120,0.061304,0,Baixo
1991928,0.109607,0,Baixo
1991898,0.114719,0,Baixo
1987837,0.169053,0,Medio
1922071,0.337096,0,Alto
1991939,0.20015,0,Medio
1989122,0.202672,0,Medio
1991908,0.18838,0,Medio
1991942,0.622187,1,Critico
1991843,0.054792,0,Baixo
1963270,0.447998,1,Critico
1991937,0.19547,0,Medio
1991945,0.224605,0,Medio
1991343,0.09726,0,Baixo
1991990,0.114725,0,Baixo
1991373,0.102982,0,Baixo
1991589,0.105891,0,Baixo
1991966,0.12939,0,Baixo
1946063,0.066119,0,Baixo
1991774,0.147477,0,Baixo
1989673,0.108176,0,Baixo
1991989,0.057043,0,Baixo
1991991,0.327203,0,Alto
1991993,0.32075,0,Alto
1992010,0.340862,0,Alto
1992019,0.089465,0,Baixo
1992020,0.285962,0,Alto
1991978,0.173803,0,Medio
1991997,0.631245,1,Critico
1990591,0.189161,0,Medio
1991925,0.257287,0,Alto
1979381,0.27317,0,Alto
1992027,0.193277,0,Medio
1990184,0.050639,0,Baixo
1992011,0.11922,0,Baixo
1975542,0.319136,0,Alto
1990713,0.132158,0,Baixo
1991918,0.230692,0,Medio
1986424,0.203149,0,Medio
1991827,0.253889,0,Alto
1991680,0.342492,0,Alto
1992043,0.199715,0,Medio
1992045,0.142049,0,Baixo
1989279,0.099192,0,Baixo
1992058,0.114949,0,Baixo
1980860,0.205457,0,Medio
1986491,0.285056,0,Alto
1992052,0.300467,0,Alto
1992056,0.255376,0,Alto
1992075,0.099012,0,Baixo
1992077,0.113699,0,Baixo
1986946,0.203786,0,Medio
1991726,0.118405,0,Baixo
1992067,0.350086,0,Alto
1987252,0.226754,0,Medio
1991931,0.400035,1,Critico
1991992,0.043989,0,Baixo
1988166,0.1116,0,Baixo
1988662,0.123653,0,Baixo
1989568,0.112313,0,Baixo
1992006,0.172954,0,Medio
1982887,0.2313,0,Medio
1992092,0.235486,0,Medio
1991971,0.356915,1,Alto
1989977,0.074666,0,Baixo
1989953,0.076088,0,Baixo
1990978,0.165645,0,Medio
1992091,0.144015,0,Baixo
1988651,0.326821,0,Alto
1992113,0.082477,0,Baixo
1972656,0.318307,0,Alto
1992116,0.212923,0,Medio
1991998,0.209771,0,Medio
1449289,0.101841,0,Baixo
1992112,0.143023,0,Baixo
1991912,0.121846,0,Baixo
1992127,0.154678,0,Baixo
1992126,0.07844,0,Baixo
1992054,0.172476,0,Medio
1992124,0.256596,0,Alto
1992135,0.114458,0,Baixo
1990944,0.139149,0,Baixo
1989079,0.201951,0,Medio
1986690,0.114028,0,Baixo
1975384,0.156974,0,Baixo
1991720,0.129781,0,Baixo
1992144,0.229077,0,Medio
1992151,0.26945,0,Alto
1992143,0.138423,0,Baixo
1991431,0.206672,0,Medio
1991563,0.106803,0,Baixo
1992130,0.022893,0,Baixo
1991496,0.277728,0,Alto
1991601,0.068615,0,Baixo
1992038,0.09046,0,Baixo
1985661,0.175115,0,Medio
1992165,0.270342,0,Alto
565365,0.209335,0,Medio
1992158,0.143913,0,Baixo
1992147,0.115983,0,Baixo
1989411,0.213549,0,Medio
1992178,0.167962,0,Medio
1992161,0.138673,0,Baixo
1992100,0.063752,0,Baixo
1992182,0.109907,0,Baixo
1986894,0.081806,0,Baixo
1987005,0.071931,0,Baixo
1992012,0.134961,0,Baixo
1992205,0.082926,0,Baixo
1992145,0.120526,0,Baixo
1992210,0.38312,1,Critico
1992081,0.341401,0,Alto
1992140,0.359856,1,Critico
1992204,0.135163,0,Baixo
1991930,0.132468,0,Baixo
1991243,0.052837,0,Baixo
1992193,0.178678,0,Medio
1991768,0.330004,0,Alto
1989701,0.252073,0,Medio
1992014,0.132257,0,Baixo
1992219,0.075997,0,Baixo
1992221,0.306866,0,Alto
1990864,0.318003,0,Alto
1955552,0.113563,0,Baixo
1992031,0.262942,0,Alto
1990264,0.093795,0,Baixo
1992022,0.103585,0,Baixo
1991859,0.137472,0,Baixo
1990859,0.287979,0,Alto
1990167,0.121801,0,Baixo
1972991,0.344882,0,Alto
1990763,0.287039,0,Alto
1992005,0.200513,0,Medio
1989302,0.300709,0,Alto
1992230,0.311669,0,Alto
1980280,0.377068,1,Critico
1975066,0.113445,0,Baixo
1989677,0.136969,0,Baixo
1992237,0.044998,0,Baixo
1981593,0.191752,0,Medio
1991857,0.361674,1,Critico
1988184,0.133283,0,Baixo
1992257,0.450337,1,Critico
1986891,0.217883,0,Medio
1992247,0.324306,0,Alto
1975117,0.339407,0,Alto
1992173,0.06597,0,Baixo
1992268,0.44758,1,Critico
1988005,0.365427,1,Critico
1934059,0.122301,0,Baixo
1992255,0.228816,0,Medio
1946900,0.343734,0,Alto
1992280,0.161985,0,Medio
1988975,0.173799,0,Medio
1989431,0.157636,0,Baixo
1991842,0.158602,0,Baixo
1940571,0.051325,0,Baixo
1985041,0.298632,0,Alto
1992156,0.171968,0,Medio
1991161,0.055725,0,Baixo
1989487,0.249469,0,Medio
1991497,0.094017,0,Baixo
1992284,0.277978,0,Alto
1991283,0.353484,1,Alto
1992298,0.080422,0,Baixo
1992248,0.258604,0,Alto
1992329,0.233762,0,Medio
1992084,0.443827,1,Critico
1985294,0.526875,1,Critico
1992203,0.155759,0,Baixo
1984140,0.159927,0,Baixo
1992323,0.148643,0,Baixo
1972202,0.197731,0,Medio
1991370,0.177265,0,Medio
1982540,0.344803,0,Alto
1989130,0.390536,1,Critico
1991819,0.456519,1,Critico
1992311,0.050563,0,Baixo
1992032,0.221411,0,Medio
1992353,0.255576,0,Alto
1992349,0.051876,0,Baixo
1992358,0.364538,1,Critico
1992348,0.257591,0,Alto
1992369,0.159729,0,Baixo
1992362,0.431625,1,Critico
1992360,0.162216,0,Medio
1992380,0.028089,0,Baixo
1992374,0.775005,1,Critico
1992384,0.06726,0,Baixo
1981181,0.138542,0,Baixo
684928,0.358066,1,Critico
1989874,0.11781,0,Baixo
1992371,0.054482,0,Baixo
1992222,0.183554,0,Medio
1987709,0.119205,0,Baixo
1992103,0.105886,0,Baixo
1992188,0.243639,0,Medio
1992138,0.331347,0,Alto
1992287,0.253344,0,Alto
1990506,0.256933,0,Alto
1990504,0.124233,0,Baixo
1992142,0.347034,0,Alto
1966489,0.074092,0,Baixo
1991365,0.280784,0,Alto
1992354,0.03983,0,Baixo
1992334,0.117092,0,Baixo
1992393,0.218913,0,Medio
1992414,0.15354,0,Baixo
1992412,0.234736,0,Medio
1980830,0.216347,0,Medio
1992415,0.353266,1,Alto
686880,0.289841,0,Alto
1988264,0.203471,0,Medio
1669047,0.288107,0,Alto
1960397,0.365715,1,Critico
1989837,0.060912,0,Baixo
1992403,0.198157,0,Medio
1992410,0.088742,0,Baixo
1992404,0.293321,0,Alto
1992131,0.408826,1,Critico
1992437,0.113871,0,Baixo
1990447,0.102186,0,Baixo
1992429,0.087034,0,Baixo
1991112,0.192099,0,Medio
1984834,0.319371,0,Alto
1992390,0.331169,0,Alto
1992291,0.186626,0,Medio
1991367,0.259538,0,Alto
1992467,0.049027,0,Baixo
1992411,0.044037,0,Baixo
1992466,0.155294,0,Baixo
1992473,0.259138,0,Alto
1992450,0.44023,1,Critico
1992363,0.060327,0,Baixo
1992452,0.097759,0,Baixo
1983457,0.413273,1,Critico
1990013,0.279285,0,Alto
1987973,0.161861,0,Medio
1992471,0.106967,0,Baixo
1992370,0.115678,0,Baixo
1992364,0.345019,0,Alto
1992212,0.020162,0,Baixo
1992472,0.160779,0,Medio
1992481,0.068193,0,Baixo
1992499,0.131853,0,Baixo
1992392,0.181354,0,Medio
1991038,0.261166,0,Alto
1992498,0.136748,0,Baixo
1992050,0.26381,0,Alto
1990906,0.236266,0,Medio
1946776,0.452395,1,Critico
1992505,0.090815,0,Baixo
1992510,0.483233,1,Critico
1992447,0.306125,0,Alto
1992509,0.119648,0,Baixo
1992455,0.462088,1,Critico
1990794,0.330826,0,Alto
1992497,0.181555,0,Medio
1992407,0.191329,0,Medio
1989332,0.33118,0,Alto
1991450,0.137122,0,Baixo
1979364,0.132265,0,Baixo
1992226,0.120692,0,Baixo
1991960,0.220915,0,Medio
1987878,0.442785,1,Critico
1992419,0.190445,0,Medio
1989783,0.219105,0,Medio
1991148,0.196103,0,Medio
1988137,0.241247,0,Medio
1973014,0.445549,1,Critico
1989486,0.197359,0,Medio
1979691,0.133708,0,Baixo
1458943,0.210849,0,Medio
1992215,0.109359,0,Baixo
1992564,0.332609,0,Alto
1992548,0.134076,0,Baixo
1990190,0.348219,0,Alto
1992553,0.094064,0,Baixo
1992568,0.134186,0,Baixo
1991883,0.380289,1,Critico
1992569,0.306609,0,Alto
1985203,0.125113,0,Baixo
1713641,0.112935,0,Baixo
1992592,0.282886,0,Alto
1973842,0.187023,0,Medio
1992581,0.399734,1,Critico
1992524,0.196614,0,Medio
1991750,0.164017,0,Medio
1992562,0.136775,0,Baixo
1992605,0.259618,0,Alto
1947894,0.211509,0,Medio
1992589,0.266078,0,Alto
1992598,0.055799,0,Baixo
1992599,0.467019,1,Critico
1992613,0.120537,0,Baixo
1986255,0.239518,0,Medio
1561193,0.257228,0,Alto
1992579,0.116949,0,Baixo
1992615,0.096905,0,Baixo
1992522,0.089301,0,Baixo
1992628,0.378619,1,Critico
1992614,0.168427,0,Medio
1992492,0.228309,0,Medio
1992359,0.220838,0,Medio
1992633,0.081854,0,Baixo
1992621,0.178299,0,Medio
1992630,0.238244,0,Medio
1992432,0.103543,0,Baixo
1992612,0.284838,0,Alto
1987221,0.16595,0,Medio
1992421,0.073915,0,Baixo
1992217,0.319518,0,Alto
1992656,0.11461,0,Baixo
1992551,0.061953,0,Baixo
1992654,0.480099,1,Critico
1988095,0.15995,0,Baixo
1992297,0.169515,0,Medio
1721570,0.169505,0,Medio
1972674,0.100808,0,Baixo
1991905,0.213251,0,Medio
1984525,0.247527,0,Medio
1992677,0.104685,0,Baixo
1992057,0.278118,0,Alto
1992682,0.081128,0,Baixo
1992669,0.117949,0,Baixo
1989741,0.078624,0,Baixo
1991462,0.255262,0,Alto
1992454,0.081349,0,Baixo
1992685,0.058055,0,Baixo
1987457,0.25964,0,Alto
1987357,0.142742,0,Baixo
1992671,0.162667,0,Medio
1991602,0.272582,0,Alto
1989692,0.23265,0,Medio
1992692,0.314091,0,Alto
1992722,0.449962,1,Critico
1979220,0.101029,0,Baixo
1992707,0.195891,0,Medio
1991180,0.108192,0,Baixo
1720948,0.091961,0,Baixo
1990543,0.111646,0,Baixo
1992723,0.047746,0,Baixo
1992720,0.124087,0,Baixo
1975412,0.439706,1,Critico
1992761,0.272767,0,Alto
1992686,0.215059,0,Medio
1992664,0.151045,0,Baixo
1990296,0.430709,1,Critico
1992750,0.27313,0,Alto
1992770,0.127726,0,Baixo
1992806,0.214667,0,Medio
1992735,0.209663,0,Medio
1990746,0.330064,0,Alto
1992507,0.203953,0,Medio
1989445,0.184261,0,Medio
1991835,0.109421,0,Baixo
1990651,0.105139,0,Baixo
1981989,0.289862,0,Alto
1992663,0.140898,0,Baixo
1992816,0.064732,0,Baixo
1985673,0.349488,0,Alto
1992840,0.16701,0,Medio
1988367,0.117806,0,Baixo
1992732,0.179629,0,Medio
1992729,0.146799,0,Baixo
1992788,0.133533,0,Baixo
1980350,0.153522,0,Baixo
1992690,0.202818,0,Medio
1989110,0.091497,0,Baixo
1992861,0.131873,0,Baixo
1992132,0.109939,0,Baixo
1992773,0.200428,0,Medio
1990053,0.224687,0,Medio
1992887,0.227246,0,Medio
1992864,0.10737,0,Baixo
1992747,0.263153,0,Alto
1991061,0.180265,0,Medio
1992855,0.274716,0,Alto
1992886,0.097807,0,Baixo
1979125,0.374209,1,Critico
1992570,0.21686,0,Medio
1992251,0.113909,0,Baixo
1992758,0.127863,0,Baixo
1988601,0.236888,0,Medio
1990276,0.163324,0,Medio
1992902,0.096702,0,Baixo
1973007,0.365711,1,Critico
1992475,0.24174,0,Medio
1991052,0.070443,0,Baixo
1992894,0.175852,0,Medio
1992935,0.049393,0,Baixo
1992791,0.088743,0,Baixo
1992836,0.319991,0,Alto
1951109,0.142054,0,Baixo
1992930,0.446676,1,Critico
1980614,0.271308,0,Alto
1990156,0.232105,0,Medio
1992945,0.179122,0,Medio
1988084,0.159046,0,Baixo
1987833,0.099851,0,Baixo
1992951,0.077738,0,Baixo
1988073,0.212837,0,Medio
1654138,0.25126,0,Medio
1992937,0.433073,1,Critico
1992978,0.181371,0,Medio
1989877,0.110593,0,Baixo
1992805,0.157175,0,Baixo
1992922,0.319791,0,Alto
1992976,0.174211,0,Medio
1992838,0.21371,0,Medio
1992994,0.184131,0,Medio
1992915,0.236434,0,Medio
1989856,0.070478,0,Baixo
1992772,0.093616,0,Baixo
1671551,0.140528,0,Baixo
1992857,0.132181,0,Baixo
1992763,0.137818,0,Baixo
1992884,0.089884,0,Baixo
1993011,0.1253,0,Baixo
1989971,0.152797,0,Baixo
1992281,0.290538,0,Alto
1992149,0.170779,0,Medio
1992187,0.317641,0,Alto
1992106,0.284056,0,Alto
1992021,0.065027,0,Baixo
1992998,0.144586,0,Baixo
1992989,0.135176,0,Baixo
1992967,0.309687,0,Alto
1993020,0.152916,0,Baixo
1990723,0.164271,0,Medio
1993027,0.251831,0,Medio
1993029,0.301433,0,Alto
1990241,0.21532,0,Medio
1990049,0.281448,0,Alto
1975841,0.415534,1,Critico
1990534,0.140183,0,Baixo
1993016,0.160108,0,Baixo
1992908,0.33241,0,Alto
1993048,0.367661,1,Critico
1992601,0.12975,0,Baixo
1988200,0.192129,0,Medio
1985074,0.138924,0,Baixo
1993067,0.25905,0,Alto
1988680,0.212653,0,Medio
1993069,0.067916,0,Baixo
1993071,0.133743,0,Baixo
1990396,0.180662,0,Medio
1988281,0.21096,0,Medio
1993072,0.307745,0,Alto
1992422,0.156307,0,Baixo
1993087,0.196898,0,Medio
1990811,0.343877,0,Alto
1988670,0.215794,0,Medio
1992139,0.068033,0,Baixo
1993098,0.25328,0,Alto
1993097,0.238794,0,Medio
1993106,0.264234,0,Alto
1990433,0.153738,0,Baixo
1992547,0.24473,0,Medio
1993108,0.122296,0,Baixo
1991946,0.293826,0,Alto
1991480,0.254307,0,Alto
1670725,0.161753,0,Medio
1993096,0.089037,0,Baixo
1990465,0.190398,0,Medio
1993125,0.097366,0,Baixo
1990459,0.257286,0,Alto
1992004,0.330057,0,Alto
1991951,0.430459,1,Critico
1990594,0.200792,0,Medio
1992155,0.259421,0,Alto
1989403,0.417823,1,Critico
1993132,0.486051,1,Critico
1992996,0.152492,0,Baixo
1992984,0.117125,0,Baixo
1991858,0.071445,0,Baixo
1990414,0.156392,0,Baixo
1993155,0.061621,0,Baixo
1993171,0.084774,0,Baixo
1991388,0.392001,1,Critico
1993172,0.281977,0,Alto
1993180,0.127793,0,Baixo
1989125,0.166215,0,Medio
1993185,0.176386,0,Medio
1993192,0.146626,0,Baixo
1992238,0.252766,0,Alto
1993191,0.148134,0,Baixo
1976678,0.071731,0,Baixo
1993197,0.201184,0,Medio
1993103,0.134361,0,Baixo
1992264,0.461823,1,Critico
1944732,0.238781,0,Medio
1993178,0.140221,0,Baixo
1992829,0.232084,0,Medio
1993216,0.269661,0,Alto
1993033,0.158489,0,Baixo
1993218,0.15931,0,Baixo
1993224,0.064858,0,Baixo
1980059,0.396553,1,Critico
1993188,0.245353,0,Medio
1992988,0.129834,0,Baixo
1991663,0.199101,0,Medio
1992565,0.133534,0,Baixo
1992490,0.140363,0,Baixo
1992826,0.209289,0,Medio
1992071,0.359116,1,Critico
1989276,0.132822,0,Baixo
1980513,0.093451,0,Baixo
1988449,0.110472,0,Baixo
1993239,0.171406,0,Medio
1992629,0.227611,0,Medio
1993247,0.080167,0,Baixo
1990900,0.110266,0,Baixo
1993258,0.123298,0,Baixo
1993254,0.12636,0,Baixo
1993249,0.271367,0,Alto
1991539,0.13723,0,Baixo
1993253,0.334884,0,Alto
1986976,0.110603,0,Baixo
1993264,0.162503,0,Medio
1993269,0.429475,1,Critico
1993277,0.152677,0,Baixo
1862814,0.157609,0,Baixo
1989469,0.356022,1,Alto
1992960,0.151884,0,Baixo
1993261,0.368963,1,Critico
1986360,0.418385,1,Critico
1985512,0.245276,0,Medio
1993325,0.189268,0,Medio
1991786,0.075249,0,Baixo
1990810,0.060565,0,Baixo
1945954,0.248182,0,Medio
1993315,0.083362,0,Baixo
1993285,0.228611,0,Medio
1991894,0.14124,0,Baixo
1993371,0.251073,0,Medio
1992245,0.337031,0,Alto
1993350,0.12728,0,Baixo
1993131,0.199628,0,Medio
1993199,0.369595,1,Critico
1991686,0.130349,0,Baixo
1990952,0.292838,0,Alto
1993221,0.352256,1,Alto
1978638,0.497355,1,Critico
1983540,0.199591,0,Medio
1993405,0.033013,0,Baixo
1993360,0.104459,0,Baixo
1993383,0.173122,0,Medio
1993281,0.361192,1,Critico
1993408,0.063937,0,Baixo
1993417,0.290733,0,Alto
1992725,0.134674,0,Baixo
1993423,0.035797,0,Baixo
1993432,0.184042,0,Medio
1990836,0.135793,0,Baixo
1993433,0.141687,0,Baixo
1993411,0.169247,0,Medio
1992174,0.028784,0,Baixo
1993422,0.058909,0,Baixo
1993459,0.304699,0,Alto
1993462,0.065832,0,Baixo
1993409,0.230978,0,Medio
1993385,0.204319,0,Medio
1971169,0.278983,0,Alto
1991378,0.061658,0,Baixo
1989639,0.138662,0,Baixo
1993476,0.154199,0,Baixo
1992399,0.118494,0,Baixo
1990764,0.330076,0,Alto
1989452,0.196512,0,Medio
1993505,0.130691,0,Baixo
1750434,0.175418,0,Medio
1986133,0.481506,1,Critico
1993501,0.194327,0,Medio
1993450,0.063596,0,Baixo
1991215,0.353375,1,Alto
1978612,0.091421,0,Baixo
1988877,0.197656,0,Medio
1993514,0.035061,0,Baixo
1993465,0.11662,0,Baixo
1993468,0.429632,1,Critico
1987945,0.191299,0,Medio
1993506,0.174793,0,Medio
1986687,0.138079,0,Baixo
1974350,0.152759,0,Baixo
1993461,0.107283,0,Baixo
1993511,0.147763,0,Baixo
1993548,0.120818,0,Baixo
1993515,0.208456,0,Medio
1992351,0.237683,0,Medio
1992549,0.127516,0,Baixo
1993307,0.189891,0,Medio
1989185,0.015732,0,Baixo
1993173,0.31854,0,Alto
1992591,0.190607,0,Medio
1992928,0.172131,0,Medio
1993541,0.255827,0,Alto
1988873,0.450918,1,Critico
1993516,0.360111,1,Critico
1993496,0.147774,0,Baixo
1993491,0.087487,0,Baixo
1993529,0.119883,0,Baixo
1823330,0.32592,0,Alto
1992769,0.192361,0,Medio
1990694,0.080534,0,Baixo
1990721,0.065926,0,Baixo
1993510,0.320902,0,Alto
1993336,0.190589,0,Medio
1993523,0.04463,0,Baixo
1993567,0.295038,0,Alto
1993420,0.245523,0,Medio
1993557,0.156011,0,Baixo
1993570,0.449108,1,Critico
1993531,0.205208,0,Medio
1993562,0.162262,0,Medio
1992107,0.093516,0,Baixo
1992717,0.190345,0,Medio
1993017,0.417076,1,Critico
1827760,0.510214,1,Critico
1993590,0.123001,0,Baixo
1993369,0.328089,0,Alto
1993594,0.240095,0,Medio
1993537,0.092673,0,Baixo
1993609,0.152572,0,Baixo
1992962,0.098498,0,Baixo
1992198,0.045228,0,Baixo
1993618,0.06052,0,Baixo
1993573,0.147065,0,Baixo
1990502,0.251737,0,Medio
1725989,0.1579,0,Baixo
1991967,0.122124,0,Baixo
1993535,0.044592,0,Baixo
1993625,0.219667,0,Medio
1990884,0.294985,0,Alto
1993627,0.205991,0,Medio
1993578,0.021571,0,Baixo
1993589,0.276373,0,Alto
1993633,0.223991,0,Medio
1993610,0.348061,0,Alto
1993615,0.157987,0,Baixo
1993631,0.062689,0,Baixo
1990882,0.14918,0,Baixo
1993659,0.150552,0,Baixo
1993664,0.242624,0,Medio
1993612,0.169492,0,Medio
1982837,0.345058,0,Alto
1993683,0.125383,0,Baixo
1993677,0.096562,0,Baixo
1993675,0.194796,0,Medio
1993680,0.167256,0,Medio
1992557,0.215251,0,Medio
1979698,0.230176,0,Medio
1992846,0.335559,0,Alto
1992575,0.031748,0,Baixo
1993365,0.02969,0,Baixo
1993700,0.10691,0,Baixo
1993649,0.072779,0,Baixo
1993704,0.028861,0,Baixo
1993410,0.175059,0,Medio
1992033,0.292489,0,Alto
1993695,0.201308,0,Medio
1993719,0.272626,0,Alto
1993714,0.115556,0,Baixo
1993628,0.291773,0,Alto
1993727,0.016788,0,Baixo
1993702,0.111027,0,Baixo
1993657,0.311772,0,Alto
1993730,0.192101,0,Medio
1715775,0.023667,0,Baixo
1499533,0.254238,0,Alto
1993219,0.337083,0,Alto
1988279,0.081677,0,Baixo
1973271,0.197341,0,Medio
1993734,0.160943,0,Medio
1992883,0.478577,1,Critico
1993346,0.188222,0,Medio
1993725,0.048764,0,Baixo
1993722,0.086516,0,Baixo
1993765,0.18049,0,Medio
1988149,0.077866,0,Baixo
1993760,0.222575,0,Medio
1993720,0.144386,0,Baixo
1993782,0.197202,0,Medio
1992085,0.094401,0,Baixo
1993787,0.141734,0,Baixo
1992094,0.216194,0,Medio
1991660,0.171039,0,Medio
1991656,0.272993,0,Alto
1993821,0.201304,0,Medio
1991197,0.39734,1,Critico
1992352,0.221893,0,Medio
1993834,0.211718,0,Medio
1979106,0.250097,0,Medio
1993827,0.241519,0,Medio
1993826,0.401481,1,Critico
1989265,0.267292,0,Alto
1978832,0.045507,0,Baixo
1991629,0.126643,0,Baixo
1990614,0.138758,0,Baixo
1991263,0.084081,0,Baixo
1992273,0.255124,0,Alto
1991647,0.441688,1,Critico
1993855,0.204449,0,Medio
1993861,0.161697,0,Medio
1993470,0.114268,0,Baixo
1993835,0.12004,0,Baixo
1948885,0.175268,0,Medio
1794513,0.203431,0,Medio
1991643,0.41102,1,Critico
1989010,0.165261,0,Medio
1991139,0.039957,0,Baixo
1993832,0.120966,0,Baixo
1991586,0.18218,0,Medio
1993858,0.262714,0,Alto
1993841,0.264336,0,Alto
1991770,0.19254,0,Medio
1991549,0.272532,0,Alto
1993813,0.479773,1,Critico
1993865,0.016347,0,Baixo
1991520,0.159141,0,Baixo
1993622,0.146822,0,Baixo
1991546,0.277135,0,Alto
1237214,0.069003,0,Baixo
1991432,0.069251,0,Baixo
1991310,0.308798,0,Alto
1993801,0.219678,0,Medio
1993843,0.24223,0,Medio
1991026,0.252889,0,Alto
1972813,0.391935,1,Critico
1991527,0.127569,0,Baixo
1992734,0.048453,0,Baixo
1993891,0.025678,0,Baixo
1993747,0.211473,0,Medio
1993694,0.06802,0,Baixo
1992818,0.317877,0,Alto
1990579,0.197899,0,Medio
1991463,0.160964,0,Medio
1993553,0.095451,0,Baixo
1991341,0.30219,0,Alto
1992716,0.156029,0,Baixo
1993810,0.148051,0,Baixo
1991339,0.393709,1,Critico
1991304,0.212951,0,Medio
1991338,0.294684,0,Alto
1993899,0.111093,0,Baixo
1993907,0.199161,0,Medio
1993895,0.169383,0,Medio
1965276,0.152789,0,Baixo
1977067,0.173185,0,Medio
1971681,0.167168,0,Medio
1990931,0.497431,1,Critico
1993897,0.314694,0,Alto
1993194,0.055279,0,Baixo
1993629,0.365815,1,Critico
1990566,0.130374,0,Baixo
1993890,0.133703,0,Baixo
1989457,0.2779,0,Alto
1993512,0.10931,0,Baixo
1989416,0.268529,0,Alto
1993867,0.152445,0,Baixo
1993931,0.062121,0,Baixo
1993941,0.456792,1,Critico
1992882,0.128176,0,Baixo
1993937,0.080739,0,Baixo
1993967,0.090074,0,Baixo
1989406,0.074246,0,Baixo
1989345,0.089146,0,Baixo
1989341,0.229271,0,Medio
1993955,0.100238,0,Baixo
1989316,0.126807,0,Baixo
1974222,0.211287,0,Medio
1992003,0.239813,0,Medio
1645175,0.339191,0,Alto
1993997,0.394043,1,Critico
1993799,0.116905,0,Baixo
1992927,0.118657,0,Baixo
1992168,0.24507,0,Medio
1993993,0.260857,0,Alto
1992282,0.348866,0,Alto
1991202,0.351943,1,Alto
1994004,0.132873,0,Baixo
1993688,0.349305,0,Alto
1994021,0.256083,0,Alto
1990844,0.401996,1,Critico
1987419,0.034698,0,Baixo
1994035,0.366298,1,Critico
1993753,0.084036,0,Baixo
1993994,0.062027,0,Baixo
1981508,0.240397,0,Medio
1945046,0.156815,0,Baixo
1994031,0.140243,0,Baixo
1993887,0.248023,0,Medio
1994037,0.102169,0,Baixo
1964210,0.392348,1,Critico
1994055,0.216152,0,Medio
1985296,0.204553,0,Medio
1993057,0.210673,0,Medio
1960726,0.233953,0,Medio
1993666,0.080768,0,Baixo
1994051,0.108174,0,Baixo
1933730,0.330771,0,Alto
1968623,0.471733,1,Critico
1993920,0.101925,0,Baixo
1991255,0.138412,0,Baixo
1993981,0.284984,0,Alto
1973477,0.29573,0,Alto
1994048,0.132119,0,Baixo
1994078,0.371066,1,Critico
1994057,0.151474,0,Baixo
1994072,0.2272,0,Medio
1994041,0.118268,0,Baixo
1994088,0.051804,0,Baixo
1994128,0.241205,0,Medio
1994140,0.275941,0,Alto
1994081,0.199285,0,Medio
1993081,0.10748,0,Baixo
1994152,0.075876,0,Baixo
1994145,0.064171,0,Baixo
1405223,0.221579,0,Medio
1993438,0.246742,0,Medio
1994084,0.202476,0,Medio
1994159,0.014992,0,Baixo
1994138,0.062474,0,Baixo
1994119,0.257335,0,Alto
1994053,0.154448,0,Baixo
1994132,0.318123,0,Alto
1990953,0.090948,0,Baixo
1993317,0.078424,0,Baixo
1993651,0.165443,0,Medio
1994169,0.140759,0,Baixo
1986885,0.25397,0,Alto
1994151,0.054959,0,Baixo
1994178,0.143741,0,Baixo
1965767,0.599362,1,Critico
1994171,0.396036,1,Critico
1994189,0.186024,0,Medio
1984601,0.160129,0,Baixo
1986503,0.390949,1,Critico
1994183,0.162594,0,Medio
1994192,0.216346,0,Medio
1994129,0.235181,0,Medio
1742386,0.167659,0,Medio
1994207,0.055276,0,Baixo
1993235,0.13816,0,Baixo
1994166,0.128948,0,Baixo
1976902,0.140341,0,Baixo
1992069,0.315148,0,Alto
1994202,0.060796,0,Baixo
1993447,0.314785,0,Alto
1993874,0.138108,0,Baixo
1992910,0.206337,0,Medio
1993977,0.208292,0,Medio
1993979,0.158633,0,Baixo
1993327,0.225687,0,Medio
1994131,0.100357,0,Baixo
1994218,0.036835,0,Baixo
1994201,0.301155,0,Alto
1994182,0.048106,0,Baixo
1994214,0.234841,0,Medio
1994209,0.14187,0,Baixo
1992799,0.297331,0,Alto
1994195,0.043671,0,Baixo
1993101,0.267697,0,Alto
1994227,0.099531,0,Baixo
1992658,0.225434,0,Medio
1994090,0.095015,0,Baixo
1994196,0.194139,0,Medio
1994215,0.166484,0,Medio
1994236,0.157845,0,Baixo
1978324,0.254351,0,Alto
1994197,0.203472,0,Medio
1994212,0.205487,0,Medio
1991952,0.174582,0,Medio
1994243,0.114878,0,Baixo
1989084,0.234691,0,Medio
1989447,0.389485,1,Critico
1982133,0.235279,0,Medio
1994250,0.252543,0,Alto
1994210,0.091729,0,Baixo
1993689,0.148284,0,Baixo
1994223,0.098554,0,Baixo
1994262,0.261315,0,Alto
1994264,0.284291,0,Alto
1993338,0.3211,0,Alto
1993636,0.182763,0,Medio
1991394,0.369885,1,Critico
1992845,0.163584,0,Medio
1994121,0.107274,0,Baixo
1994271,0.051405,0,Baixo
1994273,0.189119,0,Medio
1994285,0.285104,0,Alto
1994266,0.042315,0,Baixo
1994267,0.25638,0,Alto
1991697,0.110752,0,Baixo
1994251,0.045963,0,Baixo
1992162,0.185093,0,Medio
1994282,0.13812,0,Baixo
1994295,0.17458,0,Medio
1994269,0.022734,0,Baixo
1994292,0.126298,0,Baixo
1994300,0.209612,0,Medio
1990426,0.079522,0,Baixo
1971171,0.249612,0,Medio
1994280,0.13291,0,Baixo
1988437,0.394984,1,Critico
1994288,0.387421,1,Critico
1993934,0.165552,0,Medio
1994315,0.131025,0,Baixo
1993564,0.147681,0,Baixo
1994335,0.146907,0,Baixo
1994317,0.176135,0,Medio
1994308,0.213605,0,Medio
1990639,0.346836,0,Alto
1994342,0.101518,0,Baixo
1991398,0.249053,0,Medio
1993701,0.535874,1,Critico
1994332,0.28097,0,Alto
1985742,0.162015,0,Medio
1994355,0.163536,0,Medio
1994314,0.27284,0,Alto
1989896,0.057434,0,Baixo
1991034,0.274043,0,Alto
1992939,0.313293,0,Alto
1974473,0.335154,0,Alto
1994389,0.019117,0,Baixo
1994199,0.06448,0,Baixo
1946188,0.353235,1,Alto
1994373,0.040596,0,Baixo
1994367,0.199972,0,Medio
1993987,0.14061,0,Baixo
1991199,0.075011,0,Baixo
1994411,0.137623,0,Baixo
1978641,0.147397,0,Baixo
1993806,0.077285,0,Baixo
1994414,0.080626,0,Baixo
1994413,0.413406,1,Critico
1994408,0.08133,0,Baixo
1992532,0.06642,0,Baixo
1994424,0.075322,0,Baixo
1974277,0.319898,0,Alto
1994420,0.219053,0,Medio
1994410,0.294216,0,Alto
1993234,0.223088,0,Medio
1994442,0.122278,0,Baixo
1994432,0.120531,0,Baixo
571840,0.19389,0,Medio
1994433,0.126347,0,Baixo
1994454,0.123676,0,Baixo
1992819,0.301142,0,Alto
1986750,0.218095,0,Medio
1933548,0.182836,0,Medio
1994241,0.14087,0,Baixo
1994443,0.110437,0,Baixo
1994436,0.062449,0,Baixo
1994455,0.105626,0,Baixo
1992073,0.145373,0,Baixo
1994429,0.090042,0,Baixo
1948617,0.23845,0,Medio
1994472,0.042741,0,Baixo
1994396,0.205735,0,Medio
1989209,0.114095,0,Baixo
1989577,0.152566,0,Baixo
1994467,0.102408,0,Baixo
1994402,0.070163,0,Baixo
1994482,0.352265,1,Alto
1994440,0.218122,0,Medio
1968487,0.102691,0,Baixo
1994483,0.108552,0,Baixo
1994485,0.137392,0,Baixo
1985822,0.335315,0,Alto
1994496,0.150523,0,Baixo
1994505,0.110477,0,Baixo
1994501,0.322986,0,Alto
1994510,0.121068,0,Baixo
1994446,0.076437,0,Baixo
1991823,0.205689,0,Medio
1994508,0.332532,0,Alto
1994523,0.101321,0,Baixo
1966759,0.311264,0,Alto
1994444,0.370824,1,Critico
1994532,0.187106,0,Medio
1993053,0.282636,0,Alto
1994488,0.177327,0,Medio
1994471,0.169805,0,Medio
1990430,0.131644,0,Baixo
1991106,0.201444,0,Medio
1974098,0.261925,0,Alto
1994517,0.200985,0,Medio
1990575,0.127215,0,Baixo
1994303,0.301459,0,Alto
1993930,0.072689,0,Baixo
1987961,0.487274,1,Critico
1966601,0.468771,1,Critico
1990946,0.228174,0,Medio
1994476,0.047369,0,Baixo
1994504,0.326645,0,Alto
1994550,0.094764,0,Baixo
1994154,0.243483,0,Medio
1990734,0.041842,0,Baixo
1994141,0.132747,0,Baixo
1993086,0.228332,0,Medio
1993387,0.242457,0,Medio
1994135,0.182197,0,Medio
1990463,0.08477,0,Baixo
1994534,0.086896,0,Baixo
1988789,0.226677,0,Medio
1994535,0.175774,0,Medio
1992745,0.123233,0,Baixo
1994066,0.250285,0,Medio
1994544,0.123882,0,Baixo
1994177,0.334976,0,Alto
1992529,0.121442,0,Baixo
1994208,0.024342,0,Baixo
1985770,0.121056,0,Baixo
1993999,0.165785,0,Medio
1994462,0.141411,0,Baixo
1992294,0.253946,0,Alto
1994555,0.14789,0,Baixo
1994521,0.242841,0,Medio
1994194,0.17431,0,Medio
1789867,0.476497,1,Critico
1994338,0.099984,0,Baixo
1994038,0.103713,0,Baixo
1993276,0.373419,1,Critico
1993237,0.39705,1,Critico
1994576,0.168107,0,Medio
1994579,0.239046,0,Medio
1994587,0.030397,0,Baixo
1994540,0.190588,0,Medio
1986490,0.332643,0,Alto
1994586,0.292699,0,Alto
1994589,0.101237,0,Baixo
1994596,0.121536,0,Baixo
1994541,0.129923,0,Baixo
1992848,0.190016,0,Medio
1979386,0.319102,0,Alto
1994558,0.219539,0,Medio
1986573,0.231399,0,Medio
1994516,0.139305,0,Baixo
1994600,0.22274,0,Medio
1994607,0.096487,0,Baixo
1992309,0.168354,0,Medio
1980448,0.193722,0,Medio
1994612,0.144808,0,Baixo
1946852,0.149903,0,Baixo
1994637,0.219426,0,Medio
1994648,0.279826,0,Alto
1994669,0.121176,0,Baixo
1991670,0.214803,0,Medio
1994602,0.023621,0,Baixo
1994649,0.462477,1,Critico
1973933,0.107004,0,Baixo
1994646,0.113831,0,Baixo
1994613,0.270072,0,Alto
1994536,0.192224,0,Medio
1994655,0.061533,0,Baixo
1949451,0.239031,0,Medio
1994614,0.114989,0,Baixo
1992180,0.193248,0,Medio
1975701,0.168753,0,Medio
1992876,0.373308,1,Critico
1994599,0.08377,0,Baixo
1994509,0.15523,0,Baixo
1992713,0.228736,0,Medio
1994677,0.232005,0,Medio
1992366,0.323696,0,Alto
1994634,0.147629,0,Baixo
1981740,0.108829,0,Baixo
1994263,0.049478,0,Baixo
1993079,0.281513,0,Alto
1994578,0.127782,0,Baixo
1994674,0.111788,0,Baixo
1994695,0.054129,0,Baixo
1990564,0.126052,0,Baixo
1991230,0.208826,0,Medio
1994666,0.116813,0,Baixo
1986630,0.294225,0,Alto
1992609,0.058823,0,Baixo
1989609,0.160654,0,Medio
1984787,0.149075,0,Baixo
1756184,0.167016,0,Medio
1968475,0.134043,0,Baixo
1991222,0.225138,0,Medio
1993533,0.192734,0,Medio
1988687,0.195101,0,Medio
1994700,0.111292,0,Baixo
1993758,0.182467,0,Medio
1972801,0.27145,0,Alto
1990383,0.138505,0,Baixo
1994687,0.212288,0,Medio
1994610,0.089549,0,Baixo
1748953,0.217299,0,Medio
1993984,0.201545,0,Medio
1994652,0.154053,0,Baixo
1994708,0.256044,0,Alto
1994651,0.312718,0,Alto
1993711,0.226081,0,Medio
1994711,0.602012,1,Critico
1963882,0.362975,1,Critico
1958024,0.387272,1,Critico
1992736,0.167422,0,Medio
1951189,0.069692,0,Baixo
1994726,0.267658,0,Alto
1994725,0.048227,0,Baixo
1979819,0.117836,0,Baixo
1976772,0.208013,0,Medio
1990375,0.140504,0,Baixo
1994738,0.46703,1,Critico
1992169,0.053165,0,Baixo
1967067,0.216939,0,Medio
1991073,0.046174,0,Baixo
1994751,0.108037,0,Baixo
1973879,0.439608,1,Critico
1994451,0.083167,0,Baixo
1994740,0.165605,0,Medio
1994252,0.308303,0,Alto
1991192,0.21999,0,Medio
1994556,0.08066,0,Baixo
1994743,0.328999,0,Alto
1994762,0.247838,0,Medio
1994732,0.070718,0,Baixo
1639200,0.312009,0,Alto
1992792,0.054625,0,Baixo
1974211,0.278192,0,Alto
1936318,0.4561,1,Critico
1932411,0.391627,1,Critico
1932406,0.114156,0,Baixo
1942063,0.324198,0,Alto
1938942,0.097639,0,Baixo
1935880,0.316842,0,Alto
1621732,0.372402,1,Critico
1936927,0.273003,0,Alto
1994770,0.173857,0,Medio
1932592,0.112464,0,Baixo
1930745,0.118057,0,Baixo
1935029,0.122616,0,Baixo
1936796,0.158171,0,Baixo
1928851,0.137374,0,Baixo
1936710,0.097887,0,Baixo
1918351,0.270473,0,Alto
1807526,0.166307,0,Medio
1962373,0.301946,0,Alto
1616807,0.322028,0,Alto
1945350,0.229683,0,Medio
1994766,0.277424,0,Alto
1994767,0.078834,0,Baixo
1994774,0.210802,0,Medio
1994458,0.279038,0,Alto
1991186,0.21461,0,Medio
1992274,0.236846,0,Medio
1992341,0.103061,0,Baixo
1994682,0.157064,0,Baixo
1992991,0.295423,0,Alto
1992146,0.225377,0,Medio
1992197,0.175824,0,Medio
1988922,0.258513,0,Alto
1993165,0.027169,0,Baixo
1976366,0.368604,1,Critico
1994580,0.03916,0,Baixo
1992521,0.087106,0,Baixo
1991852,0.1162,0,Baixo
1994654,0.291015,0,Alto
1994759,0.176618,0,Medio
1963119,0.370962,1,Critico
1994552,0.171833,0,Medio
1991791,0.03467,0,Baixo
1985289,0.595703,1,Critico
1747130,0.192161,0,Medio
1994815,0.064412,0,Baixo
1990907,0.142064,0,Baixo
1972982,0.222785,0,Medio
1994818,0.063368,0,Baixo
1985392,0.289177,0,Alto
1991600,0.435295,1,Critico
1994761,0.158605,0,Baixo
1994842,0.228119,0,Medio
1989620,0.037025,0,Baixo
1989296,0.151396,0,Baixo
1994843,0.112449,0,Baixo
1994841,0.214957,0,Medio
1993242,0.292692,0,Alto
1994835,0.105127,0,Baixo
1994845,0.078835,0,Baixo
1994847,0.086149,0,Baixo
1994852,0.166281,0,Medio
1993217,0.335323,0,Alto
1994799,0.129825,0,Baixo
1994858,0.18436,0,Medio
1994854,0.039146,0,Baixo
1994493,0.116277,0,Baixo
1994870,0.069139,0,Baixo
1994868,0.172018,0,Medio
1994802,0.109499,0,Baixo
1994849,0.239295,0,Medio
1994895,0.201357,0,Medio
1994686,0.120285,0,Baixo
1994878,0.167184,0,Medio
1992462,0.122357,0,Baixo
1994893,0.132645,0,Baixo
1994884,0.025276,0,Baixo
1994896,0.318052,0,Alto
1994902,0.243804,0,Medio
1977326,0.477049,1,Critico
1990482,0.147837,0,Baixo
1990648,0.2379,0,Medio
1990728,0.192348,0,Medio
1994850,0.26683,0,Alto
1994919,0.076822,0,Baixo
1994887,0.265234,0,Alto
1993424,0.298902,0,Alto
1994804,0.208899,0,Medio
1994865,0.189559,0,Medio
1994898,0.318294,0,Alto
1994940,0.157994,0,Baixo
1994568,0.091496,0,Baixo
1994623,0.324485,0,Alto
1994941,0.086004,0,Baixo
1994950,0.165482,0,Medio
1992854,0.197498,0,Medio
1994816,0.157464,0,Baixo
1994889,0.147024,0,Baixo
1994938,0.397426,1,Critico
1994925,0.455032,1,Critico
1994783,0.110322,0,Baixo
1994961,0.161977,0,Medio
1974575,0.341413,0,Alto
1994904,0.157165,0,Baixo
1994945,0.21753,0,Medio
1994954,0.126422,0,Baixo
1810252,0.199039,0,Medio
1994929,0.166322,0,Medio
1994946,0.17467,0,Medio
1994970,0.16231,0,Medio
1991297,0.199283,0,Medio
1994975,0.185904,0,Medio
1994668,0.143903,0,Baixo
1991149,0.124093,0,Baixo
1990870,0.109234,0,Baixo
1991028,0.231066,0,Medio
1994113,0.105169,0,Baixo
1994989,0.455062,1,Critico
1988945,0.316897,0,Alto
1994735,0.145026,0,Baixo
1994976,0.07896,0,Baixo
1966680,0.16779,0,Medio
1981094,0.207644,0,Medio
1992445,0.35342,1,Alto
1994996,0.107787,0,Baixo
1980135,0.380543,1,Critico
1987380,0.136667,0,Baixo
1995018,0.257966,0,Alto
1983216,0.125657,0,Baixo
1995015,0.114593,0,Baixo
1993478,0.109557,0,Baixo
1994990,0.028105,0,Baixo
1995021,0.130363,0,Baixo
1995006,0.101723,0,Baixo
1995017,0.258098,0,Alto
1990069,0.165778,0,Medio
1995026,0.271013,0,Alto
1668204,0.142312,0,Baixo
1989821,0.088678,0,Baixo
1993070,0.081996,0,Baixo
1995035,0.112216,0,Baixo
1992015,0.163319,0,Medio
1995037,0.226102,0,Medio
1995053,0.253114,0,Alto
1995055,0.468075,1,Critico
1940364,0.253921,0,Alto
1991286,0.035397,0,Baixo
1989516,0.139051,0,Baixo
1995039,0.029796,0,Baixo
1995002,0.187287,0,Medio
1991396,0.163945,0,Medio
1994848,0.237474,0,Medio
1973195,0.089206,0,Baixo
1995073,0.301509,0,Alto
1994977,0.224872,0,Medio
1995059,0.20064,0,Medio
1994776,0.134558,0,Baixo
1994903,0.235906,0,Medio
1992072,0.2642,0,Alto
1995067,0.52679,1,Critico
1994571,0.341102,0,Alto
1995070,0.094054,0,Baixo
1989047,0.164833,0,Medio
1995095,0.094647,0,Baixo
1983822,0.099349,0,Baixo
1995050,0.166515,0,Medio
1953308,0.136073,0,Baixo
1995097,0.328721,0,Alto
1995096,0.217719,0,Medio
1992434,0.302333,0,Alto
1994323,0.190831,0,Medio
1993779,0.169774,0,Medio
1983776,0.304794,0,Alto
1994417,0.195912,0,Medio
1995094,0.133095,0,Baixo
1991625,0.259399,0,Alto
1995098,0.27423,0,Alto
1993789,0.204883,0,Medio
1995109,0.165531,0,Medio
1992955,0.10818,0,Baixo
1995126,0.365568,1,Critico
1995125,0.208804,0,Medio
1578937,0.310651,0,Alto
1994187,0.122746,0,Baixo
1995148,0.249004,0,Medio
1978702,0.098873,0,Baixo
1986338,0.166373,0,Medio
1995156,0.159605,0,Baixo
1993456,0.329235,0,Alto
1925864,0.261566,0,Alto
1992888,0.189006,0,Medio
1984448,0.233964,0,Medio
1933843,0.367263,1,Critico
1995164,0.296663,0,Alto
984222,0.284969,0,Alto
1995121,0.195622,0,Medio
1995168,0.110365,0,Baixo
1995166,0.294031,0,Alto
1995174,0.412224,1,Critico
1995169,0.251872,0,Medio
1995140,0.117758,0,Baixo
1995188,0.030378,0,Baixo
1995193,0.258832,0,Alto
1995158,0.029133,0,Baixo
1991262,0.326337,0,Alto
1995189,0.321698,0,Alto
1995110,0.16048,0,Baixo
1992164,0.147213,0,Baixo
1995177,0.075012,0,Baixo
1995216,0.074245,0,Baixo
1995220,0.280021,0,Alto
1995078,0.138804,0,Baixo
1995154,0.767317,1,Critico
1994991,0.237343,0,Medio
1984540,0.257443,0,Alto
1988844,0.106116,0,Baixo
1995105,0.239312,0,Medio
1994670,0.085738,0,Baixo
1995118,0.057282,0,Baixo
1992675,0.038887,0,Baixo
1988972,0.325304,0,Alto
1995191,0.161602,0,Medio
1975571,0.113315,0,Baixo
1995232,0.119049,0,Baixo
1995225,0.070655,0,Baixo
1995243,0.196933,0,Medio
1994913,0.245279,0,Medio
1977663,0.15716,0,Baixo
1995046,0.161971,0,Medio
1995252,0.224619,0,Medio
1995228,0.194187,0,Medio
1993156,0.365907,1,Critico
1995114,0.366783,1,Critico
1995280,0.04992,0,Baixo
1995275,0.145874,0,Baixo
1975917,0.112893,0,Baixo
1987038,0.240944,0,Medio
1995251,0.086498,0,Baixo
1991402,0.539894,1,Critico
1995310,0.378065,1,Critico
1991472,0.27181,0,Alto
1992640,0.172571,0,Medio
1995287,0.088814,0,Baixo
1995304,0.221913,0,Medio
1995321,0.103334,0,Baixo
1933953,0.179435,0,Medio
1995115,0.093215,0,Baixo
1995270,0.238967,0,Medio
1993640,0.275172,0,Alto
1992961,0.179782,0,Medio
1995312,0.459809,1,Critico
1995277,0.165105,0,Medio
1995256,0.11297,0,Baixo
1995293,0.060402,0,Baixo
1995298,0.287545,0,Alto
1995160,0.199379,0,Medio
1994349,0.20513,0,Medio
1995316,0.100604,0,Baixo
1995332,0.046536,0,Baixo
1982153,0.189601,0,Medio
1995102,0.116148,0,Baixo
1995327,0.223463,0,Medio
1731856,0.224207,0,Medio
1995060,0.208154,0,Medio
1995368,0.365279,1,Critico
1995308,0.353522,1,Alto
1995290,0.268037,0,Alto
1995375,0.220152,0,Medio
1995198,0.054049,0,Baixo
1995261,0.063435,0,Baixo
1995348,0.045712,0,Baixo
1995370,0.137709,0,Baixo
1995390,0.088386,0,Baixo
1995336,0.271338,0,Alto
1991121,0.079784,0,Baixo
1995394,0.131903,0,Baixo
1993475,0.077413,0,Baixo
1995351,0.07191,0,Baixo
1994958,0.341558,0,Alto
1995402,0.233058,0,Medio
1994969,0.192526,0,Medio
1995382,0.310152,0,Alto
1995269,0.044432,0,Baixo
1995405,0.149405,0,Baixo
1995397,0.247692,0,Medio
1995404,0.160376,0,Baixo
1994844,0.162382,0,Medio
1994459,0.222147,0,Medio
1995401,0.298623,0,Alto
1995384,0.153331,0,Baixo
1995307,0.311728,0,Alto
1995314,0.212566,0,Medio
1995413,0.240199,0,Medio
1995423,0.369198,1,Critico
1995400,0.179116,0,Medio
1995341,0.155349,0,Baixo
1992095,0.174121,0,Medio
1995439,0.150431,0,Baixo
1993348,0.210872,0,Medio
1995337,0.247113,0,Medio
1995194,0.229083,0,Medio
1991299,0.276879,0,Alto
1995456,0.295951,0,Alto
1951043,0.069316,0,Baixo
1995450,0.063292,0,Baixo
1995437,0.057313,0,Baixo
1995408,0.281609,0,Alto
1995449,0.097292,0,Baixo
1995446,0.104761,0,Baixo
1995463,0.288612,0,Alto
1994630,0.281126,0,Alto
1978704,0.386381,1,Critico
1995477,0.090642,0,Baixo
1984069,0.1526,0,Baixo
1995482,0.225868,0,Medio
1991261,0.102152,0,Baixo
1994994,0.108373,0,Baixo
1995484,0.24521,0,Medio
1995487,0.037281,0,Baixo
1995499,0.343741,0,Alto
1979493,0.283508,0,Alto
1995219,0.107437,0,Baixo
1992885,0.315159,0,Alto
1995481,0.309549,0,Alto
1995509,0.131762,0,Baixo
1995520,0.235978,0,Medio
1995492,0.315779,0,Alto
1993638,0.346394,0,Alto
1995512,0.197675,0,Medio
1989556,0.041042,0,Baixo
1995523,0.16904,0,Medio
1995521,0.117324,0,Baixo
1991866,0.45593,1,Critico
1995288,0.226518,0,Medio
1995496,0.222865,0,Medio
1995551,0.130839,0,Baixo
1995548,0.373681,1,Critico
1995498,0.192977,0,Medio
1992401,0.180552,0,Medio
1995559,0.126345,0,Baixo
1990918,0.296757,0,Alto
1995562,0.1152,0,Baixo
1991442,0.288805,0,Alto
1993063,0.212235,0,Medio
1995575,0.126799,0,Baixo
1995407,0.06413,0,Baixo
1992802,0.191845,0,Medio
1994590,0.603709,1,Critico
1995596,0.038382,0,Baixo
1987489,0.153554,0,Baixo
1995600,0.122006,0,Baixo
1994986,0.438729,1,Critico
1994480,0.353298,1,Alto
1995609,0.189696,0,Medio
1991392,0.101152,0,Baixo
1994518,0.106326,0,Baixo
1644820,0.255533,0,Alto
1995626,0.155218,0,Baixo
1995627,0.048491,0,Baixo
1995624,0.043602,0,Baixo
1752273,0.233418,0,Medio
1951459,0.287171,0,Alto
1977556,0.167382,0,Medio
1995315,0.081946,0,Baixo
1993796,0.176968,0,Medio
1995474,0.170605,0,Medio
1995641,0.230716,0,Medio
1995442,0.109454,0,Baixo
1995642,0.067084,0,Baixo
1993926,0.212757,0,Medio
1995648,0.100346,0,Baixo
1972619,0.139832,0,Baixo
1986746,0.131484,0,Baixo
1995621,0.098819,0,Baixo
1974156,0.181362,0,Medio
1967764,0.269,0,Alto
1995613,0.208386,0,Medio
1995660,0.123953,0,Baixo
1991638,0.19791,0,Medio
1995322,0.302604,0,Alto
1896655,0.205347,0,Medio
1994546,0.089285,0,Baixo
1988228,0.087453,0,Baixo
1995265,0.322011,0,Alto
1995003,0.068827,0,Baixo
1979483,0.180344,0,Medio
1995682,0.090514,0,Baixo
1992635,0.138879,0,Baixo
1994296,0.15755,0,Baixo
1995649,0.182796,0,Medio
1995587,0.107558,0,Baixo
1995678,0.167191,0,Medio
1986465,0.14022,0,Baixo
1983831,0.150984,0,Baixo
1975076,0.403551,1,Critico
1992689,0.124561,0,Baixo
1992223,0.363268,1,Critico
1993912,0.193949,0,Medio
1992597,0.215276,0,Medio
1831752,0.241269,0,Medio
1994575,0.20079,0,Medio
1993260,0.346788,0,Alto
1941673,0.051439,0,Baixo
1995711,0.223614,0,Medio
1958910,0.246928,0,Medio
1995707,0.130184,0,Baixo
1988685,0.329606,0,Alto
1973218,0.301501,0,Alto
1995717,0.266016,0,Alto
1995708,0.076712,0,Baixo
1394632,0.36153,1,Critico
1995720,0.110513,0,Baixo
1009752,0.30195,0,Alto
1995730,0.166958,0,Medio
1995733,0.165805,0,Medio
1944954,0.295978,0,Alto
1989249,0.442879,1,Critico
1993454,0.165896,0,Medio
1993771,0.160676,0,Medio
1986997,0.133885,0,Baixo
1992895,0.396396,1,Critico
1993507,0.466679,1,Critico
1995731,0.248796,0,Medio
1995763,0.192916,0,Medio
1995162,0.200093,0,Medio
1995736,0.075348,0,Baixo
1994260,0.419213,1,Critico
1995751,0.225378,0,Medio
1995234,0.086505,0,Baixo
1990739,0.179397,0,Medio
1993776,0.187604,0,Medio
1981709,0.076186,0,Baixo
1988189,0.258002,0,Alto
1995775,0.212704,0,Medio
1994351,0.04356,0,Baixo
1995788,0.151151,0,Baixo
1995787,0.213454,0,Medio
1974289,0.327384,0,Alto
1995790,0.16667,0,Medio
1995718,0.139722,0,Baixo
1995769,0.108407,0,Baixo
1995802,0.180065,0,Medio
1992133,0.221502,0,Medio
1994099,0.396687,1,Critico
1995806,0.197617,0,Medio
1995760,0.089135,0,Baixo
1995099,0.18553,0,Medio
1995812,0.146549,0,Baixo
1987352,0.293969,0,Alto
1990945,0.143538,0,Baixo
1995816,0.167059,0,Medio
1995383,0.261379,0,Alto
1995827,0.147138,0,Baixo
1959305,0.417151,1,Critico
1953230,0.221411,0,Medio
1995821,0.156036,0,Baixo
1995745,0.04075,0,Baixo
1992631,0.392607,1,Critico
1995832,0.328819,0,Alto
1969741,0.505538,1,Critico
1717706,0.38255,1,Critico
1988206,0.096197,0,Baixo
1990832,0.103825,0,Baixo
1995813,0.1092,0,Baixo
1995837,0.352212,1,Alto
1995856,0.219565,0,Medio
1995622,0.187449,0,Medio
1995672,0.28232,0,Alto
1958956,0.42128,1,Critico
1985402,0.086792,0,Baixo
1995859,0.125623,0,Baixo
1978899,0.24193,0,Medio
1910864,0.334036,0,Alto
1995871,0.177574,0,Medio
1993297,0.314983,0,Alto
1995873,0.12693,0,Baixo
1995874,0.093168,0,Baixo
1995867,0.160167,0,Baixo
1995875,0.087649,0,Baixo
1994742,0.068037,0,Baixo
1990416,0.188101,0,Medio
1995883,0.033144,0,Baixo
1994399,0.235543,0,Medio
1995879,0.043828,0,Baixo
1995890,0.157422,0,Baixo
1995465,0.264608,0,Alto
1995893,0.263365,0,Alto
1975169,0.227403,0,Medio
1974403,0.208092,0,Medio
1988740,0.206279,0,Medio
1995885,0.281442,0,Alto
1995896,0.089209,0,Baixo
1991900,0.40146,1,Critico
1995150,0.132953,0,Baixo
1995870,0.170526,0,Medio
1994276,0.049394,0,Baixo
1995415,0.21545,0,Medio
1995852,0.117404,0,Baixo
1994254,0.320918,0,Alto
1995902,0.305348,0,Alto
1995908,0.151787,0,Baixo
1995911,0.175874,0,Medio
1995399,0.061233,0,Baixo
1995912,0.328813,0,Alto
1990511,0.038679,0,Baixo
1995746,0.229936,0,Medio
1993150,0.215338,0,Medio
1973683,0.310204,0,Alto
1975933,0.153506,0,Baixo
1975089,0.513718,1,Critico
1995930,0.169646,0,Medio
1994944,0.178044,0,Medio
1987397,0.452969,1,Critico
1985902,0.357762,1,Alto
1995834,0.170733,0,Medio
1991086,0.423156,1,Critico
1995931,0.058654,0,Baixo
1995380,0.152165,0,Baixo
1995900,0.373058,1,Critico
1993376,0.146938,0,Baixo
1995940,0.140591,0,Baixo
1995656,0.092224,0,Baixo
1993508,0.118057,0,Baixo
1993712,0.258888,0,Alto
1992906,0.242075,0,Medio
1995915,0.24413,0,Medio
1995946,0.273004,0,Alto
1995913,0.094029,0,Baixo
1986814,0.133884,0,Baixo
1995843,0.089519,0,Baixo
1995945,0.132666,0,Baixo
1995948,0.245797,0,Medio
1995957,0.278536,0,Alto
1959941,0.345205,0,Alto
1974587,0.352272,1,Alto
1995934,0.340427,0,Alto
1995917,0.163934,0,Medio
1994643,0.440191,1,Critico
1993863,0.180677,0,Medio
1994401,0.189437,0,Medio
1762983,0.099896,0,Baixo
1977642,0.177947,0,Medio
1995972,0.210373,0,Medio
1995679,0.154975,0,Baixo
1995975,0.078372,0,Baixo
1966488,0.385693,1,Critico
1973177,0.263899,0,Alto
1995964,0.095393,0,Baixo
1995991,0.419223,1,Critico
1995928,0.315906,0,Alto
1982725,0.068284,0,Baixo
1996010,0.219347,0,Medio
1995515,0.364791,1,Critico
1950037,0.256601,0,Alto
1995997,0.388469,1,Critico
1995965,0.291429,0,Alto
1993448,0.413674,1,Critico
1995916,0.295438,0,Alto
1991557,0.348501,0,Alto
1982187,0.228701,0,Medio
1995406,0.269355,0,Alto
1995979,0.232069,0,Medio
1988766,0.340558,0,Alto
1989218,0.262275,0,Alto
1996027,0.212889,0,Medio
1993554,0.162082,0,Medio
1994358,0.079434,0,Baixo
1079402,0.26026,0,Alto
1994106,0.134352,0,Baixo
1996012,0.286727,0,Alto
1996035,0.074742,0,Baixo
972186,0.313851,0,Alto
1996030,0.232545,0,Medio
1996052,0.17684,0,Medio
1996037,0.098264,0,Baixo
1984729,0.259024,0,Alto
1996047,0.190329,0,Medio
1995149,0.121104,0,Baixo
1996043,0.089271,0,Baixo
1661158,0.055573,0,Baixo
1996066,0.168685,0,Medio
1996060,0.216274,0,Medio
1996067,0.128191,0,Baixo
1996055,0.258212,0,Alto
1996044,0.227258,0,Medio
1996022,0.257728,0,Alto
1995359,0.332847,0,Alto
1993159,0.124796,0,Baixo
1996053,0.223978,0,Medio
1995876,0.168104,0,Medio
1995861,0.030875,0,Baixo
1992381,0.333072,0,Alto
1994365,0.06559,0,Baixo
1995825,0.519961,1,Critico
1994993,0.090411,0,Baixo
1993421,0.133768,0,Baixo
1995782,0.17491,0,Medio
1995898,0.35968,1,Critico
1995320,0.145328,0,Baixo
1994361,0.189178,0,Medio
1996062,0.096061,0,Baixo
1995752,0.174883,0,Medio
1996085,0.418657,1,Critico
1995884,0.114275,0,Baixo
1993187,0.1018,0,Baixo
1995851,0.19935,0,Medio
1996077,0.391102,1,Critico
1968172,0.407339,1,Critico
1992440,0.130631,0,Baixo
1996088,0.19112,0,Medio
1989252,0.051917,0,Baixo
1996093,0.236339,0,Medio
1996076,0.246874,0,Medio
1995527,0.146929,0,Baixo
1996048,0.34461,0,Alto
1985442,0.169972,0,Medio
1995410,0.132809,0,Baixo
1994071,0.072238,0,Baixo
1554627,0.200982,0,Medio
1994824,0.076949,0,Baixo
1996112,0.227683,0,Medio
1936161,0.108809,0,Baixo
1996123,0.193076,0,Medio
1996108,0.169395,0,Medio
1996099,0.053542,0,Baixo
1960746,0.449287,1,Critico
1984909,0.114073,0,Baixo
1996135,0.114996,0,Baixo
1996122,0.221807,0,Medio
1992899,0.117689,0,Baixo
1996142,0.518414,1,Critico
1996120,0.195757,0,Medio
1995303,0.176951,0,Medio
1961840,0.232852,0,Medio
1995671,0.26132,0,Alto
1996115,0.427341,1,Critico
1996095,0.550833,1,Critico
1992441,0.098442,0,Baixo
1996111,0.194864,0,Medio
1996149,0.139789,0,Baixo
1373536,0.068159,0,Baixo
1991064,0.1809,0,Medio
1996158,0.091655,0,Baixo
1979704,0.152815,0,Baixo
1995082,0.225454,0,Medio
1995947,0.245878,0,Medio
1996147,0.099083,0,Baixo
1996165,0.197462,0,Medio
1995982,0.238625,0,Medio
1995941,0.299495,0,Alto
1993857,0.110555,0,Baixo
1996181,0.199851,0,Medio
1973764,0.30084,0,Alto
1996109,0.110205,0,Baixo
1996073,0.352974,1,Alto
1996145,0.082027,0,Baixo
1996039,0.325984,0,Alto
1996152,0.22503,0,Medio
1996168,0.066182,0,Baixo
1996185,0.151034,0,Baixo
1975943,0.243416,0,Medio
1996179,0.06239,0,Baixo
1996173,0.29893,0,Alto
1996194,0.191759,0,Medio
1996203,0.330367,0,Alto
1995676,0.181395,0,Medio
1990942,0.215348,0,Medio
1993764,0.316038,0,Alto
1996017,0.151275,0,Baixo
1987155,0.185088,0,Medio
1996190,0.264789,0,Alto
1553694,0.148459,0,Baixo
1995357,0.21685,0,Medio
1995952,0.565708,1,Critico
1996189,0.251559,0,Medio
1996110,0.140347,0,Baixo
1996223,0.292249,0,Alto
1996213,0.280369,0,Alto
1987906,0.250738,0,Medio
1996199,0.388193,1,Critico
1990974,0.085797,0,Baixo
1991464,0.223643,0,Medio
1996193,0.037024,0,Baixo
1996249,0.135595,0,Baixo
1996084,0.106559,0,Baixo
1996183,0.05343,0,Baixo
1996205,0.075412,0,Baixo
1996261,0.197492,0,Medio
1996265,0.247988,0,Medio
1949939,0.113017,0,Baixo
1996285,0.081429,0,Baixo
1996286,0.182638,0,Medio
1993460,0.37475,1,Critico
1993003,0.264364,0,Alto
1993811,0.322174,0,Alto
1996297,0.133681,0,Baixo
1990949,0.178302,0,Medio
1996172,0.148617,0,Baixo
1993759,0.238218,0,Medio
1991226,0.107281,0,Baixo
1996292,0.208755,0,Medio
1996248,0.14162,0,Baixo
1990340,0.058124,0,Baixo
1993735,0.307011,0,Alto
1996306,0.117923,0,Baixo
1992379,0.21483,0,Medio
1996191,0.238658,0,Medio
1941654,0.194809,0,Medio
1996308,0.165588,0,Medio
1974119,0.309455,0,Alto
1996316,0.161169,0,Medio
1936262,0.289283,0,Alto
1995052,0.08687,0,Baixo
1996332,0.074144,0,Baixo
1996315,0.26825,0,Alto
1986555,0.295751,0,Alto
1994278,0.173953,0,Medio
1996133,0.078177,0,Baixo
1995786,0.102858,0,Baixo
1972370,0.248736,0,Medio
1996339,0.17662,0,Medio
1996347,0.113928,0,Baixo
1996355,0.218603,0,Medio
1987482,0.157798,0,Baixo
1996242,0.071749,0,Baixo
1996277,0.213508,0,Medio
1980914,0.098729,0,Baixo
1996345,0.215743,0,Medio
1996235,0.226,0,Medio
1996063,0.122201,0,Baixo
1995705,0.195836,0,Medio
1986720,0.189607,0,Medio
1994109,0.103968,0,Baixo
1991760,0.279708,0,Alto
1996351,0.040234,0,Baixo
1994693,0.307877,0,Alto
1996051,0.137231,0,Baixo
1996208,0.087936,0,Baixo
1989311,0.11013,0,Baixo
842032,0.136716,0,Baixo
1995511,0.116749,0,Baixo
1996357,0.116413,0,Baixo
1977123,0.235763,0,Medio
1996359,0.133515,0,Baixo
1987175,0.218686,0,Medio
1996378,0.093125,0,Baixo
1965252,0.297889,0,Alto
1996325,0.107923,0,Baixo
1996247,0.105051,0,Baixo
1995981,0.166077,0,Medio
1995869,0.182342,0,Medio
1996383,0.521371,1,Critico
1996385,0.133197,0,Baixo
1994435,0.172016,0,Medio
1995389,0.118253,0,Baixo
1996376,0.161294,0,Medio
1996372,0.268513,0,Alto
1988722,0.246277,0,Medio
1996388,0.228453,0,Medio
1996404,0.26355,0,Alto
1823222,0.383725,1,Critico
1974644,0.110436,0,Baixo
1991606,0.300865,0,Alto
1995445,0.262114,0,Alto
1996381,0.063043,0,Baixo
1996395,0.081588,0,Baixo
1996405,0.330957,0,Alto
1983703,0.409685,1,Critico
1974803,0.265969,0,Alto
1992869,0.243278,0,Medio
1996407,0.065176,0,Baixo
1861816,0.209598,0,Medio
1994935,0.106819,0,Baixo
1995886,0.213915,0,Medio
1996417,0.192036,0,Medio
1996403,0.250128,0,Medio
1996431,0.192948,0,Medio
1996432,0.377149,1,Critico
1973129,0.367704,1,Critico
1996439,0.209477,0,Medio
1996421,0.206713,0,Medio
1995933,0.162135,0,Medio
1996436,0.115808,0,Baixo
1996448,0.277377,0,Alto
1996430,0.395815,1,Critico
1996437,0.149298,0,Baixo
1996445,0.054536,0,Baixo
1994008,0.128537,0,Baixo
1996447,0.315302,0,Alto
1996450,0.213825,0,Medio
1996453,0.372462,1,Critico
1996456,0.44356,1,Critico
1995392,0.28474,0,Alto
1996446,0.102582,0,Baixo
1996196,0.26934,0,Alto
1996271,0.124512,0,Baixo
1996086,0.289113,0,Alto
1996406,0.126944,0,Baixo
1990391,0.203659,0,Medio
1994042,0.088603,0,Baixo
1996346,0.082752,0,Baixo
1996444,0.072178,0,Baixo
1971385,0.088993,0,Baixo
1996467,0.24229,0,Medio
1996195,0.180114,0,Medio
1996455,0.606658,1,Critico
1996461,0.115935,0,Baixo
1994701,0.074664,0,Baixo
1965894,0.402733,1,Critico
1996305,0.192345,0,Medio
1996484,0.175742,0,Medio
1996489,0.224353,0,Medio
1981832,0.161695,0,Medio
1994542,0.182979,0,Medio
1994973,0.537673,1,Critico
1974925,0.284653,0,Alto
1994149,0.111452,0,Baixo
1996127,0.352858,1,Alto
1996502,0.326933,0,Alto
1996506,0.314387,0,Alto
1990256,0.124855,0,Baixo
1927834,0.427459,1,Critico
1996503,0.221706,0,Medio
1996492,0.131198,0,Baixo
1996483,0.193784,0,Medio
1995329,0.161364,0,Medio
1995866,0.275492,0,Alto
1995376,0.215362,0,Medio
1996523,0.266999,0,Alto
1996459,0.156657,0,Baixo
1967391,0.38992,1,Critico
1996500,0.311533,0,Alto
1982646,0.237994,0,Medio
1994494,0.086477,0,Baixo
1989164,0.163004,0,Medio
1982395,0.370722,1,Critico
1973412,0.509677,1,Critico
1996222,0.347318,0,Alto
1996511,0.230573,0,Medio
1996513,0.299908,0,Alto
1995630,0.04629,0,Baixo
1990473,0.283985,0,Alto
1996458,0.130941,0,Baixo
1996510,0.227588,0,Medio
1996336,0.138181,0,Baixo
1996526,0.029931,0,Baixo
1949038,0.083506,0,Baixo
1988338,0.259565,0,Alto
1996561,0.100282,0,Baixo
1996564,0.21547,0,Medio
1977592,0.339106,0,Alto
1996559,0.145063,0,Baixo
1996566,0.300248,0,Alto
1996380,0.155032,0,Baixo
1996326,0.267598,0,Alto
1990374,0.097804,0,Baixo
1992278,0.201671,0,Medio
1972767,0.226412,0,Medio
1996560,0.156397,0,Baixo
1974880,0.294014,0,Alto
1960965,0.250594,0,Medio
1994811,0.129295,0,Baixo
1996081,0.185937,0,Medio
1981840,0.250787,0,Medio
1994894,0.293451,0,Alto
1996565,0.250504,0,Medio
1992236,0.328148,0,Alto
1996408,0.037567,0,Baixo
1996600,0.314869,0,Alto
1995585,0.46967,1,Critico
1996596,0.166667,0,Medio
1996604,0.082678,0,Baixo
1996001,0.132367,0,Baixo
1995985,0.200251,0,Medio
1996608,0.038338,0,Baixo
1996632,0.263914,0,Alto
1996553,0.163499,0,Medio
1996333,0.217794,0,Medio
1996529,0.300741,0,Alto
1954236,0.15885,0,Baixo
1996586,0.136056,0,Baixo
1990838,0.117913,0,Baixo
1996614,0.209815,0,Medio
1996625,0.247628,0,Medio
1996457,0.286195,0,Alto
1989094,0.361597,1,Critico
1996616,0.145754,0,Baixo
1994478,0.171056,0,Medio
1996613,0.195828,0,Medio
1989625,0.390802,1,Critico
1996649,0.265406,0,Alto
1968422,0.083115,0,Baixo
1996619,0.109572,0,Baixo
1996116,0.422232,1,Critico
1996644,0.249861,0,Medio
1996648,0.718588,1,Critico
1996662,0.373683,1,Critico
1991055,0.206546,0,Medio
1981160,0.246187,0,Medio
1996664,0.163149,0,Medio
1995510,0.086185,0,Baixo
1980083,0.244679,0,Medio
1996665,0.07528,0,Baixo
1996658,0.080334,0,Baixo
1996646,0.045449,0,Baixo
1993949,0.191997,0,Medio
1996621,0.161654,0,Medio
1961627,0.227212,0,Medio
1996686,0.126045,0,Baixo
1996188,0.251794,0,Medio
1963060,0.196743,0,Medio
1993731,0.156247,0,Baixo
1996102,0.164172,0,Medio
1996668,0.153809,0,Baixo
1996674,0.107257,0,Baixo
1996681,0.122818,0,Baixo
1996273,0.099958,0,Baixo
1994161,0.034223,0,Baixo
1996690,0.107027,0,Baixo
1996301,0.336279,0,Alto
1996669,0.297754,0,Alto
1996474,0.067046,0,Baixo
1996387,0.214973,0,Medio
1996688,0.145781,0,Baixo
1996236,0.177141,0,Medio
1996234,0.21964,0,Medio
1984370,0.2462,0,Medio
1985247,0.186106,0,Medio
1996687,0.23821,0,Medio
1994512,0.254649,0,Alto
1996656,0.117625,0,Baixo
1957854,0.323226,0,Alto
1996689,0.096707,0,Baixo
1996428,0.101883,0,Baixo
1996700,0.061398,0,Baixo
1928683,0.149497,0,Baixo
1994130,0.281691,0,Alto
1995323,0.087402,0,Baixo
1982334,0.218467,0,Medio
1993364,0.162074,0,Medio
1989072,0.26768,0,Alto
1959625,0.395191,1,Critico
1989180,0.049412,0,Baixo
1996711,0.131101,0,Baixo
1996713,0.078425,0,Baixo
1980777,0.122156,0,Baixo
1996601,0.261486,0,Alto
1996702,0.046235,0,Baixo
1996707,0.112685,0,Baixo
1996633,0.177732,0,Medio
1994147,0.218007,0,Medio
1996557,0.317496,0,Alto
1996716,0.203327,0,Medio
1974502,0.162915,0,Medio
1992292,0.116621,0,Baixo
1990979,0.202855,0,Medio
1994803,0.158496,0,Baixo
1996733,0.076261,0,Baixo
1990302,0.229544,0,Medio
1996732,0.394051,1,Critico
1996580,0.198364,0,Medio
1990834,0.189449,0,Medio
1996719,0.470096,1,Critico
1996748,0.212654,0,Medio
1996740,0.09682,0,Baixo
1996757,0.135457,0,Baixo
1961488,0.220613,0,Medio
1995311,0.2716,0,Alto
1258036,0.298946,0,Alto
1995381,0.179947,0,Medio
1996401,0.079555,0,Baixo
1987016,0.177652,0,Medio
1994979,0.099271,0,Baixo
1996754,0.089915,0,Baixo
1996777,0.194379,0,Medio
1996554,0.079541,0,Baixo
1991781,0.142309,0,Baixo
1986127,0.112436,0,Baixo
1977615,0.081676,0,Baixo
1996692,0.059244,0,Baixo
1977179,0.105596,0,Baixo
1990527,0.138387,0,Baixo
1973941,0.633594,1,Critico
1973286,0.274995,0,Alto
1996031,0.551317,1,Critico
1996630,0.188403,0,Medio
1996755,0.126363,0,Baixo
1996728,0.083586,0,Baixo
1858929,0.292473,0,Alto
1996735,0.050009,0,Baixo
1974205,0.277716,0,Alto
1996767,0.079898,0,Baixo
1996742,0.198618,0,Medio
1996756,0.092219,0,Baixo
1996753,0.202308,0,Medio
1996749,0.289561,0,Alto
1996769,0.304487,0,Alto
1996752,0.213987,0,Medio
1996768,0.252147,0,Alto
1951965,0.157955,0,Baixo
1996629,0.247357,0,Medio
1996709,0.51861,1,Critico
1996747,0.125747,0,Baixo
1996771,0.252875,0,Alto
1996775,0.199871,0,Medio
1996781,0.203059,0,Medio
1295996,0.060946,0,Baixo
1996706,0.086263,0,Baixo
1993971,0.168122,0,Medio
1996766,0.147665,0,Baixo
1996786,0.156646,0,Baixo
1996792,0.310643,0,Alto
1996784,0.348118,0,Alto
1986913,0.117086,0,Baixo
1953718,0.285428,0,Alto
1966421,0.389194,1,Critico
1995385,0.171307,0,Medio
1995422,0.185776,0,Medio
1996795,0.270653,0,Alto
1989090,0.11837,0,Baixo
1996790,0.213688,0,Medio
1990114,0.247436,0,Medio
1996682,0.101876,0,Baixo
1996808,0.158384,0,Baixo
1995365,0.214686,0,Medio
1996794,0.338873,0,Alto
1996802,0.141272,0,Baixo
1995248,0.125055,0,Baixo
1996801,0.036271,0,Baixo
1995962,0.270115,0,Alto
1744334,0.24463,0,Medio
1996820,0.184322,0,Medio
1996804,0.132738,0,Baixo
1996810,0.317671,0,Alto
1996809,0.130233,0,Baixo
1978536,0.091068,0,Baixo
1996825,0.155754,0,Baixo
1996819,0.097856,0,Baixo
1994780,0.278878,0,Alto
1991102,0.088062,0,Baixo
1996824,0.221808,0,Medio
1927103,0.266094,0,Alto
1996829,0.30904,0,Alto
1976291,0.220313,0,Medio
1947170,0.254303,0,Alto
1984624,0.261441,0,Alto
1996787,0.044859,0,Baixo
1813771,0.402459,1,Critico
1996833,0.205679,0,Medio
1996818,0.08944,0,Baixo
1996831,0.450885,1,Critico
1996226,0.168097,0,Medio
1973591,0.333805,0,Alto
1996485,0.191844,0,Medio
1995100,0.648912,1,Critico
1994065,0.174962,0,Medio
1995728,0.263437,0,Alto
1981271,0.106013,0,Baixo
1977608,0.127495,0,Baixo
1996582,0.126379,0,Baixo
1996817,0.293005,0,Alto
1981958,0.064278,0,Baixo
1943219,0.384212,1,Critico
1996782,0.241033,0,Medio
1996849,0.115936,0,Baixo
1993581,0.210797,0,Medio
1996857,0.24768,0,Medio
1996866,0.152104,0,Baixo
1994758,0.154267,0,Baixo
1982044,0.364032,1,Critico
1996002,0.166684,0,Medio
1995571,0.23047,0,Medio
1996045,0.301758,0,Alto
1993291,0.107742,0,Baixo
1996729,0.315215,0,Alto
1996860,0.085393,0,Baixo
1996788,0.100828,0,Baixo
1975397,0.144926,0,Baixo
1954381,0.26979,0,Alto
1986653,0.102582,0,Baixo
1995207,0.060264,0,Baixo
1993667,0.065194,0,Baixo
1982998,0.225297,0,Medio
1996811,0.274079,0,Alto
1986219,0.090565,0,Baixo
1993201,0.275955,0,Alto
1996884,0.108992,0,Baixo
1996879,0.207324,0,Medio
1996885,0.316596,0,Alto
1766622,0.192935,0,Medio
1996888,0.308506,0,Alto
1996875,0.117543,0,Baixo
1990157,0.181353,0,Medio
1996872,0.110881,0,Baixo
1996869,0.2558,0,Alto
1996877,0.491281,1,Critico
1996873,0.102976,0,Baixo
1996900,0.079757,0,Baixo
1996891,0.110529,0,Baixo
1988909,0.212959,0,Medio
1996907,0.049728,0,Baixo
1978410,0.254759,0,Alto
1852969,0.102798,0,Baixo
1981148,0.048423,0,Baixo
1996863,0.132829,0,Baixo
1986433,0.294102,0,Alto
1806667,0.172437,0,Medio
1996911,0.150502,0,Baixo
1747704,0.239525,0,Medio
1996915,0.369782,1,Critico
1996916,0.125651,0,Baixo
1996906,0.178405,0,Medio
1996910,0.133339,0,Baixo
1993966,0.046293,0,Baixo
1996945,0.138647,0,Baixo
1977304,0.152798,0,Baixo
1996929,0.209076,0,Medio
1996932,0.366707,1,Critico
1996949,0.152582,0,Baixo
1996920,0.170635,0,Medio
1996927,0.107682,0,Baixo
1996936,0.059678,0,Baixo
1996947,0.332967,0,Alto
1996952,0.052529,0,Baixo
1996946,0.084237,0,Baixo
1969252,0.293385,0,Alto
1986607,0.195137,0,Medio
1994093,0.097319,0,Baixo
1996944,0.470347,1,Critico
1996890,0.1111,0,Baixo
1996934,0.119931,0,Baixo
1996924,0.117637,0,Baixo
1996948,0.170751,0,Medio
1996940,0.195654,0,Medio
1996933,0.254417,0,Alto
1996926,0.058351,0,Baixo
1994817,0.143716,0,Baixo
1989622,0.191667,0,Medio
1996041,0.149302,0,Baixo
1974607,0.275741,0,Alto
1985886,0.3009,0,Alto
1996954,0.31582,0,Alto
1996931,0.10701,0,Baixo
1996666,0.204795,0,Medio
1996964,0.11084,0,Baixo
1996973,0.10937,0,Baixo
1996870,0.217476,0,Medio
1993755,0.086596,0,Baixo
1993853,0.229488,0,Medio
1777088,0.295693,0,Alto
1976896,0.149136,0,Baixo
1996841,0.217061,0,Medio
1996844,0.125668,0,Baixo
1076399,0.211047,0,Medio
1976430,0.159958,0,Baixo
1991763,0.264433,0,Alto
1996918,0.279459,0,Alto
1994644,0.076335,0,Baixo
1983638,0.225215,0,Medio
1996622,0.187943,0,Medio
1964130,0.361214,1,Critico
1974189,0.329241,0,Alto
1996987,0.201767,0,Medio
1996806,0.07179,0,Baixo
1995994,0.150713,0,Baixo
1997005,0.052914,0,Baixo
1995715,0.114164,0,Baixo
1996717,0.211291,0,Medio
1996904,0.220617,0,Medio
1996845,0.206889,0,Medio
1954593,0.344847,0,Alto
1996992,0.082236,0,Baixo
1975699,0.143812,0,Baixo
1997001,0.057733,0,Baixo
1996994,0.173166,0,Medio
1996909,0.051292,0,Baixo
1991211,0.084456,0,Baixo
1996999,0.216705,0,Medio
1997011,0.150082,0,Baixo
1997017,0.066845,0,Baixo
1991023,0.330558,0,Alto
1996991,0.196021,0,Medio
1983080,0.202077,0,Medio
1981466,0.225623,0,Medio
1997006,0.207323,0,Medio
1997008,0.076014,0,Baixo
1992338,0.269902,0,Alto
1995460,0.125993,0,Baixo
1997010,0.292435,0,Alto
1961724,0.276591,0,Alto
1997032,0.23344,0,Medio
1991143,0.411543,1,Critico
1995347,0.346835,0,Alto
1996207,0.081837,0,Baixo
1994840,0.380349,1,Critico
1996881,0.095146,0,Baixo
1997022,0.419048,1,Critico
1996902,0.034964,0,Baixo
1996361,0.235519,0,Medio
1989012,0.11919,0,Baixo
1996759,0.155414,0,Baixo
1997013,0.081143,0,Baixo
1996985,0.263241,0,Alto
1996025,0.12003,0,Baixo
1997041,0.115967,0,Baixo
1982653,0.104374,0,Baixo
1985268,0.284666,0,Alto
1979801,0.152368,0,Baixo
1997052,0.041719,0,Baixo
1996984,0.212895,0,Medio
1986300,0.460968,1,Critico
1997024,0.122306,0,Baixo
1996930,0.28008,0,Alto
1948004,0.26468,0,Alto
1996515,0.214631,0,Medio
1996054,0.262102,0,Alto
1997028,0.254549,0,Alto
1974336,0.238134,0,Medio
1997049,0.090526,0,Baixo
1997043,0.179036,0,Medio
1995850,0.376112,1,Critico
1995970,0.223674,0,Medio
1973976,0.261307,0,Alto
1997058,0.101951,0,Baixo
1997066,0.161556,0,Medio
1977416,0.04495,0,Baixo
1995428,0.100192,0,Baixo
1997057,0.304642,0,Alto
1972515,0.288871,0,Alto
1995379,0.300958,0,Alto
1978726,0.164549,0,Medio
1993345,0.240566,0,Medio
1997047,0.166749,0,Medio
1967327,0.230061,0,Medio
1996842,0.303363,0,Alto
1997084,0.181881,0,Medio
1995281,0.065468,0,Baixo
1997068,0.269801,0,Alto
1997034,0.245941,0,Medio
1986809,0.214195,0,Medio
1990821,0.15149,0,Baixo
1991124,0.133642,0,Baixo
1997030,0.138681,0,Baixo
1997051,0.107283,0,Baixo
1997090,0.135045,0,Baixo
1997085,0.144571,0,Baixo
1572719,0.305938,0,Alto
1993089,0.325383,0,Alto
1994877,0.092483,0,Baixo
1997076,0.134232,0,Baixo
1989652,0.058901,0,Baixo
1995543,0.247368,0,Medio
1985052,0.379196,1,Critico
1997102,0.154008,0,Baixo
1996377,0.424457,1,Critico
1997094,0.132586,0,Baixo
1995561,0.253305,0,Alto
1997114,0.141768,0,Baixo
1997095,0.157274,0,Baixo
1996998,0.218793,0,Medio
1062157,0.198852,0,Medio
1997116,0.399103,1,Critico
1996479,0.119207,0,Baixo
1994633,0.248273,0,Medio
1997072,0.279464,0,Alto
1996675,0.381662,1,Critico
1996776,0.341256,0,Alto
1996965,0.297297,0,Alto
1990455,0.325782,0,Alto
1996153,0.222996,0,Medio
1994705,0.213104,0,Medio
1997126,0.257821,0,Alto
1992618,0.04367,0,Baixo
1997103,0.192402,0,Medio
1997132,0.08884,0,Baixo
1997134,0.124363,0,Baixo
1653213,0.179506,0,Medio
1997128,0.18818,0,Medio
1997130,0.07681,0,Baixo
1997142,0.126696,0,Baixo
1997137,0.202345,0,Medio
1996317,0.146563,0,Baixo
1997122,0.094721,0,Baixo
1991980,0.18833,0,Medio
1997148,0.32589,0,Alto
1994156,0.065586,0,Baixo
1997157,0.254364,0,Alto
1980986,0.166444,0,Medio
1926716,0.066123,0,Baixo
1997139,0.279947,0,Alto
1962887,0.214329,0,Medio
1965472,0.131751,0,Baixo
1997145,0.284392,0,Alto
1954850,0.17713,0,Medio
1974688,0.369172,1,Critico
1997182,0.338211,0,Alto
1997180,0.131676,0,Baixo
1822747,0.241205,0,Medio
1997152,0.216555,0,Medio
1995267,0.071536,0,Baixo
1996951,0.102823,0,Baixo
1996708,0.121437,0,Baixo
1997192,0.335637,0,Alto
1986144,0.30607,0,Alto
1997174,0.078091,0,Baixo
1997183,0.314062,0,Alto
1997198,0.158468,0,Baixo
1997195,0.336894,0,Alto
1997193,0.142746,0,Baixo
1997104,0.232053,0,Medio
1997186,0.09968,0,Baixo
1997179,0.232003,0,Medio
1985053,0.161417,0,Medio
1997197,0.047269,0,Baixo
1996552,0.234298,0,Medio
1997173,0.080425,0,Baixo
1996961,0.193546,0,Medio
1997210,0.088924,0,Baixo
1864955,0.40896,1,Critico
1997205,0.102922,0,Baixo
1997138,0.267977,0,Alto
1997201,0.263452,0,Alto
1997097,0.080804,0,Baixo
1997222,0.179596,0,Medio
1992376,0.230542,0,Medio
1997108,0.192286,0,Medio
1996034,0.229125,0,Medio
1992115,0.219498,0,Medio
1996280,0.283603,0,Alto
1997127,0.06804,0,Baixo
1997225,0.273196,0,Alto
1996993,0.072233,0,Baixo
1994709,0.056617,0,Baixo
1995592,0.180426,0,Medio
1997236,0.207141,0,Medio
1997211,0.19205,0,Medio
1978553,0.206319,0,Medio
1979563,0.056638,0,Baixo
1997233,0.207942,0,Medio
1995517,0.246504,0,Medio
1997156,0.069451,0,Baixo
1973803,0.117021,0,Baixo
1986874,0.261792,0,Alto
1997252,0.017641,0,Baixo
301277,0.209286,0,Medio
1992283,0.211795,0,Medio
1990444,0.281638,0,Alto
1997244,0.032192,0,Baixo
1997124,0.188938,0,Medio
1997260,0.124401,0,Baixo
1997234,0.286693,0,Alto
1997238,0.172711,0,Medio
1995353,0.099392,0,Baixo
1997039,0.06149,0,Baixo
1996212,0.151376,0,Baixo
1997275,0.099026,0,Baixo
1997251,0.076632,0,Baixo
1992136,0.038554,0,Baixo
1997087,0.222501,0,Medio
1986569,0.260192,0,Alto
1997110,0.059071,0,Baixo
1984842,0.188888,0,Medio
1997202,0.180049,0,Medio
1997246,0.145503,0,Baixo
1992486,0.302122,0,Alto
1997151,0.23743,0,Medio
1997172,0.167597,0,Medio
1995161,0.19693,0,Medio
1997155,0.353723,1,Alto
1997093,0.315802,0,Alto
1950350,0.634039,1,Critico
1997256,0.343893,0,Alto
1996986,0.151317,0,Baixo
1995616,0.092999,0,Baixo
1997033,0.196602,0,Medio
1997310,0.217326,0,Medio
1992695,0.577352,1,Critico
1995480,0.216438,0,Medio
1997283,0.110256,0,Baixo
1997293,0.170531,0,Medio
1991831,0.061628,0,Baixo
1997003,0.147709,0,Baixo
1997298,0.286139,0,Alto
1997295,0.275005,0,Alto
1987098,0.119341,0,Baixo
1994778,0.197191,0,Medio
1997309,0.396334,1,Critico
1996164,0.144565,0,Baixo
1997286,0.272832,0,Alto
1997304,0.214755,0,Medio
1997320,0.192772,0,Medio
1993162,0.291409,0,Alto
1995910,0.134891,0,Baixo
1997327,0.373363,1,Critico
1993329,0.226739,0,Medio
1997263,0.062274,0,Baixo
1997329,0.339551,0,Alto
1997269,0.241683,0,Medio
1997316,0.189616,0,Medio
1980387,0.231753,0,Medio
1997277,0.139255,0,Baixo
1990674,0.111419,0,Baixo
1990603,0.071718,0,Baixo
1988302,0.537198,1,Critico
1994730,0.108476,0,Baixo
1992924,0.062183,0,Baixo
1993909,0.198603,0,Medio
1995418,0.239097,0,Medio
1990513,0.211255,0,Medio
1986574,0.050365,0,Baixo
1997348,0.184391,0,Medio
466590,0.098522,0,Baixo
1974305,0.350286,0,Alto
1997354,0.195311,0,Medio
1980274,0.2075,0,Medio
1997349,0.221599,0,Medio
1997353,0.300453,0,Alto
1997317,0.232017,0,Medio
1997362,0.311166,0,Alto
1997341,0.30055,0,Alto
1988498,0.125498,0,Baixo
1081428,0.14187,0,Baixo
1997372,0.17587,0,Medio
1974398,0.30554,0,Alto
1997092,0.202449,0,Medio
1997374,0.255914,0,Alto
1997382,0.076621,0,Baixo
1965544,0.128539,0,Baixo
690725,0.090353,0,Baixo
1997394,0.032483,0,Baixo
1969545,0.11787,0,Baixo
1996412,0.509332,1,Critico
1993932,0.20731,0,Medio
1997154,0.093208,0,Baixo
1974811,0.211487,0,Medio
1990295,0.108516,0,Baixo
1996606,0.097409,0,Baixo
1997417,0.270901,0,Alto
1996901,0.154465,0,Baixo
1997423,0.151723,0,Baixo
1997420,0.225617,0,Medio
1995388,0.229361,0,Medio
1608130,0.187577,0,Medio
1997411,0.423973,1,Critico
1980197,0.098151,0,Baixo
1997430,0.144034,0,Baixo
1995854,0.105047,0,Baixo
1972795,0.245196,0,Medio
1992511,0.177808,0,Medio
1997185,0.25706,0,Alto
1997123,0.114237,0,Baixo
472357,0.380935,1,Critico
1997432,0.181946,0,Medio
1997367,0.163403,0,Medio
1997402,0.33822,0,Alto
1995306,0.456129,1,Critico
1997459,0.162066,0,Medio
1995989,0.114408,0,Baixo
1997166,0.256636,0,Alto
1996673,0.109494,0,Baixo
1965148,0.042976,0,Baixo
1997484,0.391819,1,Critico
1988111,0.17093,0,Medio
1939563,0.234335,0,Medio
1997490,0.123457,0,Baixo
1997494,0.21526,0,Medio
1997485,0.04904,0,Baixo
1997483,0.049198,0,Baixo
1997507,0.116551,0,Baixo
1995844,0.142277,0,Baixo
1993641,0.325719,0,Alto
1997503,0.159923,0,Baixo
1997506,0.091032,0,Baixo
1997514,0.077884,0,Baixo
1995008,0.110598,0,Baixo
1997515,0.09889,0,Baixo
1997500,0.084338,0,Baixo
1976563,0.202296,0,Medio
1997486,0.122638,0,Baixo
1997261,0.144574,0,Baixo
1997525,0.054324,0,Baixo
1996935,0.14095,0,Baixo
1997532,0.044463,0,Baixo
1997527,0.124261,0,Baixo
1997521,0.358988,1,Critico
1985815,0.319427,0,Alto
1997217,0.321947,0,Alto
1996435,0.269376,0,Alto
1464423,0.034993,0,Baixo
1997539,0.443097,1,Critico
1997543,0.075974,0,Baixo
1997544,0.096862,0,Baixo
1997550,0.345651,0,Alto
1997540,0.179013,0,Medio
1996807,0.205835,0,Medio
1993209,0.243861,0,Medio
1984215,0.169136,0,Medio
1997555,0.399214,1,Critico
1997481,0.209149,0,Medio
1997561,0.042669,0,Baixo
1997551,0.228549,0,Medio
1997562,0.508758,1,Critico
1997453,0.132759,0,Baixo
1997558,0.173769,0,Medio
1997554,0.151268,0,Baixo
1997574,0.088808,0,Baixo
1997566,0.035408,0,Baixo
1997578,0.073307,0,Baixo
1997569,0.176293,0,Medio
1690866,0.316332,0,Alto
1968247,0.243561,0,Medio
1997576,0.217946,0,Medio
1997538,0.205745,0,Medio
1995058,0.055164,0,Baixo
1995824,0.120526,0,Baixo
1855267,0.136888,0,Baixo
1997568,0.393558,1,Critico
1984852,0.142331,0,Baixo
1997591,0.109814,0,Baixo
1997469,0.052,0,Baixo
1997575,0.060696,0,Baixo
1997595,0.231665,0,Medio
1997599,0.065762,0,Baixo
1997612,0.079462,0,Baixo
1997609,0.113253,0,Baixo
1997614,0.077248,0,Baixo
1997605,0.098229,0,Baixo
1997610,0.189406,0,Medio
1997616,0.135864,0,Baixo
1854654,0.15687,0,Baixo
1997542,0.164236,0,Medio
1997171,0.248609,0,Medio
1997162,0.396608,1,Critico
1997631,0.181181,0,Medio
1997630,0.051135,0,Baixo
1979787,0.230119,0,Medio
1839979,0.164084,0,Medio
1990249,0.143577,0,Baixo
1980526,0.314484,0,Alto
1997121,0.280428,0,Alto
1997651,0.335529,0,Alto
1997140,0.062174,0,Baixo
1997656,0.174808,0,Medio
1997663,0.086928,0,Baixo
1997652,0.087694,0,Baixo
1997655,0.374822,1,Critico
1939230,0.192477,0,Medio
1995995,0.095481,0,Baixo
1997215,0.240115,0,Medio
1997666,0.264986,0,Alto
1997474,0.268733,0,Alto
1993392,0.30108,0,Alto
1997623,0.183881,0,Medio
1997678,0.160373,0,Baixo
1997679,0.259747,0,Alto
1997673,0.321315,0,Alto
1994403,0.188575,0,Medio
1972741,0.34229,0,Alto
1997691,0.079452,0,Baixo
1997696,0.197624,0,Medio
1985214,0.31841,0,Alto
1989981,0.079179,0,Baixo
1997705,0.22578,0,Medio
1997683,0.167148,0,Medio
1997608,0.097953,0,Baixo
1997704,0.17843,0,Medio
1997712,0.154532,0,Baixo
1997670,0.259417,0,Alto
1778386,0.324366,0,Alto
1997706,0.207727,0,Medio
1997723,0.085883,0,Baixo
1997722,0.098316,0,Baixo
1997331,0.090735,0,Baixo
1997725,0.184322,0,Medio
1995131,0.076392,0,Baixo
1997720,0.21487,0,Medio
1995960,0.317003,0,Alto
1997728,0.161813,0,Medio
1990236,0.144732,0,Baixo
1997516,0.107423,0,Baixo
1997716,0.198965,0,Medio
1997735,0.166634,0,Medio
1997743,0.092605,0,Baixo
1997428,0.19554,0,Medio
1997726,0.330698,0,Alto
1933193,0.224496,0,Medio
1995792,0.111676,0,Baixo
1997732,0.205511,0,Medio
1968995,0.156633,0,Baixo
1997040,0.15464,0,Baixo
1997744,0.202338,0,Medio
1997752,0.369524,1,Critico
1997677,0.072537,0,Baixo
1997730,0.067049,0,Baixo
1997303,0.090413,0,Baixo
1997724,0.215413,0,Medio
1987405,0.044656,0,Baixo
1996959,0.445603,1,Critico
1997687,0.175193,0,Medio
1997755,0.11172,0,Baixo
1775530,0.107076,0,Baixo
1997778,0.216227,0,Medio
1992536,0.203182,0,Medio
1997698,0.057316,0,Baixo
1988535,0.063808,0,Baixo
1997213,0.079831,0,Baixo
1997719,0.326076,0,Alto
1997761,0.11501,0,Baixo
1996451,0.148719,0,Baixo
1673738,0.267924,0,Alto
1996424,0.305348,0,Alto
1991094,0.186123,0,Medio
1997791,0.088225,0,Baixo
1997797,0.283141,0,Alto
1997547,0.097027,0,Baixo
1932550,0.147899,0,Baixo
1997799,0.369711,1,Critico
1995905,0.381848,1,Critico
1995089,0.12971,0,Baixo
1948555,0.247336,0,Medio
1997809,0.345463,0,Alto
1997776,0.365575,1,Critico
1997826,0.071336,0,Baixo
1994788,0.10034,0,Baixo
1995044,0.208515,0,Medio
1997839,0.166947,0,Medio
1997643,0.374897,1,Critico
1997845,0.394682,1,Critico
1997885,0.270956,0,Alto
1997934,0.276839,0,Alto
1998046,0.308155,0,Alto
1997731,0.34382,0,Alto
1997872,0.232038,0,Medio
1997863,0.42938,1,Critico
1997919,0.105347,0,Baixo
1997866,0.280443,0,Alto
1997887,0.174872,0,Medio
1997857,0.246505,0,Medio
1998076,0.145226,0,Baixo
1997873,0.309851,0,Alto
1997986,0.335463,0,Alto
1997967,0.146636,0,Baixo
1997935,0.224119,0,Medio
1997920,0.208518,0,Medio
1997951,0.221745,0,Medio
1997886,0.214247,0,Medio
1997899,0.139317,0,Baixo
1998054,0.250085,0,Medio
1998017,0.227002,0,Medio
1997911,0.312844,0,Alto
1997989,0.327335,0,Alto
1997884,0.288689,0,Alto
1997877,0.236139,0,Medio
1998148,0.124612,0,Baixo
1997983,0.076133,0,Baixo
1997915,0.02486,0,Baixo
1998002,0.305777,0,Alto
1998061,0.132178,0,Baixo
1998073,0.127442,0,Baixo
1997869,0.091869,0,Baixo
1997985,0.163112,0,Medio
1997932,0.082535,0,Baixo
1997897,0.298318,0,Alto
1997956,0.319358,0,Alto
1997903,0.120509,0,Baixo
1998034,0.187511,0,Medio
1997977,0.354773,1,Alto
1997946,0.097565,0,Baixo
1998029,0.139628,0,Baixo
1997937,0.170879,0,Medio
1997900,0.30638,0,Alto
1998009,0.152933,0,Baixo
1998096,0.191871,0,Medio
1998003,0.022596,0,Baixo
1997913,0.129336,0,Baixo
1997954,0.211659,0,Medio
1998108,0.22554,0,Medio
1997928,0.16167,0,Medio
1998000,0.120718,0,Baixo
1998026,0.214907,0,Medio
1998173,0.20742,0,Medio
1997874,0.414178,1,Critico
1997878,0.085686,0,Baixo
1998042,0.141818,0,Baixo
1997992,0.299442,0,Alto
1997849,0.089498,0,Baixo
1998067,0.051062,0,Baixo
1998006,0.057927,0,Baixo
1997971,0.456378,1,Critico
1998106,0.17797,0,Medio
1997910,0.190385,0,Medio
1997922,0.110027,0,Baixo
1997924,0.307809,0,Alto
1998117,0.13409,0,Baixo
1997929,0.077096,0,Baixo
1998161,0.067052,0,Baixo
1998134,0.128236,0,Baixo
1998189,0.25486,0,Alto
1998085,0.41658,1,Critico
1997879,0.31467,0,Alto
1997904,0.214831,0,Medio
1997916,0.372152,1,Critico
1998083,0.018129,0,Baixo
1998194,0.146631,0,Baixo
1997847,0.318591,0,Alto
1997999,0.236078,0,Medio
1998139,0.239946,0,Medio
1997153,0.204103,0,Medio
1998240,0.068246,0,Baixo
1998235,0.203669,0,Medio
1997939,0.128507,0,Baixo
1998037,0.280239,0,Alto
1998156,0.267592,0,Alto
1997875,0.127123,0,Baixo
1997880,0.228006,0,Medio
1998129,0.185573,0,Medio
1997973,0.192417,0,Medio
1997926,0.119224,0,Baixo
1997993,0.115123,0,Baixo
1997970,0.072311,0,Baixo
1997906,0.237447,0,Medio
1997960,0.211138,0,Medio
1997965,0.433621,1,Critico
1998221,0.230706,0,Medio
1997893,0.191972,0,Medio
1998222,0.224063,0,Medio
1998130,0.072571,0,Baixo
1998175,0.021807,0,Baixo
1997835,0.202044,0,Medio
1998181,0.293037,0,Alto
1998306,0.139525,0,Baixo
1998321,0.289501,0,Alto
1998162,0.147139,0,Baixo
1998112,0.195873,0,Medio
1998060,0.119387,0,Baixo
1998059,0.458565,1,Critico
1998186,0.095743,0,Baixo
1997871,0.249965,0,Medio
1998153,0.112386,0,Baixo
1998128,0.241872,0,Medio
1998295,0.173659,0,Medio
1997912,0.286536,0,Alto
1998246,0.089995,0,Baixo
1998149,0.413055,1,Critico
1998091,0.20906,0,Medio
1998142,0.348214,0,Alto
1998090,0.166874,0,Medio
1997644,0.233885,0,Medio
1998010,0.253697,0,Alto
1998337,0.183648,0,Medio
1998330,0.276645,0,Alto
1997848,0.213307,0,Medio
1998266,0.078592,0,Baixo
1998315,0.217126,0,Medio
1998308,0.080679,0,Baixo
1998326,0.212394,0,Medio
1998258,0.254534,0,Alto
1998265,0.123163,0,Baixo
1998127,0.170011,0,Medio
1998191,0.157267,0,Baixo
1998125,0.288376,0,Alto
1998270,0.122681,0,Baixo
1997995,0.303461,0,Alto
1997914,0.327366,0,Alto
1997918,0.154871,0,Baixo
1998223,0.099174,0,Baixo
1998205,0.095765,0,Baixo
1998437,0.194707,0,Medio
1998347,0.347205,0,Alto
1998341,0.188796,0,Medio
1998056,0.131936,0,Baixo
1998368,0.125334,0,Baixo
1998396,0.132094,0,Baixo
1998151,0.112751,0,Baixo
1998229,0.017608,0,Baixo
1998040,0.131769,0,Baixo
1998310,0.403153,1,Critico
1997955,0.092694,0,Baixo
1998225,0.158508,0,Baixo
1998259,0.230672,0,Medio
1998051,0.222366,0,Medio
1998324,0.160734,0,Medio
1998303,0.192413,0,Medio
1998327,0.137395,0,Baixo
1998336,0.173528,0,Medio
1998359,0.21387,0,Medio
1998158,0.093764,0,Baixo
1998207,0.390527,1,Critico
1998237,0.194686,0,Medio
1998395,0.214418,0,Medio
1998394,0.210987,0,Medio
1998366,0.15191,0,Baixo
1998301,0.234773,0,Medio
1998318,0.128258,0,Baixo
1998038,0.182911,0,Medio
1998287,0.29398,0,Alto
1998234,0.162687,0,Medio
1974754,0.162606,0,Medio
1998220,0.030006,0,Baixo
1998254,0.320316,0,Alto
1998424,0.063072,0,Baixo
1997860,0.09954,0,Baixo
1997865,0.272961,0,Alto
1998249,0.087373,0,Baixo
1998356,0.238342,0,Medio
1998388,0.149178,0,Baixo
1998209,0.142032,0,Baixo
1997974,0.332791,0,Alto
1998346,0.212518,0,Medio
1998111,0.230802,0,Medio
1998340,0.104318,0,Baixo
1998213,0.189409,0,Medio
1998429,0.221804,0,Medio
1998534,0.217153,0,Medio
1998260,0.236116,0,Medio
1998296,0.144937,0,Baixo
1998275,0.156862,0,Baixo
1998289,0.196808,0,Medio
1998495,0.409962,1,Critico
1998387,0.072052,0,Baixo
1998305,0.264298,0,Alto
1998004,0.233828,0,Medio
1998491,0.199028,0,Medio
1997950,0.154278,0,Baixo
1998370,0.17936,0,Medio
1997908,0.139852,0,Baixo
1998378,0.161936,0,Medio
1998206,0.089915,0,Baixo
1998261,0.259871,0,Alto
1998164,0.38055,1,Critico
1998464,0.305705,0,Alto
1998468,0.098591,0,Baixo
1998540,0.184627,0,Medio
1998280,0.140816,0,Baixo
1998304,0.275095,0,Alto
1998521,0.160435,0,Baixo
1998445,0.03113,0,Baixo
1998236,0.075807,0,Baixo
1998373,0.1354,0,Baixo
1998192,0.109523,0,Baixo
1998465,0.144278,0,Baixo
1998558,0.158797,0,Baixo
1998377,0.137815,0,Baixo
1998099,0.140829,0,Baixo
1998126,0.111206,0,Baixo
1998198,0.127849,0,Baixo
1998420,0.082339,0,Baixo
1998523,0.161072,0,Medio
1992946,0.276399,0,Alto
1997972,0.116807,0,Baixo
1998476,0.179343,0,Medio
1998484,0.083525,0,Baixo
1998488,0.253148,0,Alto
1998490,0.147986,0,Baixo
1996216,0.14186,0,Baixo
1998436,0.021832,0,Baixo
1998419,0.213611,0,Medio
1998351,0.20678,0,Medio
1998338,0.207207,0,Medio
1998066,0.135177,0,Baixo
1998568,0.456443,1,Critico
1998516,0.156318,0,Baixo
1998463,0.082214,0,Baixo
1998458,0.176491,0,Medio
1998088,0.159095,0,Baixo
1998461,0.251101,0,Medio
1998470,0.166766,0,Medio
1997830,0.131891,0,Baixo
1998152,0.189372,0,Medio
1998581,0.068659,0,Baixo
1998317,0.091526,0,Baixo
1998401,0.132556,0,Baixo
1998473,0.176945,0,Medio
1998103,0.098739,0,Baixo
1998453,0.208786,0,Medio
1997959,0.090269,0,Baixo
1998406,0.041971,0,Baixo
1998294,0.165027,0,Medio
1998433,0.077047,0,Baixo
1998459,0.183815,0,Medio
1998579,0.10481,0,Baixo
1992786,0.081018,0,Baixo
1998567,0.057916,0,Baixo
1998057,0.194072,0,Medio
1998075,0.122664,0,Baixo
1998104,0.088861,0,Baixo
1998506,0.095833,0,Baixo
1998165,0.038937,0,Baixo
1998602,0.082551,0,Baixo
1998598,0.150803,0,Baixo
1998502,0.090125,0,Baixo
1998565,0.15121,0,Baixo
1998389,0.109115,0,Baixo
1998592,0.204598,0,Medio
1998627,0.250903,0,Medio
1998538,0.302762,0,Alto
1998426,0.16798,0,Medio
1998616,0.184425,0,Medio
1998580,0.253608,0,Alto
1998177,0.249358,0,Medio
1998576,0.088353,0,Baixo
1998390,0.205975,0,Medio
1997987,0.072524,0,Baixo
1998542,0.184003,0,Medio
1998537,0.086992,0,Baixo
1998589,0.088513,0,Baixo
1998543,0.158657,0,Baixo
1998363,0.078433,0,Baixo
1998455,0.031577,0,Baixo
1998176,0.220348,0,Medio
1998651,0.104037,0,Baixo
1998252,0.102208,0,Baixo
1998615,0.117291,0,Baixo
1998660,0.125493,0,Baixo
1998145,0.168255,0,Medio
1998219,0.04178,0,Baixo
1998664,0.454137,1,Critico
1998566,0.221631,0,Medio
1998381,0.110643,0,Baixo
1998486,0.154461,0,Baixo
1998245,0.207547,0,Medio
1998643,0.258356,0,Alto
1998586,0.217503,0,Medio
1998624,0.088909,0,Baixo
1998274,0.088511,0,Baixo
1998593,0.12725,0,Baixo
1998619,0.075062,0,Baixo
1998269,0.356732,1,Alto
1998533,0.146388,0,Baixo
1998638,0.16194,0,Medio
1998685,0.318684,0,Alto
1998439,0.303376,0,Alto
1998690,0.162654,0,Medio
1998573,0.437133,1,Critico
1998648,0.03703,0,Baixo
1998454,0.249127,0,Medio
1998646,0.185277,0,Medio
1998193,0.390597,1,Critico
1998649,0.159713,0,Baixo
1998603,0.07786,0,Baixo
1998309,0.07849,0,Baixo
1998380,0.132829,0,Baixo
1998590,0.093088,0,Baixo
1998417,0.183238,0,Medio
1998621,0.294596,0,Alto
1998166,0.240552,0,Medio
1998498,0.072942,0,Baixo
1997923,0.147465,0,Baixo
1998634,0.099699,0,Baixo
1998497,0.020953,0,Baixo
1998358,0.240657,0,Medio
1998072,0.201729,0,Medio
1998163,0.411492,1,Critico
1998682,0.099395,0,Baixo
1998663,0.125565,0,Baixo
1998689,0.077111,0,Baixo
1998719,0.155503,0,Baixo
1998361,0.304817,0,Alto
1998729,0.245669,0,Medio
1998702,0.117129,0,Baixo
1998118,0.21279,0,Medio
1998683,0.032951,0,Baixo
1998700,0.177874,0,Medio
1998642,0.262488,0,Alto
1997975,0.262493,0,Alto
1998311,0.082927,0,Baixo
1998658,0.103388,0,Baixo
1998449,0.328409,0,Alto
1998084,0.203119,0,Medio
1997991,0.144597,0,Baixo
1998554,0.193883,0,Medio
1998365,0.186914,0,Medio
1998697,0.221859,0,Medio
1998684,0.237179,0,Medio
1998070,0.249455,0,Medio
1998504,0.095286,0,Baixo
1998478,0.097659,0,Baixo
1998644,0.38496,1,Critico
1998027,0.250332,0,Medio
1998572,0.099313,0,Baixo
1998786,0.198645,0,Medio
1998746,0.317167,0,Alto
1998631,0.051532,0,Baixo
1998782,0.094429,0,Baixo
1998620,0.186086,0,Medio
1998200,0.187648,0,Medio
1998628,0.415591,1,Critico
1997953,0.296796,0,Alto
1998792,0.083987,0,Baixo
1998776,0.070992,0,Baixo
1998485,0.194133,0,Medio
1998722,0.03721,0,Baixo
1997852,0.175449,0,Medio
1998763,0.118902,0,Baixo
1998798,0.131618,0,Baixo
1997949,0.122003,0,Baixo
1998519,0.118654,0,Baixo
1998423,0.213513,0,Medio
1998727,0.065476,0,Baixo
1998743,0.01933,0,Baixo
1998100,0.251644,0,Medio
1998740,0.301467,0,Alto
1997831,0.147474,0,Baixo
1998587,0.188319,0,Medio
1998825,0.105663,0,Baixo
1998107,0.081172,0,Baixo
1998703,0.173325,0,Medio
1998854,0.275309,0,Alto
1998777,0.213263,0,Medio
1998253,0.093992,0,Baixo
1998641,0.190225,0,Medio
1998750,0.104336,0,Baixo
1998674,0.409123,1,Critico
1998800,0.122688,0,Baixo
1998093,0.054937,0,Baixo
1998796,0.106649,0,Baixo
1998789,0.111332,0,Baixo
1998475,0.101155,0,Baixo
1998865,0.133939,0,Baixo
1998756,0.056175,0,Baixo
1998849,0.103736,0,Baixo
1998842,0.235153,0,Medio
1998564,0.112063,0,Baixo
1998852,0.295636,0,Alto
1997840,0.299795,0,Alto
1998813,0.125414,0,Baixo
1998050,0.11981,0,Baixo
1998855,0.158819,0,Baixo
1998653,0.247367,0,Medio
1998655,0.119846,0,Baixo
1998859,0.343453,0,Alto
1998745,0.390546,1,Critico
1998288,0.104545,0,Baixo
1998873,0.052851,0,Baixo
1998474,0.222543,0,Medio
1998738,0.130052,0,Baixo
1998766,0.199274,0,Medio
1998559,0.36236,1,Critico
1998058,0.176454,0,Medio
1998876,0.058739,0,Baixo
1998613,0.2517,0,Medio
1998671,0.225054,0,Medio
1998834,0.184598,0,Medio
1998839,0.241897,0,Medio
1998879,0.162839,0,Medio
1998890,0.470467,1,Critico
1998885,0.318195,0,Alto
1998805,0.317715,0,Alto
1998906,0.207742,0,Medio
1998894,0.131769,0,Baixo
1998846,0.098958,0,Baixo
1998343,0.156018,0,Baixo
1998715,0.237931,0,Medio
1998875,0.148514,0,Baixo
1998811,0.179061,0,Medio
1998904,0.200481,0,Medio
1998933,0.036878,0,Baixo
1998808,0.094859,0,Baixo
1998936,0.100652,0,Baixo
1998121,0.129136,0,Baixo
1993437,0.118241,0,Baixo
1998910,0.121675,0,Baixo
1998451,0.119093,0,Baixo
1998758,0.201502,0,Medio
1998884,0.209898,0,Medio
1998979,0.27116,0,Alto
1998781,0.350043,0,Alto
1998893,0.156044,0,Baixo
1998955,0.192366,0,Medio
1998921,0.110982,0,Baixo
1998927,0.085884,0,Baixo
1998956,0.089577,0,Baixo
1998932,0.170731,0,Medio
1998935,0.151186,0,Baixo
1998920,0.155347,0,Baixo
1998964,0.077645,0,Baixo
1998958,0.115256,0,Baixo
1998023,0.451799,1,Critico
1998959,0.123594,0,Baixo
1998872,0.339464,0,Alto
1998835,0.297294,0,Alto
1998981,0.123593,0,Baixo
1998199,0.170014,0,Medio
1998968,0.40229,1,Critico
1998965,0.270065,0,Alto
1997895,0.294543,0,Alto
1977158,0.125514,0,Baixo
1998997,0.150849,0,Baixo
1998494,0.149093,0,Baixo
1998908,0.268888,0,Alto
1998101,0.113907,0,Baixo
1998724,0.289769,0,Alto
1998973,0.146628,0,Baixo
1999014,0.110508,0,Baixo
1998982,0.314586,0,Alto
1999027,0.058213,0,Baixo
1998868,0.159952,0,Baixo
1998332,0.30431,0,Alto
1998962,0.118096,0,Baixo
1998898,0.292175,0,Alto
1998924,0.178302,0,Medio
1999044,0.396488,1,Critico
1998874,0.149282,0,Baixo
1998278,0.353394,1,Alto
1999000,0.40186,1,Critico
1999046,0.099842,0,Baixo
1999042,0.270675,0,Alto
1999066,0.153111,0,Baixo
1999054,0.294693,0,Alto
1998951,0.147098,0,Baixo
1999049,0.115946,0,Baixo
1999058,0.181774,0,Medio
1998025,0.225088,0,Medio
1999029,0.362533,1,Critico
1998599,0.235615,0,Medio
1999031,0.342829,0,Alto
1998993,0.265287,0,Alto
1994939,0.384435,1,Critico
1999084,0.293784,0,Alto
1999065,0.157145,0,Baixo
1999003,0.071845,0,Baixo
1999063,0.180448,0,Medio
1999079,0.207015,0,Medio
1998882,0.219744,0,Medio
1999030,0.163404,0,Medio
1998784,0.203664,0,Medio
1999096,0.210986,0,Medio
1998751,0.047724,0,Baixo
1998339,0.296083,0,Alto
1999091,0.106629,0,Baixo
1999080,0.489087,1,Critico
1999005,0.164108,0,Medio
1998771,0.269152,0,Alto
1999071,0.131177,0,Baixo
1999106,0.154853,0,Baixo
1998089,0.20577,0,Medio
1998397,0.064394,0,Baixo
1999078,0.286357,0,Alto
1999134,0.290463,0,Alto
1999089,0.117925,0,Baixo
1999114,0.176019,0,Medio
1999112,0.102811,0,Baixo
1998858,0.212618,0,Medio
1998116,0.38425,1,Critico
1999107,0.015083,0,Baixo
1999136,0.149524,0,Baixo
1999095,0.172441,0,Medio
1999133,0.087544,0,Baixo
1998529,0.112572,0,Baixo
1999158,0.295683,0,Alto
1999143,0.12283,0,Baixo
1997282,0.122782,0,Baixo
1998639,0.239025,0,Medio
1999138,0.165048,0,Medio
1999153,0.24316,0,Medio
1998948,0.088876,0,Baixo
1999166,0.334801,0,Alto
1999180,0.102898,0,Baixo
1999137,0.345427,0,Alto
1970281,0.055227,0,Baixo
1999144,0.069812,0,Baixo
1999156,0.425485,1,Critico
1999162,0.093331,0,Baixo
1998980,0.085953,0,Baixo
1999185,0.275282,0,Alto
1998334,0.237504,0,Medio
1992812,0.112806,0,Baixo
1999169,0.057439,0,Baixo
1999165,0.106546,0,Baixo
1998698,0.20195,0,Medio
1999172,0.028254,0,Baixo
1999086,0.420168,1,Critico
1999183,0.136124,0,Baixo
1998561,0.322073,0,Alto
1998578,0.131088,0,Baixo
1998990,0.270451,0,Alto
1999173,0.069779,0,Baixo
1999103,0.25915,0,Alto
1998941,0.100584,0,Baixo
1998974,0.077712,0,Baixo
1999141,0.061206,0,Baixo
1918927,0.270615,0,Alto
1995845,0.168192,0,Medio
1998178,0.369146,1,Critico
1999213,0.113711,0,Baixo
1996215,0.235377,0,Medio
1999192,0.046147,0,Baixo
1999202,0.091984,0,Baixo
1999215,0.162136,0,Medio
1997964,0.038817,0,Baixo
1999210,0.222387,0,Medio
1999226,0.218128,0,Medio
1998954,0.365059,1,Critico
1999241,0.096643,0,Baixo
1999196,0.249286,0,Medio
1998335,0.265224,0,Alto
1999033,0.289216,0,Alto
1999004,0.255077,0,Alto
1999187,0.137781,0,Baixo
1999239,0.390456,1,Critico
1999238,0.084635,0,Baixo
1999237,0.173805,0,Medio
1999198,0.024384,0,Baixo
1941205,0.172576,0,Medio
1998773,0.170974,0,Medio
1999253,0.243284,0,Medio
1973861,0.309811,0,Alto
1999175,0.200474,0,Medio
1999235,0.199721,0,Medio
1999119,0.126272,0,Baixo
1999276,0.31316,0,Alto
1999233,0.059795,0,Baixo
1978548,0.028457,0,Baixo
1999195,0.356892,1,Alto
1999053,0.172966,0,Medio
1998150,0.434769,1,Critico
1999272,0.219768,0,Medio
1999256,0.063196,0,Baixo
1999278,0.089365,0,Baixo
1999264,0.344977,0,Alto
1999284,0.246805,0,Medio
1999222,0.182296,0,Medio
1999291,0.02857,0,Baixo
1999039,0.387379,1,Critico
1994806,0.107498,0,Baixo
1999290,0.315619,0,Alto
1999309,0.214282,0,Medio
1999302,0.156364,0,Baixo
1998597,0.187815,0,Medio
1999301,0.170409,0,Medio
1976785,0.255869,0,Alto
1999319,0.09588,0,Baixo
1999088,0.092826,0,Baixo
1998182,0.314871,0,Alto
1994075,0.476988,1,Critico
1999324,0.159263,0,Baixo
1998717,0.2195,0,Medio
1990285,0.329108,0,Alto
1998938,0.118283,0,Baixo
1999348,0.117947,0,Baixo
1998720,0.273305,0,Alto
1999351,0.362353,1,Critico
1999333,0.18458,0,Medio
1999094,0.043303,0,Baixo
1999340,0.339876,0,Alto
1999363,0.113846,0,Baixo
1998992,0.073405,0,Baixo
1999352,0.263181,0,Alto
1999350,0.195329,0,Medio
1999368,0.250882,0,Medio
1999321,0.142805,0,Baixo
1999011,0.160734,0,Medio
1999328,0.238551,0,Medio
1999036,0.090062,0,Baixo
1999369,0.159537,0,Baixo
1981739,0.244372,0,Medio
1999268,0.448526,1,Critico
1999371,0.12785,0,Baixo
1997368,0.186967,0,Medio
1997676,0.074246,0,Baixo
1994909,0.244573,0,Medio
1999380,0.202002,0,Medio
1999386,0.057248,0,Baixo
1999312,0.378169,1,Critico
1999411,0.065499,0,Baixo
1998812,0.145484,0,Baixo
1999408,0.290487,0,Alto
1993601,0.055823,0,Baixo
1999420,0.063048,0,Baixo
1999394,0.082669,0,Baixo
1999404,0.114534,0,Baixo
1980320,0.127276,0,Baixo
1999375,0.138585,0,Baixo
1999378,0.155031,0,Baixo
1999285,0.185888,0,Medio
1999327,0.191981,0,Medio
1999376,0.229815,0,Medio
1999432,0.197984,0,Medio
1999431,0.085935,0,Baixo
1999424,0.173099,0,Medio
1999438,0.204047,0,Medio
1999262,0.392259,1,Critico
1999442,0.074302,0,Baixo
1982506,0.257629,0,Alto
1999443,0.321522,0,Alto
1998883,0.042265,0,Baixo
1999425,0.31061,0,Alto
1999332,0.076362,0,Baixo
1999457,0.137908,0,Baixo
1999452,0.049268,0,Baixo
1998975,0.290272,0,Alto
1999446,0.063427,0,Baixo
1999430,0.107828,0,Baixo
1999451,0.2105,0,Medio
1999398,0.289216,0,Alto
1996805,0.062732,0,Baixo
1999201,0.167594,0,Medio
1999366,0.079023,0,Baixo
1999466,0.194139,0,Medio
1999454,0.240907,0,Medio
1999472,0.203182,0,Medio
1999469,0.217744,0,Medio
1998462,0.24307,0,Medio
1999145,0.258071,0,Alto
1996069,0.109101,0,Baixo
1999471,0.221324,0,Medio
1999468,0.230713,0,Medio
1999435,0.091831,0,Baixo
1999498,0.039744,0,Baixo
1999450,0.205008,0,Medio
1972692,0.168719,0,Medio
1999392,0.217482,0,Medio
1999497,0.041238,0,Baixo
1984943,0.205138,0,Medio
1999379,0.079987,0,Baixo
1999475,0.120136,0,Baixo
1999504,0.300217,0,Alto
1999525,0.331751,0,Alto
1999529,0.148678,0,Baixo
1999523,0.070496,0,Baixo
1999538,0.165104,0,Medio
1999537,0.112547,0,Baixo
1999521,0.111471,0,Baixo
1973257,0.156498,0,Baixo
1998466,0.100923,0,Baixo
1999547,0.04348,0,Baixo
1967888,0.307582,0,Alto
1999552,0.144845,0,Baixo
1999546,0.167603,0,Medio
1997523,0.219699,0,Medio
1999072,0.286406,0,Alto
1998905,0.188012,0,Medio
1999519,0.141076,0,Baixo
1999557,0.137103,0,Baixo
1996480,0.296559,0,Alto
1998187,0.255871,0,Alto
1999534,0.064452,0,Baixo
1997031,0.067984,0,Baixo
1999563,0.03393,0,Baixo
1997223,0.169355,0,Medio
1999566,0.094102,0,Baixo
1998907,0.187331,0,Medio
1996680,0.241496,0,Medio
1999362,0.193433,0,Medio
1999573,0.058507,0,Baixo
1964366,0.292006,0,Alto
1999409,0.179328,0,Medio
1999564,0.04563,0,Baixo
1999583,0.168246,0,Medio
1999593,0.045527,0,Baixo
1999599,0.190534,0,Medio
1999588,0.173917,0,Medio
1999604,0.248885,0,Medio
1990941,0.15873,0,Baixo
1999611,0.179205,0,Medio
1251702,0.25106,0,Medio
1999609,0.250798,0,Medio
1999610,0.268546,0,Alto
1996880,0.16174,0,Medio
1999612,0.262291,0,Alto
1975208,0.16224,0,Medio
1999603,0.228573,0,Medio
1968957,0.426054,1,Critico
1999473,0.235072,0,Medio
1999601,0.039813,0,Baixo
1999606,0.269577,0,Alto
1999500,0.09988,0,Baixo
1999638,0.330094,0,Alto
1997308,0.092151,0,Baixo
1981518,0.232942,0,Medio
1999629,0.233805,0,Medio
1999613,0.164517,0,Medio
1999649,0.157383,0,Baixo
1999022,0.204248,0,Medio
1999646,0.143572,0,Baixo
1999632,0.195761,0,Medio
1998972,0.084784,0,Baixo
1999656,0.099503,0,Baixo
1992709,0.110775,0,Baixo
844676,0.249371,0,Medio
1999151,0.112075,0,Baixo
1999633,0.116051,0,Baixo
1999664,0.158795,0,Baixo
1992684,0.086052,0,Baixo
1999666,0.214436,0,Medio
1993656,0.173421,0,Medio
1999670,0.169761,0,Medio
1999663,0.054267,0,Baixo
1999600,0.037466,0,Baixo
1999674,0.14206,0,Baixo
1995604,0.144944,0,Baixo
567082,0.332234,0,Alto
1999681,0.270706,0,Alto
1999687,0.221099,0,Medio
1999676,0.151172,0,Baixo
1999704,0.171472,0,Medio
1999667,0.095173,0,Baixo
1997513,0.234487,0,Medio
1999712,0.230271,0,Medio
1999706,0.173374,0,Medio
1960658,0.223986,0,Medio
1999298,0.233926,0,Medio
1985954,0.377109,1,Critico
1999289,0.259197,0,Alto
1984054,0.205421,0,Medio
1999718,0.054457,0,Baixo
1999727,0.163268,0,Medio
1999723,0.317916,0,Alto
1999728,0.129982,0,Baixo
1995183,0.12627,0,Baixo
1944949,0.209557,0,Medio
1994906,0.055907,0,Baixo
1999427,0.088158,0,Baixo
1999732,0.14424,0,Baixo
1999735,0.182705,0,Medio
1999729,0.159385,0,Baixo
1999556,0.225456,0,Medio
1996438,0.033859,0,Baixo
1998362,0.244961,0,Medio
1996611,0.250198,0,Medio
1999722,0.158972,0,Baixo
1985454,0.416839,1,Critico
1999744,0.152433,0,Baixo
1990275,0.430451,1,Critico
1999764,0.34353,0,Alto
1999769,0.161878,0,Medio
1999784,0.288033,0,Alto
1999786,0.090046,0,Baixo
1999793,0.102922,0,Baixo
1999789,0.181606,0,Medio
1999223,0.179787,0,Medio
1999802,0.360336,1,Critico
1999739,0.305162,0,Alto
1999589,0.116473,0,Baixo
1994987,0.224952,0,Medio
1999806,0.208985,0,Medio
1966064,0.137357,0,Baixo
1299329,0.074387,0,Baixo
1999814,0.207416,0,Medio
1999833,0.337704,0,Alto
1901007,0.094596,0,Baixo
1999829,0.360119,1,Critico
1999832,0.224046,0,Medio
1999730,0.059477,0,Baixo
1999846,0.201324,0,Medio
1994311,0.357839,1,Critico
1999831,0.380235,1,Critico
1999851,0.075646,0,Baixo
1999852,0.137985,0,Baixo
1997753,0.079457,0,Baixo
1997219,0.26207,0,Alto
1999858,0.094083,0,Baixo
1999840,0.197903,0,Medio
1997742,0.221615,0,Medio
1963619,0.057881,0,Baixo
1999850,0.081599,0,Baixo
1995555,0.17086,0,Medio
1999855,0.155746,0,Baixo
1921158,0.076307,0,Baixo
1995796,0.083914,0,Baixo
1999867,0.311061,0,Alto
1999871,0.278275,0,Alto
1992567,0.045753,0,Baixo
1999865,0.052193,0,Baixo
1999668,0.118759,0,Baixo
1999824,0.16944,0,Medio
1999880,0.22689,0,Medio
1999883,0.128594,0,Baixo
1999847,0.125094,0,Baixo
1999890,0.134529,0,Baixo
1999893,0.097462,0,Baixo
1999885,0.189941,0,Medio
1999870,0.340451,0,Alto
1999881,0.076843,0,Baixo
1999872,0.271522,0,Alto
1999869,0.101399,0,Baixo
1973851,0.224233,0,Medio
1133705,0.345862,0,Alto
1999899,0.084987,0,Baixo
1999124,0.132864,0,Baixo
1989542,0.116017,0,Baixo
1995608,0.072347,0,Baixo
1999914,0.176944,0,Medio
1970721,0.11003,0,Baixo
1997504,0.14326,0,Baixo
1984188,0.12052,0,Baixo
1999932,0.081671,0,Baixo
1999931,0.210903,0,Medio
1984111,0.092729,0,Baixo
1999954,0.233121,0,Medio
1997632,0.071277,0,Baixo
1730692,0.185799,0,Medio
1999959,0.140497,0,Baixo
1999962,0.323553,0,Alto
1995369,0.237365,0,Medio
1998007,0.258859,0,Alto
1998431,0.400597,1,Critico
1999957,0.138089,0,Baixo
1997589,0.322961,0,Alto
1998350,0.040822,0,Baixo
1999969,0.108154,0,Baixo
1999973,0.192982,0,Medio
1999985,0.278303,0,Alto
1999631,0.067591,0,Baixo
1992201,0.088889,0,Baixo
1999989,0.334921,0,Alto
1993915,0.186633,0,Medio
1999994,0.154046,0,Baixo
1997738,0.203936,0,Medio
1999997,0.029167,0,Baixo
1998583,0.327232,0,Alto
2000010,0.121597,0,Baixo
1864748,0.170922,0,Medio
2000016,0.369437,1,Critico
1997029,0.146231,0,Baixo
2000032,0.123583,0,Baixo
2000035,0.25619,0,Alto
2000041,0.108495,0,Baixo
1997602,0.209756,0,Medio
2000047,0.099431,0,Baixo
2000040,0.339453,0,Alto
1991173,0.341393,0,Alto
2000058,0.111494,0,Baixo
1998989,0.383426,1,Critico
1995795,0.055864,0,Baixo
1947237,0.153542,0,Baixo
2000075,0.138075,0,Baixo
2000078,0.12632,0,Baixo
1999267,0.578738,1,Critico
1933091,0.166442,0,Medio
1996871,0.105984,0,Baixo
2000086,0.166144,0,Medio
2000085,0.374265,1,Critico
2000090,0.509264,1,Critico
1998914,0.134572,0,Baixo
2000061,0.085958,0,Baixo
2000093,0.140338,0,Baixo
1963794,0.102157,0,Baixo
2000096,0.359098,1,Critico
2000017,0.093546,0,Baixo
2000052,0.159692,0,Baixo
2000095,0.202309,0,Medio
2000108,0.073889,0,Baixo
2000118,0.294981,0,Alto
2000121,0.083805,0,Baixo
2000125,0.21086,0,Medio
1999304,0.117515,0,Baixo
2000123,0.090424,0,Baixo
2000050,0.17838,0,Medio
1998922,0.178263,0,Medio
2000112,0.616895,1,Critico
2000138,0.172008,0,Medio
2000134,0.315767,0,Alto
2000044,0.140985,0,Baixo
1994795,0.127577,0,Baixo
2000155,0.332375,0,Alto
2000147,0.103594,0,Baixo
2000158,0.056359,0,Baixo
1994013,0.113429,0,Baixo
2000145,0.240481,0,Medio
1997021,0.225912,0,Medio
1987459,0.135382,0,Baixo
1999996,0.132056,0,Baixo
1999791,0.184256,0,Medio
2000171,0.065021,0,Baixo
2000179,0.168931,0,Medio
2000169,0.119026,0,Baixo
1997833,0.15614,0,Baixo
1997925,0.579723,1,Critico
2000185,0.125881,0,Baixo
1998047,0.174315,0,Medio
2000063,0.145149,0,Baixo
1995958,0.099021,0,Baixo
1997796,0.355453,1,Alto
1975057,0.32888,0,Alto
2000092,0.279623,0,Alto
2000224,0.530164,1,Critico
1991706,0.247924,0,Medio
2000210,0.074933,0,Baixo
1998748,0.248835,0,Medio
2000231,0.324577,0,Alto
2000232,0.104889,0,Baixo
2000220,0.37257,1,Critico
1999211,0.131209,0,Baixo
2000234,0.132909,0,Baixo
1998828,0.105728,0,Baixo
2000241,0.016632,0,Baixo
2000195,0.079766,0,Baixo
2000242,0.070729,0,Baixo
1624573,0.190673,0,Medio
2000023,0.224893,0,Medio
2000239,0.297932,0,Alto
2000244,0.206426,0,Medio
1999908,0.293272,0,Alto
1997254,0.173642,0,Medio
2000256,0.08513,0,Baixo
2000262,0.145627,0,Baixo
2000277,0.218971,0,Medio
1999910,0.149385,0,Baixo
2000184,0.203554,0,Medio
2000260,0.108444,0,Baixo
2000276,0.273001,0,Alto
1998984,0.286858,0,Alto
2000284,0.096876,0,Baixo
2000046,0.198713,0,Medio
2000289,0.191996,0,Medio
1999715,0.19258,0,Medio
2000290,0.083985,0,Baixo
1981882,0.278319,0,Alto
1972255,0.163974,0,Medio
2000302,0.327891,0,Alto
1990695,0.128619,0,Baixo
2000048,0.1032,0,Baixo
2000326,0.32209,0,Alto
2000067,0.214147,0,Medio
1997844,0.172316,0,Medio
2000305,0.178948,0,Medio
1997580,0.265567,0,Alto
2000343,0.319122,0,Alto
2000153,0.279697,0,Alto
2000356,0.454103,1,Critico
1948058,0.328077,0,Alto
2000349,0.067781,0,Baixo
2000352,0.017997,0,Baixo
2000359,0.074952,0,Baixo
1994566,0.148467,0,Baixo
2000355,0.268724,0,Alto
2000376,0.2851,0,Alto
1998550,0.203712,0,Medio
2000391,0.158299,0,Baixo
2000384,0.150118,0,Baixo
1997497,0.145452,0,Baixo
1948328,0.131982,0,Baixo
1990059,0.311109,0,Alto
2000409,0.296528,0,Alto
2000408,0.102481,0,Baixo
2000405,0.027197,0,Baixo
2000413,0.150881,0,Baixo
2000412,0.266403,0,Alto
2000364,0.194315,0,Medio
2000416,0.068974,0,Baixo
2000430,0.151755,0,Baixo
2000415,0.419441,1,Critico
2000424,0.18985,0,Medio
2000465,0.217337,0,Medio
1996463,0.198662,0,Medio
1998325,0.212486,0,Medio
2000486,0.104643,0,Baixo
1997807,0.198585,0,Medio
1986444,0.305093,0,Alto
2000272,0.087006,0,Baixo
2000458,0.080715,0,Baixo
2000495,0.206459,0,Medio
2000481,0.093325,0,Baixo
2000498,0.284072,0,Alto
1999835,0.112229,0,Baixo
1669573,0.250946,0,Medio
1993718,0.154529,0,Baixo
2000511,0.109325,0,Baixo
1997654,0.092673,0,Baixo
2000523,0.211028,0,Medio
1993328,0.127994,0,Baixo
1992186,0.1387,0,Baixo
2000530,0.237093,0,Medio
2000515,0.241234,0,Medio
2000518,0.063323,0,Baixo
2000538,0.220458,0,Medio
1999075,0.377662,1,Critico
2000542,0.185026,0,Medio
1997803,0.145276,0,Baixo
1999113,0.268826,0,Alto
1998741,0.19305,0,Medio
1995077,0.107752,0,Baixo
1998120,0.198851,0,Medio
2000454,0.307793,0,Alto
2000468,0.063507,0,Baixo
2000560,0.050424,0,Baixo
2000555,0.223973,0,Medio
1991749,0.088603,0,Baixo
1997787,0.255753,0,Alto
1994530,0.182344,0,Medio
2000557,0.186602,0,Medio
2000564,0.245358,0,Medio
1996420,0.082907,0,Baixo
1997361,0.131824,0,Baixo
1994283,0.215064,0,Medio
2000570,0.391662,1,Critico
1999747,0.178896,0,Medio
1998272,0.127553,0,Baixo
1999317,0.205279,0,Medio
1998196,0.213114,0,Medio
2000583,0.221269,0,Medio
2000582,0.121894,0,Baixo
2000591,0.156309,0,Baixo
1996813,0.112058,0,Baixo
1998928,0.350518,0,Alto
1950732,0.231054,0,Medio
1999448,0.100022,0,Baixo
1999826,0.097929,0,Baixo
2000532,0.119362,0,Baixo
2000604,0.166539,0,Medio
2000473,0.044033,0,Baixo
1997850,0.226644,0,Medio
2000301,0.106245,0,Baixo
2000201,0.117951,0,Baixo
2000597,0.156957,0,Baixo
1368989,0.152089,0,Baixo
2000627,0.479276,1,Critico
1995663,0.384691,1,Critico
1997466,0.249553,0,Medio
1998428,0.084889,0,Baixo
2000625,0.147315,0,Baixo
1993193,0.161829,0,Medio
1991013,0.101933,0,Baixo
2000586,0.071763,0,Baixo
2000573,0.115228,0,Baixo
685661,0.267523,0,Alto
2000644,0.073875,0,Baixo
2000631,0.152612,0,Baixo
2000645,0.176139,0,Medio
1999269,0.224061,0,Medio
1999111,0.098085,0,Baixo
2000649,0.261208,0,Alto
2000648,0.168348,0,Medio
2000652,0.229868,0,Medio
1999709,0.158319,0,Baixo
2000657,0.26941,0,Alto
2000655,0.089292,0,Baixo
1998657,0.247296,0,Medio
1973104,0.448693,1,Critico
2000665,0.118967,0,Baixo
2000666,0.363855,1,Critico
2000662,0.312833,0,Alto
2000682,0.114203,0,Baixo
1999514,0.331636,0,Alto
1999619,0.248624,0,Medio
1988086,0.129523,0,Baixo
2000212,0.114708,0,Baixo
2000680,0.18672,0,Medio
1985929,0.087403,0,Baixo
2000673,0.116121,0,Baixo
2000683,0.111573,0,Baixo
1984922,0.058669,0,Baixo
2000703,0.076517,0,Baixo
1998247,0.244726,0,Medio
1977157,0.203271,0,Medio
1995319,0.058144,0,Baixo
2000716,0.210491,0,Medio
2000723,0.083258,0,Baixo
1993538,0.264778,0,Alto
2000719,0.241404,0,Medio
2000727,0.21082,0,Medio
2000740,0.070551,0,Baixo
2000730,0.059241,0,Baixo
2000729,0.174171,0,Medio
2000746,0.207653,0,Medio
2000752,0.30107,0,Alto
1997477,0.212984,0,Medio
2000038,0.193176,0,Medio
2000763,0.092622,0,Baixo
2000757,0.174649,0,Medio
2000749,0.362234,1,Critico
1999372,0.353899,1,Alto
2000769,0.084046,0,Baixo
2000777,0.223345,0,Medio
2000775,0.067119,0,Baixo
2000774,0.376285,1,Critico
1999785,0.116881,0,Baixo
2000744,0.17084,0,Medio
2000782,0.218272,0,Medio
2000767,0.073375,0,Baixo
1998399,0.20322,0,Medio
2000788,0.080613,0,Baixo
1986975,0.513824,1,Critico
2000791,0.227786,0,Medio
2000779,0.160161,0,Baixo
2000006,0.269672,0,Alto
1986296,0.072201,0,Baixo
1998319,0.079843,0,Baixo
1998963,0.158629,0,Baixo
1996577,0.092513,0,Baixo
1999057,0.121611,0,Baixo
1997944,0.449964,1,Critico
1998286,0.234885,0,Medio
1990388,0.194542,0,Medio
1998511,0.346036,0,Alto
2000797,0.158548,0,Baixo
2000814,0.162185,0,Medio
1999099,0.045074,0,Baixo
1999696,0.236604,0,Medio
1984732,0.17907,0,Medio
2000792,0.155281,0,Baixo
1999117,0.045536,0,Baixo
2000838,0.228345,0,Medio
2000798,0.046216,0,Baixo
2000844,0.077039,0,Baixo
2000822,0.318904,0,Alto
2000864,0.125837,0,Baixo
2000828,0.097022,0,Baixo
2000853,0.139289,0,Baixo
1999055,0.255796,0,Alto
684696,0.208381,0,Medio
2000079,0.15699,0,Baixo
2000867,0.119593,0,Baixo
1993200,0.210054,0,Medio
2000872,0.247437,0,Medio
2000884,0.127052,0,Baixo
2000891,0.094604,0,Baixo
1997199,0.06255,0,Baixo
1992914,0.100272,0,Baixo
2000866,0.271586,0,Alto
2000901,0.169908,0,Medio
1998071,0.240183,0,Medio
1982167,0.134122,0,Baixo
2000839,0.300717,0,Alto
2000869,0.218212,0,Medio
2000856,0.061684,0,Baixo
2000908,0.16278,0,Medio
1989570,0.035987,0,Baixo
2000921,0.117727,0,Baixo
1970161,0.100986,0,Baixo
2000936,0.470622,1,Critico
2000932,0.288596,0,Alto
2000939,0.108299,0,Baixo
1990031,0.277471,0,Alto
2000938,0.069774,0,Baixo
1999953,0.19075,0,Medio
1981196,0.282989,0,Alto
1999194,0.332425,0,Alto
1999121,0.177724,0,Medio
2000948,0.363509,1,Critico
2000922,0.085821,0,Baixo
2000975,0.12443,0,Baixo
2000946,0.271564,0,Alto
2000986,0.238872,0,Medio
1991645,0.228405,0,Medio
1999795,0.099327,0,Baixo
2000987,0.163835,0,Medio
2000977,0.187211,0,Medio
2000988,0.011646,0,Baixo
1998393,0.020683,0,Baixo
1991737,0.136829,0,Baixo
2000958,0.277763,0,Alto
1999323,0.31236,0,Alto
2000992,0.587359,1,Critico
2000973,0.133727,0,Baixo
1990263,0.099692,0,Baixo
2001013,0.102802,0,Baixo
1962466,0.327366,0,Alto
1999627,0.243248,0,Medio
1997709,0.259357,0,Alto
1996972,0.232794,0,Medio
1992365,0.404436,1,Critico
2001020,0.192987,0,Medio
2000311,0.12727,0,Baixo
1997779,0.214415,0,Medio
2000263,0.265076,0,Alto
1999385,0.179084,0,Medio
1998978,0.424955,1,Critico
1995540,0.29164,0,Alto
1994907,0.14815,0,Baixo
1997727,0.10485,0,Baixo
2001017,0.169545,0,Medio
1997734,0.14352,0,Baixo
1999467,0.285545,0,Alto
1999841,0.067847,0,Baixo
1997938,0.337233,0,Alto
1998536,0.092542,0,Baixo
1998421,0.068456,0,Baixo
1997714,0.16429,0,Medio
1976438,0.154279,0,Baixo
1997189,0.051846,0,Baixo
1999160,0.535255,1,Critico
2000327,0.161565,0,Medio
1999002,0.306712,0,Alto
1999719,0.196877,0,Medio
1998033,0.202111,0,Medio
1999580,0.109838,0,Baixo
2000997,0.101033,0,Baixo
1980712,0.081469,0,Baixo
1997537,0.121195,0,Baixo
1863673,0.48853,1,Critico
1996579,0.311303,0,Alto
1998942,0.332852,0,Alto
1979884,0.236577,0,Medio
1995889,0.211212,0,Medio
2000768,0.264063,0,Alto
1999854,0.585397,1,Critico
1999266,0.086653,0,Baixo
1995567,0.113879,0,Baixo
1995476,0.417902,1,Critico
2001031,0.09533,0,Baixo
2001030,0.073679,0,Baixo
2001024,0.144728,0,Baixo
2001033,0.08585,0,Baixo
2001005,0.161741,0,Medio
2001034,0.181907,0,Medio
2001044,0.347373,0,Alto
1999093,0.296857,0,Alto
1999308,0.156232,0,Baixo
1948374,0.249479,0,Medio
1997133,0.096264,0,Baixo
1979157,0.136892,0,Baixo
2001048,0.174219,0,Medio
1977555,0.062492,0,Baixo
1998374,0.229502,0,Medio
2001025,0.101048,0,Baixo
1914070,0.3023,0,Alto
1982040,0.169041,0,Medio
2001066,0.101101,0,Baixo
2001055,0.181927,0,Medio
2001068,0.081808,0,Baixo
2001062,0.378841,1,Critico
2000773,0.136473,0,Baixo
2001037,0.176387,0,Medio
2001067,0.134273,0,Baixo
2001060,0.105457,0,Baixo
1991048,0.360317,1,Critico
2000720,0.132174,0,Baixo
2001046,0.146585,0,Baixo
1669041,0.397119,1,Critico
1997556,0.081584,0,Baixo
2001089,0.072401,0,Baixo
2001086,0.076047,0,Baixo
2000334,0.211555,0,Medio
2001079,0.052584,0,Baixo
1992068,0.161309,0,Medio
1993275,0.06994,0,Baixo
2001101,0.288132,0,Alto
1993436,0.204048,0,Medio
2001106,0.177715,0,Medio
2001107,0.197224,0,Medio
2001102,0.078071,0,Baixo
1998687,0.246453,0,Medio
1999682,0.210098,0,Medio
1967261,0.465588,1,Critico
1975390,0.091112,0,Baixo
1998238,0.151605,0,Baixo
1999365,0.093514,0,Baixo
1999190,0.37783,1,Critico
1998731,0.162084,0,Medio
1996288,0.159469,0,Baixo
1997319,0.195675,0,Medio
1995490,0.271623,0,Alto
1999445,0.237919,0,Medio
1998146,0.409923,1,Critico
2001126,0.284428,0,Alto
1999344,0.442432,1,Critico
1997855,0.198242,0,Medio
1998512,0.418307,1,Critico
1996758,0.115562,0,Baixo
1998141,0.1354,0,Baixo
1997864,0.16204,0,Medio
2000803,0.154004,0,Baixo
1992783,0.155246,0,Baixo
2001057,0.077683,0,Baixo
1997941,0.242368,0,Medio
1995980,0.156062,0,Baixo
2001136,0.231686,0,Medio
2001123,0.152248,0,Baixo
2001140,0.164732,0,Medio
1999306,0.141442,0,Baixo
1683978,0.038183,0,Baixo
2001073,0.111835,0,Baixo
2001146,0.068327,0,Baixo
2000446,0.228132,0,Medio
1942924,0.053079,0,Baixo
2000423,0.167724,0,Medio
2001161,0.075155,0,Baixo
2001026,0.201246,0,Medio
2001157,0.266753,0,Alto
2001121,0.204333,0,Medio
1992771,0.201557,0,Medio
1998251,0.195641,0,Medio
1998215,0.242321,0,Medio
2001183,0.305927,0,Alto
1998513,0.109135,0,Baixo
2000816,0.196021,0,Medio
2001185,0.101168,0,Baixo
2000963,0.216528,0,Medio
2001197,0.28067,0,Alto
2001186,0.371541,1,Critico
1987200,0.393955,1,Critico
2001129,0.407846,1,Critico
1997239,0.141732,0,Baixo
2001193,0.197783,0,Medio
2000150,0.433564,1,Critico
1997415,0.259546,0,Alto
2001214,0.262415,0,Alto
2001149,0.317024,0,Alto
2001222,0.19723,0,Medio
1994862,0.284245,0,Alto
1990987,0.082016,0,Baixo
2001177,0.141444,0,Baixo
1994255,0.141289,0,Baixo
1993778,0.131857,0,Baixo
1999963,0.098934,0,Baixo
1994943,0.07692,0,Baixo
1997669,0.364411,1,Critico
1998787,0.274297,0,Alto
2001105,0.104278,0,Baixo
1997773,0.178128,0,Medio
1997684,0.145777,0,Baixo
1973875,0.296402,0,Alto
2000243,0.215649,0,Medio
1973131,0.231049,0,Medio
2000863,0.150394,0,Baixo
1999575,0.294543,0,Alto
1998086,0.094972,0,Baixo
2000197,0.155501,0,Baixo
2000497,0.055149,0,Baixo
1045885,0.158234,0,Baixo
1990508,0.200845,0,Medio
2001075,0.098516,0,Baixo
1998452,0.018613,0,Baixo
1999778,0.118226,0,Baixo
2001233,0.264275,0,Alto
2001235,0.106636,0,Baixo
1999877,0.123467,0,Baixo
1110078,0.30306,0,Alto
2000937,0.101748,0,Baixo
1999801,0.356957,1,Alto
1670654,0.132728,0,Baixo
2001150,0.061418,0,Baixo
2001242,0.146116,0,Baixo
2001241,0.300664,0,Alto
2001168,0.186485,0,Medio
2001219,0.216166,0,Medio
2001095,0.211001,0,Medio
1430493,0.356078,1,Alto
2001094,0.127584,0,Baixo
2001167,0.185713,0,Medio
2001252,0.199746,0,Medio
2001263,0.09391,0,Baixo
2001265,0.071173,0,Baixo
1984934,0.299701,0,Alto
1996399,0.075249,0,Baixo
2001264,0.064748,0,Baixo
2001270,0.264828,0,Alto
1999909,0.194286,0,Medio
2000488,0.190202,0,Medio
2001247,0.278323,0,Alto
2001276,0.223803,0,Medio
2001293,0.045306,0,Baixo
2001225,0.121661,0,Baixo
2001291,0.164246,0,Medio
2001297,0.163132,0,Medio
2001198,0.065632,0,Baixo
2001305,0.071292,0,Baixo
2001306,0.188028,0,Medio
1942604,0.216957,0,Medio
2001103,0.19238,0,Medio
2000843,0.099858,0,Baixo
2001262,0.17314,0,Medio
2001326,0.256528,0,Alto
2000559,0.072495,0,Baixo
2001156,0.218126,0,Medio
2000438,0.468401,1,Critico
2001325,0.049388,0,Baixo
2001330,0.324922,0,Alto
1936556,0.105182,0,Baixo
2000467,0.285697,0,Alto
2001345,0.176604,0,Medio
1995387,0.085987,0,Baixo
1992705,0.333178,0,Alto
1994492,0.227779,0,Medio
2001337,0.135766,0,Baixo
1668664,0.077765,0,Baixo
2000925,0.30843,0,Alto
1999152,0.234438,0,Medio
2001349,0.125441,0,Baixo
1988664,0.29508,0,Alto
2000114,0.426107,1,Critico
2001179,0.181254,0,Medio
2001130,0.165688,0,Medio
2001137,0.085623,0,Baixo
2001145,0.207996,0,Medio
1133366,0.201312,0,Medio
2001341,0.127851,0,Baixo
2000144,0.205441,0,Medio
2000516,0.018646,0,Baixo
2001316,0.031217,0,Baixo
2001006,0.381437,1,Critico
2001357,0.363346,1,Critico
2000070,0.107947,0,Baixo
1993802,0.241363,0,Medio
2001374,0.275775,0,Alto
2001353,0.208707,0,Medio
2001249,0.078442,0,Baixo
2001226,0.335493,0,Alto
2001356,0.205555,0,Medio
2001366,0.202907,0,Medio
2001338,0.19292,0,Medio
2000766,0.216595,0,Medio
2001358,0.249421,0,Medio
1994565,0.141566,0,Baixo
1993407,0.124338,0,Baixo
2000930,0.095043,0,Baixo
2001310,0.212562,0,Medio
1997603,0.100383,0,Baixo
1988569,0.262745,0,Alto
2001388,0.342367,0,Alto
2001382,0.095225,0,Baixo
1781022,0.074263,0,Baixo
1995713,0.090746,0,Baixo
1997088,0.266773,0,Alto
2001396,0.249474,0,Medio
1992814,0.08475,0,Baixo
2001393,0.120274,0,Baixo
1973996,0.349117,0,Alto
2001384,0.44466,1,Critico
2001380,0.160924,0,Medio
1967945,0.40718,1,Critico
1989543,0.188667,0,Medio
1974047,0.224674,0,Medio
2001402,0.130877,0,Baixo
1978786,0.248135,0,Medio
1986904,0.313724,0,Alto
2001409,0.113099,0,Baixo
2001204,0.173092,0,Medio
2001411,0.12095,0,Baixo
1998804,0.385535,1,Critico
2001370,0.130658,0,Baixo
2001414,0.019769,0,Baixo
2001422,0.325477,0,Alto
2001427,0.078445,0,Baixo
2001292,0.194202,0,Medio
1997419,0.252096,0,Medio
1997231,0.295647,0,Alto
2001418,0.098193,0,Baixo
2001430,0.047126,0,Baixo
2001421,0.141221,0,Baixo
2001398,0.126897,0,Baixo
2001441,0.148784,0,Baixo
2001365,0.051892,0,Baixo
1974629,0.315521,0,Alto
2001436,0.136473,0,Baixo
2000784,0.146538,0,Baixo
2001444,0.2613,0,Alto
1988373,0.10135,0,Baixo
2000611,0.217005,0,Medio
2001439,0.460048,1,Critico
2000630,0.118216,0,Baixo
2001385,0.236839,0,Medio
2000504,0.121967,0,Baixo
2000561,0.112735,0,Baixo
2001455,0.17446,0,Medio
1994061,0.294752,0,Alto
1999421,0.199745,0,Medio
2000379,0.171829,0,Medio
1936734,0.11833,0,Baixo
1944387,0.126879,0,Baixo
2001464,0.366622,1,Critico
2000947,0.421144,1,Critico
1999297,0.088989,0,Baixo
2001450,0.120299,0,Baixo
2001461,0.308248,0,Alto
2001400,0.382093,1,Critico
2001476,0.241022,0,Medio
2001468,0.222474,0,Medio
2000870,0.309171,0,Alto
2001401,0.071099,0,Baixo
2001480,0.14596,0,Baixo
1926632,0.302174,0,Alto
2001488,0.192026,0,Medio
2001340,0.219315,0,Medio
2001466,0.430937,1,Critico
2001478,0.152099,0,Baixo
1995951,0.1314,0,Baixo
2001443,0.172932,0,Medio
2001518,0.217281,0,Medio
2001336,0.324864,0,Alto
1989551,0.079297,0,Baixo
2001479,0.581452,1,Critico
2001532,0.091351,0,Baixo
2001533,0.1093,0,Baixo
2001200,0.02153,0,Baixo
1981195,0.056679,0,Baixo
1999164,0.331148,0,Alto
2001449,0.140207,0,Baixo
2000148,0.274847,0,Alto
2001280,0.127706,0,Baixo
2001419,0.170043,0,Medio
1995800,0.180646,0,Medio
2001561,0.109402,0,Baixo
2001555,0.140464,0,Baixo
2001570,0.17952,0,Medio
1995803,0.169843,0,Medio
2001567,0.078847,0,Baixo
2001576,0.089469,0,Baixo
2001524,0.438132,1,Critico
1995977,0.227356,0,Medio
2001564,0.18151,0,Medio
2001560,0.294305,0,Alto
2000033,0.173823,0,Medio
2001584,0.076848,0,Baixo
1973370,0.239817,0,Medio
1996353,0.127622,0,Baixo
1973299,0.304965,0,Alto
1998880,0.155945,0,Baixo
2000733,0.203464,0,Medio
2001589,0.204207,0,Medio
1999804,0.186892,0,Medio
2000602,0.120659,0,Baixo
1999543,0.142203,0,Baixo
2001351,0.156025,0,Baixo
2001588,0.221533,0,Medio
1997214,0.138593,0,Baixo
1982325,0.353255,1,Alto
1998847,0.047064,0,Baixo
1995756,0.110028,0,Baixo
2001573,0.222966,0,Medio
2001607,0.245943,0,Medio
2001601,0.163565,0,Medio
1425317,0.088546,0,Baixo
2000984,0.225691,0,Medio
1999766,0.136668,0,Baixo
2001496,0.21653,0,Medio
2001445,0.11622,0,Baixo
1971803,0.210403,0,Medio
1979711,0.221664,0,Medio
2001621,0.172636,0,Medio
2001494,0.148626,0,Baixo
2001527,0.463843,1,Critico
1991179,0.536733,1,Critico
2001344,0.20802,0,Medio
2001229,0.252077,0,Medio
1994820,0.371962,1,Critico
2001472,0.14095,0,Baixo
2001622,0.124996,0,Baixo
2001635,0.332206,0,Alto
2001230,0.362871,1,Critico
2001629,0.19261,0,Medio
1976528,0.295182,0,Alto
2001628,0.295088,0,Alto
2001597,0.249968,0,Medio
1999691,0.127544,0,Baixo
2001638,0.162246,0,Medio
2001542,0.474189,1,Critico
2001633,0.065071,0,Baixo
2001290,0.189299,0,Medio
2001279,0.305584,0,Alto
1999265,0.32916,0,Alto
1999698,0.158666,0,Baixo
2001659,0.129762,0,Baixo
2001656,0.242145,0,Medio
1998911,0.274863,0,Alto
1995929,0.183228,0,Medio
2000696,0.157022,0,Baixo
1640042,0.28274,0,Alto
2001675,0.232712,0,Medio
2001661,0.559437,1,Critico
2001665,0.313868,0,Alto
2001684,0.248251,0,Medio
2001674,0.267011,0,Alto
2001690,0.325711,0,Alto
2001673,0.077962,0,Baixo
2001616,0.340925,0,Alto
2001668,0.140064,0,Baixo
2001686,0.25474,0,Alto
2001688,0.143757,0,Baixo
1979019,0.336091,0,Alto
2001693,0.307219,0,Alto
2001687,0.398796,1,Critico
1989298,0.22154,0,Medio
2001642,0.332597,0,Alto
2001682,0.183052,0,Medio
2000660,0.093639,0,Baixo
2001698,0.147331,0,Baixo
2001643,0.25808,0,Alto
1998052,0.13611,0,Baixo
1996903,0.196372,0,Medio
1940608,0.127897,0,Baixo
1998527,0.373421,1,Critico
2001599,0.066261,0,Baixo
1982620,0.132956,0,Baixo
2001485,0.288416,0,Alto
1994502,0.171072,0,Medio
2001717,0.205165,0,Medio
2000892,0.197356,0,Medio
2001714,0.270523,0,Alto
1999357,0.204287,0,Medio
2001708,0.333301,0,Alto
2001716,0.101764,0,Baixo
2000080,0.333464,0,Alto
2000808,0.173513,0,Medio
1727703,0.322573,0,Alto
2001720,0.3684,1,Critico
1987952,0.175203,0,Medio
2001670,0.130881,0,Baixo
