pedido_id,prob_fpd,faixa_risco
1945890,0.2912689576884578,Medio
1945893,0.1540537487670748,Baixo
1945895,0.3538262269951788,Medio
1945811,0.14712211365487035,Baixo
1945471,0.14294362549000175,Baixo
1945275,0.419915460289637,Medio
1945902,0.20105213960328663,Medio
1945908,0.25832069334937124,Medio
1930011,0.07659635741099614,Baixo
1914748,0.059735573894409186,Baixo
1945914,0.0960516488104381,Baixo
1945917,0.1255981360914041,Baixo
1945919,0.07301704869807685,Baixo
1939864,0.42333185971357334,Medio
1945922,0.1582311463451251,Baixo
1945848,0.007769448656489213,Baixo
1845196,0.22253297374995548,Medio
1945925,0.1380603891172963,Baixo
1865894,0.20049276472953553,Medio
1945932,0.13689989727653076,Baixo
1944333,0.22331459555805058,Medio
1936923,0.2426601312670919,Medio
1945945,0.2783506053818737,Medio
749998,0.41797540567674873,Medio
1944590,0.22004164383734967,Medio
1945229,0.49242034976811017,Alto
1945955,0.23315582957887498,Medio
1945961,0.40237474305344584,Medio
1945956,0.3854672792334401,Medio
1880217,0.3869454104326986,Medio
1945970,0.15629073870294227,Baixo
1945976,0.018226531682398864,Baixo
1945739,0.32190785151290197,Medio
1944683,0.17168134877353977,Baixo
1894643,0.38411315617108244,Medio
1945979,0.8177190274194003,Critico
1945795,0.1746329227108512,Baixo
1945963,0.21258123193191958,Medio
1945984,0.17501692648933914,Baixo
1945488,0.2718057252598986,Medio
1945989,0.28962471574807624,Medio
1868792,0.36236273279925774,Medio
1945993,0.3554461298973954,Medio
1944924,0.43490538903259307,Medio
1946002,0.058214569760169727,Baixo
1946004,0.10843219494854052,Baixo
1944963,0.32877687360235225,Medio
1946005,0.12805978865199652,Baixo
1945994,0.21873612812984247,Medio
1946007,0.41134561749859866,Medio
1944987,0.21656276892198217,Medio
1946017,0.01389141036219821,Baixo
1945559,0.24052640155558913,Medio
856693,0.34893714760108474,Medio
1946018,0.2908283440423238,Medio
1946022,0.019238384140221994,Baixo
1946023,0.24099216548585348,Medio
1902165,0.18086069865505297,Baixo
1946026,0.21548432097401107,Medio
1946027,0.011058747948440303,Baixo
1845468,0.5772011198606655,Alto
1946035,0.4429237374620366,Medio
1946039,0.3874197448745982,Medio
1945838,0.07884089388968857,Baixo
1946042,0.20151998599250895,Medio
1833222,0.5243957690435119,Alto
1892088,0.16844179413383026,Baixo
1906022,0.5447128395963307,Alto
1945415,0.3838061967014972,Medio
1945852,0.1362909841405618,Baixo
1945724,0.38018561083815744,Medio
1945738,0.13082801360009097,Baixo
1945742,0.2061480485204739,Medio
1940927,0.06682864674873203,Baixo
1942958,0.33274154452694465,Medio
1726099,0.2759678105050661,Medio
1944671,0.22265015983770245,Medio
1946050,0.055445412774700276,Baixo
1945705,0.17105229384036857,Baixo
1945924,0.12973171986348783,Baixo
1946053,0.12436448502546504,Baixo
1853221,0.22184833577376553,Medio
1946055,0.21489959673857745,Medio
1946067,0.14497747855063375,Baixo
1944906,0.5662341108431029,Alto
1946054,0.06048763415276738,Baixo
1945959,0.17659845699678475,Baixo
1941544,0.1386667994463516,Baixo
1946071,0.07389119922070878,Baixo
1946068,0.27587375715598583,Medio
1946076,0.2021720663585177,Medio
1946072,0.045817689015909664,Baixo
1946082,0.34943994937535033,Medio
1946080,0.3099808795842306,Medio
1946084,0.5038905613362219,Alto
1945923,0.08311758313652957,Baixo
1946079,0.31797854418683813,Medio
1945515,0.29408721675190697,Medio
1946086,0.013188694398935273,Baixo
1946094,0.07397753346605827,Baixo
1946085,0.07667298429109905,Baixo
1946100,0.08424686880719925,Baixo
1946101,0.3206145721972547,Medio
1946111,0.07081942152848894,Baixo
1946103,0.05130294570218488,Baixo
1945417,0.035412046437964854,Baixo
1936390,0.1645793991346825,Baixo
1946121,0.1988008659238956,Baixo
1944619,0.3072083874601663,Medio
1945982,0.28625748240972315,Medio
1946127,0.5363028147178844,Alto
1946124,0.22475560178586096,Medio
1946120,0.06221047727149774,Baixo
1946106,0.2521454883110463,Medio
1945131,0.5327570624981307,Alto
1946122,0.2923764348166552,Medio
1946128,0.08752659707543911,Baixo
1945772,0.12743803040077828,Baixo
1941897,0.16311735626087911,Baixo
1945518,0.27458283912426057,Medio
1946141,0.04401391438854312,Baixo
1946140,0.08356311566935841,Baixo
1827780,0.34054040024894183,Medio
1946145,0.2862477041695167,Medio
1946144,0.22690937611363743,Medio
1944473,0.2569591032509078,Medio
1946134,0.20160081418639317,Medio
1946015,0.3243015012263329,Medio
1946148,0.24689933085252722,Medio
1946150,0.11344191432686598,Baixo
1946104,0.3627805270122262,Medio
1946153,0.3681956559630036,Medio
1946152,0.05043801093184008,Baixo
1945958,0.2405488436529429,Medio
1945975,0.3004390469451395,Medio
1903776,0.13643927368713915,Baixo
1946160,0.18038665856086702,Baixo
1945419,0.24403974594262218,Medio
1902870,0.30328017516407196,Medio
1946164,0.33286991853972364,Medio
1945447,0.38317313739349196,Medio
1946135,0.2702343420232615,Medio
1946168,0.337611121620192,Medio
1946161,0.33483526048859535,Medio
1946170,0.3126739566966321,Medio
1946143,0.18802823311871653,Baixo
1946167,0.4352732485261872,Medio
1891086,0.04937805301195619,Baixo
1944895,0.24541360721738378,Medio
1945501,0.2311658331813761,Medio
1928302,0.04368146664626416,Baixo
1929642,0.26387806559294974,Medio
1946176,0.17421716160955622,Baixo
1946178,0.08502796875220561,Baixo
1946182,0.16955932489421416,Baixo
1946187,0.277026979349329,Medio
1946189,0.3823252251448872,Medio
1945554,0.5133168620246072,Alto
1946186,0.17367564544831482,Baixo
1945278,0.060131884939573554,Baixo
1946013,0.1975505830180405,Baixo
1945978,0.17339779822159251,Baixo
1946197,0.07688463471302788,Baixo
1946169,0.343828263927515,Medio
1946194,0.523892480162679,Alto
1946200,0.24204953101644636,Medio
1946198,0.1994458476151154,Baixo
1945044,0.2797980004291316,Medio
1946207,0.08838130353875212,Baixo
1946205,0.2793282079242965,Medio
1946209,0.13448037977101568,Baixo
1867169,0.3000805014444896,Medio
1946175,0.1548666763426096,Baixo
1940226,0.20793139580575026,Medio
1946221,0.47740907606544103,Alto
1946181,0.06341055640363927,Baixo
1946222,0.20662060714800407,Medio
1940479,0.4863210665471776,Alto
1912494,0.14737719381198386,Baixo
1946220,0.3894988038661338,Medio
1946217,0.10753193025299347,Baixo
1946136,0.3408104150908646,Medio
1946090,0.06847464242428546,Baixo
1946233,0.03403036173853139,Baixo
1946240,0.06671192144322896,Baixo
1944583,0.006797763269362962,Baixo
1946218,0.30308993201385054,Medio
1908110,0.4583991521493018,Alto
1946248,0.058531168086460715,Baixo
1946190,0.09096362911020947,Baixo
1946251,0.441466457105573,Medio
1946257,0.5062480658527931,Alto
1946262,0.42302465157754465,Medio
1946249,0.44741277398395796,Medio
1946260,0.15154745544240267,Baixo
1946266,0.12873185804538065,Baixo
1946267,0.17070326651228634,Baixo
1946268,0.35375493155288534,Medio
1942854,0.13292936023099017,Baixo
1945274,0.23045307161464304,Medio
1945856,0.3940320316013482,Medio
1946278,0.1054619508439582,Baixo
1946078,0.20975736260088196,Medio
1946273,0.31304241682650985,Medio
1946281,0.09762159965137007,Baixo
1946199,0.3837294484582378,Medio
1946282,0.1888595562594727,Baixo
1934284,0.4615140472625758,Alto
1942744,0.06104060750455797,Baixo
1932208,0.2671317348149838,Medio
1946277,0.45256756871083015,Alto
1946211,0.038932233870893285,Baixo
1945836,0.298322298536393,Medio
1946289,0.1572263843430885,Baixo
1946283,0.5177958544169604,Alto
1946286,0.3525372657670901,Medio
1945035,0.21233312773325028,Medio
1946298,0.15169928917803682,Baixo
1946297,0.18711149013910214,Baixo
1946091,0.3434265219300232,Medio
1946279,0.33942844392706306,Medio
1946302,0.10078346673389725,Baixo
1942873,0.14786245771700737,Baixo
1946074,0.40397398459157763,Medio
1942824,0.11257574176689403,Baixo
1946306,0.3367096057665887,Medio
1946313,0.12882874696444746,Baixo
1946312,0.1295468898696271,Baixo
1946311,0.15346568318160556,Baixo
1946310,0.2851157620717991,Medio
1946308,0.10400768199896948,Baixo
1917624,0.14957675587011285,Baixo
1946099,0.4360702575967385,Medio
1946315,0.10594663966508869,Baixo
1945968,0.07437912998043371,Baixo
1945303,0.3564717784795306,Medio
1946320,0.313775026881861,Medio
1946327,0.4058592538854433,Medio
1876784,0.16527084826747737,Baixo
1946275,0.4204730696471954,Medio
1946329,0.09624410439560212,Baixo
1946229,0.20904546246488995,Medio
1843170,0.382928315962668,Medio
1946252,0.1416566603373177,Baixo
1946321,0.3408841854100993,Medio
1943634,0.23006996777898786,Medio
1946331,0.21053079061780233,Medio
1946332,0.28248405703932666,Medio
1946330,0.0743931485950373,Baixo
1946338,0.17309627944235123,Baixo
1945801,0.3031358510021557,Medio
1946340,0.16481876447291224,Baixo
1946343,0.16794207384056134,Baixo
1946344,0.1075176241421947,Baixo
1946348,0.3519647230707214,Medio
1923170,0.06501296206648315,Baixo
1946346,0.41180195596043945,Medio
1943249,0.27939507033943756,Medio
1946349,0.1633472870015447,Baixo
1943411,0.2501298109046999,Medio
1945985,0.19501991028829016,Baixo
1946347,0.23029133646104305,Medio
1946355,0.3339955051079691,Medio
1946290,0.11918325568277736,Baixo
1946341,0.26511402898216835,Medio
1927869,0.19608005306624848,Baixo
1944999,0.15982130507910183,Baixo
1946366,0.3548261196076465,Medio
1946371,0.06926049292143545,Baixo
1914436,0.24047511683753553,Medio
1946356,0.1737931612861341,Baixo
1923002,0.23162961879542462,Medio
1946375,0.0482816481003302,Baixo
1946369,0.21800026271690648,Medio
1930725,0.047965527462962246,Baixo
1931554,0.15403028503507188,Baixo
1946378,0.4637205468759152,Alto
1946373,0.3863424910650131,Medio
1946225,0.607676739565351,Alto
1946383,0.25355969052376803,Medio
1946241,0.3167208836017682,Medio
1946362,0.4760073417637796,Alto
1946387,0.3002123639137083,Medio
1946386,0.10241951449323872,Baixo
1893050,0.3558998681539264,Medio
1946388,0.325217080045934,Medio
1946391,0.4028261702981896,Medio
1946390,0.00762529136759562,Baixo
1719191,0.11687290737490301,Baixo
1946389,0.2807785997995104,Medio
1901739,0.22800742257491513,Medio
1940307,0.15350033151883874,Baixo
1946393,0.3758576972021292,Medio
1946399,0.08776406549132407,Baixo
1946402,0.36985021661321804,Medio
1944706,0.14193840858168738,Baixo
1918670,0.33673089717638977,Medio
1946407,0.350808681102433,Medio
1946173,0.4088817936204661,Medio
1946411,0.0662546515540519,Baixo
1946413,0.15524118863833553,Baixo
1946416,0.4785182992731306,Alto
1845559,0.2608420685480145,Medio
1946424,0.23018686574860817,Medio
1946428,0.1511116770981295,Baixo
1941238,0.024888726916803217,Baixo
1946123,0.2837199472013625,Medio
1946436,0.2286638783771761,Medio
1946397,0.30845919628407265,Medio
1946204,0.20684169431212113,Medio
1945114,0.4311462449685002,Medio
1946440,0.06981385645637761,Baixo
1946441,0.04042203514224432,Baixo
1945237,0.3853934789931029,Medio
1946443,0.39284835172548965,Medio
1946445,0.2880566626294751,Medio
1946258,0.25382483195238714,Medio
1946450,0.1807996114143504,Baixo
1946453,0.46195210934779596,Alto
1871250,0.2283238734593934,Medio
1946457,0.22592035333286017,Medio
1943458,0.33955222616053066,Medio
1946461,0.4554425377796236,Alto
1946458,0.13678525531444471,Baixo
1946459,0.40709833559222647,Medio
1946465,0.06832584680482695,Baixo
1946352,0.135024083767582,Baixo
1946455,0.40882372901974795,Medio
1946470,0.10727411950204244,Baixo
1903228,0.12061161188300712,Baixo
1946472,0.1380585131600943,Baixo
1946480,0.1942340597166701,Baixo
1946477,0.5016606095757505,Alto
1946485,0.1894180262305412,Baixo
1946471,0.17563140606105582,Baixo
1945962,0.1773144230917912,Baixo
1946489,0.27720614729992404,Medio
1946473,0.07203262811542491,Baixo
1946497,0.3021988416681659,Medio
1943147,0.20459865406622613,Medio
1946454,0.05428789558796441,Baixo
1940654,0.33698938608792744,Medio
1943866,0.3773725627769142,Medio
1946499,0.24048832800261835,Medio
1946488,0.07222451757940612,Baixo
1946493,0.11560116771319753,Baixo
1946504,0.21943963472031863,Medio
1946506,0.1809496694596854,Baixo
1830610,0.25564593730394447,Medio
1946509,0.1970432802164756,Baixo
1945910,0.39849073454628514,Medio
1946510,0.3358629978973826,Medio
1946515,0.1400544649298537,Baixo
1946519,0.07540057861533091,Baixo
1944537,0.3240613578541083,Medio
1946501,0.1876594166796298,Baixo
1946516,0.050921165648986945,Baixo
1946048,0.09381948256281306,Baixo
1946524,0.034553857819741456,Baixo
1566509,0.38341450476334427,Medio
1946526,0.23611144813637602,Medio
1946530,0.15380204134450776,Baixo
1946531,0.04099952336958847,Baixo
1946532,0.09633868488716633,Baixo
1945164,0.2238353972927921,Medio
1946539,0.5400306022941077,Alto
1946534,0.13579889192697422,Baixo
1946536,0.09237509646632475,Baixo
1941998,0.23662422517232704,Medio
1946077,0.011344363557186524,Baixo
1946557,0.045723826458497326,Baixo
1946561,0.08286902446313933,Baixo
1946556,0.4855243001978388,Alto
1946562,0.14704374409262586,Baixo
1946569,0.1667642154469217,Baixo
1946560,0.16613952341927787,Baixo
1946559,0.008924855723463987,Baixo
1946579,0.36380378626664245,Medio
1946568,0.3487317424060783,Medio
1946566,0.11910024351718931,Baixo
1946583,0.2641379005875646,Medio
1946595,0.10147544442376218,Baixo
1946587,0.22871840398763518,Medio
1946600,0.11668302627549312,Baixo
1946598,0.032386251620355945,Baixo
1935437,0.11181643358849859,Baixo
1946578,0.2600937917601118,Medio
1946607,0.21527103361891675,Medio
1946602,0.10667349068130912,Baixo
1946608,0.13913925149037884,Baixo
1946610,0.17668185223637073,Baixo
1946612,0.11784094317099607,Baixo
1946603,0.27880530073776333,Medio
1946617,0.10938077740317105,Baixo
1946618,0.025763889402719384,Baixo
1946582,0.10117367375547778,Baixo
1946584,0.1531960462956843,Baixo
1946613,0.06265160732143393,Baixo
1946594,0.16471797942322713,Baixo
1946591,0.30009835442701693,Medio
1946592,0.04914520626714418,Baixo
1946637,0.06578990948210144,Baixo
1946622,0.19866283958157893,Baixo
1946638,0.19383171954314238,Baixo
1946621,0.1261959769836783,Baixo
1946644,0.08307801758501283,Baixo
1946631,0.17221303632924245,Baixo
1946653,0.40754133015145044,Medio
1946642,0.1859010550572063,Baixo
1946620,0.13477433154064514,Baixo
1946640,0.01612225551733617,Baixo
1946666,0.3278744391568831,Medio
1946649,0.2444324535464285,Medio
1946652,0.1788888867479225,Baixo
1946586,0.07530028668883404,Baixo
1946656,0.1053575930113608,Baixo
1946609,0.46737810080993125,Alto
706709,0.1744409102646666,Baixo
1946677,0.5332195313527761,Alto
1946665,0.0617835736857358,Baixo
1946671,0.2713595527150057,Medio
1946703,0.4573836627988427,Alto
1946664,0.1272734661057466,Baixo
1946692,0.3379568456121634,Medio
1946693,0.10539346952585221,Baixo
1946711,0.15107334515596288,Baixo
1946688,0.2438082290990173,Medio
1946634,0.15753519900449914,Baixo
1946694,0.11043716989875146,Baixo
1946672,0.2028437790459767,Medio
1946708,0.02451490294896283,Baixo
1946687,0.352046326947138,Medio
1946736,0.23534944095109928,Medio
1946650,0.2883009593036671,Medio
1946725,0.12735525895270175,Baixo
1946737,0.14622538633875037,Baixo
1946697,0.11737439389090787,Baixo
1946681,0.12124014744571099,Baixo
1946699,0.09032873277910976,Baixo
1946683,0.22588982355679887,Medio
586474,0.20085340760842316,Medio
1929926,0.07079620890785171,Baixo
1946749,0.1035557348262566,Baixo
1946707,0.45835452542927335,Alto
1946732,0.07969900420101077,Baixo
1946745,0.2867608984255578,Medio
1946743,0.32401854097979776,Medio
1946752,0.05991719995212061,Baixo
1946714,0.12006906088102087,Baixo
1946763,0.00540267337318189,Baixo
1946696,0.28950997275024315,Medio
1946797,0.10235941260557554,Baixo
1946801,0.07254886932778874,Baixo
1946770,0.04264446708783034,Baixo
1945858,0.3674020458950946,Medio
1946731,0.1937193330706311,Baixo
1946792,0.24253758952119073,Medio
1946814,0.2481371464208201,Medio
1946791,0.2670185813581723,Medio
1944502,0.11036172647558241,Baixo
1946818,0.04870182838056852,Baixo
1946821,0.30594694538216305,Medio
1946824,0.32854550433170493,Medio
1946691,0.3069113077086091,Medio
1946299,0.32492117110470525,Medio
1946839,0.05405706620094535,Baixo
570431,0.40432085593077755,Medio
1946786,0.20371177640414537,Medio
1946713,0.05711228593809055,Baixo
1946719,0.11650678129127727,Baixo
1945990,0.32782016187820395,Medio
1946846,0.1612803975046801,Baixo
1946835,0.09474348036279444,Baixo
1946734,0.202282810786827,Medio
1946724,0.2509872953246072,Medio
1946549,0.08979661397962042,Baixo
1946861,0.1690378549921584,Baixo
1946868,0.3555755586387661,Medio
1946864,0.31549185599287366,Medio
1946872,0.0865864777318011,Baixo
1946855,0.1929031542712046,Baixo
1946869,0.1417701898402315,Baixo
1946879,0.11740302647247246,Baixo
1946831,0.04845288788182287,Baixo
1946885,0.09579635765710104,Baixo
1946882,0.23427672603923053,Medio
1946875,0.11130247980549532,Baixo
1946844,0.0725604499931412,Baixo
1946474,0.5450285640377418,Alto
1946876,0.05680870318525605,Baixo
1946883,0.1981293741050978,Baixo
1946848,0.15036360120843417,Baixo
1946803,0.4209980079311144,Medio
1946896,0.10605051127082941,Baixo
1946898,0.188926203491676,Baixo
1438490,0.4120761508975003,Medio
1946769,0.31505186788470435,Medio
1946909,0.2203806481821804,Medio
1946907,0.08754624159678534,Baixo
1946910,0.028090556059599973,Baixo
1946873,0.23666661873687078,Medio
1946913,0.3196278639601813,Medio
1946917,0.056940702236624105,Baixo
1946859,0.3621745035943007,Medio
1946919,0.4214570018025974,Medio
1946926,0.1687593078746344,Baixo
1946925,0.05964929231878208,Baixo
1946922,0.20075462243079964,Medio
1940424,0.15431179515374904,Baixo
1946930,0.35805617811693935,Medio
1946895,0.07814972520803239,Baixo
1946918,0.17946543946831017,Baixo
1945776,0.2919533054478994,Medio
1946937,0.3190860299983102,Medio
1946941,0.02123634186454997,Baixo
1946849,0.14711518249662267,Baixo
1826713,0.29990083908338233,Medio
1946924,0.047563964153438935,Baixo
1946856,0.09619184027831908,Baixo
1946789,0.39696335382409614,Medio
1946235,0.24808230709727505,Medio
1946955,0.12883814793556184,Baixo
1946932,0.17908822821875608,Baixo
1946958,0.15138309212266218,Baixo
1946957,0.0857891310013448,Baixo
1946820,0.10534423680547998,Baixo
1946961,0.01827578003835825,Baixo
1946969,0.3435982281747106,Medio
1946971,0.1360566802991056,Baixo
1946963,0.10668243005292719,Baixo
1941256,0.1824260726018304,Baixo
1946973,0.02303302676922859,Baixo
1946974,0.08726606905089496,Baixo
1946978,0.3240381197359925,Medio
1946972,0.07554519585938035,Baixo
1911301,0.02897389677467258,Baixo
1946977,0.2992373744154895,Medio
1946979,0.08108112946796663,Baixo
1946842,0.13232704034085532,Baixo
1946565,0.4137885871565399,Medio
1944531,0.06357516323572111,Baixo
1946987,0.14698730479323585,Baixo
1943185,0.33278403545002383,Medio
1946993,0.015506226005810577,Baixo
1946999,0.256755376602314,Medio
1946573,0.2481946143343811,Medio
1947000,0.14034245135896425,Baixo
1943312,0.12553344178140668,Baixo
1946564,0.36193152203431633,Medio
1947004,0.0425982862196206,Baixo
1946658,0.32272728671469375,Medio
1947012,0.17244772451544402,Baixo
1946360,0.2884829952071226,Medio
1902164,0.29286102719503626,Medio
1946216,0.5956619698777993,Alto
1945929,0.34965151579596343,Medio
1947031,0.07821648299388895,Baixo
1947034,0.4352871018844708,Medio
1947017,0.31493732342494446,Medio
1945356,0.11886871922460678,Baixo
1947036,0.3564666103601924,Medio
1946479,0.29405043525444857,Medio
1946781,0.30927085965961504,Medio
1946940,0.02305558470422696,Baixo
1947042,0.203385756024611,Medio
1947039,0.32734674972173067,Medio
1947037,0.22069261616785357,Medio
1947033,0.27127506803695195,Medio
1941820,0.2065590665652105,Medio
1946756,0.12899915813663823,Baixo
1946146,0.22052873117778202,Medio
1947047,0.29878606562678445,Medio
1943821,0.2151297866372885,Medio
1946377,0.07470260242295403,Baixo
1947052,0.07941985605285934,Baixo
1947059,0.10338576890426059,Baixo
1946576,0.2222054471776265,Medio
1943940,0.40195461282888423,Medio
1947057,0.17361908624175149,Baixo
1946643,0.27614595306573303,Medio
1946452,0.24456717108375273,Medio
1926189,0.1371670074884072,Baixo
1946808,0.04186353224760673,Baixo
1947053,0.12179436785939912,Baixo
1947062,0.2999528781052865,Medio
1946874,0.47656488389155033,Alto
1947072,0.08350111202169701,Baixo
1947071,0.10503207640933863,Baixo
1947070,0.5222047369345922,Alto
1947088,0.24724646036781261,Medio
1944697,0.2263237395062113,Medio
1947093,0.004291380620811942,Baixo
1947086,0.24773424666563046,Medio
1946886,0.1463742665610541,Baixo
1947008,0.2635543535426788,Medio
1947097,0.2509779786807293,Medio
1947098,0.2299906734716449,Medio
1935423,0.3732583186301578,Medio
1947096,0.1413389885782011,Baixo
1903900,0.25427282675488905,Medio
1947010,0.18519376272738952,Baixo
1946881,0.2121236813002557,Medio
1947109,0.18219736927518335,Baixo
1947110,0.05175381317729494,Baixo
1944617,0.17807428764666827,Baixo
1947016,0.3762182062559728,Medio
1946800,0.35154906852201173,Medio
1947121,0.17060111181783694,Baixo
1946309,0.04075046669800039,Baixo
1946336,0.17022626646799016,Baixo
1947127,0.3355974692916556,Medio
1946201,0.24186914261059833,Medio
1947129,0.028372234977072443,Baixo
1947124,0.5191209029149044,Alto
1913456,0.122499964952748,Baixo
1947132,0.04638594466667635,Baixo
1946483,0.4480610013087001,Medio
1947139,0.12865701601806687,Baixo
1947150,0.1251670633342953,Baixo
1947151,0.19018472015789673,Baixo
1936041,0.0887121599350916,Baixo
1947162,0.11373982518018692,Baixo
1928245,0.15222323122922304,Baixo
1947159,0.1836369652950726,Baixo
1947165,0.08476887050982006,Baixo
1235753,0.32806330684934015,Medio
1947175,0.4789547729716082,Alto
1947178,0.17569539915471763,Baixo
1947179,0.04030912608851241,Baixo
1947176,0.013419012754182686,Baixo
1947172,0.17372053676404733,Baixo
1947184,0.4663821442562784,Alto
1947186,0.3086579274690316,Medio
1947187,0.08116207498521243,Baixo
1947191,0.0846021997248983,Baixo
1943651,0.2838651247130112,Medio
1947195,0.3501208147424589,Medio
1947107,0.012673666573461478,Baixo
1932720,0.16121949629784274,Baixo
1939765,0.22540735182556437,Medio
1947200,0.12427676190626638,Baixo
1947102,0.7342169079858054,Critico
1947204,0.048499852589954415,Baixo
1921164,0.3717044306326989,Medio
1760017,0.17502012322122745,Baixo
1946889,0.158381565626949,Baixo
1947197,0.4082192981224573,Medio
1947212,0.5111303994187799,Alto
1947214,0.31396628373428953,Medio
1946968,0.06775439271499929,Baixo
1947216,0.2215131982612557,Medio
1947203,0.14860531887459574,Baixo
1935141,0.15230077982707588,Baixo
1947221,0.017619743775785415,Baixo
1947220,0.2071020062631567,Medio
1947224,0.22183625196388265,Medio
1946525,0.21385019427608334,Medio
1947233,0.2296898143769424,Medio
1905673,0.009532565094597396,Baixo
1781508,0.2253717544022295,Medio
1947244,0.07226949821344272,Baixo
1946138,0.0738646325185546,Baixo
1947246,0.17767510397624536,Baixo
1947249,0.1463421524237397,Baixo
1947252,0.42213956772385913,Medio
1947253,0.20069834795087776,Medio
1946632,0.3179655075517321,Medio
1947106,0.21288593933493014,Medio
1906712,0.3113255135571842,Medio
1946392,0.34710384405547234,Medio
1946667,0.14066585543058605,Baixo
1903940,0.30446864084545305,Medio
1946854,0.1652549936049651,Baixo
1946599,0.10483391694260477,Baixo
1946639,0.1653572879134619,Baixo
1946701,0.12572388963044892,Baixo
1943669,0.2942149089254544,Medio
1946540,0.12862067028798138,Baixo
1922482,0.049307561335421676,Baixo
1946890,0.16332976436844163,Baixo
1947202,0.5252455306657994,Alto
1819881,0.4606357956435915,Alto
1946574,0.20275495768706708,Medio
1921857,0.1949797270413489,Baixo
1947259,0.05942252998388526,Baixo
1946116,0.1497208846771751,Baixo
1947258,0.4214457394774728,Medio
1947074,0.02116857855922196,Baixo
1947263,0.14526888226223592,Baixo
1945340,0.317656034518716,Medio
1946729,0.18505428694107895,Baixo
1905165,0.23986162073223116,Medio
1946254,0.5354482371790543,Alto
1947091,0.24468859995350364,Medio
720079,0.32761653803060214,Medio
1946394,0.08915515832121436,Baixo
1947044,0.30724527266836094,Medio
1947273,0.13877872116950943,Baixo
1947281,0.07366006558618839,Baixo
1947282,0.09293557579290185,Baixo
1947285,0.19829148066456456,Baixo
1947280,0.13898684483345797,Baixo
1944469,0.2709339993635753,Medio
1947287,0.13367737301241578,Baixo
1946663,0.4738208358331464,Alto
1899338,0.25180454834562455,Medio
1947207,0.18869185725411217,Baixo
1946680,0.1335006569116171,Baixo
1947201,0.18812385469574713,Baixo
1947289,0.10988816868059667,Baixo
1946214,0.2475716311380639,Medio
1946949,0.016511051471007024,Baixo
1941825,0.13496986830653804,Baixo
1947299,0.3771391794805949,Medio
1947301,0.6440744647940528,Alto
1947300,0.14767641382494398,Baixo
1932496,0.39394240954684634,Medio
1947284,0.2620978347618378,Medio
1947304,0.29045455131924997,Medio
1947306,0.19594706718385121,Baixo
1944660,0.12989981222626976,Baixo
1947309,0.11784303963919658,Baixo
1947308,0.3581775204769322,Medio
1528174,0.1647898648656146,Baixo
1947090,0.18241212259939615,Baixo
1947316,0.22934469990967446,Medio
1946825,0.2647539577534977,Medio
1947322,0.07016958642010988,Baixo
1947321,0.25254719381693524,Medio
1947318,0.40281477185471826,Medio
1947323,0.3233869878027113,Medio
1947325,0.3639018066756877,Medio
1947320,0.2960045344349126,Medio
1947288,0.16911361713786455,Baixo
1947264,0.19850746670146363,Baixo
1947324,0.1679657163363345,Baixo
1947229,0.2236847279940732,Medio
1947302,0.1193404716795874,Baixo
1946722,0.1039371145140201,Baixo
1946953,0.12821991892362053,Baixo
1947223,0.39097521751959646,Medio
1920369,0.15755100126295146,Baixo
1947336,0.19494003374036636,Baixo
1947340,0.11557905142803643,Baixo
1947344,0.20631222141209934,Medio
1947349,0.45740676087212706,Alto
1947354,0.19746591936929295,Baixo
1290867,0.11379027852104721,Baixo
1947361,0.21409501552296187,Medio
1947329,0.39499194283583833,Medio
1947357,0.153032028964181,Baixo
1903287,0.11255402720848875,Baixo
1947364,0.0814368505364872,Baixo
1947362,0.15411968418233957,Baixo
1947363,0.10080856315957785,Baixo
1929019,0.2629818855865971,Medio
1947369,0.0706470477603873,Baixo
1946870,0.5358057000334502,Alto
1947367,0.2980665952845507,Medio
1947303,0.06094315878843902,Baixo
1947372,0.4711052503327152,Alto
1947353,0.38855388144426506,Medio
1947368,0.27678415049427846,Medio
1947360,0.3045594490027104,Medio
1902625,0.5054688564020107,Alto
1947377,0.16229776411534105,Baixo
1947348,0.48140200312033893,Alto
1946845,0.3130559881204069,Medio
1945292,0.376161302925819,Medio
1869535,0.045954900885933056,Baixo
1947305,0.2761314579132226,Medio
1946836,0.09018162521135534,Baixo
1946952,0.46113276024535216,Alto
1947335,0.03281511372575594,Baixo
1947385,0.31677083983104426,Medio
1947381,0.5291009196175408,Alto
1947393,0.07934904489147762,Baixo
1947389,0.09219023954013135,Baixo
1947376,0.0696749805661307,Baixo
1947397,0.20405814481150936,Medio
1947394,0.25863791399444436,Medio
1942283,0.08696813229788836,Baixo
1109967,0.15775706766619285,Baixo
1947382,0.06143771949088491,Baixo
1947392,0.05663283111973828,Baixo
1928075,0.22572068250425179,Medio
1947391,0.42220821117740565,Medio
1947402,0.15045171208121463,Baixo
1947192,0.2504162327837811,Medio
1946572,0.165459437674975,Baixo
1935760,0.6378455576823506,Alto
1947410,0.15455749823137496,Baixo
1946721,0.27868964432350596,Medio
1947346,0.16268042549809164,Baixo
1947415,0.17433778625652374,Baixo
1908186,0.42445110487863785,Medio
1947365,0.10382810316988429,Baixo
1947153,0.04290756312531022,Baixo
1947416,0.10071743730339329,Baixo
1947421,0.08644062158298582,Baixo
1947371,0.08722169813579132,Baixo
1941869,0.17343017740130112,Baixo
1947035,0.31929181157541875,Medio
1946635,0.11782227592167588,Baixo
1947425,0.2843311803809737,Medio
1877095,0.42406938756402224,Medio
1943255,0.25086211888134446,Medio
1947430,0.057980812313012206,Baixo
1947427,0.2619460795914964,Medio
1947432,0.27810936436469924,Medio
1947433,0.3267971247236673,Medio
1944771,0.36589370688929046,Medio
1947423,0.34120928798164046,Medio
1947429,0.04850898574234259,Baixo
1947076,0.004758910859466947,Baixo
1947437,0.26152704317240905,Medio
1947128,0.28475583487141826,Medio
1936637,0.25206678000841576,Medio
1947378,0.22941094084610664,Medio
1901943,0.36417594660794816,Medio
1938435,0.27308093135821127,Medio
1947266,0.29644238094290604,Medio
1947444,0.2007518741196828,Medio
1947443,0.2514593486904962,Medio
1932036,0.5090937348535453,Alto
1947138,0.15660443296320128,Baixo
1945095,0.4700486748589797,Alto
1947136,0.15216339285134753,Baixo
1947384,0.3803735260797583,Medio
1947450,0.14016061215712303,Baixo
1947330,0.2755696709448419,Medio
1947453,0.03941626374602937,Baixo
1947181,0.5116946479078103,Alto
1947395,0.42651022714735726,Medio
1947448,0.21545741722101264,Medio
1946702,0.12943606184748552,Baixo
1947435,0.09170812573290608,Baixo
1947260,0.06929560866860794,Baixo
1947240,0.16845146766353453,Baixo
1947341,0.07822938064245004,Baixo
1947352,0.064414949360066,Baixo
1859086,0.39381101137192775,Medio
1947418,0.12168557991479811,Baixo
1947424,0.2860789024538393,Medio
1941212,0.07389326727841197,Baixo
1917365,0.20518602708995057,Medio
1947478,0.3254062610546501,Medio
1947479,0.43297767308502794,Medio
1947482,0.2982627434259479,Medio
1947490,0.0892421802530753,Baixo
1947491,0.3527314547136604,Medio
1947497,0.3084689684205462,Medio
1947500,0.05019666811818596,Baixo
1947404,0.0686641943876125,Baixo
1947483,0.16816842365004478,Baixo
1947496,0.18904729889903332,Baixo
1947504,0.19432407090529297,Baixo
1945926,0.2540365558601199,Medio
1947502,0.300488244968898,Medio
1947230,0.020675455517351372,Baixo
1947499,0.28509329442626724,Medio
1947484,0.29189064209812904,Medio
1947509,0.0968514939117669,Baixo
1941970,0.2946937626048478,Medio
1947439,0.09787007018318743,Baixo
1947513,0.2527051115561871,Medio
1947283,0.12867532074872898,Baixo
1947328,0.08188037248535726,Baixo
1947521,0.09173750212350859,Baixo
1947510,0.307847030039887,Medio
1947198,0.2607209869803361,Medio
1947370,0.19514732622909828,Baixo
1947526,0.3481157740861151,Medio
1947511,0.36189426955074594,Medio
1080252,0.10690970547562571,Baixo
1840829,0.12469341904844781,Baixo
1947516,0.08393412699803951,Baixo
1947517,0.14573999004765834,Baixo
1947519,0.12418021077932725,Baixo
1947523,0.32427372602542853,Medio
1947452,0.6187854775861219,Alto
1947038,0.29738278322062894,Medio
1947514,0.32280204686164926,Medio
1947535,0.09278851610243417,Baixo
1947533,0.21114683023455996,Medio
1934667,0.24622631385700858,Medio
1946255,0.3827384270096258,Medio
1947538,0.2794701313551987,Medio
1947467,0.14291610947361671,Baixo
1947537,0.14540387156002796,Baixo
1947531,0.1399428566884297,Baixo
1947536,0.059402192166047,Baixo
1947546,0.056414157913157424,Baixo
1945853,0.08358289619708659,Baixo
1935529,0.3229975090751308,Medio
1554773,0.1463199266413849,Baixo
1947554,0.24576087209226258,Medio
1947557,0.11124903417697049,Baixo
1839634,0.22340312464817072,Medio
1947547,0.10337889840391351,Baixo
1947550,0.4055432713702662,Medio
1947560,0.09872575485057573,Baixo
1947563,0.3190703537820559,Medio
1826214,0.16455091944219735,Baixo
1947558,0.3319585096837977,Medio
1947143,0.014711968309289851,Baixo
1947566,0.344317162818153,Medio
1947569,0.2955417542442009,Medio
1947572,0.19232728920999,Baixo
1947574,0.409477272187392,Medio
1947568,0.06501949650923486,Baixo
1947577,0.031242879227979973,Baixo
1947573,0.2848415323188131,Medio
1947539,0.1575908373981161,Baixo
1947582,0.1030923445790458,Baixo
1079717,0.1612076482161212,Baixo
1947561,0.12468888895363724,Baixo
1947585,0.1567200268740256,Baixo
1784251,0.13410349361138937,Baixo
1947591,0.09561708752552789,Baixo
1899244,0.22838755650709927,Medio
1947586,0.22833815114085995,Medio
1934364,0.4297065527863819,Medio
1946395,0.14036790139968933,Baixo
1947111,0.46748322523176494,Alto
1947540,0.25125500667606576,Medio
1947590,0.12077162613445673,Baixo
1943617,0.05218285505740787,Baixo
1947606,0.013563636736843182,Baixo
1947607,0.16873251494034178,Baixo
1941557,0.17169056727253956,Baixo
1946853,0.3470418174992315,Medio
1947580,0.3242315181267472,Medio
1947599,0.3798597578674422,Medio
1944678,0.14671557283789277,Baixo
1947616,0.15216904477352233,Baixo
1947614,0.10055318231640047,Baixo
1947628,0.34797778678501645,Medio
1947625,0.18327202444614404,Baixo
1947630,0.33256722882506806,Medio
1947508,0.18011240078354043,Baixo
1947629,0.40437466413768536,Medio
1947621,0.1376014548592813,Baixo
1947617,0.4519783988849695,Alto
1947636,0.46892505529746414,Alto
1935933,0.30479130380868386,Medio
1947640,0.13835391265982064,Baixo
1947645,0.5862468571963058,Alto
1863321,0.13186989240015423,Baixo
1947578,0.09227023346010375,Baixo
1947598,0.06409080938117558,Baixo
1947611,0.4484961567167185,Medio
1947643,0.18810676912810365,Baixo
1947644,0.3577183630962856,Medio
1947651,0.29869797769194695,Medio
1947632,0.23137203318410068,Medio
1937844,0.09364170343657123,Baixo
1947434,0.03999443254539256,Baixo
1946790,0.3250837737679153,Medio
1947665,0.1953129332214638,Baixo
1947663,0.05800594707886531,Baixo
1947671,0.25988907160799457,Medio
1947667,0.35601035914177803,Medio
1817780,0.014682606245168258,Baixo
1947673,0.03522820605750485,Baixo
1947564,0.13602950951630802,Baixo
1947400,0.056901647099457484,Baixo
1947678,0.22663543661756824,Medio
1947682,0.14174578341009944,Baixo
1947679,0.2753579422382281,Medio
1833347,0.1937620824525282,Baixo
1947675,0.128566121025442,Baixo
1947689,0.2014023558768066,Medio
1947692,0.30129362929838843,Medio
1898683,0.22117391914787432,Medio
1947690,0.006671418622550277,Baixo
1947672,0.16563217646601328,Baixo
1947639,0.06980184658598719,Baixo
1947637,0.3473779867111104,Medio
1947602,0.24697767664267967,Medio
1947684,0.4268474239282107,Medio
1947633,0.17173857946745008,Baixo
1947703,0.17696229222701979,Baixo
1947702,0.15867342589777933,Baixo
1947717,0.194882667273718,Baixo
1947707,0.16342827583698166,Baixo
1947719,0.09439086792052423,Baixo
1947135,0.19694649008933854,Baixo
1947524,0.14569582363795927,Baixo
1947724,0.37554096383176383,Medio
1947723,0.21963449696337717,Medio
1947522,0.5852589533201197,Alto
1922222,0.19521652777341938,Baixo
1947712,0.14145549488784911,Baixo
1843381,0.1514675421723458,Baixo
1947734,0.35411428145441126,Medio
1854634,0.10090042935986838,Baixo
1947729,0.2729964441929831,Medio
1941282,0.042516998347521096,Baixo
1932803,0.045224694539761405,Baixo
1947739,0.37142716086248634,Medio
1293539,0.18718842007119962,Baixo
1947748,0.12344209555964997,Baixo
1947713,0.174041226589471,Baixo
1947745,0.06427739880668878,Baixo
1947750,0.18037050789387463,Baixo
1715909,0.011759030797985102,Baixo
1947743,0.3940457255741693,Medio
1947757,0.2530384782248975,Medio
1946712,0.2649272492655289,Medio
1947706,0.2731013690526879,Medio
1947471,0.22180592597085758,Medio
1947762,0.13135001795381732,Baixo
1947761,0.3630255287040844,Medio
1947736,0.24655901259497692,Medio
1947765,0.18416886398519183,Baixo
1941477,0.2943825039656023,Medio
1947709,0.10797170214366054,Baixo
1947722,0.5197648389764026,Alto
1947079,0.3434782004874604,Medio
1943740,0.21309388347887273,Medio
1947775,0.14909766931294874,Baixo
1947726,0.18760568283814766,Baixo
1906889,0.1875756398572173,Baixo
1918673,0.19374541834675155,Baixo
1946580,0.18862227527728898,Baixo
1947247,0.13917526654436785,Baixo
1947787,0.21236572589144767,Medio
1944828,0.13482850547870873,Baixo
1947790,0.24270267081014896,Medio
1947794,0.1441105428029487,Baixo
1947532,0.202625690304472,Medio
1947405,0.5213479575233827,Alto
1947731,0.050877205593334376,Baixo
1947807,0.3272565540871248,Medio
1947806,0.017884205999354485,Baixo
1947495,0.04787215321764325,Baixo
1946976,0.21713108235167095,Medio
1947122,0.26124074110613804,Medio
1947581,0.06565270061168003,Baixo
1947817,0.1165069980275469,Baixo
1947822,0.5474614528277303,Alto
1946064,0.40703710052881803,Medio
1947823,0.4589951074429762,Alto
1947813,0.008920282406112279,Baixo
1947265,0.08953602161904946,Baixo
1947751,0.5113473731250116,Alto
1947834,0.17305812912857568,Baixo
1947831,0.3325899855825682,Medio
1947838,0.07845034415614721,Baixo
1947832,0.2746138779406724,Medio
1947808,0.2511449854780941,Medio
1947843,0.04993877450947258,Baixo
1947828,0.33263424071843983,Medio
1947837,0.07373121793662753,Baixo
1939489,0.2093937218415873,Medio
1947849,0.20388683852756442,Medio
1947555,0.33456455415826014,Medio
1947857,0.3630664830120415,Medio
1947846,0.23276524874415513,Medio
1947859,0.14684894541031326,Baixo
1947853,0.20866158532401125,Medio
1906439,0.2825166763211648,Medio
1947861,0.0076537468397372115,Baixo
1710288,0.16793670953161238,Baixo
1947860,0.14460755701375724,Baixo
1941300,0.35390432930080407,Medio
1947795,0.2742669623591861,Medio
1947809,0.008862171367424452,Baixo
1947865,0.3003910205010472,Medio
1947866,0.4198499437755304,Medio
1947863,0.044518103037911476,Baixo
1947868,0.08496830977700866,Baixo
1947870,0.2067320107200333,Medio
1947871,0.2693219187695906,Medio
1947409,0.6815185439011453,Alto
1947732,0.39860786286911826,Medio
1945106,0.10792181631270467,Baixo
1927833,0.4740813078998441,Alto
1947331,0.061126723793973416,Baixo
1947885,0.36365582286433706,Medio
1947887,0.416871772803538,Medio
1947480,0.7183301104736811,Critico
1947890,0.39158351361423593,Medio
1947889,0.1916174381142439,Baixo
1947735,0.0905068011070554,Baixo
1627066,0.17394661155665164,Baixo
1947864,0.11777562627208124,Baixo
1947900,0.3399512458177311,Medio
1947905,0.549014298881268,Alto
1947782,0.29289294017447665,Medio
1902437,0.07795044244307345,Baixo
1947317,0.17469053861921305,Baixo
1940886,0.42483198900167585,Medio
1947529,0.16911498967110336,Baixo
1947903,0.20178156328059962,Medio
1946799,0.17941123340980678,Baixo
1947914,0.23881020239917236,Medio
1947916,0.06280401048534728,Baixo
1947918,0.3206179114601402,Medio
1947567,0.049417434475143615,Baixo
1947920,0.07308586013178231,Baixo
1947921,0.08525216018067484,Baixo
1947924,0.10691539916605498,Baixo
1947925,0.14947570109764027,Baixo
1947804,0.16761031708239787,Baixo
1913642,0.18444238667913834,Baixo
1947931,0.3141791933743737,Medio
1947933,0.27534835185893997,Medio
1947934,0.3262921855599371,Medio
1947938,0.19342269974485357,Baixo
1946558,0.1299257585534401,Baixo
1947913,0.19773952085375757,Baixo
1947936,0.04733548139513308,Baixo
1947941,0.19966809862828255,Baixo
1947939,0.19276772648129625,Baixo
1931856,0.25390069949151484,Medio
1947835,0.07493144940629219,Baixo
1947947,0.2674061244664609,Medio
1947413,0.15326539983778056,Baixo
1947949,0.7141529365809808,Critico
1947944,0.05900078410506129,Baixo
1943068,0.4355118569004027,Medio
1947779,0.08601366118723042,Baixo
1947930,0.12695097137742442,Baixo
1946447,0.06632119063738526,Baixo
1901683,0.5006077441645916,Alto
1947953,0.2805745560170939,Medio
1947896,0.1631416600958194,Baixo
1947951,0.04520867592185758,Baixo
1947935,0.44909505280030626,Medio
1939247,0.13917200915865333,Baixo
1947959,0.17355672346079415,Baixo
1947883,0.4380274270187608,Medio
1947960,0.23875615949912785,Medio
1947966,0.15111542384076002,Baixo
1947888,0.3836189395159421,Medio
1947969,0.26405531390456716,Medio
1947972,0.34443927064194657,Medio
1947753,0.3617490945996598,Medio
1941056,0.15985456772940185,Baixo
1947980,0.18441962142992757,Baixo
1927331,0.3838726604769708,Medio
1947976,0.22592835953025128,Medio
1947852,0.22633864205864612,Medio
1947978,0.3056955823552637,Medio
1946700,0.36704578845709385,Medio
1947986,0.05544591705440091,Baixo
1947991,0.10536440138744617,Baixo
1947668,0.15516494225657954,Baixo
1947992,0.3341425574986065,Medio
1947998,0.1661457589557627,Baixo
1694743,0.221784513301283,Medio
1948000,0.18400018973595608,Baixo
1948003,0.36298991307070966,Medio
1947431,0.4383888085666028,Medio
1947460,0.3072404796828965,Medio
1947999,0.13261208519668746,Baixo
1948016,0.09743487824651922,Baixo
1946158,0.36660144371627196,Medio
1948005,0.10491843218073633,Baixo
1947987,0.09387840846198102,Baixo
1948013,0.1555525175572717,Baixo
1948014,0.08218288455531376,Baixo
1948035,0.23658601165179347,Medio
1948036,0.38690778126229136,Medio
1947955,0.2640692490518276,Medio
1948039,0.12940518007033755,Baixo
1948030,0.1931090750522734,Baixo
1948029,0.1725231032560366,Baixo
1948048,0.24967234682062397,Medio
1948045,0.15943483375141232,Baixo
1948050,0.18442290980701886,Baixo
1948043,0.1217281753655233,Baixo
1948051,0.04261284772681886,Baixo
1947758,0.14963564134837876,Baixo
1947800,0.14807925613541734,Baixo
1948061,0.13395971362390113,Baixo
1946132,0.2118991304975406,Medio
1947662,0.05839588333558476,Baixo
1921370,0.0496704647525383,Baixo
1947793,0.11625462223128687,Baixo
1936034,0.06885087576021401,Baixo
1948057,0.3982470756463873,Medio
1946191,0.16152505702461703,Baixo
1947512,0.24565041427997827,Medio
1945566,0.18280201753265635,Baixo
1947648,0.25779372861957744,Medio
1947737,0.15346952014291726,Baixo
1948077,0.034647889117413844,Baixo
1947084,0.2598037471291856,Medio
1948081,0.3279736138093531,Medio
1947997,0.13393715668894104,Baixo
1947906,0.13376254546722693,Baixo
1937041,0.3295395320365628,Medio
1947812,0.1957089685918682,Baixo
1947990,0.33158177710986836,Medio
1948059,0.5059598137634123,Alto
1948071,0.6049579057444496,Alto
1948092,0.12706104997189294,Baixo
1948098,0.40777964229127905,Medio
1927705,0.15771266681162635,Baixo
1947993,0.2771934672848731,Medio
1948101,0.4790692036898737,Alto
1948109,0.39395506477168574,Medio
1946928,0.230330517645117,Medio
1948110,0.21963000511604552,Medio
1948099,0.5219747010305712,Alto
1948078,0.20829619625431248,Medio
1948115,0.16823457330905162,Baixo
1948104,0.31302521175095954,Medio
1948096,0.4801408455560761,Alto
1948117,0.01585874890158796,Baixo
1948106,0.1618513662127867,Baixo
1947544,0.08961315532127574,Baixo
1948123,0.17519406718388503,Baixo
1948128,0.07830804301070307,Baixo
1948127,0.4793617525030778,Alto
1948133,0.375215359078089,Medio
1948138,0.15184538378832457,Baixo
1948015,0.3122109661116961,Medio
1948143,0.3273342911246809,Medio
1948066,0.2797832972562985,Medio
1948144,0.15613599606809958,Baixo
1948139,0.06820354061856886,Baixo
1948142,0.18202186196719294,Baixo
1947219,0.35372380983796115,Medio
1947912,0.3253160551806081,Medio
1948145,0.24566815621530258,Medio
1947946,0.15583680833881,Baixo
1946228,0.11774156975799165,Baixo
1947587,0.18689585165980022,Baixo
1945995,0.3814081245125804,Medio
1948160,0.12271270748383889,Baixo
1948166,0.10564327544508453,Baixo
1948165,0.11290769637599059,Baixo
1948164,0.19147467400135323,Baixo
1947891,0.13047939189969682,Baixo
1948158,0.09373455378215675,Baixo
1947446,0.09293621231158575,Baixo
1947351,0.19821850990106782,Baixo
1948163,0.21493030636119362,Medio
1946858,0.4572852944841578,Alto
1946826,0.11854403604876683,Baixo
1948120,0.055451731429735446,Baixo
1948168,0.4007163445267676,Medio
1948155,0.036030009575347764,Baixo
1948150,0.1433552991362727,Baixo
1948130,0.07061804815355666,Baixo
1948180,0.5114024765899697,Alto
1947009,0.36601551103672153,Medio
1948187,0.11285038307711633,Baixo
1948185,0.08404638842767899,Baixo
1948056,0.14621616930127,Baixo
1948184,0.06176442249475131,Baixo
1946624,0.14725017651700648,Baixo
1948182,0.5924676055012915,Alto
1948199,0.10925261863578678,Baixo
1947910,0.14974637638580718,Baixo
1944414,0.008568115849891155,Baixo
1945285,0.1049204012681724,Baixo
1948209,0.36253405082675977,Medio
1948201,0.2531002744792404,Medio
1948212,0.29493745457888754,Medio
1948203,0.11942394392852344,Baixo
1896704,0.28641178324345345,Medio
1948210,0.41531551725616844,Medio
1948211,0.45703409886145097,Alto
1946611,0.25525665048078394,Medio
1948219,0.1434045758512993,Baixo
1948151,0.3741046143345965,Medio
1948221,0.2997411546152677,Medio
1948202,0.2904391027876388,Medio
1948217,0.3332664691783748,Medio
1948214,0.07239227516143758,Baixo
1948229,0.30811367118407074,Medio
1948091,0.10093370340336835,Baixo
1948218,0.3837770651021333,Medio
1935294,0.10584686911564883,Baixo
1948200,0.10858885614154144,Baixo
1948233,0.04917437064101095,Baixo
1948240,0.24427386986971944,Medio
1948204,0.01770048167641022,Baixo
1948236,0.2239634544313994,Medio
1948178,0.04200901234581071,Baixo
1948054,0.10566445603459469,Baixo
1948256,0.43754111563593917,Medio
1948231,0.07464699382427578,Baixo
1948192,0.3264073550252136,Medio
1948258,0.1738212200510232,Baixo
1943315,0.07165602600142673,Baixo
1948254,0.19925278073370858,Baixo
1948262,0.22908695866800358,Medio
1948278,0.34842960029869424,Medio
1062478,0.18942007181312318,Baixo
1948264,0.16525941663956406,Baixo
1947796,0.34083254285288483,Medio
1948276,0.2155150138523067,Medio
1948235,0.48733480731450946,Alto
1948281,0.347678988576274,Medio
1947315,0.37384143429358874,Medio
1948293,0.09747385280030786,Baixo
1948230,0.19579309020627889,Baixo
1948301,0.4925758367364542,Alto
1948277,0.401458530830601,Medio
1948309,0.0997360651215122,Baixo
1907306,0.46582489102793895,Alto
1948273,0.19064979721522057,Baixo
1947619,0.3622180230519568,Medio
1916163,0.3544627692236884,Medio
1948177,0.1863321102153407,Baixo
1948325,0.30285135428295773,Medio
1948327,0.28002788479135504,Medio
1948213,0.27379362227598064,Medio
1948341,0.3426885815577804,Medio
1948326,0.11046144337615775,Baixo
1948329,0.3016650391495086,Medio
1948247,0.012064767074272105,Baixo
1948343,0.6730095152373187,Alto
1948306,0.3555574923822833,Medio
1948245,0.3346430951187051,Medio
1948346,0.4466750486892386,Medio
1948349,0.5135441622066639,Alto
1917248,0.0698835766735694,Baixo
1948206,0.42626482144343536,Medio
1948118,0.07107926426108489,Baixo
1948356,0.3434896345384893,Medio
1947884,0.180263651413426,Baixo
1948355,0.31253212564226357,Medio
1948274,0.46449479615171685,Alto
1942546,0.11503630069989243,Baixo
1346508,0.36831007489558654,Medio
1946942,0.16707902479575126,Baixo
1948344,0.06377895185311418,Baixo
1948363,0.12938561547474686,Baixo
1947669,0.33926714606090924,Medio
1948336,0.2924829323764888,Medio
1948369,0.25491205233999226,Medio
1948371,0.10246278018171293,Baixo
1948243,0.16601662329567804,Baixo
1948375,0.05674438952291681,Baixo
1948304,0.050753967097287044,Baixo
1948340,0.24341313317887447,Medio
1948379,0.5219923587615862,Alto
1948186,0.1289412108578116,Baixo
1948373,0.40435300632423093,Medio
1948394,0.37636912985490384,Medio
1948388,0.35250119274016306,Medio
1948392,0.14985506627074066,Baixo
1948365,0.15163664772339433,Baixo
1948321,0.23061397083095767,Medio
1948398,0.08201346304551052,Baixo
1948053,0.42678031977471076,Medio
1948024,0.27195455012519504,Medio
1948332,0.008816556941745764,Baixo
1948315,0.3227854613164312,Medio
1947897,0.3335921814139681,Medio
1948390,0.45711308477158735,Alto
1947347,0.17425644781179286,Baixo
1948402,0.14464540021574113,Baixo
1948404,0.04828352011603412,Baixo
1948269,0.2747577622719057,Medio
1946606,0.11421198620701306,Baixo
1948406,0.11006817088303318,Baixo
1945624,0.17900491167842475,Baixo
1948414,0.3102369074783072,Medio
1948399,0.3073827358242083,Medio
1948412,0.4976966900697411,Alto
1948407,0.25242622495588857,Medio
1948422,0.17399231309216356,Baixo
1948423,0.1169331788629924,Baixo
1948419,0.23428707545917934,Medio
1948084,0.3951125807852871,Medio
1937301,0.10916927221806642,Baixo
1948432,0.23629863789797334,Medio
1948418,0.40062571552330906,Medio
1948308,0.016231017627445492,Baixo
1948427,0.05240474582814871,Baixo
1914249,0.10348729443611869,Baixo
1948434,0.07019232514209252,Baixo
1948431,0.4205450917207811,Medio
1766881,0.005278452658889109,Baixo
1948445,0.2677977597724489,Medio
1948449,0.3555179744883089,Medio
1947089,0.26782352274224935,Medio
1948437,0.10445866199361359,Baixo
1948453,0.23876762251662087,Medio
1948448,0.148636229682216,Baixo
1948447,0.16004052761684878,Baixo
1948455,0.23512528479475675,Medio
1946903,0.1625334592089684,Baixo
1948460,0.27645306277962595,Medio
1948462,0.17678944025770227,Baixo
1948468,0.17338048917104443,Baixo
1945946,0.3078046777443399,Medio
1948429,0.22905858099042978,Medio
1948381,0.0513596127422317,Baixo
1948435,0.5895127966139018,Alto
1948391,0.03683356908158931,Baixo
1948334,0.2966202897076833,Medio
1946710,0.5842520056982135,Alto
1948183,0.3398038271482789,Medio
1947989,0.12950471768507554,Baixo
1948493,0.2815756674146494,Medio
1948495,0.26285519412055175,Medio
1948497,0.5566454065073989,Alto
1948312,0.3624360576162038,Medio
1948141,0.33806462668081033,Medio
1948318,0.17214280552227612,Baixo
1948500,0.5524691149499428,Alto
1948498,0.44846740005113817,Medio
1945390,0.12028615857957754,Baixo
1948477,0.006288444006666217,Baixo
1948512,0.2783653789763109,Medio
1946783,0.27437071962857507,Medio
1948504,0.2692660418678531,Medio
1873074,0.3479298274678976,Medio
1939691,0.1650584300467528,Baixo
1948479,0.20191619773607933,Medio
1948522,0.5210784141968757,Alto
1948481,0.2948991719517283,Medio
1948515,0.4769429683842563,Alto
1948351,0.10418293492980114,Baixo
1948526,0.3452216542048733,Medio
1948523,0.03530574147784122,Baixo
1948428,0.08146838791947915,Baixo
1948531,0.061679998791405746,Baixo
1948530,0.1072833000693069,Baixo
1948542,0.3318382523144715,Medio
1948533,0.2910222694903916,Medio
1947506,0.11901022638731942,Baixo
1940870,0.18760034433006706,Baixo
1948547,0.2278434284386339,Medio
1948543,0.11691280834384395,Baixo
1948482,0.6186058906000359,Alto
1947588,0.14628362091188477,Baixo
1947177,0.35946985390257347,Medio
1948548,0.4720058801537145,Alto
1866999,0.07147652639029516,Baixo
1948557,0.10146020745519548,Baixo
1948554,0.1960064631560469,Baixo
1948193,0.1467630487887382,Baixo
1948563,0.32909369616360223,Medio
1948564,0.5469581462567751,Alto
1948571,0.3681181707179569,Medio
1948572,0.22223126259307002,Medio
1948484,0.6375089549252704,Alto
1948561,0.3729983930873526,Medio
1948580,0.42976420163594686,Medio
1948382,0.05197408637129625,Baixo
1948578,0.2850406186042246,Medio
1948574,0.4826992821251901,Alto
1948588,0.5414675744425105,Alto
1948577,0.12183421506273448,Baixo
1948583,0.16549729364141322,Baixo
1948478,0.19040640373706402,Baixo
1948592,0.1580461453781418,Baixo
1746664,0.25163185416068284,Medio
1948590,0.29679053300794933,Medio
1948549,0.15079956788252724,Baixo
1948052,0.3296846618881856,Medio
1948601,0.3845003244192001,Medio
1948604,0.24314566205079255,Medio
861985,0.17444135027913363,Baixo
1948090,0.27534249393025556,Medio
1948615,0.010631750895536536,Baixo
1936619,0.16111595670565013,Baixo
1947549,0.38538269907548045,Medio
1948622,0.05876037393179662,Baixo
1948629,0.19381417272740317,Baixo
1929169,0.2346127811973872,Medio
1946183,0.19429651173764936,Baixo
1948633,0.18460663955761156,Baixo
1947776,0.23635157236329812,Medio
1948640,0.17423912881209566,Baixo
1948579,0.1634296815655956,Baixo
1891304,0.2204930772028178,Medio
1943907,0.11320493599826406,Baixo
1948167,0.007296988624924949,Baixo
1948650,0.13699492091750684,Baixo
1948228,0.3146665200343333,Medio
1948644,0.12399471127015325,Baixo
1948654,0.12237164792377607,Baixo
1948237,0.27652042459638576,Medio
1948393,0.3662476363131668,Medio
1946380,0.5563421897078349,Alto
1948661,0.30531516007747617,Medio
1948658,0.06785284593285464,Baixo
1948660,0.16963191064890815,Baixo
1931684,0.1873691994255766,Baixo
1948666,0.3181927184130866,Medio
1948680,0.1558095885453726,Baixo
1948684,0.2052809546594097,Medio
1948682,0.2536079341082056,Medio
1948676,0.4369885712411631,Medio
1948671,0.12240510371127397,Baixo
1948681,0.42527233953829974,Medio
1948632,0.3682210542368262,Medio
1948686,0.15119328901590773,Baixo
1895858,0.1381189415558112,Baixo
1936791,0.009680103033066939,Baixo
1941171,0.13511061989971054,Baixo
1948647,0.42434340682107585,Medio
1948638,0.08199105051605209,Baixo
1948688,0.06381434674400592,Baixo
1948701,0.010352964040250934,Baixo
1946546,0.36966303693114944,Medio
1948613,0.29978042924106385,Medio
1947209,0.2566675447155849,Medio
1946230,0.11907724462611181,Baixo
1946244,0.6555811889467328,Alto
1943123,0.10219190166494387,Baixo
1948700,0.4246411399619337,Medio
1948705,0.18380556352922064,Baixo
1948648,0.16692436642190778,Baixo
1948690,0.3877295835731292,Medio
1948710,0.24534472418338632,Medio
1948687,0.29143138901177307,Medio
1948713,0.3684438802213174,Medio
1948711,0.06426569759279503,Baixo
1948717,0.15326233218611324,Baixo
1948699,0.11147523922449026,Baixo
1948646,0.055990986006853156,Baixo
1948718,0.34873765039366716,Medio
1948723,0.3288309904494011,Medio
1948714,0.17378305756966378,Baixo
1859447,0.09012556618534498,Baixo
1948716,0.5347021068189158,Alto
1948378,0.28295995497787946,Medio
1924550,0.3431259751039005,Medio
300988,0.18686574260899888,Baixo
1948736,0.06832460615030443,Baixo
1948729,0.1706404706668199,Baixo
1948737,0.32262957564693884,Medio
1948746,0.376847251433981,Medio
1948738,0.08015883098450581,Baixo
1948749,0.16907032985123993,Baixo
1948732,0.3514410816506791,Medio
1948424,0.15154310356456818,Baixo
1948112,0.511635746969996,Alto
1948741,0.014791752661403722,Baixo
1948754,0.15327941341036358,Baixo
1948762,0.133060384872995,Baixo
1948758,0.1295596728050548,Baixo
1948757,0.24430609521174618,Medio
1948595,0.4341670602376037,Medio
1948772,0.2239431641566896,Medio
1948751,0.17970821721064256,Baixo
1948759,0.3121144185963939,Medio
1948770,0.24931140847770122,Medio
1948763,0.03753643347649074,Baixo
1948663,0.055443433472715825,Baixo
1948704,0.23852481956110158,Medio
1948779,0.4538888265601404,Alto
1814806,0.24146543997008443,Medio
1948781,0.3953326959589044,Medio
1948786,0.2914413121648997,Medio
1948784,0.06429173184711663,Baixo
1947827,0.37492598921273673,Medio
1948794,0.3436460841197153,Medio
1948782,0.3032402758867491,Medio
1948501,0.3894726078067769,Medio
1948161,0.055149842799299686,Baixo
1948795,0.42807519776074265,Medio
1947880,0.5863389256219173,Alto
1947783,0.05474849294655267,Baixo
1948801,0.10456719583123132,Baixo
1948802,0.12955154943897487,Baixo
1948726,0.194791876908871,Baixo
1948804,0.3329109551070755,Medio
1948809,0.045126177057428794,Baixo
1948807,0.08341607674920273,Baixo
1948401,0.12672168244444196,Baixo
1946623,0.3358094945898208,Medio
1948813,0.34262028419455587,Medio
1948812,0.12686659211720672,Baixo
1948473,0.31909743506572497,Medio
1867813,0.5413534204417836,Alto
1948740,0.021198662763421527,Baixo
1924288,0.09817261137628963,Baixo
1947895,0.016605704713690737,Baixo
1948814,0.217333817092016,Medio
1948587,0.48943184054927935,Alto
1948612,0.5002350648496525,Alto
1938961,0.5712021290591629,Alto
1948709,0.01801915370971129,Baixo
1947720,0.26880036326678297,Medio
1948819,0.06306503788594982,Baixo
1947562,0.19412598356293667,Baixo
1935881,0.2961516421145251,Medio
1936273,0.2311122593987606,Medio
1948832,0.1457575985944689,Baixo
1948817,0.24781225900813178,Medio
1928318,0.10122080109442516,Baixo
1947498,0.41092714345419473,Medio
1948366,0.5414074391590447,Alto
1948845,0.004848905177303587,Baixo
1948581,0.37584713405766096,Medio
1948570,0.17463888527391586,Baixo
1948851,0.0811594489476497,Baixo
1948849,0.23313311914612284,Medio
1923779,0.11625032464583389,Baixo
1946805,0.21538834369318283,Medio
1948829,0.10250011260774283,Baixo
1948859,0.25694682045144507,Medio
1902514,0.4331681592257095,Medio
1948862,0.2472457793074663,Medio
1948865,0.17146857573253046,Baixo
1948476,0.11027984280063091,Baixo
1948874,0.21997812890339652,Medio
1948827,0.07780446863102888,Baixo
1903680,0.3803028484190332,Medio
1948311,0.08782182164896783,Baixo
1948839,0.34517108924846474,Medio
1948766,0.29966735347891754,Medio
1948856,0.14587667476528335,Baixo
1947291,0.5594766551846946,Alto
1948872,0.40940559195790127,Medio
1948828,0.38767092045802126,Medio
1948883,0.19133559467767736,Baixo
1948879,0.298056182824929,Medio
1948886,0.21281985428497163,Medio
1948887,0.41131723169343265,Medio
1948888,0.3888950664360249,Medio
1948894,0.5025933025713871,Alto
1938697,0.6047259505084268,Alto
1948891,0.3595941280414791,Medio
1946718,0.19668828650200523,Baixo
1948876,0.25767130325734217,Medio
1948896,0.20532141479934227,Medio
1948897,0.5711032801270147,Alto
1948898,0.13787272900994885,Baixo
1948899,0.25314570867965325,Medio
1948903,0.042391392830899585,Baixo
1948908,0.5259313300426228,Alto
1948787,0.25783616549227134,Medio
1948913,0.240349421384908,Medio
1948870,0.19874011065819205,Baixo
1948337,0.05655780174604231,Baixo
1944368,0.06154630422118688,Baixo
1948920,0.11368449454365125,Baixo
1929863,0.17467299754211052,Baixo
1948928,0.5417077865720612,Alto
1948234,0.00839810949573646,Baixo
1948925,0.04347243358275605,Baixo
1948922,0.1610679877366847,Baixo
1948914,0.31415398416405205,Medio
1948915,0.092251266953993,Baixo
1948929,0.08792673601205088,Baixo
1947654,0.24107867166359317,Medio
1938709,0.1205469387437982,Baixo
1948706,0.4333480221942019,Medio
1948923,0.31790612707563926,Medio
1948932,0.37466403759163214,Medio
1948931,0.3436173075875301,Medio
1948842,0.22033037529286173,Medio
1948937,0.3118170483089172,Medio
1948835,0.27327082891250215,Medio
1948073,0.3197622973090969,Medio
1948945,0.33829893124258736,Medio
1942621,0.46802384597376634,Alto
1948942,0.1970340519779106,Baixo
1948946,0.30043086047960493,Medio
1948745,0.14576142232556702,Baixo
1948947,0.13428268103069263,Baixo
1948954,0.06997148743658643,Baixo
1944449,0.16604866228590304,Baixo
1943783,0.24372286484806352,Medio
1948963,0.5070296560538265,Alto
1948941,0.19830339338184866,Baixo
1933963,0.18365927902198959,Baixo
1948322,0.5807438885968075,Alto
1948962,0.40836847140787663,Medio
1948967,0.38165202387839364,Medio
1931788,0.16462721449435064,Baixo
1948969,0.08724531590208215,Baixo
1948973,0.18674546931518143,Baixo
1948971,0.7170301378052812,Critico
1948986,0.15950247329557687,Baixo
1935579,0.11995355949212816,Baixo
1948921,0.356485484123494,Medio
1948990,0.2477915033027841,Medio
1948977,0.0824035621584611,Baixo
1948996,0.13522967328672586,Baixo
1948525,0.3298398347465749,Medio
1946796,0.13217970609795482,Baixo
1948297,0.1769701692330853,Baixo
1948474,0.18876339891130683,Baixo
1948895,0.38882498094291035,Medio
1948919,0.20217784928239962,Medio
1947647,0.12636403237836685,Baixo
1948241,0.4812495434026596,Alto
1948330,0.5215806993613842,Alto
1948875,0.38141215555100694,Medio
1949008,0.36841598220562344,Medio
1948981,0.252898996837014,Medio
1947609,0.1200023684489332,Baixo
1949007,0.04706248692063226,Baixo
1947685,0.09359765660685418,Baixo
1949006,0.18736632686590649,Baixo
1895943,0.062285797413064066,Baixo
1949019,0.08368021633372905,Baixo
1946983,0.05740513061916969,Baixo
1948970,0.16936976188853387,Baixo
1935889,0.15658464589437313,Baixo
1943577,0.3718460227985883,Medio
1948974,0.3690243524306899,Medio
1945794,0.06674121223744704,Baixo
1949026,0.21919511613629192,Medio
1916798,0.306050285966286,Medio
1947784,0.27747642358874053,Medio
1948747,0.19218037860697765,Baixo
1634780,0.18278840151839543,Baixo
1949037,0.2946318978430847,Medio
1941615,0.3309680443906171,Medio
1935202,0.30524204273600114,Medio
1949024,0.011381701282350236,Baixo
1949027,0.19133485004197906,Baixo
1922552,0.09267849785236955,Baixo
1949041,0.16101969805100508,Baixo
1944099,0.20092029910769466,Medio
1949049,0.46596414551309717,Alto
1949048,0.30651442207270035,Medio
1948162,0.3213733143906288,Medio
1949047,0.15370994352917472,Baixo
1926782,0.05520603595072682,Baixo
1949056,0.07429686941792743,Baixo
1949059,0.4423150974315473,Medio
1949046,0.3129419850228019,Medio
1949063,0.3042629599058945,Medio
1945751,0.22783465250477652,Medio
1949067,0.26021562181321084,Medio
1949021,0.10734136854391267,Baixo
1949071,0.179766617503423,Baixo
1949072,0.48970188710376866,Alto
1949074,0.07801495626351183,Baixo
1949076,0.41850312404244033,Medio
1949081,0.2814305874413751,Medio
1948902,0.37013478583640874,Medio
1949065,0.043478728534352924,Baixo
1949080,0.081661483002813,Baixo
1949052,0.16268142117170248,Baixo
1774099,0.27131409533524464,Medio
1949082,0.3537240430804478,Medio
1949086,0.09558325131009943,Baixo
1948362,0.07803787182726911,Baixo
1949078,0.7003830573829016,Critico
1949033,0.35380381491633595,Medio
1949089,0.2398263740270746,Medio
1923021,0.4938708011159956,Alto
1949062,0.21918019048227388,Medio
1949092,0.30853087843975924,Medio
1949068,0.28550545666268357,Medio
1949094,0.29665791052163026,Medio
1949095,0.365324636455414,Medio
1949099,0.47799788936934684,Alto
1949098,0.3020195775324794,Medio
1949090,0.4417572763729803,Medio
1911992,0.1287655083510825,Baixo
1876662,0.33652947897874047,Medio
1947961,0.4212136616937285,Medio
1949102,0.30739543209478026,Medio
1949107,0.5515159738730271,Alto
1949111,0.2886752399864907,Medio
1949100,0.1393832841735008,Baixo
1949109,0.3917776719523175,Medio
1949115,0.40463476811837207,Medio
1949119,0.4633694697031625,Alto
1948514,0.29117300769323956,Medio
1949130,0.037730290245605355,Baixo
1948665,0.4123938151350806,Medio
1949134,0.27784937238931606,Medio
1946994,0.36636438844121477,Medio
1949083,0.304427774713137,Medio
1949139,0.1732265581121505,Baixo
1949140,0.24851995320160203,Medio
1949138,0.16652925520068665,Baixo
1949126,0.3025723459990143,Medio
1949143,0.35287984419378904,Medio
1948826,0.3603734531702117,Medio
1947741,0.1438143148347752,Baixo
1949148,0.0065549123626015195,Baixo
1949147,0.1083365637436489,Baixo
1949151,0.3637907559468158,Medio
1949128,0.3467260625468785,Medio
1949149,0.44061371394726473,Medio
1935181,0.08730369657404831,Baixo
1948089,0.3086809325086705,Medio
1949150,0.5426095400087052,Alto
1818507,0.1373871363162973,Baixo
1949137,0.04620434633514007,Baixo
1949058,0.2210814028893966,Medio
1948972,0.4076535530482094,Medio
1949108,0.5153993034277561,Alto
1949087,0.08090899271774607,Baixo
1949159,0.0994699197271658,Baixo
1929352,0.4047466754356974,Medio
1949160,0.22408425016622888,Medio
1949164,0.32959300845880435,Medio
1941830,0.1374812702877159,Baixo
1949162,0.4835056343201326,Alto
1949171,0.2159304729627544,Medio
1949168,0.33754993098009317,Medio
1949043,0.05826801439568568,Baixo
1949174,0.32766110574019186,Medio
1949181,0.2323442724880387,Medio
1949101,0.10027768318382577,Baixo
1949172,0.060480032074728865,Baixo
1949192,0.35892784553105606,Medio
1946242,0.11738062927142387,Baixo
1949186,0.26057432711035294,Medio
1949195,0.13056113130705604,Baixo
1947704,0.23592982108011534,Medio
1949199,0.3612816717805383,Medio
1948380,0.20251252520832458,Medio
1949200,0.6454452032451224,Alto
1949212,0.3722133511056441,Medio
1949216,0.34305096389657064,Medio
1949204,0.294586060427988,Medio
1948086,0.5030048763338628,Alto
1948131,0.5522816815903803,Alto
1947087,0.19235154667120352,Baixo
1941041,0.30180391828800013,Medio
1949214,0.6048277424996721,Alto
1948513,0.2996069858537645,Medio
1949224,0.18714725107002303,Baixo
1949173,0.38744688741109584,Medio
1949220,0.1789329076835243,Baixo
1949219,0.17229528037307093,Baixo
1949193,0.2347207096724046,Medio
1949158,0.19182337599832272,Baixo
1949177,0.411251531908128,Medio
1949227,0.15158696989976042,Baixo
1949116,0.10097924569551528,Baixo
1949230,0.06695343184385266,Baixo
1949228,0.11672145635609736,Baixo
1949233,0.15912772953431834,Baixo
1949234,0.20790933997077368,Medio
1947699,0.12601891690685757,Baixo
1949237,0.0953506351331009,Baixo
1949207,0.2285639445754591,Medio
1949183,0.06313235504271601,Baixo
1949240,0.3579199890882391,Medio
1949238,0.49468613357522895,Alto
1949245,0.08993674659671005,Baixo
1949250,0.12233487773856778,Baixo
1949251,0.18387081672582536,Baixo
1949243,0.13768645054475462,Baixo
1949256,0.24022108946613113,Medio
1949225,0.16406893389887772,Baixo
1949264,0.18919970522496898,Baixo
1949261,0.3641840627476838,Medio
1949258,0.5551630255628448,Alto
1948451,0.342681625072326,Medio
1946659,0.2274355435564259,Medio
1949157,0.33321237812088733,Medio
1949272,0.07968304521508981,Baixo
1942733,0.3040509394887756,Medio
1949277,0.17923721130006068,Baixo
1949239,0.21119371914210316,Medio
1943837,0.2320033886709822,Medio
1949221,0.08259315780201218,Baixo
1949194,0.11279773972985732,Baixo
1949289,0.1660978700312408,Baixo
1949283,0.4633367364929328,Alto
1949271,0.17751510980286425,Baixo
1949295,0.1917703211440168,Baixo
1879338,0.30181866266523927,Medio
1949290,0.40020242654152005,Medio
1949297,0.13325601121273228,Baixo
1949298,0.6504209867083314,Alto
1949296,0.21730849129508037,Medio
1949303,0.18694486704091057,Baixo
1947600,0.641136955298839,Alto
1949127,0.17943801973387052,Baixo
1949163,0.3746608197179505,Medio
1949309,0.2543127283202665,Medio
1949254,0.16538656504373872,Baixo
1947965,0.18861594024996556,Baixo
1949301,0.26754663137676554,Medio
1949314,0.12745929457187483,Baixo
1948995,0.4752191399960638,Alto
1949305,0.23390674414715923,Medio
1948585,0.7027754331333033,Critico
1949327,0.5636010137435283,Alto
1949324,0.1193225966202869,Baixo
1949340,0.17285961073663364,Baixo
1949343,0.10413482947987704,Baixo
1949350,0.13456969504277433,Baixo
1949341,0.49436248534355753,Alto
1949333,0.059313120125611615,Baixo
1949328,0.14042916486635487,Baixo
1949279,0.08335477300014106,Baixo
1949349,0.1989008155755965,Baixo
1949359,0.10102517966387893,Baixo
1949373,0.24357616989441444,Medio
1949360,0.12825516908692053,Baixo
1949336,0.2796850890800854,Medio
1949346,0.20065712919024287,Medio
1949354,0.06721413102513292,Baixo
1949318,0.16070935245428575,Baixo
1949372,0.3676012962754591,Medio
1949356,0.24260872207873357,Medio
1949379,0.5464324219933151,Alto
1949365,0.11839486766115859,Baixo
1949326,0.1506830933214442,Baixo
1949361,0.3071398627826029,Medio
1949384,0.23438940111147624,Medio
1949374,0.48476768866350445,Alto
1949334,0.0803935799401604,Baixo
1949383,0.42545879763172634,Medio
1949363,0.09510990153010768,Baixo
1949386,0.2057899657815189,Medio
1949368,0.25085029892691,Medio
1949331,0.20593765164824956,Medio
1949319,0.46254241295253423,Alto
1949381,0.20283731055541426,Medio
1949345,0.18102347975107078,Baixo
1949329,0.14069060436323141,Baixo
1949378,0.16919062264638712,Baixo
1949393,0.19531261706907016,Baixo
1949347,0.27989575594673505,Medio
1948345,0.05077490245825589,Baixo
1949370,0.19571068462591484,Baixo
1949355,0.16743554743157774,Baixo
1949376,0.3346056133680315,Medio
1949391,0.23722773135645187,Medio
1949352,0.21821631989506934,Medio
1947985,0.6135202853629773,Alto
1949257,0.27704785227592776,Medio
1949397,0.29084998036564363,Medio
1949337,0.21581464056083838,Medio
1949401,0.12263298727946442,Baixo
1949377,0.16838911974859674,Baixo
1949407,0.12394823738976364,Baixo
1949396,0.4377466311571666,Medio
1948810,0.3069246208887582,Medio
1949388,0.17340019927681036,Baixo
1949405,0.2343666966457839,Medio
1949344,0.18413557779716547,Baixo
1949412,0.41985246843811114,Medio
1949399,0.2109845561125212,Medio
1949421,0.36118710432712703,Medio
1949420,0.15152553002669636,Baixo
1949417,0.3814688206966114,Medio
1949414,0.13354583574051163,Baixo
1949408,0.17220051004134962,Baixo
1949025,0.11672186308544318,Baixo
1949409,0.027394021692102394,Baixo
1949423,0.012689535915863819,Baixo
1949429,0.4826037556790511,Alto
1948715,0.10193340759971858,Baixo
1949390,0.06260977164619033,Baixo
1927600,0.3023189215236558,Medio
1663371,0.076983946137268,Baixo
1949433,0.14765890360050604,Baixo
1946575,0.23891684084657414,Medio
1949434,0.2155533173395909,Medio
1948966,0.25422840523277224,Medio
1948540,0.2531559462935629,Medio
1949446,0.13729117529824275,Baixo
1949447,0.4405655350409857,Medio
1949449,0.28722660494595836,Medio
1948205,0.17947062749153259,Baixo
1949453,0.19575396716673277,Baixo
1949456,0.14603967465358905,Baixo
1949455,0.10566525990762565,Baixo
1948616,0.33810125407275055,Medio
1949464,0.311601706056106,Medio
1949468,0.1822597256853031,Baixo
1949459,0.05262315872937879,Baixo
1949467,0.3370125131497146,Medio
1949460,0.13771735470768423,Baixo
1947080,0.2986216159094428,Medio
1934421,0.23511569574232877,Medio
1947915,0.13654869158424626,Baixo
1948884,0.25223539289183816,Medio
1949458,0.30929246214391537,Medio
1949477,0.1964169347431766,Baixo
1949330,0.23597215125864762,Medio
1948305,0.06933726801955092,Baixo
1948850,0.0882629689439439,Baixo
1930662,0.20799455073872475,Medio
1949484,0.2883682671867559,Medio
1949371,0.21559353618171354,Medio
1718060,0.0053836641839110164,Baixo
1949488,0.2628820900958407,Medio
1949500,0.12035870997085633,Baixo
1949502,0.3635287484132294,Medio
1949510,0.32983694625476745,Medio
1944663,0.3873085067455681,Medio
1949506,0.2916804712281242,Medio
1949493,0.3173052981425437,Medio
1949504,0.10474428041256358,Baixo
1949519,0.11646473890387443,Baixo
1949515,0.08158901509696849,Baixo
1949520,0.42219336231665605,Medio
1947872,0.17417560718581349,Baixo
1949495,0.19038658936939448,Baixo
1948065,0.11381339258751788,Baixo
1949069,0.14301677986838437,Baixo
1949487,0.1949722749426916,Baixo
1949508,0.13283262731340978,Baixo
1949523,0.09655637849970695,Baixo
1949144,0.2982093215412315,Medio
1949491,0.33874966069653445,Medio
1778443,0.5380485074828123,Alto
1949073,0.30997273022818733,Medio
1949535,0.10958492378737911,Baixo
1949530,0.0686613186460863,Baixo
1934093,0.1579905078511046,Baixo
1949478,0.2298749539300328,Medio
1949516,0.3498265875440544,Medio
1949284,0.36004431669895354,Medio
1949547,0.14699835356740554,Baixo
1948803,0.4664524338676066,Alto
1949146,0.29603667360174,Medio
1949501,0.12516203801472206,Baixo
1949539,0.42964099189359206,Medio
1949550,0.12803310480128305,Baixo
1949559,0.2803584289438095,Medio
1949553,0.11469520980140462,Baixo
1949474,0.09689465013746215,Baixo
1948730,0.17539673219466692,Baixo
1949432,0.31601702123336434,Medio
1945915,0.18285612525088438,Baixo
1949555,0.17363151294452867,Baixo
1949563,0.19705309259940337,Baixo
1949579,0.43956745024113203,Medio
1949578,0.1963930196321141,Baixo
1949574,0.05383021119122241,Baixo
1949569,0.06212336518669571,Baixo
1949587,0.058682672692142446,Baixo
1949507,0.14575221524787774,Baixo
1949584,0.37297419976746343,Medio
1949545,0.06406472814179977,Baixo
1949594,0.22510145953669247,Medio
1949600,0.2318121196634723,Medio
1949604,0.325314112597439,Medio
1949603,0.098876691009293,Baixo
1949596,0.007204628049873038,Baixo
1949585,0.512691173734595,Alto
1949616,0.19767764864616683,Baixo
1949615,0.24971102464922582,Medio
1949622,0.14987499815528238,Baixo
1949582,0.14424872547108047,Baixo
1949612,0.339334589917677,Medio
1949633,0.19309596623978736,Baixo
1949631,0.12157299390921905,Baixo
1949638,0.18852135396676445,Baixo
1949642,0.014622611528382814,Baixo
1936727,0.3154475703190081,Medio
1949534,0.24897830806391869,Medio
1948333,0.10023783895202608,Baixo
1949482,0.17473199238269926,Baixo
1949387,0.2703457225406001,Medio
1906032,0.4941171883102773,Alto
1946766,0.22744459187357227,Medio
1949635,0.2008866627385129,Medio
1949129,0.4310533097667848,Medio
1949634,0.1614509251246772,Baixo
1947408,0.428436367786963,Medio
1949668,0.04742248874523508,Baixo
1948226,0.2260155984290648,Medio
1949670,0.25137289804468654,Medio
1949671,0.32291436823877984,Medio
1949674,0.015499241664870234,Baixo
1949665,0.19509741791115215,Baixo
1949678,0.2288233847727339,Medio
1949676,0.5654471304184535,Alto
1949666,0.34289180766819405,Medio
1949679,0.580095169763094,Alto
1949002,0.5946372959047812,Alto
1949672,0.2976262188997417,Medio
1948724,0.1441529587327546,Baixo
1949682,0.05494732557943349,Baixo
1949514,0.14557237227838235,Baixo
1949664,0.1882510625245732,Baixo
1949667,0.46283219267637565,Alto
1949689,0.10372991375143993,Baixo
1949364,0.32035313934428666,Medio
1949691,0.11374119289371738,Baixo
1949684,0.28486177628948284,Medio
1949512,0.42110232717620194,Medio
1949673,0.14360085410106035,Baixo
1948765,0.13566854318193067,Baixo
1949697,0.13898464885698136,Baixo
1949696,0.33849282127609875,Medio
1949702,0.2503008381923015,Medio
1949700,0.2723769208877583,Medio
1948771,0.2797781366329816,Medio
1949686,0.2723516418836668,Medio
1949704,0.33968143788763866,Medio
1949576,0.4424983353710628,Medio
1949687,0.14296485571354914,Baixo
1901532,0.13149420883333413,Baixo
1949716,0.1347494102308562,Baixo
1949683,0.3942407393318651,Medio
1949692,0.29632694286043365,Medio
1949698,0.16178614590507037,Baixo
1949424,0.3677480169397525,Medio
1949709,0.360146742765704,Medio
1949722,0.31824810528016306,Medio
1949725,0.40261035220861957,Medio
1949719,0.03544707828748925,Baixo
1949730,0.3155878512933482,Medio
1949485,0.09713819341484062,Baixo
1922444,0.38490787892930506,Medio
1949720,0.1091051730829341,Baixo
1949723,0.16100797375622564,Baixo
1949732,0.20546974399671064,Medio
1949734,0.38721880652464474,Medio
1866783,0.4112593074287698,Medio
1949724,0.09448748955800626,Baixo
1949731,0.2777985696882399,Medio
1939655,0.3881927363277639,Medio
1949741,0.250906795836097,Medio
1949737,0.11414432796237592,Baixo
1949735,0.4428985508422705,Medio
1949733,0.08984125457488681,Baixo
1949717,0.503661921987563,Alto
1949369,0.3152334248039023,Medio
1949736,0.29026686235930976,Medio
1949708,0.3245381587993742,Medio
1949575,0.1918549268373684,Baixo
1949650,0.18560362658797783,Baixo
1949625,0.10950029575664594,Baixo
1946829,0.13790997354011936,Baixo
1949705,0.251733113086233,Medio
1948289,0.10836935246204456,Baixo
1949754,0.2999567774969566,Medio
1949739,0.22831902079575445,Medio
1949751,0.22176671141467288,Medio
1638831,0.17846303819199613,Baixo
1949749,0.28466768952817406,Medio
1949758,0.6701131181299267,Alto
1915726,0.0757417420314708,Baixo
1949762,0.4140696908786565,Medio
1949764,0.10175808685994908,Baixo
1949738,0.08290054371639398,Baixo
1856439,0.2566255582448876,Medio
1949768,0.0098223194596079,Baixo
1949772,0.0877907507689095,Baixo
1949759,0.24283669167114563,Medio
1947680,0.16927131141560986,Baixo
1949767,0.29951191943732436,Medio
1936648,0.3012159526601473,Medio
1936797,0.10946653039297675,Baixo
1949788,0.38557473448315305,Medio
1949784,0.3160511747808435,Medio
1949797,0.2796433431695264,Medio
1949695,0.42723210676300594,Medio
1949793,0.21881941396191287,Medio
856359,0.5111910771020337,Alto
1949786,0.23211990436736607,Medio
1949747,0.29492694638285377,Medio
1284466,0.2969122573524872,Medio
1949789,0.25918095945563424,Medio
1946778,0.3522288239243747,Medio
1949802,0.1994317651840902,Baixo
1949801,0.1316554335833543,Baixo
1949810,0.42184564018959936,Medio
1949811,0.2611678451627164,Medio
1949613,0.20418132746942685,Medio
1949814,0.2499748093890998,Medio
1949808,0.4514606637824189,Alto
1949803,0.04512205043726819,Baixo
1949822,0.21183243782804284,Medio
1949824,0.27750997147566125,Medio
1949820,0.46180054170587276,Alto
1949819,0.16855268819103758,Baixo
1949827,0.008542081514082948,Baixo
1949813,0.077159436370661,Baixo
1949339,0.33894696375843913,Medio
1949497,0.3126053893156343,Medio
1949836,0.21184814926873483,Medio
1941222,0.22660559489290777,Medio
1949833,0.4082436135546414,Medio
1949841,0.24792549122563362,Medio
1946817,0.1090362712949851,Baixo
1949825,0.3180295093768373,Medio
1948785,0.27398406648573703,Medio
1949850,0.05420036026828973,Baixo
1949848,0.21841337608168843,Medio
1949845,0.39719555893937875,Medio
1948994,0.21756028236928968,Medio
1949853,0.1506349286450397,Baixo
1944426,0.15191268382805814,Baixo
1949838,0.36915049681104667,Medio
1949861,0.4030564969339242,Medio
1949855,0.08691639930448665,Baixo
1949854,0.2274088206986438,Medio
1949849,0.10270895302888905,Baixo
1941572,0.24484035206218602,Medio
1949856,0.1734313568317916,Baixo
1929309,0.16713725239507604,Baixo
1949870,0.11053599472955754,Baixo
1937743,0.36718572201499566,Medio
1949846,0.29180135828597364,Medio
1949877,0.3045010095081455,Medio
1949874,0.14382432421676195,Baixo
1936246,0.2232791880507187,Medio
1949875,0.37690770740465473,Medio
1949773,0.13227380069587474,Baixo
1949869,0.3616600556937801,Medio
1949879,0.5154894856569322,Alto
1947862,0.08429961498816294,Baixo
1786559,0.3938165144883917,Medio
1949890,0.23055407629060892,Medio
1949871,0.24192198441056875,Medio
1949887,0.1055791213964797,Baixo
1949883,0.18989785712650437,Baixo
1949903,0.16627193477742272,Baixo
1949904,0.40210111716413516,Medio
1949900,0.49917556067207197,Alto
1949908,0.06869999943945805,Baixo
1949909,0.06124114387171883,Baixo
1949915,0.12705408201463017,Baixo
1948936,0.24483694981215234,Medio
1949823,0.5555639000270786,Alto
1949914,0.1473575687567335,Baixo
1947501,0.2472079207937629,Medio
1853542,0.005082725553007718,Baixo
1949918,0.1548851202951225,Baixo
1949714,0.5453421706297854,Alto
1945296,0.25916476763234614,Medio
1949884,0.06836169636302407,Baixo
1949920,0.2872932019031767,Medio
1949795,0.42540023797685617,Medio
1949924,0.100246087849543,Baixo
1946247,0.43916528384044695,Medio
1921626,0.4427870474696197,Medio
1949935,0.12411619440170882,Baixo
1944837,0.14385536216434486,Baixo
1948968,0.08982920883639459,Baixo
1949885,0.4107927252405382,Medio
1949932,0.1662942349312073,Baixo
1947083,0.14875424015812647,Baixo
1949490,0.33237158153905455,Medio
1949937,0.20127147930736808,Medio
1949948,0.06728589776376201,Baixo
1949945,0.10427766285065566,Baixo
1872145,0.4748597405258461,Alto
1949922,0.1542242059319763,Baixo
1949942,0.05420590269720574,Baixo
1949954,0.1890600066081394,Baixo
1865928,0.2784810238348443,Medio
1949185,0.34640203379320833,Medio
1949656,0.08807895618641397,Baixo
1939411,0.21287858389721204,Medio
1948359,0.012250307232235799,Baixo
1949949,0.18119672315262325,Baixo
1949957,0.520825002797491,Alto
1949962,0.0889055495440456,Baixo
1949959,0.04712295934797146,Baixo
1949956,0.3953990115018347,Medio
1949051,0.07524961065926225,Baixo
1949960,0.2714138428478908,Medio
1949968,0.23761247330060914,Medio
1949906,0.10519126199949447,Baixo
1949967,0.08400317316519147,Baixo
1947952,0.11996884256954951,Baixo
1949892,0.05708927809888861,Baixo
1931335,0.05947598818865257,Baixo
1949876,0.5570162271920888,Alto
1946965,0.135211439524442,Baixo
1949980,0.28756965627146214,Medio
1844307,0.1791273602514726,Baixo
1949986,0.25561520691893913,Medio
1949989,0.008736122271584035,Baixo
1949990,0.1856828208072925,Baixo
1949991,0.34409109230226237,Medio
1949282,0.22319076735918342,Medio
1949994,0.1196330186303597,Baixo
1948085,0.3877035612819392,Medio
1941810,0.17178761240668752,Baixo
1949993,0.36434616529456476,Medio
1949235,0.21780578410724447,Medio
1950002,0.11538622339990787,Baixo
1950001,0.4550457986222682,Alto
1950003,0.23097354727434435,Medio
1949817,0.2973741861233188,Medio
1949872,0.28784457432674826,Medio
1950008,0.2769112703085262,Medio
1950010,0.2930509554902404,Medio
1950007,0.08200149524216899,Baixo
1949332,0.4758676602245389,Alto
1935158,0.24707118216477905,Medio
1949893,0.222716560017976,Medio
1945497,0.10373176994830635,Baixo
1944956,0.18243541974405666,Baixo
1950012,0.24712504852220027,Medio
1950017,0.16827643175223458,Baixo
1810944,0.1719538704541771,Baixo
1931396,0.06111332016106309,Baixo
1948396,0.14730927768786165,Baixo
1950023,0.07791149999911008,Baixo
1949913,0.012499860122525332,Baixo
1950042,0.33161889016112817,Medio
1950036,0.3697064456908859,Medio
1950051,0.3908575209426712,Medio
1950039,0.20364423271380927,Medio
1950028,0.5707718750531481,Alto
1950049,0.3911264408859759,Medio
1950041,0.24774548653268325,Medio
1950048,0.17174006197688652,Baixo
1950054,0.468753277287124,Alto
1950063,0.2229105054417783,Medio
1947003,0.22370732258931086,Medio
1950069,0.16190682493035072,Baixo
1950045,0.2356381508340277,Medio
1950068,0.18079573852265593,Baixo
1950062,0.17485378229760268,Baixo
1950026,0.26973793713468547,Medio
1950070,0.283587816984807,Medio
1950040,0.2548135087426778,Medio
1950065,0.11426324730860692,Baixo
1950077,0.09369843812426115,Baixo
1950058,0.010749982263969475,Baixo
1950076,0.061694225512210814,Baixo
1950074,0.311884108516224,Medio
1950078,0.12042420573901313,Baixo
1950084,0.3045205527917583,Medio
1950083,0.03902764295452023,Baixo
1950046,0.47039390935274045,Alto
1950073,0.1417334055465978,Baixo
1950089,0.3215075010461981,Medio
1089790,0.18815283249964054,Baixo
1950050,0.3237904907755428,Medio
1949880,0.08644743896987105,Baixo
1949837,0.18700876501917962,Baixo
1949927,0.07530510011150571,Baixo
1950096,0.12669817365050157,Baixo
1950081,0.13615217940923002,Baixo
1950071,0.6761621544786438,Alto
1949260,0.24770102421044574,Medio
1947493,0.3922336047599963,Medio
1949753,0.09967241626554108,Baixo
1950110,0.16226640467598463,Baixo
1950091,0.23144492689003657,Medio
1950057,0.1645895237399683,Baixo
1949934,0.16575821926119272,Baixo
1950108,0.41607111361215077,Medio
1949928,0.24845794480992897,Medio
1950115,0.29895235277230686,Medio
1950112,0.2330225545393931,Medio
1825330,0.21772102393907058,Medio
1950111,0.18159007896719695,Baixo
1949018,0.1740887731247324,Baixo
1948669,0.28493007200629017,Medio
1949857,0.09270853323440365,Baixo
1950118,0.3683141163566861,Medio
1950094,0.5429594605322428,Alto
1950125,0.1568269942204661,Baixo
1948924,0.31671505988636617,Medio
1950082,0.2439087212376345,Medio
1950138,0.47789628584249494,Alto
1917271,0.4752416294265766,Alto
1950137,0.18218058228615186,Baixo
1950142,0.17236020711669678,Baixo
1950140,0.20237939026761387,Medio
1950144,0.13110136997560692,Baixo
1948907,0.4489008855514852,Medio
1950151,0.23049162547495447,Medio
1950134,0.5434898100442507,Alto
1950104,0.09469801103729962,Baixo
1950148,0.5014435562274923,Alto
1948395,0.5028708052738373,Alto
1949888,0.2641044332824026,Medio
1950013,0.06126507280310601,Baixo
1950160,0.008012575909546758,Baixo
1950157,0.34839850665025907,Medio
1950016,0.22464864035257345,Medio
1950163,0.19307681128606707,Baixo
1949969,0.18090336577037744,Baixo
1950167,0.27385543404827867,Medio
1950156,0.0795842811108871,Baixo
1950149,0.6018827613248883,Alto
1950169,0.15343102808137934,Baixo
1950177,0.4962389622094264,Alto
1950170,0.29485564905840916,Medio
1950171,0.32668744731555643,Medio
1950186,0.11919280642869214,Baixo
1950175,0.10911799023584469,Baixo
1950095,0.03293090803688591,Baixo
1950191,0.16763441273036866,Baixo
1950188,0.16706157113182818,Baixo
1950193,0.244584178048614,Medio
1950184,0.29531414630471176,Medio
1950201,0.22104150385727198,Medio
1950067,0.3311861087721874,Medio
1950195,0.40820863385976164,Medio
1950204,0.17226000327821295,Baixo
1950196,0.10391432938108193,Baixo
1950220,0.25702651837732404,Medio
1950217,0.13455962640351168,Baixo
1950227,0.3748087759969181,Medio
1950216,0.27293986577230434,Medio
1950210,0.4603719824153646,Alto
1950218,0.16691063592940278,Baixo
1950234,0.1182060216748601,Baixo
1950213,0.1504657124404915,Baixo
1950209,0.43739265683384876,Medio
1949987,0.06518709600588847,Baixo
1950226,0.22228838381696775,Medio
1950233,0.12972067682542446,Baixo
1950229,0.14965737645059946,Baixo
1950238,0.34157903571025156,Medio
1950222,0.40870161644542546,Medio
1950165,0.4781156270901406,Alto
1950259,0.14949966976446588,Baixo
1950240,0.14862951296977397,Baixo
1950205,0.19237293313271095,Baixo
1950253,0.07226005963482723,Baixo
1950243,0.18617998021608664,Baixo
1949394,0.5753940089375004,Alto
1944613,0.37721746808839945,Medio
1950257,0.10498852335053574,Baixo
1950179,0.13757505965986314,Baixo
1950223,0.3936706051498205,Medio
1950254,0.3378100993828992,Medio
1950244,0.07375198065383146,Baixo
1950189,0.2343001818040164,Medio
1950267,0.2648539591528174,Medio
1950228,0.14388547558442155,Baixo
1946408,0.07256958276440567,Baixo
1950251,0.5237405690026001,Alto
1949655,0.5531438745949772,Alto
1919611,0.42432467900663423,Medio
1950268,0.3238961145584254,Medio
1950275,0.1670330017769725,Baixo
1950249,0.24358223757070346,Medio
1950280,0.19761449789478908,Baixo
1950278,0.2701901736806871,Medio
1950284,0.3090455830533518,Medio
1949852,0.32589231095282395,Medio
1950285,0.1307587374826768,Baixo
1950291,0.2016425196576218,Medio
1950286,0.2774064424957862,Medio
1948113,0.3668762331663556,Medio
1950006,0.15040292616595277,Baixo
1950318,0.41589788858822474,Medio
1949166,0.23694776103245307,Medio
1950323,0.007844559071025936,Baixo
1950319,0.23071214409677007,Medio
1921186,0.30177334156479746,Medio
1950322,0.28849578820095834,Medio
1950308,0.36031345243980417,Medio
1950269,0.4510115931177479,Alto
1949286,0.19311533283292695,Baixo
1950297,0.32620813732760306,Medio
1950324,0.2833578848741816,Medio
1950335,0.21011679652802484,Medio
1950135,0.16872514866652588,Baixo
1950341,0.01266384960910959,Baixo
1950340,0.24501296674971115,Medio
1950304,0.12776660462903566,Baixo
1948107,0.03804147135044962,Baixo
1950346,0.25962329241869236,Medio
1948511,0.16176480410873226,Baixo
1950283,0.2532010700885886,Medio
1950150,0.1585591809878513,Baixo
1950349,0.30121542621233355,Medio
1941877,0.09816598778265159,Baixo
1950353,0.46367343900470565,Alto
1943960,0.11509844281165789,Baixo
1840760,0.1702256712115953,Baixo
1948943,0.3605417128819553,Medio
1950333,0.38939383151841706,Medio
1950358,0.2412531073268647,Medio
1950365,0.2858988863452147,Medio
1949348,0.3920279915757473,Medio
1950366,0.32202502392095406,Medio
1949556,0.11099963262038985,Baixo
1948179,0.46459724258539353,Alto
1950368,0.34153366354232706,Medio
1950376,0.19814050900704575,Baixo
1949313,0.3331968300183264,Medio
1781354,0.3933199478554636,Medio
1949711,0.08204475452324297,Baixo
1949912,0.47923521067445934,Alto
1950383,0.18476182954010403,Baixo
1950370,0.1652736393843841,Baixo
1949558,0.32963694925695053,Medio
1949499,0.45036666369271877,Alto
1950392,0.3656572611475096,Medio
1949425,0.09506690510160437,Baixo
1950395,0.33940889617972364,Medio
1946867,0.1487548942087058,Baixo
1949832,0.27938637748630896,Medio
1950402,0.35684436848900064,Medio
1948255,0.1393559611348023,Baixo
1332251,0.11380450554868854,Baixo
1948816,0.12557336450179576,Baixo
1948672,0.5081898842127927,Alto
1949471,0.15581977924095264,Baixo
1950411,0.33342485659125537,Medio
1950415,0.019433057212334272,Baixo
1950409,0.502339671391386,Alto
1950418,0.13816341377695482,Baixo
1950414,0.1980475689679713,Baixo
1950421,0.15498911879020902,Baixo
1944910,0.4001206864541315,Medio
1950425,0.07845617984625396,Baixo
1950431,0.17983856450527516,Baixo
1950432,0.15230487164440248,Baixo
1946908,0.40781427542258814,Medio
1950433,0.255075494355772,Medio
1937603,0.16658142736844012,Baixo
1950426,0.10780469869207876,Baixo
1950430,0.26336417126233536,Medio
1950443,0.06962116348700995,Baixo
1950442,0.1593511405702587,Baixo
1948196,0.10754212362147486,Baixo
1942503,0.21656165737747407,Medio
1950446,0.12621716990734497,Baixo
1949278,0.09227656206649489,Baixo
1950450,0.21975354307335604,Medio
1948910,0.4786472075445876,Alto
1302642,0.20758643411610353,Medio
1950447,0.33447676793706377,Medio
1949624,0.07174823279398049,Baixo
1950455,0.0614868120543388,Baixo
1950458,0.2430053660969931,Medio
1949226,0.3089378763552327,Medio
1950471,0.16738121473782697,Baixo
1950467,0.4794093036954567,Alto
1950055,0.16890835711303184,Baixo
1950437,0.05959720089264905,Baixo
1949265,0.007072294844689209,Baixo
1950478,0.1431955911630995,Baixo
1950483,0.26440903323184317,Medio
1934651,0.15230750535409712,Baixo
1950480,0.1131251107788221,Baixo
1950490,0.14372411811816851,Baixo
1950479,0.28024154369032184,Medio
1950444,0.10102724377169728,Baixo
1950498,0.42293484734560105,Medio
1950465,0.07796605569890495,Baixo
1949901,0.4116304810243236,Medio
1950501,0.17289353338673658,Baixo
1950493,0.5259840354772894,Alto
1950508,0.09144371651076301,Baixo
1950496,0.16914763623176446,Baixo
1949524,0.3103727708159767,Medio
1950505,0.21231143700646551,Medio
1946782,0.09994937602035835,Baixo
1941111,0.11845480958506553,Baixo
1950513,0.08709435741379822,Baixo
1950448,0.2186627394809596,Medio
1950263,0.2715570840142964,Medio
1950468,0.1137757539218514,Baixo
1950527,0.35861914588648613,Medio
1947923,0.4011337849826487,Medio
1950522,0.371219542361833,Medio
1950532,0.5213834452167437,Alto
1950534,0.4353679933380511,Medio
1950531,0.09306938454222541,Baixo
1949489,0.18867113476083464,Baixo
1950362,0.12287184563398222,Baixo
1950385,0.4208421735259017,Medio
1950543,0.17021916699362086,Baixo
1949117,0.32059105642773983,Medio
1950005,0.25140716994749124,Medio
1950549,0.2684618237780286,Medio
1950546,0.1679982139370992,Baixo
1950545,0.17514737249168408,Baixo
1950548,0.323669001945776,Medio
1950550,0.3085020969306645,Medio
1947272,0.2016463326450744,Medio
1950553,0.20666437026531861,Medio
1950552,0.5406522856272804,Alto
1950554,0.0818267092914527,Baixo
1950556,0.04852646424613597,Baixo
1945884,0.444883031482778,Medio
1950563,0.280428154770038,Medio
1950562,0.010868626839839612,Baixo
1950477,0.10026917572242396,Baixo
1949232,0.07181634531708658,Baixo
1945627,0.2290254597120998,Medio
1950565,0.1355233894505784,Baixo
1949917,0.31093869919556905,Medio
1950567,0.28287036790013237,Medio
1950242,0.0786359656478465,Baixo
679140,0.3724966181544876,Medio
1950489,0.3346536786201112,Medio
1949710,0.41740718630525314,Medio
1950019,0.251137985188258,Medio
1950488,0.26316094908890636,Medio
1949951,0.09539324149932968,Baixo
1937427,0.3010948411425102,Medio
1950595,0.0688642373457769,Baixo
1950603,0.009152445570653792,Baixo
1950608,0.1207261646289847,Baixo
1950594,0.2320379069334849,Medio
1950445,0.471015988633737,Alto
1950612,0.09169434816132743,Baixo
1950043,0.14803582871618473,Baixo
1950624,0.27595609359425105,Medio
1950173,0.19595803092668151,Baixo
1934943,0.3800686828314262,Medio
1762823,0.29011203298137395,Medio
1950626,0.3032295840627863,Medio
1950614,0.3651346538705093,Medio
1950386,0.3029868963221532,Medio
1942639,0.08820473321979894,Baixo
1849249,0.37208715219156,Medio
1947507,0.1993843593442296,Baixo
1946139,0.1151581942161561,Baixo
1950571,0.18983750126632917,Baixo
1950635,0.16998714950310984,Baixo
1950623,0.2793765468830532,Medio
1950641,0.33790681824853785,Medio
1946345,0.30705269006861546,Medio
1950551,0.40807089421817383,Medio
1950643,0.0579756040792499,Baixo
1950100,0.28597776138568354,Medio
1950187,0.18938963494627703,Baixo
1950654,0.24445107038539546,Medio
1950650,0.007819509194867966,Baixo
1949860,0.19032379927207688,Baixo
1950651,0.5173738734763013,Alto
1950655,0.1886256814859165,Baixo
1950645,0.2852001460104646,Medio
1950663,0.32089979258187,Medio
1950648,0.2715449252341699,Medio
1948010,0.2543415971543791,Medio
1950664,0.07720754899018782,Baixo
1950620,0.16004748854207823,Baixo
1929801,0.37506483839090055,Medio
1950667,0.23584424891032357,Medio
1922335,0.061815299798731384,Baixo
1948734,0.6124725640393293,Alto
1950673,0.21577189806997907,Medio
1950675,0.4247809790980485,Medio
1948017,0.11980881218817425,Baixo
1950560,0.07715925116626812,Baixo
1950671,0.21192289650632218,Medio
1950679,0.3857507420477619,Medio
1950653,0.06455506736465384,Baixo
1776503,0.24219329516964908,Medio
1950674,0.013896936316709815,Baixo
1950683,0.1717153782030969,Baixo
1949640,0.3559455205633886,Medio
1950669,0.2176412990583115,Medio
1950690,0.16474805340457366,Baixo
1950691,0.2917137865039954,Medio
1950652,0.21351158253634378,Medio
1950610,0.36426111447109993,Medio
1950540,0.26000998559338845,Medio
1950676,0.07000623404526517,Baixo
1950646,0.410940677934441,Medio
1950696,0.1857222422137622,Baixo
1950703,0.22481957067192615,Medio
1950586,0.2235910161172591,Medio
1950697,0.42395113803685475,Medio
1950694,0.12503233700525712,Baixo
1950710,0.13368673795703312,Baixo
1950698,0.09462371190063949,Baixo
1950714,0.04339417225907052,Baixo
1950713,0.6016540415656755,Alto
1947830,0.0129332041643691,Baixo
1949763,0.08950792087724664,Baixo
1950720,0.4770454056640315,Alto
1950715,0.1300125919582213,Baixo
1950093,0.21436230371925064,Medio
1950685,0.19090573762308125,Baixo
1950727,0.1481479894031032,Baixo
1950724,0.21601946056855614,Medio
1950726,0.25078230812451896,Medio
1949155,0.10897751424659595,Baixo
1950722,0.08989634140493549,Baixo
1950728,0.005591138735757218,Baixo
1943612,0.27802003483260634,Medio
1950738,0.3010725341957907,Medio
1897745,0.48550288106811357,Alto
1950733,0.2858287888443751,Medio
1949645,0.2310999829538172,Medio
1950712,0.23770965815999473,Medio
1950741,0.137314554095273,Baixo
1950731,0.43921800568300545,Medio
1950756,0.5231220190400775,Alto
1950516,0.5172439292609331,Alto
1950748,0.14834577355899314,Baixo
1950719,0.6787105826022279,Alto
1949526,0.18218255976553077,Baixo
1950354,0.018831294543938084,Baixo
1950472,0.4046477657651162,Medio
1943455,0.10832277557136522,Baixo
1949358,0.14636639126658504,Baixo
1950631,0.29493547363943295,Medio
1950662,0.22416959842059675,Medio
1950772,0.34093738113325084,Medio
1950759,0.08792566715534701,Baixo
1800751,0.16858684840563085,Baixo
1950773,0.4012174527737529,Medio
1950097,0.36800140757966354,Medio
1950777,0.13573765033903298,Baixo
1950182,0.44498004248533607,Medio
1949206,0.2440347931878021,Medio
1950787,0.3179979205477032,Medio
1950786,0.27907876090481837,Medio
1950618,0.16530399770794593,Baixo
1950792,0.2997774695016508,Medio
1949646,0.06341992859779455,Baixo
1950789,0.24017972513181152,Medio
1950739,0.13143234246141505,Baixo
1950799,0.20750551923369037,Medio
1950776,0.32248392769058154,Medio
1950801,0.07752441769788239,Baixo
1949800,0.14614297384075425,Baixo
1950803,0.19625583163987717,Baixo
1950808,0.4043864832391898,Medio
1950793,0.18147521708676903,Baixo
1950804,0.085160941691366,Baixo
1950806,0.16065403540211215,Baixo
1950811,0.11626273223632189,Baixo
1947095,0.16790853307055997,Baixo
1950419,0.15483828022409113,Baixo
1948285,0.07045696295095678,Baixo
1950815,0.3325284504131449,Medio
1938701,0.5754815060695223,Alto
1950791,0.4849040672960483,Alto
1857733,0.2711427973335423,Medio
1950809,0.37983523044948597,Medio
1950143,0.07174007331672137,Baixo
1950810,0.2669261098638294,Medio
1950818,0.18363923509353441,Baixo
1950822,0.26388496972616526,Medio
1950825,0.20223298751218866,Medio
1950833,0.2682870523309439,Medio
1950820,0.16553869360529894,Baixo
1950834,0.4017455757577619,Medio
1950837,0.1162368151972381,Baixo
1835176,0.24780814572568352,Medio
1950836,0.2779801418055029,Medio
1949527,0.3035864409278358,Medio
1938890,0.13012899814746542,Baixo
1950730,0.3433612685955524,Medio
1950845,0.2041292760870653,Medio
1949981,0.06504956657295126,Baixo
1950752,0.19095540317685092,Baixo
1950851,0.47947726031461946,Alto
1949961,0.1718668127665707,Baixo
1950656,0.2711053676848693,Medio
1950849,0.24850274969211017,Medio
1950860,0.29034862533070843,Medio
1947876,0.19641432677790902,Baixo
1950393,0.3154447488402551,Medio
1950819,0.3508698242707255,Medio
1950866,0.39332448101416523,Medio
1950870,0.20914086976846868,Medio
1950784,0.10710855423128811,Baixo
1950526,0.09776644919369028,Baixo
1950875,0.605061611810718,Alto
1950642,0.2603036367226348,Medio
1950872,0.6045180148638227,Alto
1950879,0.13378604287924417,Baixo
1950867,0.3508014631646502,Medio
1949426,0.20915440278065284,Medio
1950817,0.15733098190778957,Baixo
1926660,0.10510085151603428,Baixo
1950839,0.11421035825503045,Baixo
1950807,0.09552603086937886,Baixo
1950885,0.10200445118870682,Baixo
1950882,0.2865437894998135,Medio
1950886,0.1491667380655206,Baixo
1950892,0.2616347337745199,Medio
1836005,0.2901197024813032,Medio
1950898,0.4469116985381477,Medio
1950899,0.324919561082463,Medio
1950261,0.3151773049811664,Medio
1950537,0.09534302647664153,Baixo
1949470,0.26643588910056737,Medio
1943275,0.4889582564149299,Alto
1950901,0.3599120379098404,Medio
1950906,0.17384282147126373,Baixo
1950905,0.6610316941915647,Alto
1949452,0.3241884683433482,Medio
1948815,0.14294823496903952,Baixo
1950581,0.29745484613582557,Medio
1950896,0.46902276791758996,Alto
1950909,0.26762043871517827,Medio
1950113,0.33083341494205454,Medio
1950780,0.5545622781233521,Alto
1950910,0.24055074768134635,Medio
1950164,0.5326925400940313,Alto
1945261,0.6024844865823047,Alto
1950296,0.4599162947561358,Alto
1950241,0.3689225335593806,Medio
1950902,0.11560168053991,Baixo
1950908,0.014984318563874733,Baixo
1950917,0.5406212660320678,Alto
1946590,0.2582351488937194,Medio
1944759,0.09227071936631745,Baixo
1950925,0.005679065490085297,Baixo
1950927,0.19707288686799945,Baixo
1950926,0.2514759685181148,Medio
1950929,0.017000392738516865,Baixo
1950871,0.24553378057930328,Medio
1950783,0.2809757843055097,Medio
1950938,0.059575411834791,Baixo
1950944,0.41913199557382386,Medio
1950946,0.10318118662755801,Baixo
1950948,0.18880661035492685,Baixo
1950931,0.28651157767875896,Medio
1950951,0.0564875942056649,Baixo
1950399,0.2441629563864263,Medio
1950953,0.24415791923760635,Medio
1950941,0.25787827668537555,Medio
1950945,0.2577429632369403,Medio
1947149,0.11165346331556622,Baixo
1950956,0.17767236168482628,Baixo
1949562,0.18143066088596008,Baixo
1950955,0.1013715803525919,Baixo
1950923,0.14135574928265712,Baixo
1950958,0.14356185824427475,Baixo
1950960,0.16913069811094253,Baixo
1931783,0.2646327336427504,Medio
1949253,0.06879657023916269,Baixo
1942608,0.4334886921592264,Medio
1949428,0.047222689043081856,Baixo
1950970,0.36557048079394144,Medio
1950436,0.3751188355526893,Medio
1950982,0.07275056693374048,Baixo
1950979,0.2802847034354348,Medio
1950959,0.10586436888158136,Baixo
1950387,0.5134084648320334,Alto
1950985,0.1964962169570272,Baixo
1950974,0.16855618625741992,Baixo
1950986,0.5628422493537288,Alto
1950988,0.484123304327145,Alto
1946981,0.18098296201837022,Baixo
1950372,0.28615704127401104,Medio
1950994,0.15033295733421995,Baixo
1950158,0.2282251220137921,Medio
1950954,0.38205369134293765,Medio
1951002,0.13399099544413737,Baixo
1951006,0.3111798332259198,Medio
1950987,0.18775673192748088,Baixo
1951007,0.2388761483607815,Medio
1950310,0.06202110786795667,Baixo
1950521,0.029275280559001603,Baixo
1950934,0.08880391377442827,Baixo
1951016,0.05531676791189373,Baixo
1951019,0.11598093366596912,Baixo
1951021,0.022343162090146414,Baixo
1950520,0.418555048772465,Medio
1950599,0.30574911517715203,Medio
1950079,0.06216384317959209,Baixo
1950846,0.5226424083708183,Alto
1951005,0.21354156648054554,Medio
1948641,0.24121161104505642,Medio
1252968,0.2515711881979013,Medio
1949652,0.18781714758729942,Baixo
1951033,0.2211048719933695,Medio
1950913,0.3938699904320175,Medio
1950765,0.2564358409669718,Medio
1951035,0.4526899393597869,Alto
1951041,0.279188166943748,Medio
1951045,0.014680434189546426,Baixo
1951040,0.4765385850417784,Alto
1950950,0.09904054642989679,Baixo
1951046,0.5250583135732838,Alto
1951053,0.07990003691162997,Baixo
1951057,0.2530822383446338,Medio
1951061,0.19458449794907554,Baixo
1951055,0.12654809840521833,Baixo
1951062,0.43432778331889665,Medio
1950933,0.2833727216767865,Medio
1950768,0.2933850533337333,Medio
1951071,0.3726371508105503,Medio
1951072,0.3700421137300693,Medio
1951089,0.4309649361786738,Medio
1951106,0.26996436507744703,Medio
1951103,0.18304353954880392,Baixo
1951079,0.25556115859825473,Medio
1951075,0.04983616905692672,Baixo
1753208,0.19765498830757852,Baixo
1951118,0.35734447467474906,Medio
1948426,0.04377240990785591,Baixo
1951100,0.119553195779363,Baixo
1951081,0.13874206434512673,Baixo
1951123,0.11028533282030135,Baixo
1951121,0.17071578191542033,Baixo
1951128,0.10075430915026862,Baixo
1951120,0.04159087072184294,Baixo
1951130,0.3935903022032988,Medio
1951124,0.44909046564457167,Medio
1951127,0.10356851488442059,Baixo
1951132,0.3178938105652934,Medio
1951091,0.12371821849839554,Baixo
1951133,0.2357572216719568,Medio
1951142,0.3859308397127421,Medio
1937969,0.47219523375480227,Alto
1951101,0.24812357851730268,Medio
1951150,0.4671943416904486,Alto
1935013,0.2930574065382447,Medio
1951151,0.2881903846729908,Medio
1951152,0.07556348909055191,Baixo
1950873,0.15053471924894585,Baixo
1951156,0.07046433272807336,Baixo
1950969,0.07450480533316257,Baixo
1941960,0.09521275315885556,Baixo
1945003,0.24551180965361472,Medio
1951137,0.10431232066808976,Baixo
1951153,0.09629138025164385,Baixo
1951162,0.0698878254833988,Baixo
1951164,0.4196409336443167,Medio
1950236,0.19434737149026737,Baixo
1951122,0.11308651888667633,Baixo
1951170,0.07915610592961463,Baixo
1951167,0.45880115846280933,Alto
1951179,0.18847225519967228,Baixo
1950943,0.12601215659131312,Baixo
1950681,0.08658611878678542,Baixo
1950971,0.15815143958084438,Baixo
1951192,0.5251275291119346,Alto
1950848,0.5186810823000924,Alto
1951201,0.2304116046161689,Medio
1951202,0.2803983506315705,Medio
1951195,0.19572273104824317,Baixo
1951208,0.11533237025611176,Baixo
1950121,0.23797589475849676,Medio
1951214,0.059045126061262276,Baixo
1951172,0.15755221327857621,Baixo
1951221,0.5918895241288762,Alto
1951174,0.26929024734175716,Medio
1951207,0.07946130410089217,Baixo
1949701,0.03477919739313035,Baixo
1951051,0.20059287436316295,Medio
1950316,0.31523022251523264,Medio
1951235,0.26058709639848754,Medio
1951232,0.2815366057876316,Medio
1928578,0.36800411352831164,Medio
1951234,0.05485127414035191,Baixo
1951237,0.2843214683389764,Medio
1951220,0.18483722819835371,Baixo
1951197,0.18270689078027624,Baixo
1951242,0.19381310485783446,Baixo
1951250,0.17547572250664692,Baixo
1951246,0.036402259185228186,Baixo
1951256,0.46017202744540264,Alto
1950743,0.2497291285621121,Medio
1951258,0.19525743898170855,Baixo
1951259,0.18526536538078045,Baixo
1951255,0.18776192336565947,Baixo
1951251,0.14350276945629267,Baixo
1557537,0.36222299845534367,Medio
1951261,0.11156102733690747,Baixo
1951273,0.16311703289361015,Baixo
1951270,0.2284470571008469,Medio
1951275,0.20221010465482384,Medio
1951287,0.0952104859640588,Baixo
1951284,0.44611515439456934,Medio
1951274,0.0599712242596058,Baixo
1951289,0.11033392843235582,Baixo
1951293,0.2390540711485608,Medio
1951292,0.3318617078806124,Medio
1951298,0.1375977018161397,Baixo
1951301,0.2179674979405619,Medio
1951305,0.1689567977243846,Baixo
1951299,0.48470452434125855,Alto
1950796,0.1702567066434138,Baixo
1951315,0.07115050836422167,Baixo
1951316,0.2851564382604978,Medio
1951311,0.10956483609969814,Baixo
1951317,0.2567575395734285,Medio
1764610,0.20980125559373708,Medio
1951336,0.03184210209067436,Baixo
1905186,0.19046182862474817,Baixo
1951339,0.29943884140856236,Medio
1951334,0.1796603390773403,Baixo
1951313,0.0903925428915638,Baixo
1949821,0.15230184302782881,Baixo
1951338,0.10845695252224859,Baixo
1951342,0.29621665195913915,Medio
1951326,0.03580185202014042,Baixo
1951253,0.17524408608799585,Baixo
1951348,0.19339913840100495,Baixo
1951355,0.05645664767433703,Baixo
1951360,0.08722987553994452,Baixo
1951363,0.1627101292916873,Baixo
1951364,0.05335594405342643,Baixo
1951371,0.1252249381149569,Baixo
1951365,0.17145400626712326,Baixo
1951369,0.36652866978347265,Medio
1951349,0.29450225717006184,Medio
1951374,0.18500582269077018,Baixo
1949982,0.34749179477398356,Medio
1951361,0.1626556394846496,Baixo
1951353,0.3868440670114895,Medio
1948350,0.4969268865524691,Alto
1950737,0.2623742638202359,Medio
1951380,0.36535247453047076,Medio
1951377,0.1779021420230308,Baixo
1951390,0.21882038664776232,Medio
1951388,0.3283467091433631,Medio
1951384,0.29260830467145565,Medio
1951376,0.04590029828738832,Baixo
1951387,0.26525968539948763,Medio
1951392,0.1371308050700375,Baixo
1951394,0.1364867330782329,Baixo
1951397,0.02577302981220389,Baixo
1951401,0.3654594739148168,Medio
1951391,0.5831751700220689,Alto
1951404,0.05369091160923099,Baixo
1950466,0.42923794073284893,Medio
1950053,0.42446718441241404,Medio
1951406,0.2171532808122204,Medio
1951247,0.03462940484640946,Baixo
1951407,0.02680965111192714,Baixo
1951410,0.2425887118502876,Medio
1951413,0.09680764835808296,Baixo
1951422,0.11833342577716516,Baixo
1951403,0.2185177221586368,Medio
1951423,0.34887447653611203,Medio
1951428,0.2864732117477946,Medio
1951435,0.19392356486912843,Baixo
1951425,0.17264165799283673,Baixo
1951450,0.1452574578003693,Baixo
1951445,0.060511093377292095,Baixo
1951458,0.09199575366997742,Baixo
1951461,0.09679282977616711,Baixo
1951462,0.4919198946765458,Alto
1951468,0.2374109879155223,Medio
1951465,0.2863943489374898,Medio
1950666,0.24788094171226008,Medio
1951434,0.5713910362815355,Alto
1951469,0.22293065296584577,Medio
1951472,0.20366108933126661,Medio
1951411,0.28694624015230125,Medio
1951453,0.05760811726758062,Baixo
1951396,0.22546758433017255,Medio
1951483,0.06939377140961603,Baixo
474888,0.23506216063096483,Medio
1951485,0.14234489258885377,Baixo
1951488,0.050117449811853516,Baixo
1951487,0.06182520262112532,Baixo
1948698,0.1371402845056854,Baixo
1951497,0.052174844125644534,Baixo
1951494,0.044736891899328696,Baixo
1951238,0.12404455900738295,Baixo
1951502,0.021190158145530623,Baixo
1951504,0.13325584619834902,Baixo
1951493,0.050785915455516466,Baixo
1951503,0.17865295964916683,Baixo
1951505,0.3897740018883265,Medio
1951506,0.12618812704611274,Baixo
1951512,0.0416350344146998,Baixo
1951480,0.3467536248187137,Medio
1951510,0.0508928713155948,Baixo
1948461,0.3375668878500504,Medio
1951515,0.1781464137784364,Baixo
1951509,0.28133014949832286,Medio
1951522,0.1473126417159818,Baixo
1951519,0.10600584984364168,Baixo
1951113,0.176882716087789,Baixo
1951529,0.07029446770241053,Baixo
1910401,0.22281043456816432,Medio
1951525,0.18369492459726264,Baixo
1951541,0.2244891858879876,Medio
1951537,0.1557562720022673,Baixo
1951540,0.1974742658809352,Baixo
1947788,0.0491185314304858,Baixo
1951531,0.1321535345126928,Baixo
1951544,0.14941457274863829,Baixo
1951538,0.0302850074560138,Baixo
1951474,0.12038408005833685,Baixo
1951546,0.09122382738321383,Baixo
1951548,0.11581878364548492,Baixo
1951550,0.22339133941450787,Medio
1951553,0.09750532210406637,Baixo
1951460,0.06544290807357349,Baixo
1951536,0.3317264315848688,Medio
1951545,0.1938838394362549,Baixo
1951556,0.0646602546196137,Baixo
1951018,0.10369407799353937,Baixo
1951560,0.041216098706196594,Baixo
1951559,0.19965491520267892,Baixo
1951017,0.25552183179012944,Medio
1951566,0.12449694512128869,Baixo
1951571,0.06321356214053454,Baixo
1950600,0.26460537389394223,Medio
1951574,0.2000356774400008,Medio
1951576,0.21569846376761753,Medio
1950103,0.14616646120285887,Baixo
1951579,0.014858639196279161,Baixo
1949611,0.19619534975775219,Baixo
1951582,0.05087552710468338,Baixo
1951584,0.4801938759005836,Alto
1951585,0.1918148937932577,Baixo
1951372,0.1035911005962441,Baixo
1951590,0.1356914713863035,Baixo
1951593,0.639498799040432,Alto
1951592,0.12599928076050693,Baixo
1951577,0.20796031821032704,Medio
1951595,0.04403500845573488,Baixo
1950439,0.19426774761077503,Baixo
1951602,0.3516627981555936,Medio
1951343,0.14807220056109224,Baixo
1951609,0.44553254917672624,Medio
1951613,0.17265840112920955,Baixo
1951617,0.18437342000104062,Baixo
1951498,0.35781210210121117,Medio
1951624,0.2099366080770515,Medio
1951628,0.3084665140726698,Medio
1951631,0.3443409366930824,Medio
1948439,0.14737158877988035,Baixo
1951210,0.1656055840291082,Baixo
1951633,0.05108457300960714,Baixo
1951191,0.25072056365029527,Medio
1951620,0.13967832424733426,Baixo
1951467,0.16107562441461193,Baixo
1951603,0.007403133228458178,Baixo
1951659,0.13284856820661597,Baixo
1951648,0.32681483884376183,Medio
1921830,0.21544453073179864,Medio
1951663,0.2605744475858233,Medio
1951666,0.0923044677621383,Baixo
1951668,0.4718530825222402,Alto
1951671,0.10305302207364885,Baixo
1951677,0.269854413972378,Medio
1950208,0.05952937005285218,Baixo
1951680,0.14292484251494172,Baixo
1951656,0.4242308093245218,Medio
1951683,0.10496300380593747,Baixo
1951687,0.27502160119873725,Medio
1951690,0.284168461341892,Medio
1951692,0.3820815402668973,Medio
1951700,0.1990665257187358,Baixo
1951694,0.21459779587754263,Medio
1951697,0.34224933528632384,Medio
1940358,0.14379585379568516,Baixo
1951327,0.194001601859758,Baixo
1951514,0.26581742780822865,Medio
1951698,0.03907069596337185,Baixo
1951708,0.08025464505396213,Baixo
1951706,0.15513168089063303,Baixo
1951616,0.04359186444919824,Baixo
1951719,0.40268330211605624,Medio
1951721,0.2881362917283777,Medio
1951217,0.23769213064964703,Medio
1949770,0.09479813701371372,Baixo
1951723,0.27356797416997614,Medio
1951395,0.3632263164300751,Medio
1951414,0.22076283257062657,Medio
1951733,0.3544930422030789,Medio
1951735,0.2864582554649761,Medio
1951736,0.13511988513050194,Baixo
1951734,0.355789664213585,Medio
1951737,0.18042892083769518,Baixo
1951743,0.21836044750812456,Medio
1951738,0.4717437688293797,Alto
1951739,0.06272933412633097,Baixo
1951744,0.09717092898744942,Baixo
1951696,0.09187825676974497,Baixo
1951748,0.11717876539908885,Baixo
1951746,0.23061792482932503,Medio
1951749,0.48022115538206883,Alto
1951758,0.08082095234692721,Baixo
1951756,0.372231082386075,Medio
1951759,0.15780406004602918,Baixo
1951761,0.2810234006731307,Medio
1951753,0.5356800522920464,Alto
1951770,0.6132076050661773,Alto
1951764,0.25483590228496616,Medio
1435076,0.2437697460485443,Medio
1951776,0.17477902627751205,Baixo
1951715,0.39096012467267605,Medio
1951766,0.058790630755370055,Baixo
1951340,0.22784084624317766,Medio
1951452,0.2396735960684328,Medio
1951794,0.24241501262051307,Medio
1894392,0.4353812355777317,Medio
1951107,0.4356078021046923,Medio
1951797,0.16857057613215629,Baixo
1951804,0.1066545530604006,Baixo
1951182,0.11893111335452138,Baixo
1951796,0.3020318998945205,Medio
1951337,0.20073941925703415,Medio
1951793,0.4117265892201193,Medio
1951801,0.14698539795580395,Baixo
1951815,0.24495475382203916,Medio
696469,0.24877320687130977,Medio
1951799,0.1216709961460539,Baixo
1951790,0.43160278772725164,Medio
1951822,0.08413623030062865,Baixo
1951827,0.515689544760816,Alto
1561396,0.24960309616727408,Medio
1951825,0.14801945520926907,Baixo
1951426,0.19784596092362228,Baixo
1951828,0.1538347748153957,Baixo
1951829,0.22459721600582583,Medio
1951834,0.09396601554104267,Baixo
1951835,0.20566000771380202,Medio
1951819,0.10988042817498526,Baixo
1951855,0.25170082620880185,Medio
1941485,0.4089787105048034,Medio
1951857,0.09111088672215424,Baixo
1951779,0.17592642933786848,Baixo
1951851,0.1668058976234678,Baixo
1951859,0.16589223303389003,Baixo
1951778,0.2450386315306064,Medio
1951866,0.0841313960846421,Baixo
1951854,0.0715068904550376,Baixo
1951858,0.2659123645246911,Medio
1951869,0.06359597487349679,Baixo
1951875,0.04464568324208194,Baixo
1951885,0.4093713957464578,Medio
1951882,0.5329416476849871,Alto
1779099,0.4211277996825986,Medio
1951850,0.07364859771877807,Baixo
1951886,0.17669681712911342,Baixo
1951867,0.23522809447845533,Medio
1951889,0.05443256819462778,Baixo
1951887,0.14678978843317153,Baixo
1777121,0.44311262315015576,Medio
1951892,0.21090310485509203,Medio
1951881,0.16223241398440136,Baixo
1951389,0.0882857510995911,Baixo
1951893,0.45258861682641993,Alto
1951901,0.08831962422811464,Baixo
1951243,0.06826432923946596,Baixo
1951852,0.23147755719493635,Medio
1951296,0.29440143872928937,Medio
1951864,0.11643409651538825,Baixo
1951900,0.1980911017708575,Baixo
1951906,0.3484731998441039,Medio
1951899,0.20416845007009085,Medio
1951769,0.14675080289737202,Baixo
1951927,0.24918036236701152,Medio
1951916,0.045409402180352776,Baixo
1951910,0.24992025615883637,Medio
1951918,0.3754114559570019,Medio
1951913,0.34212277350868514,Medio
1951937,0.20011836257210022,Medio
1951940,0.3984381320750902,Medio
1951909,0.22149946352000904,Medio
1951933,0.2937933574272555,Medio
1951557,0.18216903121681904,Baixo
1951912,0.3059164896417917,Medio
1951945,0.09421304401917972,Baixo
1951926,0.16170836968170757,Baixo
1951929,0.19865967867014592,Baixo
1951954,0.08628203228998158,Baixo
1951942,0.23049601637724412,Medio
1951944,0.07030895583803956,Baixo
1951956,0.37290522145933586,Medio
1951938,0.2387061000816421,Medio
1951042,0.17701755313450254,Baixo
1951947,0.2903075261640624,Medio
1951935,0.0972226401276582,Baixo
1951960,0.37371297361856876,Medio
1951966,0.40640946578924075,Medio
1951917,0.12608963137132298,Baixo
1951922,0.09425239400264422,Baixo
1951967,0.361582739159723,Medio
1951970,0.03711824149579529,Baixo
1951964,0.04770376230747131,Baixo
1951931,0.013575143223679033,Baixo
1951841,0.6070053630463539,Alto
1951840,0.3909018776998235,Medio
1951987,0.10074242708069663,Baixo
1951984,0.19006897525892646,Baixo
1951986,0.36522309860696833,Medio
1951993,0.3590357708121115,Medio
1951973,0.03516015091990545,Baixo
1951990,0.2897631159275542,Medio
1951995,0.18548308429335392,Baixo
1951972,0.2378117383835969,Medio
1951874,0.30734820528372203,Medio
1952001,0.15671217242377286,Baixo
1951999,0.19842800059305737,Baixo
1952002,0.09682799958855018,Baixo
1951998,0.16953417907735854,Baixo
1952008,0.3950206233576469,Medio
1952007,0.0657365877729726,Baixo
1952004,0.29468768833771003,Medio
1941800,0.30645980398706096,Medio
1952005,0.05598384669314354,Baixo
1952014,0.24143321571851095,Medio
1951206,0.20743976136706543,Medio
1952015,0.06173801414651531,Baixo
1952018,0.15688172791868796,Baixo
1952032,0.13612555048551112,Baixo
1952022,0.4924253455400141,Alto
1952023,0.2985889430643582,Medio
1952034,0.1858028926536485,Baixo
1952030,0.27046653394624603,Medio
1952020,0.35227654711223033,Medio
1952038,0.3807587327872074,Medio
1952016,0.22514434810895273,Medio
1952045,0.0461594823820921,Baixo
1952037,0.16150943253895814,Baixo
1952041,0.2199280096004314,Medio
1952029,0.3655821624224839,Medio
1952047,0.4056727316733808,Medio
1952051,0.1748769589716361,Baixo
1949281,0.09018627328702038,Baixo
1952058,0.5701453473556438,Alto
1952060,0.04641242759098503,Baixo
1949807,0.17134701505937022,Baixo
1952061,0.32171203713537694,Medio
1951941,0.49790414934125155,Alto
1952069,0.11698043865988209,Baixo
1952072,0.1274222311418862,Baixo
1950511,0.4612380052979792,Alto
1952074,0.05434768531992211,Baixo
1952062,0.17147022237329823,Baixo
1952077,0.2581169878527174,Medio
1951357,0.334837653671911,Medio
1926744,0.36911597988161327,Medio
1952075,0.2355085004270456,Medio
1952064,0.1740868946460259,Baixo
1952081,0.0848808377140031,Baixo
1952052,0.1381779094580731,Baixo
1952028,0.1507461862573813,Baixo
1951125,0.22124332966698965,Medio
1951789,0.3603722209778477,Medio
1951996,0.4081521974901605,Medio
1952090,0.39340909219506126,Medio
1952101,0.29126466907188214,Medio
1952096,0.17998234650808853,Baixo
1951095,0.16061298108824773,Baixo
1952105,0.1644769816478643,Baixo
1952010,0.04173021033913865,Baixo
1952112,0.18992999711389916,Baixo
1739100,0.36887723313989895,Medio
1951650,0.060134584029302676,Baixo
1952094,0.10653174230094482,Baixo
1952122,0.27396464464332154,Medio
1952123,0.19668623885439418,Baixo
1952127,0.03126605142316181,Baixo
1952140,0.3249560444533103,Medio
1951861,0.11458047202669817,Baixo
1952143,0.20168814094355117,Medio
1952152,0.24649976710213967,Medio
1952158,0.21050810201475256,Medio
1951379,0.286226336377769,Medio
1952161,0.27073251448323377,Medio
1952164,0.04600344779153927,Baixo
1952165,0.05336493412677962,Baixo
1952169,0.22964952479502299,Medio
1952117,0.34700346133175086,Medio
1952171,0.31811711544388765,Medio
1952174,0.17061690420274286,Baixo
1952033,0.24845697873855074,Medio
1951418,0.19585459374544217,Baixo
1952173,0.33669618862442385,Medio
1951934,0.03501605773917724,Baixo
1952180,0.10011662037962955,Baixo
1952166,0.34040661462938626,Medio
1951831,0.4366841862806864,Medio
1952196,0.1984952472852178,Baixo
1950700,0.08677561029784195,Baixo
1951969,0.28930848588432023,Medio
1952048,0.06707991775342433,Baixo
1951277,0.20500391995784922,Medio
1735559,0.4872829045655298,Alto
1951052,0.07523155752150464,Baixo
1944649,0.4566646372621685,Alto
1951632,0.04156037721656114,Baixo
1952139,0.2673935751755211,Medio
1951003,0.055523652347606346,Baixo
1951183,0.0931982663681416,Baixo
1951915,0.09458400682495237,Baixo
1952204,0.35862213558966416,Medio
1951126,0.32964752280853593,Medio
1951567,0.1411503026468729,Baixo
1951456,0.33105937141314834,Medio
1952205,0.16499135112031707,Baixo
1951205,0.2758363059930681,Medio
1950507,0.32296665050582357,Medio
1951069,0.18655494620101223,Baixo
1834253,0.35137647909764863,Medio
1951784,0.16154183444253423,Baixo
1951486,0.0371192676237959,Baixo
1952144,0.3433281514625548,Medio
1951601,0.21585563536760666,Medio
1951116,0.1657228625464787,Baixo
1951112,0.23858680615772487,Medio
1951847,0.34031696827817565,Medio
1952210,0.13424481378943914,Baixo
1951085,0.40176534182057033,Medio
1952208,0.05256391859775196,Baixo
1952211,0.21272663642583445,Medio
1952212,0.24016429155543811,Medio
1947708,0.17163883725653536,Baixo
1952214,0.39355909877585665,Medio
1952224,0.13954772106689872,Baixo
1952225,0.013126407527304455,Baixo
1951876,0.21497964781242065,Medio
1950705,0.2109827934951104,Medio
1951347,0.17872113289371425,Baixo
1952217,0.12220062865378283,Baixo
1952227,0.18922605385205837,Baixo
1952235,0.23970650300688606,Medio
1952232,0.1354385474454667,Baixo
1952238,0.06734536660081977,Baixo
1952241,0.15881865606320264,Baixo
1952242,0.19069994155937922,Baixo
1952246,0.3139220562985083,Medio
1952244,0.19155583080576016,Baixo
1952245,0.13366911576464657,Baixo
1952243,0.06653698463617753,Baixo
1895820,0.12465236229480983,Baixo
1952248,0.09629700637959811,Baixo
1948634,0.044389394615639934,Baixo
1952261,0.10809791436427156,Baixo
1952267,0.055050935404396144,Baixo
1952264,0.2577058727002743,Medio
1952270,0.05948192877074131,Baixo
1951810,0.07757113111276695,Baixo
1952260,0.05095704279854146,Baixo
1951816,0.1882030806471741,Baixo
1951094,0.28938379606180187,Medio
1952262,0.1644518008179852,Baixo
1951067,0.2595395286598358,Medio
1952147,0.14386592887110897,Baixo
1952240,0.4153168441967971,Medio
1952266,0.15489974214884114,Baixo
1952273,0.11006435394132442,Baixo
1952278,0.3763461897760083,Medio
1952280,0.38712415612478845,Medio
1952271,0.10441872698804501,Baixo
1952275,0.21331402616850306,Medio
1952290,0.362839797600029,Medio
1952234,0.5156038487759682,Alto
1952297,0.09178879174313254,Baixo
1952276,0.10200034359400982,Baixo
1952272,0.27940184903355764,Medio
1952254,0.25251841013204795,Medio
1952296,0.1941325656089923,Baixo
1952295,0.4542299246025355,Alto
1952289,0.3902148241947427,Medio
1952288,0.2508505348402755,Medio
1952291,0.2171891084604533,Medio
1952308,0.19118768139410108,Baixo
1952310,0.20007802950948972,Medio
1952309,0.26906009730913266,Medio
1952274,0.13904622659503765,Baixo
1952302,0.29635633265492506,Medio
1952315,0.14175255897483538,Baixo
1952317,0.5199252660055481,Alto
1898785,0.23804279763351643,Medio
1943433,0.08290159682945995,Baixo
1952318,0.5549695676686064,Alto
1952294,0.21301070408044115,Medio
1952327,0.21962620096438487,Medio
1952314,0.3523859579837613,Medio
1952326,0.11382110279543622,Baixo
1952325,0.1275180201739108,Baixo
1952316,0.10838896472057576,Baixo
1952300,0.22391066597169576,Medio
1952111,0.20474328162228397,Medio
1952305,0.10424964932480488,Baixo
1952322,0.15480505862075994,Baixo
1950847,0.2450321041990464,Medio
1951443,0.15223472436244154,Baixo
1952320,0.21136629366954174,Medio
1952341,0.15722836583506036,Baixo
1951324,0.408134774936741,Medio
1952340,0.25076428264460227,Medio
1952332,0.3103487718207295,Medio
1952345,0.1630282579856395,Baixo
1952334,0.11271422857277191,Baixo
1952218,0.31848315751584033,Medio
1952344,0.3251033749635449,Medio
1952352,0.2861155437390138,Medio
1952353,0.39914239818663294,Medio
1952354,0.5863482809712783,Alto
1952364,0.2568134577898566,Medio
1952349,0.38911402406617845,Medio
1950454,0.10020039273955844,Baixo
1952357,0.30346591932686096,Medio
1952361,0.20692164825985954,Medio
1952373,0.1151876091033426,Baixo
1951870,0.10449160681864358,Baixo
1952370,0.20907195778106683,Medio
1951781,0.1824295801959464,Baixo
1952367,0.2543647821575074,Medio
1952369,0.16161890838647813,Baixo
1952383,0.26976695193760397,Medio
1952390,0.12942561394264043,Baixo
1952386,0.5009734467890788,Alto
1952387,0.2865609103843535,Medio
1948153,0.5066076929977054,Alto
1952395,0.06616688392366507,Baixo
1952372,0.26448406812951925,Medio
1952399,0.09038173164406249,Baixo
1952375,0.06681093633791187,Baixo
1952303,0.2644265698147834,Medio
1952371,0.3834471765459808,Medio
1952415,0.19048091248033933,Baixo
1947470,0.08654051622037451,Baixo
1937863,0.1925665987958529,Baixo
1952259,0.12692260255143856,Baixo
1952421,0.1384398736357259,Baixo
1952420,0.30501132429437017,Medio
1952428,0.13886003986671205,Baixo
1952422,0.20795707431516702,Medio
1952435,0.256991304857274,Medio
1952434,0.3813274491652937,Medio
1952431,0.28534252136599453,Medio
1952430,0.36050623964315176,Medio
1952253,0.3645637902854481,Medio
1951050,0.3342243708348785,Medio
1952417,0.18251301632305494,Baixo
1952368,0.23595036064228844,Medio
1952441,0.09495678654985923,Baixo
1952392,0.1562240244011145,Baixo
1926374,0.318877690666762,Medio
1952414,0.2942486938119504,Medio
1952409,0.22580760351278498,Medio
1952408,0.10880438480719429,Baixo
1952402,0.28009216473178966,Medio
1952440,0.4492432927269504,Medio
1951907,0.09559486048061482,Baixo
1952396,0.10490492218029267,Baixo
1952091,0.5357578766364212,Alto
1950141,0.2843240893141293,Medio
1952444,0.15644891340971523,Baixo
1060433,0.1917194423403708,Baixo
1951078,0.16446793650201272,Baixo
1952321,0.06678751143153745,Baixo
1952447,0.4943878650661993,Alto
1952230,0.31648994269681624,Medio
1951440,0.07455433448400092,Baixo
1826469,0.2410225016710798,Medio
1951333,0.21057827139109803,Medio
1952448,0.0651549165108768,Baixo
1951368,0.1569285962891726,Baixo
1952452,0.3699219529824323,Medio
1952450,0.15902903019279852,Baixo
1952176,0.3003235348694162,Medio
1952451,0.1010555064671641,Baixo
1952458,0.37600411275270584,Medio
1923398,0.42947252765975846,Medio
1952418,0.1676987912796201,Baixo
1952423,0.18165518745653284,Baixo
1952356,0.16007838510764652,Baixo
1952454,0.30693694764065876,Medio
1893967,0.12690632737861057,Baixo
1952468,0.19887749757393208,Baixo
1952465,0.2715020219736431,Medio
1951732,0.19264409879720767,Baixo
1952471,0.15605176347290453,Baixo
1952455,0.11607430853693047,Baixo
1952481,0.14777283549081496,Baixo
1952479,0.1312913753442456,Baixo
1952461,0.25625885164385326,Medio
1948838,0.2889900934460364,Medio
1952486,0.21729172817047837,Medio
1927938,0.310732479861311,Medio
1952483,0.23251571281232677,Medio
1952490,0.10455769123623335,Baixo
1952488,0.049020847405374934,Baixo
1952484,0.21864954019369515,Medio
1952311,0.27144246474295075,Medio
1952498,0.3780866169484562,Medio
1952494,0.22878071819333276,Medio
1952480,0.15673557505352378,Baixo
1952497,0.1716061710326328,Baixo
1952505,0.1755238737107952,Baixo
1952487,0.11272390516330912,Baixo
1952403,0.12446945876792466,Baixo
1952500,0.18603928239560302,Baixo
1952476,0.36039460546846763,Medio
1952226,0.1288194723478033,Baixo
1952284,0.46734353803958767,Alto
1952499,0.09102114374816875,Baixo
1952509,0.25087417687215796,Medio
1952514,0.22739584398804308,Medio
1952511,0.10251019029392003,Baixo
1780951,0.4214596115387748,Medio
1952503,0.3548378585350358,Medio
1938940,0.1317300958940823,Baixo
1951302,0.27601529008887665,Medio
1951879,0.467550324164738,Alto
1952496,0.5704813347408579,Alto
1952522,0.4153598661640654,Medio
1950684,0.2091899721072992,Medio
1952528,0.10314283145048078,Baixo
1951097,0.2103541802930149,Medio
1952515,0.04418662742278367,Baixo
1952380,0.37441319674783485,Medio
1952523,0.22974356937713106,Medio
1952531,0.4966864006213148,Alto
1951610,0.2799871811839594,Medio
1952534,0.1204078388995147,Baixo
1951063,0.19560943571934764,Baixo
1949438,0.35797072178532663,Medio
1952493,0.3253061943321875,Medio
1952527,0.22149475711621497,Medio
1952546,0.2130414793572114,Medio
1952460,0.1532999778307781,Baixo
1952545,0.07099664085962286,Baixo
1952436,0.30529745532199465,Medio
1952548,0.25909940127033443,Medio
1952520,0.14332059841118322,Baixo
1949419,0.1688624996691441,Baixo
1952540,0.17689924737068002,Baixo
1952557,0.3310399146728357,Medio
1952562,0.11667825506795113,Baixo
1952539,0.1102714474370032,Baixo
1952570,0.4165249821483621,Medio
1952462,0.4649322782950691,Alto
1952432,0.3524363804879304,Medio
1952567,0.29763025727774506,Medio
1952556,0.40995865460627967,Medio
1952561,0.3615885027791068,Medio
1952116,0.12445639733186288,Baixo
1952581,0.2565552679376833,Medio
1952577,0.6016905014852819,Alto
1952587,0.11444871918675684,Baixo
1952573,0.7159981901573848,Critico
1952586,0.44930186385600446,Medio
1952277,0.4107701859525334,Medio
1952592,0.17586601048329742,Baixo
1952595,0.36979818007681453,Medio
1952593,0.35168354589187506,Medio
1952255,0.2646658112489779,Medio
1952604,0.0491523436924784,Baixo
1952590,0.16129074634677432,Baixo
1952589,0.19304887111772298,Baixo
1952597,0.2333099665193423,Medio
1952596,0.2553939143484122,Medio
1952609,0.5663579640059,Alto
1951433,0.44215635823451394,Medio
1951902,0.10900226159513904,Baixo
1938838,0.1578769146534282,Baixo
1952374,0.24353243579153042,Medio
1916361,0.229953404150164,Medio
1951280,0.17081745333634893,Baixo
1952359,0.09306469903263404,Baixo
1950858,0.06443407986616614,Baixo
1952477,0.021048401984000976,Baixo
1952603,0.25707331847721526,Medio
1952501,0.19586469288670752,Baixo
1947882,0.058058732289812204,Baixo
1952413,0.0951900315093793,Baixo
1951484,0.17915798381258485,Baixo
1952601,0.10071533639055277,Baixo
1952424,0.2194053962863458,Medio
1951712,0.30947732866646055,Medio
1952213,0.30500435143936444,Medio
1952608,0.3041456244215272,Medio
1924464,0.10742261219914137,Baixo
1952572,0.19493793388530625,Baixo
1952626,0.1425400211390347,Baixo
481126,0.07082635524719189,Baixo
1952629,0.18394012784538852,Baixo
1952620,0.3551409128187058,Medio
1952635,0.25569308550296804,Medio
1952645,0.15462543950260746,Baixo
1952667,0.23665272614085056,Medio
1952636,0.15127494361681976,Baixo
1952641,0.3924260752486786,Medio
1952639,0.2930115571302589,Medio
1952668,0.20508612924781805,Medio
1952660,0.0752469163662569,Baixo
1952666,0.24124894238587644,Medio
1952606,0.12686098609601076,Baixo
1952653,0.41543887813100294,Medio
1952662,0.14731214785556582,Baixo
1952646,0.20366578615671493,Medio
1670935,0.3617834288366073,Medio
1952665,0.13716558487255903,Baixo
1952671,0.3335517763548679,Medio
1952553,0.11924419153132339,Baixo
1952692,0.06749229697253048,Baixo
1952502,0.15593823017344524,Baixo
1952625,0.15431171704818175,Baixo
1952694,0.36247456902013064,Medio
1952677,0.1240906238190181,Baixo
1952709,0.08104009824112525,Baixo
1952698,0.09860469868819934,Baixo
1952703,0.16458301636200395,Baixo
1952482,0.4015722552325493,Medio
1952717,0.29356749679279404,Medio
1952685,0.325843706096792,Medio
1952693,0.3000455171466436,Medio
1952696,0.17841442719310993,Baixo
1948125,0.3814816351981441,Medio
1952731,0.17974647633636712,Baixo
1952681,0.28169202839233,Medio
1952638,0.11738238534794423,Baixo
1952701,0.351250543327698,Medio
1952739,0.20935805582089811,Medio
1952103,0.14727941793079904,Baixo
1952650,0.2741878605514831,Medio
1952740,0.32056065577154325,Medio
1952732,0.2028312939091329,Medio
1946227,0.09479193492485617,Baixo
1952125,0.21677931194284394,Medio
1952702,0.3070111638928109,Medio
1952746,0.20154450183018763,Medio
1952733,0.408466657951338,Medio
1952735,0.18444210539231284,Baixo
1952405,0.6285766435675841,Alto
1952711,0.37107230680456904,Medio
1952727,0.31367299107755,Medio
1952728,0.14549350639321873,Baixo
1952726,0.09539773040998642,Baixo
1952768,0.3218774086125874,Medio
1946628,0.13151589044619358,Baixo
1951637,0.17608434495097566,Baixo
1952475,0.29292675263518203,Medio
1952602,0.11661505174443734,Baixo
1952630,0.1640604458936333,Baixo
1950435,0.03935931243328729,Baixo
1952684,0.3933696769271903,Medio
1952782,0.28377069462874577,Medio
1952783,0.3545558077940278,Medio
1952771,0.0892793494804857,Baixo
1952786,0.28234285605082265,Medio
1952610,0.30241513037563056,Medio
1952672,0.3067877692138526,Medio
1952788,0.3323619189808691,Medio
1952612,0.11764918905997741,Baixo
1952439,0.06595847120132318,Baixo
1952775,0.1263894621270972,Baixo
1945001,0.2865859251203765,Medio
1952536,0.11609098506255723,Baixo
1952807,0.12342739802054636,Baixo
1952806,0.08193372046022529,Baixo
1952720,0.2528037423641683,Medio
1952799,0.24574867807730938,Medio
1952787,0.2889020162206495,Medio
1952813,0.1371731420705353,Baixo
1952798,0.24630483712752013,Medio
1952824,0.33711659248976034,Medio
1952816,0.1986173707913513,Baixo
1952831,0.313843959677156,Medio
1952826,0.25011823282583934,Medio
1952815,0.5590716055828513,Alto
1952360,0.24647645183407232,Medio
1952829,0.18865361265277403,Baixo
1952830,0.10522452284381606,Baixo
1952820,0.2121402253574667,Medio
1952781,0.35883871591824074,Medio
1812299,0.1819303699185301,Baixo
1952689,0.15922125640263196,Baixo
1952825,0.22444534554106907,Medio
1946733,0.36694943188459717,Medio
1952675,0.1987326891568054,Baixo
1952842,0.3356739554433666,Medio
1951523,0.3111313557945478,Medio
1952837,0.2145821675786851,Medio
1946060,0.08012048280321264,Baixo
1952850,0.15176656704697766,Baixo
1952758,0.1913427590178688,Baixo
1952039,0.29593270017017204,Medio
1952846,0.18117968810575139,Baixo
1952761,0.2249952227763526,Medio
1864452,0.1114917767342008,Baixo
1952854,0.2150291101749953,Medio
1952627,0.07909254011273176,Baixo
1952851,0.5068923324138654,Alto
1952818,0.5644679706392338,Alto
1951381,0.23558292133666445,Medio
1952863,0.05984421766116614,Baixo
1952872,0.4887104707419531,Alto
1952869,0.137585905358341,Baixo
1952855,0.1093338332271783,Baixo
1952871,0.18626015211133606,Baixo
1934092,0.1566491873380476,Baixo
1952874,0.4873214157893449,Alto
1952679,0.1347332799585103,Baixo
1952800,0.41369576408701997,Medio
1800274,0.45342281068892193,Alto
1952810,0.42694063105092916,Medio
1952895,0.1754358617450452,Baixo
1952889,0.3362062236296188,Medio
1951405,0.31581298026218113,Medio
1952896,0.30660801462114945,Medio
1952883,0.4232693888500911,Medio
1952881,0.48372154781271876,Alto
1952885,0.2632559700232241,Medio
1952605,0.21024848130076082,Medio
1952900,0.1469292711060573,Baixo
1952886,0.3061402361531188,Medio
1949636,0.07788028029707127,Baixo
1952866,0.16035470084788211,Baixo
1952892,0.08942240769777782,Baixo
1949858,0.2536159780350451,Medio
1948905,0.14076827575041012,Baixo
1952904,0.0997203572156786,Baixo
1952893,0.1807670327186612,Baixo
1952575,0.33169906117908543,Medio
1952911,0.4149568785083712,Medio
1952843,0.24851454335231468,Medio
1952865,0.26532004735804604,Medio
1947698,0.3076307922526096,Medio
1952903,0.23671739890412932,Medio
1952640,0.32208939735435066,Medio
1952858,0.20261532778099942,Medio
1951720,0.04449484229515377,Baixo
1952879,0.6622895283969011,Alto
1952926,0.12109354419465361,Baixo
1952923,0.13641469265841885,Baixo
1952905,0.07996299664677119,Baixo
1952933,0.04746840053300166,Baixo
1952930,0.3067842850728726,Medio
1952894,0.35596751652064956,Medio
1952779,0.31166873238613674,Medio
1952054,0.17282330072291618,Baixo
1952939,0.07583686654359909,Baixo
1951552,0.1687620844434465,Baixo
1952938,0.13167840343650095,Baixo
1947746,0.16237271300562825,Baixo
1952944,0.053908200643409815,Baixo
1952955,0.17252407467658948,Baixo
1952983,0.20493540241152883,Medio
1952985,0.18439180519129914,Baixo
1952773,0.27554757030880767,Medio
1952998,0.1158433200382649,Baixo
1952989,0.07337540521804542,Baixo
1952977,0.08425882342981847,Baixo
1952979,0.030925514102624025,Baixo
1952973,0.3187550626113193,Medio
1952921,0.30262217624540616,Medio
1952298,0.34276035409855243,Medio
1952991,0.44714512608779516,Medio
1951599,0.07793147586251273,Baixo
1952928,0.7391895181964482,Critico
1953001,0.09574848937880119,Baixo
1952974,0.11060708673440585,Baixo
1952982,0.27155563962868745,Medio
1953032,0.1274232523792542,Baixo
1952990,0.5797362628922645,Alto
1953023,0.1786428644302284,Baixo
1953015,0.2939956749952964,Medio
1952780,0.2778447810386501,Medio
1953033,0.43120133043319214,Medio
1953034,0.3675745168848771,Medio
1953042,0.2559029171445485,Medio
1953040,0.24365771823525473,Medio
1944017,0.33067449459919307,Medio
1948524,0.20517763543991485,Medio
1953031,0.1174468052031675,Baixo
1952584,0.42117356163881703,Medio
1947334,0.10967565225803591,Baixo
1935278,0.22684203926466284,Medio
1953051,0.0948169227169702,Baixo
1952132,0.31835143341244737,Medio
1953046,0.17974650980634158,Baixo
1951108,0.19943519579128308,Baixo
1952560,0.07024448787546601,Baixo
1953050,0.035967534789912124,Baixo
1953079,0.11525295681970182,Baixo
1952805,0.3379259164034405,Medio
1951351,0.23197952377295022,Medio
1953066,0.30258541680006135,Medio
1953081,0.20951701718060037,Medio
1953086,0.5315648168085478,Alto
1952814,0.08451382792296956,Baixo
1953084,0.09976238185449153,Baixo
1953082,0.2752453293547569,Medio
1951521,0.4536235593215056,Alto
1953075,0.14224359202297854,Baixo
1953078,0.08195925598729271,Baixo
1952908,0.19602620119156505,Baixo
1950593,0.35574471233403193,Medio
1953090,0.34085991680693567,Medio
1953092,0.26639024360157554,Medio
1953074,0.13567218426812255,Baixo
1953083,0.10189252239975306,Baixo
1953098,0.2709726257045038,Medio
1953087,0.20500781615673128,Medio
1952934,0.4912284627519686,Alto
1953085,0.6120825211917601,Alto
1953105,0.556882661675426,Alto
1951955,0.1783591439625416,Baixo
1952182,0.3009932971854777,Medio
1953104,0.37161485597640637,Medio
1953103,0.5346922448850263,Alto
1905702,0.39443416731127046,Medio
1952956,0.219787937433035,Medio
1953113,0.07740037544259322,Baixo
1952623,0.24067501706698757,Medio
1953108,0.007474478385488586,Baixo
1951513,0.15770540005565592,Baixo
1953111,0.38310453385332083,Medio
1952652,0.25286898528759066,Medio
1953131,0.24668208592467203,Medio
1952588,0.10677726106026672,Baixo
1948882,0.4454520302915206,Medio
1952967,0.5770740994476751,Alto
1953130,0.3636322356984282,Medio
1953117,0.4138925099355007,Medio
1953139,0.1513699281698568,Baixo
1953146,0.45216447815121896,Alto
1952342,0.3365319036270945,Medio
1952966,0.1722868183583007,Baixo
1953128,0.3406501344168771,Medio
1953138,0.1596177762543936,Baixo
1953159,0.27606044961271725,Medio
1953161,0.059196382948272265,Baixo
1953071,0.09781888863742522,Baixo
1951303,0.18060955008356208,Baixo
1953172,0.08045539714680207,Baixo
1953137,0.1949176446832742,Baixo
1953166,0.3145664294881822,Medio
1953152,0.09839364817183903,Baixo
1952965,0.3743937884642236,Medio
1952472,0.26074484717797336,Medio
1953175,0.307927133105734,Medio
1952762,0.012644090546803759,Baixo
1953168,0.42657361362532836,Medio
1953155,0.23022100518825817,Medio
1950491,0.16578637924748021,Baixo
1953141,0.3434202989695062,Medio
1951344,0.3767366198215563,Medio
1953171,0.5498044705047184,Alto
1953182,0.2201916774339897,Medio
1953187,0.49045485949428774,Alto
1953183,0.21720829365510708,Medio
1953194,0.15308065924372136,Baixo
1952170,0.20587837921602695,Medio
1952086,0.10021586891649188,Baixo
1953209,0.16553499403244476,Baixo
1953157,0.2202234025083596,Medio
1952929,0.33157826773813254,Medio
1953198,0.11870283025236736,Baixo
1953195,0.11913539106153491,Baixo
1953203,0.26576035765572587,Medio
1953176,0.1836929953336212,Baixo
1953026,0.26186335584013737,Medio
1953206,0.3017353225426567,Medio
1953170,0.5208582812553878,Alto
1953044,0.22872969891678435,Medio
1952811,0.39491559898161704,Medio
1952888,0.07047979224591437,Baixo
1953191,0.08351734464307611,Baixo
1953199,0.2080498826087417,Medio
1953136,0.38033149711798814,Medio
1953196,0.19536409333545454,Baixo
1953226,0.5574917315944902,Alto
1952485,0.2038372265276149,Medio
1951283,0.4190570990499811,Medio
1953237,0.3138707566222699,Medio
1953201,0.13761548530033244,Baixo
1953224,0.17923467966234202,Baixo
1953223,0.23287292904249882,Medio
1951034,0.12149757431091976,Baixo
1953210,0.13353822193924408,Baixo
1952922,0.09754978420832677,Baixo
1953216,0.29330036025601314,Medio
1953241,0.24788458752931827,Medio
1953233,0.18849674966100483,Baixo
1953214,0.25575848777044174,Medio
1953231,0.06954761403585154,Baixo
1953212,0.16480020032434675,Baixo
1953246,0.14254696731945796,Baixo
1953244,0.07264874105582524,Baixo
1953248,0.09259171065341106,Baixo
1952936,0.34857106997852627,Medio
1953253,0.1828584359699993,Baixo
1953256,0.5567595547143959,Alto
1953261,0.6344808013482491,Alto
1953267,0.13428843437520568,Baixo
1953268,0.15881574869565002,Baixo
1953263,0.14160713765715488,Baixo
1953147,0.5751871510216389,Alto
1953273,0.3218542037320123,Medio
1953064,0.21606862105674138,Medio
1953280,0.2970259328519226,Medio
1953259,0.175297455468849,Baixo
1951534,0.3538196810356054,Medio
1953277,0.2302715561912035,Medio
1953279,0.28118193335618685,Medio
1953284,0.13479272264186873,Baixo
1952568,0.5370893595111091,Alto
1953283,0.1596180824147178,Baixo
1953106,0.3224810358182114,Medio
1952053,0.20558332526759518,Medio
1953053,0.1464520357775958,Baixo
1953289,0.5070563744002735,Alto
1953286,0.32912781500349464,Medio
1953297,0.45233565754834587,Alto
1953301,0.26300757317832174,Medio
1953291,0.4813843007036726,Alto
1951568,0.11654291465968947,Baixo
1953282,0.2917971885368814,Medio
1953300,0.1784512424454679,Baixo
1953271,0.26232740899367596,Medio
1953299,0.10171420151996016,Baixo
1953319,0.28880290302612355,Medio
1952582,0.08622574562503559,Baixo
1952600,0.13361303592243953,Baixo
1953317,0.28493378686869336,Medio
1953324,0.32150449501194345,Medio
1953321,0.2207162796000557,Medio
1953327,0.25986754929569467,Medio
1953330,0.1909858783677821,Baixo
1953221,0.4103718135061234,Medio
1953340,0.2901405456529044,Medio
1951930,0.274492719804932,Medio
1953102,0.18686668261034162,Baixo
1953333,0.3927777960690331,Medio
1953347,0.14338780868803663,Baixo
1953349,0.3659596285321679,Medio
1953336,0.2514023276144483,Medio
1952579,0.24243218960276158,Medio
1950373,0.32773759171844935,Medio
1953352,0.2361111876139263,Medio
1953331,0.3804598855005155,Medio
1953344,0.315228067209893,Medio
1953313,0.5010590808371366,Alto
1953359,0.08456077343076256,Baixo
1927986,0.36933721457894775,Medio
1953358,0.3157177253353441,Medio
1953353,0.14511643392285442,Baixo
1950334,0.23265431188903765,Medio
1944486,0.2411537284482092,Medio
1953351,0.32591953453722444,Medio
1953222,0.11668708580215764,Baixo
1952832,0.3048361849215291,Medio
1909564,0.10431092228600773,Baixo
1952401,0.1871538516005005,Baixo
1953229,0.16853494715733155,Baixo
1952011,0.1920995519035327,Baixo
1953236,0.46369241906603725,Alto
1953342,0.2882096886647739,Medio
1953383,0.23995938164747208,Medio
1953361,0.41922555192758215,Medio
1950044,0.08277165042271117,Baixo
1953003,0.34466217771722657,Medio
1953382,0.0630345388550755,Baixo
1953387,0.24440476107402107,Medio
1952304,0.5832222588494763,Alto
1953292,0.3584754761615335,Medio
1953140,0.08262668865143309,Baixo
1953169,0.2163713882681302,Medio
1953397,0.09706539560497034,Baixo
1951684,0.05587828713189486,Baixo
1953376,0.30289332281217074,Medio
1952470,0.10735233776947327,Baixo
1953400,0.5029073279640265,Alto
1953392,0.09374892255157087,Baixo
1953234,0.35918938029193515,Medio
1953088,0.2317629941829964,Medio
1953391,0.4500211134137575,Alto
1953312,0.17737354705783354,Baixo
1927159,0.5246001802378506,Alto
1953302,0.3539049736058116,Medio
1951742,0.09048321330845409,Baixo
1953407,0.3574739313952686,Medio
1952013,0.3769428550550008,Medio
1953410,0.19328733436137333,Baixo
1952563,0.36012119944222426,Medio
1953416,0.5296349070963234,Alto
1952971,0.36103855444193833,Medio
1953421,0.24910408296962405,Medio
1953415,0.2488957204601678,Medio
1950061,0.2867394970221871,Medio
1953404,0.3551857434892509,Medio
1953426,0.2190617214121428,Medio
1953365,0.41334125594009463,Medio
1953428,0.2771011704820674,Medio
1952394,0.20152421104358212,Medio
1952504,0.05356870212987773,Baixo
1943436,0.41784248653836303,Medio
1952876,0.24437700831219783,Medio
1349004,0.06600593140315694,Baixo
1953437,0.25576641325444416,Medio
1953260,0.22907734369719127,Medio
1953439,0.2798106895168754,Medio
1953445,0.3211800641671843,Medio
1953436,0.29789808352564495,Medio
1951979,0.095743015476726,Baixo
1953444,0.5559396145377525,Alto
1953442,0.3680649522388483,Medio
1953446,0.11707719698398304,Baixo
1953440,0.31980527444682405,Medio
1953311,0.12111885799698524,Baixo
1953379,0.3534864808024019,Medio
1953414,0.38670117245906854,Medio
1953453,0.2801746367819504,Medio
1953239,0.12423562745094388,Baixo
1909547,0.4329541020142136,Medio
1953461,0.12299018443232163,Baixo
1953449,0.22669038611308936,Medio
1953467,0.21389559045161835,Medio
1951591,0.4607071678720193,Alto
1952849,0.18561627596735336,Baixo
1953375,0.2689525158301181,Medio
1953479,0.24679817756344816,Medio
1953472,0.4159547279838423,Medio
1953381,0.11911304957690579,Baixo
1953465,0.5993716591183081,Alto
1953477,0.15552782483688202,Baixo
1953020,0.08628914429743062,Baixo
1953502,0.1661969336137201,Baixo
1953451,0.18178140361446282,Baixo
1953405,0.3350342490645837,Medio
1953503,0.08142485287533859,Baixo
1953514,0.23119339541641973,Medio
1791442,0.05360692655791161,Baixo
1953515,0.1204887495396534,Baixo
1953505,0.04133616103816202,Baixo
1953524,0.17511203579513634,Baixo
1937238,0.14657153976563192,Baixo
1953517,0.07040554381916932,Baixo
1953533,0.0888277780076424,Baixo
1953540,0.30810014160876387,Medio
1953526,0.1399078564432771,Baixo
1953537,0.26078552658244775,Medio
1953528,0.3722113522273208,Medio
1953527,0.10998196642504837,Baixo
1953513,0.008565484358200242,Baixo
1953060,0.37035311150187744,Medio
1953266,0.15233692043322863,Baixo
1953546,0.34392427824082134,Medio
1953520,0.10389385062790743,Baixo
1953544,0.12245627565796333,Baixo
1952257,0.2166085673160285,Medio
1953500,0.05283406201723683,Baixo
1953549,0.3547365761829061,Medio
1953521,0.146247514544075,Baixo
1953550,0.14935668554298068,Baixo
1953457,0.1200099175543154,Baixo
1951976,0.3775937312080412,Medio
1953250,0.3037688839363036,Medio
1953398,0.21667415253464564,Medio
1953516,0.23884393355887165,Medio
1953408,0.43333988790641503,Medio
1952124,0.1481093430124189,Baixo
1952084,0.20318478272293025,Medio
1952962,0.19386800898294188,Baixo
1953538,0.18036367384183843,Baixo
1952853,0.3956459113344576,Medio
1953434,0.19914843049355346,Baixo
1952576,0.15822231224111125,Baixo
1953563,0.1681654740922799,Baixo
1953583,0.10343724136307045,Baixo
1953494,0.5798853541694251,Alto
1949881,0.35031631110827344,Medio
1953581,0.09924384245761275,Baixo
1952388,0.08089163148979185,Baixo
1953458,0.3044880303278601,Medio
1953573,0.05978791314888738,Baixo
1953596,0.05590400476925723,Baixo
1953599,0.2695773103286216,Medio
1953608,0.28007864153516243,Medio
1953582,0.3229535531286378,Medio
1953611,0.31305694058151956,Medio
1953610,0.3909219059183047,Medio
1953597,0.39973392999925217,Medio
1953462,0.17382465893938667,Baixo
1953612,0.16715788982031013,Baixo
1953616,0.1825461993727174,Baixo
1942459,0.45728611968483546,Alto
1953619,0.317593819103405,Medio
1952682,0.1265211049006714,Baixo
1953561,0.2097869408051934,Medio
1953617,0.1948816962244768,Baixo
1953622,0.07187605286323322,Baixo
1953615,0.061534506527206836,Baixo
1953548,0.09221218880789299,Baixo
1953497,0.27124587940945494,Medio
1949661,0.13515827954708817,Baixo
1953640,0.12392419245042215,Baixo
1953631,0.10831560223901375,Baixo
1953356,0.11113454397613963,Baixo
1952916,0.130820483545597,Baixo
1953627,0.32770602444886604,Medio
1953650,0.07290156384174941,Baixo
1953638,0.4029302995231544,Medio
1953637,0.2341860438973666,Medio
1953620,0.1130576258628484,Baixo
1953658,0.6711913845257508,Alto
1953656,0.5248969486579939,Alto
1953655,0.5086216451146556,Alto
1953498,0.29389314770028474,Medio
1953492,0.4559213340308956,Alto
1953454,0.21871273208396977,Medio
1950327,0.09319665516184959,Baixo
1953530,0.12985166184972605,Baixo
1953667,0.29119532235987566,Medio
1953660,0.3826815199313833,Medio
1953501,0.12347439691548741,Baixo
1953669,0.15149432902299992,Baixo
1953680,0.45185416235841275,Alto
1951809,0.3666147471325587,Medio
1953303,0.055219776924295326,Baixo
1953683,0.24721481241744694,Medio
1953688,0.14813056546077963,Baixo
1953665,0.22185284099254243,Medio
1953691,0.30068332030648404,Medio
1953689,0.2787211519999005,Medio
1953690,0.265085147986561,Medio
1953696,0.06717203348833396,Baixo
1953489,0.20285244486795118,Medio
1942523,0.3295373770942305,Medio
1953671,0.36556062912155896,Medio
1953699,0.4786517570383012,Alto
1953384,0.09829960817635114,Baixo
1953700,0.34228193785115946,Medio
1952179,0.20417470216906333,Medio
1952624,0.15303552567087844,Baixo
1953707,0.08339741588658614,Baixo
1953675,0.07503379896274041,Baixo
1953705,0.1779570086235663,Baixo
1953712,0.21652567819140922,Medio
1953413,0.06373020720547358,Baixo
1953720,0.35186746813173503,Medio
1953721,0.3622148565877512,Medio
1953716,0.26762075516169886,Medio
1953663,0.21203814074822855,Medio
1951614,0.121345446935615,Baixo
1953727,0.1185612730385895,Baixo
1953249,0.13695118022450353,Baixo
1953728,0.057231769053491574,Baixo
1953734,0.31988328541756156,Medio
1952200,0.07713036862142833,Baixo
1953708,0.048392440058903495,Baixo
1953737,0.22196735174809673,Medio
1953738,0.123494604764598,Baixo
1953595,0.3675600877437394,Medio
1952670,0.3169492989968661,Medio
1694460,0.165595165429887,Baixo
1953739,0.28583846832120063,Medio
1953745,0.023144685980961557,Baixo
1953584,0.20411309343306266,Medio
1953687,0.4118925360331797,Medio
1953681,0.3528828976543071,Medio
1953746,0.11696832023476651,Baixo
1953674,0.08468085283535912,Baixo
1953755,0.23270641272525722,Medio
1952793,0.10302474583746916,Baixo
1953011,0.1359633919138746,Baixo
1953760,0.4755935474422573,Alto
1947620,0.1502366483114163,Baixo
1953774,0.25095320627378603,Medio
1953778,0.2796295380487229,Medio
1953784,0.30459371212690334,Medio
1953773,0.1074179294246511,Baixo
1953779,0.18367053866951727,Baixo
1952878,0.09345871237577077,Baixo
1953693,0.3799061237259076,Medio
1952738,0.29805694116341697,Medio
1953143,0.08030129952231455,Baixo
1953810,0.20175261800402627,Medio
1945540,0.17340958815129315,Baixo
1953793,0.1671087873144976,Baixo
1953808,0.32457264008871073,Medio
1953820,0.07372754874680851,Baixo
1953756,0.5708710148466106,Alto
1953827,0.09273994587541359,Baixo
1953822,0.3147263035733443,Medio
1953835,0.33048352584910634,Medio
1953795,0.45838540816689577,Alto
1950940,0.14851083520820993,Baixo
1953840,0.22990016886936313,Medio
1953838,0.13881385004231667,Baixo
1953843,0.2885015681561027,Medio
1953764,0.11923861623197053,Baixo
1953865,0.12704100782353991,Baixo
1953856,0.05636804910608386,Baixo
1953881,0.18563768078652867,Baixo
1952777,0.11928705108632949,Baixo
1953750,0.11923463981076675,Baixo
1953753,0.2278390690379791,Medio
1953706,0.1934958748336521,Baixo
1952898,0.07584393534645198,Baixo
1953119,0.041907576984658114,Baixo
1952836,0.06730066525083159,Baixo
1952186,0.06369980590878287,Baixo
1953889,0.0903694059662088,Baixo
1953892,0.03701210334830201,Baixo
1953872,0.06556161558843732,Baixo
1952988,0.3872491880812293,Medio
1880560,0.11440413933072896,Baixo
1953900,0.062446805307514563,Baixo
1953898,0.19951289855934112,Baixo
1953873,0.22933388256487508,Medio
1953906,0.186292022939105,Baixo
1953846,0.2043375908808415,Medio
1953812,0.14746946438522407,Baixo
1953893,0.15633031274483788,Baixo
1953354,0.1074417921332834,Baixo
1953646,0.39596264552787347,Medio
1953913,0.2313061564812463,Medio
1953937,0.2854970706133471,Medio
1953949,0.30173233143265266,Medio
1953935,0.3446095510171196,Medio
1939174,0.169366403749335,Baixo
1953951,0.24755000593506898,Medio
1953902,0.4037001306098244,Medio
1953824,0.10402297827305454,Baixo
1953950,0.4405053665535424,Medio
1953698,0.17670032495325325,Baixo
1953938,0.44700145219027654,Medio
1953799,0.17792072878488355,Baixo
1953896,0.24353265021060333,Medio
1953326,0.5194773381315111,Alto
1950482,0.27186156161229763,Medio
1953486,0.49779569707552557,Alto
1953921,0.21965572328505392,Medio
1953910,0.24662324079564943,Medio
1953766,0.1169712388643317,Baixo
1953958,0.14361265843638435,Baixo
1953977,0.19999748622495012,Baixo
1953969,0.18346717773112234,Baixo
1953970,0.5288392126747772,Alto
1952963,0.3050757819078819,Medio
1934467,0.16579402547472635,Baixo
1953160,0.34182093409783165,Medio
1953934,0.06431822889808425,Baixo
1953861,0.19366074702506564,Baixo
1953322,0.5679783200643251,Alto
1953982,0.19403144524552296,Baixo
1953976,0.1711579153155268,Baixo
1953928,0.1327156408565577,Baixo
1954006,0.25499218253362715,Medio
1954004,0.20968205737367346,Medio
1954007,0.2663317525047338,Medio
1954015,0.11731908683773846,Baixo
1953997,0.18170037662900626,Baixo
1954022,0.18712309183993345,Baixo
1954029,0.28187027890407046,Medio
1954020,0.1792814823298888,Baixo
1954000,0.20950057898427615,Medio
1954009,0.11137675886338125,Baixo
1954041,0.11727760247485529,Baixo
1953992,0.30254146945342636,Medio
1953335,0.04688085031367884,Baixo
1949492,0.27180612321088443,Medio
1954038,0.19081671108589865,Baixo
1953878,0.012229279535279384,Baixo
1954026,0.4455318275423385,Medio
1954017,0.22379448499790336,Medio
1953967,0.15034116321747032,Baixo
1954003,0.24783710994854263,Medio
1954069,0.1735886823924454,Baixo
1953782,0.12353756229185249,Baixo
1954037,0.2625320885519654,Medio
1953927,0.34878204619230924,Medio
1954081,0.1181288535886083,Baixo
1954071,0.18653571648398118,Baixo
1954082,0.21031363916551565,Medio
1953922,0.0880849793804015,Baixo
1952790,0.14986551377604862,Baixo
1954097,0.34314715588893646,Medio
1952512,0.3045284973653636,Medio
1952808,0.11014144927743959,Baixo
1954066,0.3516683153956873,Medio
1954101,0.22475083847939392,Medio
1954112,0.18656805679669225,Baixo
1954108,0.4513804340937701,Alto
1953030,0.4117590826574861,Medio
1954118,0.24387362796282516,Medio
1954122,0.24580004670176375,Medio
1954115,0.14786480730017054,Baixo
1954124,0.09947886620746728,Baixo
1953456,0.21426334083861745,Medio
1561168,0.6576455422358598,Alto
1953961,0.3860191235037004,Medio
1953558,0.2928036551297725,Medio
1954130,0.15154861577996595,Baixo
1954127,0.018381402614131136,Baixo
1954098,0.12071802005507695,Baixo
1948446,0.3071231332626987,Medio
1954121,0.14892200211733095,Baixo
1945603,0.08052373531671546,Baixo
1951821,0.5580820433029031,Alto
1954106,0.45285884918815555,Alto
1953765,0.7090506808921029,Critico
1954042,0.20307234061264437,Medio
1953929,0.09209968559913474,Baixo
1954067,0.2509324270267226,Medio
1954028,0.17903243221889956,Baixo
1950408,0.6089026844983811,Alto
1953974,0.3340309815871288,Medio
1951849,0.4629610872618504,Alto
1951432,0.47435448744392,Alto
1948643,0.15109944629474817,Baixo
1954144,0.3939731570333409,Medio
1953867,0.11156515485671183,Baixo
1954142,0.21666175838626098,Medio
1944674,0.29621519001288715,Medio
1954151,0.30738255927329067,Medio
1954157,0.2557347434212284,Medio
1950680,0.18513830340778603,Baixo
1953866,0.4199052947505671,Medio
1953603,0.09821521151785916,Baixo
1954019,0.05748989575107407,Baixo
1954159,0.04459640349500988,Baixo
1954163,0.09370176968522557,Baixo
1953348,0.3402898830245346,Medio
1954168,0.3039851088335815,Medio
1954116,0.11926236193862388,Baixo
1528706,0.1777120233180412,Baixo
1954137,0.17622476743476473,Baixo
1954032,0.30269223844445153,Medio
1954173,0.12973752889040407,Baixo
1954150,0.3113085732518632,Medio
1954164,0.14680533248749839,Baixo
1932491,0.09230769031816652,Baixo
1953654,0.10038383498105571,Baixo
1954176,0.20633517536536178,Medio
1954179,0.18591029350632438,Baixo
1954182,0.45270886591100434,Alto
1954154,0.34261020040074697,Medio
1953154,0.2904160304443663,Medio
1954147,0.11659654143307312,Baixo
1954198,0.2654881246500516,Medio
1953468,0.24189230246663465,Medio
1953406,0.16605253633801265,Baixo
1953307,0.328961406148041,Medio
1952840,0.2460634585178678,Medio
1953788,0.48566557194563004,Alto
1954200,0.39088254575610804,Medio
1954210,0.14938763633523175,Baixo
1954206,0.19087088419970644,Baixo
1954214,0.30328887453331305,Medio
1954222,0.22232286487192368,Medio
1954197,0.12780946414742766,Baixo
1953836,0.5216822545644069,Alto
1954218,0.1874567056297246,Baixo
1954103,0.31926677799435904,Medio
1953555,0.12002596780056797,Baixo
1954215,0.29363827967286793,Medio
1954205,0.26222282973853234,Medio
1954233,0.07568209513581929,Baixo
1954229,0.09696846090734515,Baixo
1954246,0.09796570193304609,Baixo
1954242,0.38641481865501764,Medio
1953628,0.2787103078672511,Medio
1020991,0.11529194180751058,Baixo
1954223,0.015508699916402732,Baixo
1952828,0.34712941124978874,Medio
1953785,0.4194786899092049,Medio
1954225,0.16205993331226648,Baixo
1954253,0.2955818017177413,Medio
1954249,0.023029726069821545,Baixo
1954257,0.3014466552142328,Medio
1954048,0.4205616001365818,Medio
1952031,0.1070969761171733,Baixo
1954270,0.22207724838291992,Medio
1243895,0.324851835892138,Medio
1940813,0.10867500616766884,Baixo
1952961,0.2667684217008752,Medio
1954266,0.012635157318543465,Baixo
1952628,0.26213053893893834,Medio
1954126,0.23757290693722327,Medio
1954269,0.05354239604916017,Baixo
1954274,0.1443311879463394,Baixo
1954261,0.0755879652706212,Baixo
1940881,0.12408346061566407,Baixo
1954281,0.19737145793190436,Baixo
1954273,0.3594585534134887,Medio
1953685,0.19368953428577634,Baixo
1954290,0.12526462349132353,Baixo
1954293,0.15502728656636686,Baixo
1954280,0.11934163281194998,Baixo
1954284,0.06769629095842979,Baixo
1954288,0.24727174723769332,Medio
1954296,0.2758084110125919,Medio
1954275,0.5090104833415334,Alto
1954279,0.19119786309752787,Baixo
1954294,0.46053343209981357,Alto
1954278,0.17006529988980948,Baixo
1954243,0.4240755491358319,Medio
1953363,0.22085597175158192,Medio
1905035,0.004949660212312184,Baixo
1954234,0.236031770807848,Medio
1954299,0.15268586042768842,Baixo
1952569,0.1632411296253378,Baixo
1954305,0.30579796026275646,Medio
1954301,0.12669664539045086,Baixo
1954313,0.290437391519865,Medio
1954300,0.15459582959008944,Baixo
1954139,0.12170068545702745,Baixo
1954314,0.1679649110704879,Baixo
1954315,0.1856536655783889,Baixo
1953518,0.1516946527959099,Baixo
979048,0.33226669934750463,Medio
1954320,0.4192357750518312,Medio
1954292,0.2705195845334119,Medio
1954318,0.1322714717728874,Baixo
1954323,0.41265350719627647,Medio
1954330,0.293730086082301,Medio
1954331,0.15080453891945808,Baixo
1954334,0.27996423085396455,Medio
1954335,0.4609884525196232,Alto
1952960,0.35407589408188883,Medio
1952633,0.0551941650292039,Baixo
1954343,0.04122427455228058,Baixo
1953389,0.1227017452701579,Baixo
1954357,0.12804077939441208,Baixo
1952924,0.23481175740994,Medio
1954344,0.3545531176452273,Medio
1953049,0.2716709084024219,Medio
1954354,0.336436093386922,Medio
1953579,0.352492249623983,Medio
1549089,0.28836427405714876,Medio
1954332,0.069992227692188,Baixo
1954365,0.17303286329298645,Baixo
1954363,0.05035846614225478,Baixo
1954359,0.4870888007761863,Alto
1873857,0.11986263914876448,Baixo
1954282,0.32777616230325596,Medio
1952611,0.12249707985129989,Baixo
1954337,0.1356311257305772,Baixo
1954370,0.3627042728422221,Medio
1954371,0.1991450295005778,Baixo
1954235,0.04038597176187472,Baixo
1954375,0.5645190020477765,Alto
1952073,0.4145901719669433,Medio
1954376,0.19262903883565238,Baixo
1954388,0.15663080685494685,Baixo
1953374,0.5550877904269381,Alto
1952804,0.20159896377582084,Medio
1954212,0.33344315935457725,Medio
1732182,0.3852964919046954,Medio
1953686,0.29209279986753867,Medio
1954208,0.21511536866245695,Medio
1954380,0.3376890338102502,Medio
1954213,0.4050106689036684,Medio
1954390,0.03287368817713072,Baixo
1954389,0.10603595852755612,Baixo
1951725,0.128475518975489,Baixo
1954312,0.18937575089673925,Baixo
1954374,0.25497058685146623,Medio
1954399,0.36416892610534085,Medio
1954377,0.3329181057644409,Medio
1954398,0.11522660119073552,Baixo
1954393,0.29465687991531087,Medio
1954333,0.4458163352386105,Medio
1954378,0.3879447738359336,Medio
1954397,0.09036839281218338,Baixo
1954402,0.17258278226564147,Baixo
1954405,0.6735325501435333,Alto
1954404,0.4060476584693438,Medio
1953450,0.36787416263823336,Medio
1954407,0.15873417095549977,Baixo
1920482,0.25289093223133113,Medio
1953368,0.422009575859889,Medio
1953121,0.20251529113160455,Medio
1949944,0.30433249555403996,Medio
1954424,0.36960243325189995,Medio
1954408,0.176202728667848,Baixo
1954328,0.3158267626155632,Medio
1954406,0.37331115836000184,Medio
1954428,0.30530981947098734,Medio
1954413,0.32754466079992833,Medio
1954012,0.23247382410794049,Medio
1954435,0.40347552845139684,Medio
1954400,0.1564202854379229,Baixo
1954382,0.23909560116980966,Medio
1953508,0.11825778084118554,Baixo
1651895,0.16422572719604422,Baixo
1954341,0.30863204301437,Medio
1954353,0.009066129700889537,Baixo
1954449,0.14926574375250495,Baixo
1954204,0.3224926216580036,Medio
1954369,0.09661361679282766,Baixo
1954462,0.13634357909715325,Baixo
1954217,0.030587955316753908,Baixo
1953722,0.026672029683514207,Baixo
1952035,0.40414440554989556,Medio
1954465,0.23157047756712917,Medio
1954470,0.14714789960411084,Baixo
1954473,0.24423586891259177,Medio
1954482,0.05188030710194494,Baixo
1954459,0.2012944421743609,Medio
1954488,0.6604731222049728,Alto
1954455,0.3404980983504536,Medio
1767115,0.41929949560236857,Medio
1954423,0.09034252536713719,Baixo
1954267,0.05208556178234852,Baixo
1951750,0.03819778210680578,Baixo
1939111,0.35877442123179293,Medio
1954486,0.27945874587656633,Medio
1954431,0.09262711581532342,Baixo
1954490,0.33710602653855964,Medio
1952987,0.06440036657928976,Baixo
1947525,0.2961063295305826,Medio
1953179,0.09229613742392338,Baixo
1921929,0.34350590135945674,Medio
1954458,0.23521618597701366,Medio
1954505,0.39827452594555585,Medio
1954507,0.28202807755343057,Medio
1954519,0.08964336744330079,Baixo
1954516,0.4026275545395844,Medio
1954511,0.1310795494472669,Baixo
1954522,0.3850218093298214,Medio
1954171,0.3896080350749664,Medio
1954509,0.24269274261340146,Medio
1948719,0.40651235343802766,Medio
1954528,0.13886809391840615,Baixo
1952571,0.2500125874337958,Medio
1954476,0.07792572587468279,Baixo
1954538,0.19394982432520896,Baixo
1953274,0.3377776642997553,Medio
1954515,0.22893140503035042,Medio
1950883,0.2722858604495193,Medio
1954542,0.14774460843949108,Baixo
1954523,0.35661351567239036,Medio
1954493,0.2748328399017517,Medio
1954433,0.4093820580424358,Medio
1949466,0.15823262946141914,Baixo
1954411,0.36627158873418714,Medio
1952686,0.25005838219003224,Medio
1953936,0.2585336056451241,Medio
1954437,0.27260386515818735,Medio
1954554,0.23435302422490983,Medio
1954018,0.3213132883889398,Medio
1949865,0.39289081519768476,Medio
1954536,0.3802493071739526,Medio
1954170,0.1156366339158458,Baixo
1943868,0.4689845318569387,Alto
1954076,0.07975775865818413,Baixo
1951572,0.21298090160339198,Medio
1954409,0.06026828518625597,Baixo
1948949,0.4145334966330837,Medio
1954541,0.7113413690041681,Critico
1949941,0.44090590747857983,Medio
1954540,0.2955869965788567,Medio
1954567,0.13822427840244927,Baixo
1954262,0.15502873773908168,Baixo
1954467,0.18675668083491043,Baixo
1954432,0.37500152492594646,Medio
1954544,0.25192125815953914,Medio
1954571,0.2503912576733588,Medio
1954569,0.251244922447812,Medio
1954573,0.30545189732905215,Medio
1951968,0.06441071866357066,Baixo
1952526,0.5367970039250196,Alto
1954577,0.10981012769808093,Baixo
1954579,0.28723978569706576,Medio
1954117,0.36750017209317115,Medio
1954073,0.28131389128838974,Medio
1954565,0.16273871890699393,Baixo
1954562,0.22761052830304843,Medio
1954286,0.49533203454460045,Alto
1952365,0.3586497771746351,Medio
1954592,0.24207943012919456,Medio
1954591,0.21390857605140418,Medio
1954260,0.09531911447010938,Baixo
1954585,0.17668594100154916,Baixo
1954589,0.12428039165151263,Baixo
1954595,0.1210555661732718,Baixo
1954606,0.3795144583917039,Medio
1954604,0.09482010201413252,Baixo
1949404,0.1120752369616471,Baixo
1758606,0.3198420827883379,Medio
1952743,0.1043863349870747,Baixo
1954178,0.15435318925918975,Baixo
1954610,0.3944142447534314,Medio
1952508,0.23106643038909505,Medio
1954084,0.2408648971002218,Medio
1948088,0.28505908875174757,Medio
1954158,0.2098671731693101,Medio
1881352,0.4467828308367523,Medio
1952699,0.19363595326061436,Baixo
1954613,0.012364928818186446,Baixo
1954614,0.1965308709884892,Baixo
1954342,0.18541113551945726,Baixo
1954564,0.13151460860358988,Baixo
1953496,0.35121922904929126,Medio
1954635,0.049695652478729334,Baixo
1954165,0.28460846255990585,Medio
1954612,0.19082600389843576,Baixo
1954621,0.4962476057259514,Alto
1952741,0.3967591737130391,Medio
1954599,0.23876148367384312,Medio
1954622,0.3905314485906411,Medio
1943116,0.43313600535542707,Medio
1954626,0.40197108692337546,Medio
1954364,0.2359868510634226,Medio
1954623,0.08674662313837066,Baixo
1954654,0.2490142419171998,Medio
1954644,0.21480893586979,Medio
1954661,0.04837933848723336,Baixo
1952535,0.1657823861061361,Baixo
1954665,0.26554749151151763,Medio
1954581,0.05673673513767421,Baixo
1954674,0.11806504174206976,Baixo
1953630,0.11298431920321231,Baixo
1954346,0.14706466064031104,Baixo
1954620,0.04958472928385913,Baixo
1954682,0.3475107552366581,Medio
1954685,0.1948083629978564,Baixo
1954676,0.06755883216430436,Baixo
1953077,0.10338397839906736,Baixo
1954401,0.2165339836486048,Medio
1954231,0.15256336349574456,Baixo
1954356,0.2847648559247247,Medio
1954678,0.17643240752565933,Baixo
1951008,0.2065522008627457,Medio
1954687,0.027456145910452378,Baixo
1954705,0.14291567386445092,Baixo
1954691,0.09468386288248734,Baixo
1954707,0.013307028325694524,Baixo
1954692,0.3212903504851724,Medio
1954709,0.011081143106711589,Baixo
1953443,0.35968052066936257,Medio
1954708,0.08807721678576076,Baixo
1954721,0.11419191532877106,Baixo
1954350,0.2304960135535764,Medio
1954727,0.11099725039111925,Baixo
1954726,0.04946903276808527,Baixo
1954718,0.3320876787326742,Medio
1954686,0.30551270788493723,Medio
1954732,0.3054739804507344,Medio
1954723,0.037159933364950264,Baixo
1954659,0.37325608434067026,Medio
1954736,0.47602814255223413,Alto
1954701,0.4940048584072107,Alto
1954740,0.08732211440920795,Baixo
1954743,0.25141152309509485,Medio
1954733,0.31802205843734926,Medio
1954750,0.09018963883208807,Baixo
1954671,0.10588246758566008,Baixo
1954658,0.17386777421616684,Baixo
1954752,0.2511339845741327,Medio
1954762,0.36919438699484297,Medio
1954778,0.03497456461861604,Baixo
1954764,0.01759509857874431,Baixo
1954669,0.2515918511223383,Medio
1953757,0.20406713609281318,Medio
1954782,0.24153883237450519,Medio
1953488,0.08164484279344583,Baixo
1954720,0.4027940077635103,Medio
1954796,0.02339664836162097,Baixo
1954783,0.17843235640978236,Baixo
1954795,0.09682860349043962,Baixo
1954668,0.14628630717690033,Baixo
1954512,0.1840286399611549,Baixo
1954803,0.21280895852001347,Medio
1941356,0.1874240389883523,Baixo
1954637,0.23312320913173643,Medio
1950877,0.14075140796298705,Baixo
1954812,0.135378770054386,Baixo
1953412,0.15270524592205895,Baixo
1954763,0.3017471763447349,Medio
1954813,0.36888602623190103,Medio
1953329,0.1437443516798717,Baixo
1954780,0.3662756241965143,Medio
1952335,0.23717413186009714,Medio
1954825,0.13645218624130181,Baixo
1951843,0.1466762847693728,Baixo
1954641,0.1300903645307675,Baixo
1954837,0.127846307080243,Baixo
1954842,0.06952739623466624,Baixo
1951138,0.1547870602994555,Baixo
1952867,0.12011786636415166,Baixo
1954642,0.11790129063628492,Baixo
1954853,0.3173520242407954,Medio
1954855,0.17309771442583466,Baixo
1954857,0.3385564018355287,Medio
1954792,0.6025407513576161,Alto
1954859,0.3420881016438247,Medio
1954861,0.14751634171057318,Baixo
1954355,0.30918524032315536,Medio
1954867,0.4531894610448022,Alto
1954870,0.25474548223129456,Medio
1954385,0.23021429010124844,Medio
1954876,0.4296972453049376,Medio
1954875,0.11639807451198539,Baixo
1954880,0.3039994142777436,Medio
1953946,0.14262532002705605,Baixo
1954892,0.10272397344070897,Baixo
1856736,0.3547790527298919,Medio
1947456,0.08005342191922926,Baixo
1954901,0.20109377019398075,Medio
1954908,0.22801233084634323,Medio
1954698,0.15643701891586,Baixo
1954899,0.12459343611210354,Baixo
1953265,0.11883543814864504,Baixo
1954910,0.5032218845047373,Alto
1954321,0.11029793628487013,Baixo
1954917,0.22234360623930235,Medio
1952330,0.1525297792318538,Baixo
1954183,0.5490390604034808,Alto
1954922,0.07346362578120268,Baixo
1954918,0.36634806098918704,Medio
1954912,0.19510456709548998,Baixo
1954932,0.2743801602043915,Medio
1954735,0.1998563142626744,Baixo
1954931,0.35027108007544283,Medio
1954939,0.2611897643510106,Medio
1954958,0.07156646218939909,Baixo
1954713,0.0778789591167244,Baixo
1954965,0.26149296433017705,Medio
1954963,0.06467186577522897,Baixo
1954966,0.10615644785647928,Baixo
1954978,0.09094258633277098,Baixo
1954904,0.16943933482506235,Baixo
1954977,0.02974306967887202,Baixo
1954981,0.06118749313103729,Baixo
1954979,0.36815518379185386,Medio
1954983,0.11990917362160954,Baixo
1058154,0.21795377575484232,Medio
1954902,0.08651814778373042,Baixo
1954986,0.5080526510551431,Alto
1954972,0.3289294072783605,Medio
1954997,0.012353184134388398,Baixo
1954994,0.46869382838963736,Alto
1954940,0.10121631453023451,Baixo
1954969,0.3056798999769389,Medio
1955000,0.08030019742039353,Baixo
1954936,0.10746354782788273,Baixo
1954131,0.23482252781644308,Medio
1952331,0.14990819862816498,Baixo
1953017,0.12454886322340081,Baixo
1955011,0.010716849055189628,Baixo
1954187,0.3596608843476412,Medio
1955022,0.11412301149787407,Baixo
1954756,0.39230930392515073,Medio
1954990,0.042437457741565175,Baixo
1955028,0.2799468080348325,Medio
1955027,0.1542226975256467,Baixo
1955032,0.35963224895094426,Medio
1955033,0.10446560833326027,Baixo
1955046,0.2571077487126832,Medio
1955039,0.09926321195078117,Baixo
1955097,0.3807589104200361,Medio
1955105,0.06157124146743356,Baixo
1955035,0.4323024973800528,Medio
1955081,0.08973234704875664,Baixo
1955018,0.20840631524391467,Medio
1954220,0.13764442940207372,Baixo
1955141,0.12106575376939209,Baixo
1955090,0.30094975337968755,Medio
1955142,0.2722395301141461,Medio
1954909,0.12461148711226065,Baixo
1955148,0.07653129609116496,Baixo
1955150,0.09976843066244982,Baixo
1955050,0.23827224459134616,Medio
1955124,0.21633543204263478,Medio
1955170,0.19214347709631774,Baixo
1955026,0.11201059861335279,Baixo
1954715,0.2965232391212013,Medio
1955114,0.36180158205634394,Medio
1955154,0.1718227732976795,Baixo
1955167,0.23915758028978243,Medio
1955160,0.2601384947459095,Medio
1955200,0.33726419724153506,Medio
1933959,0.2679612771322947,Medio
1953749,0.1723326678073605,Baixo
1955209,0.15490874855687925,Baixo
1955143,0.06361748211935163,Baixo
1953988,0.3578559258868403,Medio
1955089,0.2925043689613043,Medio
1954765,0.5587753965024834,Alto
1955220,0.15875569705958878,Baixo
1953055,0.13965877489793965,Baixo
1955196,0.2169556524088149,Medio
1952952,0.37646524128740755,Medio
1830851,0.5810710550862513,Alto
1955211,0.23750480702624321,Medio
1955116,0.27665716909395266,Medio
1955237,0.22072288948750113,Medio
1955064,0.3923746093393406,Medio
1955260,0.10781732110637304,Baixo
1955267,0.11498722898854051,Baixo
1955253,0.3151458153188964,Medio
1955235,0.09962717780727773,Baixo
1951678,0.35432163456571286,Medio
1955262,0.2771791305282512,Medio
1955214,0.06289550646699366,Baixo
1955288,0.13203281401214248,Baixo
1955301,0.2002595431458943,Medio
1955161,0.10028121185539943,Baixo
1955199,0.19438382055927525,Baixo
1955275,0.11999945476759286,Baixo
1955273,0.4334713913511871,Medio
1955340,0.1085082070268083,Baixo
1954439,0.17098667116502997,Baixo
1955381,0.2535781505344936,Medio
1955372,0.15808217716854786,Baixo
1955306,0.22699306362212981,Medio
1955424,0.367488331525981,Medio
1955441,0.2005740611302866,Medio
1955121,0.07931088721967514,Baixo
1955391,0.1765787176194511,Baixo
1955245,0.20078724568610515,Medio
1955370,0.13005999422643275,Baixo
1955396,0.3338214695619465,Medio
1955422,0.1847145489959912,Baixo
1955439,0.09081222522858608,Baixo
1955414,0.35864443442451777,Medio
1955416,0.22539556207017783,Medio
1955255,0.08898388802926036,Baixo
1955417,0.34843334187478714,Medio
1955434,0.21725297962929777,Medio
1951229,0.2848869820081101,Medio
1955456,0.17511186015003366,Baixo
1955426,0.07168664905632113,Baixo
1955484,0.1322127561183692,Baixo
1955183,0.15320997435645728,Baixo
1952092,0.32341796047514954,Medio
1955447,0.10187793318928469,Baixo
1955277,0.14324986624259167,Baixo
1955359,0.49749789116863286,Alto
1955208,0.3306534099363413,Medio
1955061,0.45876191144404405,Alto
1955210,0.12925843436890486,Baixo
1955324,0.211193716824346,Medio
1954845,0.24622141186703955,Medio
1955454,0.2193606335340341,Medio
1954277,0.14917597830282764,Baixo
1947948,0.29031228948104953,Medio
1955502,0.31580818952448225,Medio
1955433,0.12355284125383499,Baixo
1955228,0.14982954507634574,Baixo
1955519,0.02418302968484816,Baixo
1955207,0.06486324807052522,Baixo
1955513,0.2617987652253496,Medio
1955509,0.20689493914542512,Medio
1955534,0.12069439261268165,Baixo
1899510,0.184045243224881,Baixo
1954719,0.22362766195589767,Medio
1955547,0.14546427080931518,Baixo
1955543,0.196567039825319,Baixo
1955354,0.08301392290498563,Baixo
1955476,0.43772205652087626,Medio
1955488,0.05257557209817899,Baixo
1955385,0.07961355468023087,Baixo
1954600,0.21013185340572066,Medio
1953920,0.36516873050324855,Medio
1955583,0.08626413095119755,Baixo
1955556,0.09989481473035429,Baixo
1955579,0.06452827193424834,Baixo
1954924,0.07173863076220303,Baixo
1955569,0.11645444608381243,Baixo
1955566,0.09172305282355284,Baixo
1953572,0.27942322784391804,Medio
1952723,0.21224754258931577,Medio
1955646,0.24387045785171943,Medio
1955640,0.23952288123723722,Medio
1954167,0.2202155013401837,Medio
1955683,0.594729656665586,Alto
1955676,0.2906199283102447,Medio
1882789,0.12053588643751396,Baixo
1955686,0.2795105137057031,Medio
1955650,0.3030738120711323,Medio
1955644,0.19414027094439354,Baixo
1955679,0.11040519342688557,Baixo
1955712,0.290263590981438,Medio
1955669,0.1945123193044878,Baixo
1955729,0.1986732641921691,Baixo
1955720,0.43154600877023486,Medio
1955709,0.10882021269241586,Baixo
1955678,0.14760341588906808,Baixo
1955740,0.2866406723852471,Medio
1955486,0.08360872347640583,Baixo
1955741,0.13956975297955576,Baixo
1955663,0.23315363858397725,Medio
1955758,0.6344751893684125,Alto
1955224,0.19355360086886517,Baixo
1955549,0.1117446521715852,Baixo
1953828,0.4765115776637189,Alto
1955527,0.07845648524780531,Baixo
1955462,0.2251407104767678,Medio
1955322,0.19798536859137134,Baixo
1955103,0.4380834973994642,Medio
1955025,0.07089913870394755,Baixo
1955530,0.17450013889793523,Baixo
1955763,0.3132368724890468,Medio
1955361,0.2675955340902808,Medio
1955641,0.38995899733787776,Medio
1955733,0.2863145876606011,Medio
1954244,0.2625817702585203,Medio
1955751,0.09239309616641493,Baixo
1955794,0.230430286962855,Medio
1955815,0.3113021472014061,Medio
1955796,0.09252881113079833,Baixo
1955756,0.1335376255394459,Baixo
1954226,0.06776352933420018,Baixo
1955801,0.13803225317188303,Baixo
1954360,0.16705048758846067,Baixo
1955271,0.49964788829621726,Alto
1954688,0.24315752089836215,Medio
1955661,0.2290952736713769,Medio
1955706,0.27715905636389676,Medio
1955787,0.19259507395143186,Baixo
1955858,0.6174832380834447,Alto
1955846,0.06716183923094923,Baixo
1876560,0.22372216962482852,Medio
1955823,0.18737252443681315,Baixo
1952513,0.5151438771886643,Alto
1953464,0.23577313372465575,Medio
1955005,0.288126360029774,Medio
1955894,0.3658437248538787,Medio
1731374,0.2265310149364598,Medio
1955949,0.11781152150421231,Baixo
1955656,0.0587431440363811,Baixo
1955848,0.3080206765070694,Medio
1954201,0.056727765555860135,Baixo
1944269,0.30660666433383255,Medio
1955554,0.29831592109016586,Medio
1836746,0.23177936351810002,Medio
1955963,0.017678015207086627,Baixo
1955923,0.27700491093561086,Medio
1955964,0.2151088197339645,Medio
1942434,0.2829439675266583,Medio
1955030,0.20142318513685603,Medio
1955972,0.3114875032981294,Medio
1955966,0.35825142424844736,Medio
1955405,0.3525356829097731,Medio
1955521,0.2717885491733455,Medio
1953000,0.23950497155680955,Medio
1955981,0.5007307959417884,Alto
1955951,0.18217748398117492,Baixo
1948944,0.23301824017985653,Medio
1955844,0.19872562182813105,Baixo
1955539,0.07372640299696975,Baixo
970923,0.3988325442384515,Medio
1956008,0.1594005731948658,Baixo
1953903,0.034913505419358476,Baixo
1951894,0.34876248875424004,Medio
1956025,0.09920788032321844,Baixo
1956019,0.20577974802937116,Medio
1956002,0.20534316811131237,Medio
1956011,0.06256047831448903,Baixo
1956015,0.08160902684098607,Baixo
1956040,0.20660660980997586,Medio
1955818,0.5425438460508063,Alto
1954952,0.20011970683733843,Medio
1956077,0.1678037338811872,Baixo
1956073,0.21318467223065155,Medio
1956060,0.12679871940137333,Baixo
1955867,0.4278261517777234,Medio
1955127,0.2892738205847215,Medio
1955717,0.3833763287684077,Medio
1956046,0.3437295068428463,Medio
1956004,0.2986880508293314,Medio
1953536,0.26852132943427176,Medio
1931199,0.31376717955964273,Medio
1956059,0.2799448611085726,Medio
1956089,0.06826333524475303,Baixo
1956090,0.05101560130138573,Baixo
1956113,0.11740327644497481,Baixo
1956050,0.30301730675481164,Medio
1956123,0.0906804617560216,Baixo
1956106,0.008053064766932865,Baixo
1956108,0.36651075095585656,Medio
1051952,0.09043555623851438,Baixo
1954107,0.1685536020268787,Baixo
1290885,0.044046971991042086,Baixo
1956083,0.13165938817658737,Baixo
1956141,0.13063071421414058,Baixo
1956132,0.054646668166742754,Baixo
1955901,0.15339643223420127,Baixo
1956104,0.330122488753341,Medio
1955518,0.30470159238291683,Medio
1955764,0.1980333924485479,Baixo
1949955,0.4109221563534419,Medio
1954799,0.010016969942456624,Baixo
1956131,0.3626396966345474,Medio
1956172,0.3521042331884307,Medio
1956175,0.25796840320844566,Medio
1955098,0.18333961160411413,Baixo
1956162,0.19278464075399368,Baixo
1956176,0.35085490803676606,Medio
1956180,0.30126030921351826,Medio
1955979,0.053483613301832066,Baixo
1956187,0.0674994560026907,Baixo
1956191,0.13233713597128097,Baixo
1947319,0.11574271437786036,Baixo
1956196,0.5048616858754694,Alto
1956017,0.14744921815063444,Baixo
1953059,0.19237228582092347,Baixo
1955684,0.20629198214303204,Medio
1955230,0.26563323465474503,Medio
1956082,0.15853351674398383,Baixo
1956194,0.1021460484580604,Baixo
1956203,0.39069023048534945,Medio
1956197,0.25376395062678053,Medio
1956173,0.21845068732091966,Medio
1956224,0.35139143925975896,Medio
1956185,0.06934462571485821,Baixo
1956100,0.29683949118537223,Medio
1956142,0.14346035782486413,Baixo
1955006,0.17625225078059953,Baixo
1956254,0.1089179029846666,Baixo
1956181,0.524446732300657,Alto
1956267,0.5187233461469186,Alto
1956250,0.2835269994031131,Medio
1944747,0.3233114022590265,Medio
1955668,0.16730979889651615,Baixo
1956252,0.22035955833256848,Medio
1956272,0.20815439266183638,Medio
1956271,0.16938879101720136,Baixo
1956263,0.039010917996797886,Baixo
1953987,0.1401067243889755,Baixo
1956261,0.5754958705348181,Alto
1955068,0.16263369819088816,Baixo
1956298,0.18744256607120693,Baixo
1956303,0.4968129178142401,Alto
1956229,0.23170656177891408,Medio
1956268,0.2215540625043173,Medio
1950128,0.061214324586079526,Baixo
1956081,0.6411890046102927,Alto
1956266,0.1431709242536091,Baixo
1956273,0.23264914961786376,Medio
1954457,0.476513540716025,Alto
1955343,0.0573631956618128,Baixo
1956334,0.3898850318883692,Medio
1955320,0.28550412055332663,Medio
1956335,0.12871054198857745,Baixo
1956340,0.3109943699069931,Medio
1956348,0.3101600748270828,Medio
1955063,0.361749667020875,Medio
1956168,0.5254193025265943,Alto
1953959,0.12945736559188295,Baixo
1956352,0.15889957401079702,Baixo
1956373,0.19312773681546427,Baixo
1956374,0.19614417124647562,Baixo
1953832,0.08357330627385237,Baixo
1949054,0.5869244253650151,Alto
1904345,0.15827150344430307,Baixo
1956375,0.3127893432117865,Medio
1956379,0.36246907499196035,Medio
1956341,0.49026886400801084,Alto
1955830,0.17572637526480123,Baixo
1948955,0.30628380128492694,Medio
1955859,0.4932308321825627,Alto
1951477,0.3295937945260389,Medio
1954132,0.33703044139009153,Medio
1955774,0.157771963812792,Baixo
1954475,0.34996880276273634,Medio
1956135,0.08034053880256631,Baixo
1953005,0.3876380031597625,Medio
1956105,0.28078166170336843,Medio
1955621,0.13853778194326577,Baixo
1954447,0.1789392970450903,Baixo
1955533,0.08062889846998827,Baixo
1954891,0.08037197548802157,Baixo
1952999,0.13403060856019763,Baixo
1954770,0.08800206982516656,Baixo
1955975,0.24737935953130252,Medio
1956189,0.025736265172877318,Baixo
1334608,0.0975014727307483,Baixo
1954643,0.15514298228544046,Baixo
1956424,0.16363257053957908,Baixo
1956413,0.12565263117063874,Baixo
1956431,0.1318240711479951,Baixo
1956417,0.5072779411304874,Alto
1956042,0.4099825592802777,Medio
1956439,0.41269207040948036,Medio
1954827,0.4787443213880128,Alto
1955102,0.39422981009950664,Medio
1956447,0.11860894137736977,Baixo
1956437,0.18450296131103952,Baixo
1955885,0.1288014726887588,Baixo
1956468,0.23088619370006166,Medio
1953587,0.2808626453891592,Medio
1956446,0.13951468826896576,Baixo
1956443,0.11007004365950288,Baixo
1956466,0.24541829466751516,Medio
1704694,0.16836390075069127,Baixo
1953864,0.377402405540832,Medio
1956478,0.18930766948477348,Baixo
1954252,0.13650801886175243,Baixo
1956158,0.07486717275066047,Baixo
1956023,0.4231871643547551,Medio
1956453,0.18967312665678351,Baixo
1948692,0.24625713405798888,Medio
1954227,0.19501234769378206,Baixo
1956226,0.18388048759339798,Baixo
1956325,0.2361110510084885,Medio
1928658,0.1725741378994099,Baixo
1956482,0.13944694764258686,Baixo
1515155,0.6542545093669342,Alto
1950802,0.14491866960468794,Baixo
1956515,0.2264103648732524,Medio
1921430,0.26125702698546993,Medio
1955826,0.36084720044462393,Medio
1955814,0.26538251010987646,Medio
1956529,0.23884470928197354,Medio
1956228,0.42564137300740773,Medio
1956518,0.1807222492733353,Baixo
1956520,0.14702697508395327,Baixo
1956485,0.6719633719635449,Alto
1956533,0.04943576128363526,Baixo
1955959,0.16887253512096884,Baixo
1956542,0.0489216687016384,Baixo
1956550,0.1459299852018613,Baixo
1953432,0.3710590690123512,Medio
1956552,0.17759633276684222,Baixo
1955834,0.11283919212027618,Baixo
1956546,0.44869988574892655,Medio
1956568,0.08361960494997102,Baixo
1956572,0.11199319199383743,Baixo
1956566,0.1311806630081848,Baixo
1956570,0.14863879911434008,Baixo
1956554,0.14860126879092936,Baixo
1956577,0.011160827914207066,Baixo
1956575,0.10876237312810963,Baixo
1956579,0.29742713611639815,Medio
1956561,0.34965887514603106,Medio
1956581,0.27164637671627945,Medio
1956556,0.08749252661700922,Baixo
1956198,0.17834154975374633,Baixo
1956585,0.25281151819818004,Medio
1956532,0.24671398870878447,Medio
1956578,0.12191217460173655,Baixo
1956499,0.27974142271401564,Medio
1956538,0.5734937896393849,Alto
1956580,0.21630138905669544,Medio
1956588,0.5404061924826974,Alto
1952547,0.12417800661945934,Baixo
1956607,0.5865693574660096,Alto
1955682,0.3545637637600494,Medio
1706612,0.05772708842233941,Baixo
1954760,0.16981495342585493,Baixo
1956619,0.16954127296532254,Baixo
1956541,0.3909592322018282,Medio
1956492,0.28757202330674464,Medio
1954506,0.3331783021785215,Medio
1956305,0.40750130070026414,Medio
1956623,0.09077396221889429,Baixo
1956638,0.5120550681832673,Alto
1956595,0.16420642972619734,Baixo
1956630,0.1481931523885749,Baixo
1946288,0.31740319794985866,Medio
1952389,0.09024614996307617,Baixo
1955004,0.20337983271875315,Medio
1951813,0.20796178937908258,Medio
1954196,0.22439054947527612,Medio
1956649,0.25977727298772263,Medio
1956652,0.055355930711158116,Baixo
1955418,0.30222998308140375,Medio
1956648,0.32670371266212045,Medio
1956684,0.2418118883203631,Medio
1956696,0.2505581871483788,Medio
1956653,0.21998551457757165,Medio
1956716,0.4117749625822851,Medio
1956711,0.2775069027606693,Medio
1956726,0.39564843073696065,Medio
1956729,0.5027143373094205,Alto
1956731,0.19464873736459407,Baixo
1956718,0.2597874116063134,Medio
1956714,0.0799145470592334,Baixo
1956721,0.1765779169186654,Baixo
1956243,0.41199573244802334,Medio
1956756,0.18933138288008808,Baixo
1956728,0.12820223520062268,Baixo
1636226,0.24503077423618702,Medio
1956760,0.4489522981661898,Medio
1956669,0.2556320634099611,Medio
1956727,0.1622120964616182,Baixo
1956757,0.06462960503070303,Baixo
1954865,0.1521835806883297,Baixo
1956688,0.26228586551125227,Medio
1956706,0.14363569864302225,Baixo
1952691,0.19144827228554434,Baixo
1938888,0.41840151316159757,Medio
1955398,0.399148982025369,Medio
1956807,0.44624596027956676,Medio
1953789,0.11529294825143566,Baixo
1956770,0.16050198773168267,Baixo
1956535,0.18743791874117424,Baixo
1955319,0.1963729797909226,Baixo
1956778,0.3518161372413509,Medio
1956844,0.29581001629567016,Medio
1956836,0.13728349964012135,Baixo
1956825,0.0973351983716869,Baixo
1956773,0.23062676645382302,Medio
1956569,0.31870809144398277,Medio
1956650,0.1997496341598482,Baixo
1955849,0.12972889743521382,Baixo
1956866,0.06353770551381768,Baixo
1955707,0.17088128064328154,Baixo
1955913,0.27643291304636824,Medio
1956855,0.44986734567601305,Medio
1955659,0.49858322883048967,Alto
1956878,0.5096386830341915,Alto
1956286,0.07082858826897463,Baixo
1956900,0.2692785985064662,Medio
1954820,0.2282287130238983,Medio
1956193,0.3125222942242777,Medio
1956924,0.08427859429625954,Baixo
1956923,0.1513332963944696,Baixo
1956905,0.3116930045721493,Medio
1956925,0.23085074918136164,Medio
1956903,0.18190266764973023,Baixo
1956893,0.07046936891898327,Baixo
1956826,0.34475393412232985,Medio
1956919,0.1241565490509266,Baixo
1956895,0.0904857149719163,Baixo
1956920,0.38419692840276787,Medio
1956473,0.16728760769497555,Baixo
1956911,0.25060641788254223,Medio
1956858,0.24701850788882887,Medio
1956732,0.3499290510206702,Medio
1951447,0.08296321785373015,Baixo
1956534,0.1458431121869959,Baixo
1956967,0.2168453240675202,Medio
1956989,0.04991675568844251,Baixo
1956907,0.5797593555208951,Alto
1956977,0.21031514238228377,Medio
1956939,0.14700464954925882,Baixo
1956936,0.20127159754056564,Medio
1956956,0.08652274298920204,Baixo
1951952,0.2599277950871574,Medio
1956917,0.28306233167130157,Medio
1955369,0.3213108672763904,Medio
1955052,0.24190488914897185,Medio
1956177,0.11165088372289249,Baixo
1957004,0.0866281292103907,Baixo
1956954,0.06653992550630689,Baixo
1956991,0.21903148493447794,Medio
1956961,0.09306161474790675,Baixo
1957005,0.4380653453162922,Medio
1952157,0.23424793072507752,Medio
1957012,0.3251119080299215,Medio
1956948,0.15025591631256544,Baixo
1957008,0.2043014840528156,Medio
1955497,0.12582993933264136,Baixo
1954907,0.03201832499364424,Baixo
1957025,0.03395357192105536,Baixo
1952167,0.05820050802436774,Baixo
1954744,0.14368254550887527,Baixo
1956887,0.23422791872093796,Medio
1956995,0.1290856331629897,Baixo
1957036,0.06363908322371542,Baixo
1955392,0.1932880654431883,Baixo
1957019,0.008457624074136139,Baixo
1957001,0.21511281275208524,Medio
1956938,0.10670332430975131,Baixo
1954776,0.11679464799464417,Baixo
1955184,0.3685683976345004,Medio
1957056,0.26417521869017335,Medio
1957023,0.16885715846472152,Baixo
1949864,0.30828281472170016,Medio
1957063,0.07076578866028028,Baixo
1956999,0.18619739054264828,Baixo
1957034,0.19113864294773686,Baixo
1957057,0.13748127844250424,Baixo
1955158,0.42374871140853493,Medio
1956916,0.13885217848709924,Baixo
1957000,0.055854320935733184,Baixo
1954854,0.1983974131833713,Baixo
1956633,0.4625801031175016,Alto
1957074,0.11854838927576328,Baixo
1957086,0.32318259845063396,Medio
1957099,0.5434971636732608,Alto
1957097,0.2959829615875506,Medio
1956988,0.16963177513439337,Baixo
1957102,0.14033887158774513,Baixo
1956965,0.13209084786884231,Baixo
1957090,0.3763657294848018,Medio
1957078,0.15947736421486491,Baixo
1954866,0.33411924780377894,Medio
1957026,0.19266948386760713,Baixo
1957112,0.07674089912255146,Baixo
1957131,0.10688299389299054,Baixo
1955496,0.3782488673251315,Medio
1957137,0.21306297421085216,Medio
1957125,0.13888162462214082,Baixo
1957140,0.4894762638857787,Alto
1957162,0.398383440861295,Medio
1947475,0.10723721923183033,Baixo
1957149,0.19483301614696824,Baixo
1957146,0.3322189514511698,Medio
1957136,0.12386599372324157,Baixo
1956985,0.13211800762592046,Baixo
1957171,0.08556843051146316,Baixo
1957094,0.2810560302754801,Medio
1957172,0.29813909200331484,Medio
1957179,0.10758851186333888,Baixo
1957182,0.075257983806771,Baixo
1957127,0.21869143184917275,Medio
1954801,0.34093831293753807,Medio
1954772,0.03600519325995504,Baixo
1957142,0.1049439617807157,Baixo
1957173,0.19394292454841497,Baixo
1955216,0.1230656544670773,Baixo
1956885,0.14392607285214415,Baixo
1957039,0.4227108813604544,Medio
1957200,0.28781709406454037,Medio
1955315,0.3819099438505144,Medio
1954800,0.25244775180209794,Medio
1956990,0.5665505201305959,Alto
1956933,0.13463007918924522,Baixo
1956974,0.052795521143683743,Baixo
1950832,0.4005000526408246,Medio
1957189,0.4015209273558515,Medio
1957144,0.19755657569497134,Baixo
1955151,0.2062647308582592,Medio
1957203,0.21438613446689134,Medio
1957228,0.535576497832788,Alto
1957254,0.16055196971500282,Baixo
1957232,0.0920518728546625,Baixo
1957185,0.3196577912461824,Medio
1957251,0.38320140711142353,Medio
1956736,0.2889168799679672,Medio
1954086,0.3852927805232488,Medio
1957231,0.4253429127712271,Medio
1957245,0.28663838022932314,Medio
1956170,0.5690912142268947,Alto
1954961,0.08984021527065311,Baixo
1957272,0.2368474703333506,Medio
1923584,0.2205439357608713,Medio
1957242,0.4678051832382033,Alto
1957289,0.508564388195602,Alto
1957304,0.10862402773067788,Baixo
1957139,0.03828652450423765,Baixo
1954954,0.07414875680152216,Baixo
1956202,0.438411059295149,Medio
1956944,0.2342547564614275,Medio
1956829,0.490797663059139,Alto
1954451,0.2735703272396994,Medio
1956789,0.13661107869031183,Baixo
1957120,0.36592782979164185,Medio
1953869,0.09477141959166605,Baixo
1957347,0.09826449338884058,Baixo
1957270,0.17800540668839968,Baixo
1957351,0.4033279608978593,Medio
1957366,0.009946883265491119,Baixo
1957174,0.10114465495729945,Baixo
1957322,0.4275276262353138,Medio
1956557,0.23830447374045313,Medio
1957374,0.14358520081349388,Baixo
1955202,0.21670775020233637,Medio
1951345,0.258862703923217,Medio
1955719,0.15327533882754357,Baixo
1957387,0.057685393054230455,Baixo
1957390,0.17458183377793043,Baixo
1952446,0.4753174555177235,Alto
1957401,0.31155129537440795,Medio
1957411,0.20607882311632159,Medio
1957422,0.12863091435427315,Baixo
1957424,0.15240533238598153,Baixo
1957425,0.13291027814593517,Baixo
1954742,0.11565950156079052,Baixo
1956876,0.48441148679609736,Alto
1956589,0.2651954484411276,Medio
1954941,0.12978858071070534,Baixo
1957348,0.14111755322763922,Baixo
1954886,0.16593284723771767,Baixo
1955155,0.26479604949308444,Medio
1957449,0.17443237731121103,Baixo
1957440,0.2558888090277475,Medio
1956259,0.1827190742066215,Baixo
1957438,0.4360043344674228,Medio
1957463,0.0755221608066245,Baixo
1957466,0.18445575212611828,Baixo
1957166,0.2313510818163311,Medio
1957323,0.5418581462596759,Alto
1957264,0.3721193823401885,Medio
1953569,0.12102689431961541,Baixo
1957501,0.10812532540974203,Baixo
1957506,0.2221628022621923,Medio
1957640,0.3480514694371861,Medio
1957520,0.3839820049560337,Medio
1957500,0.016567219902609977,Baixo
1957559,0.4475600714998702,Medio
1957755,0.43892817626353253,Medio
1957904,0.14186604772251812,Baixo
1957528,0.24306223955126205,Medio
1957704,0.1772128369147556,Baixo
1957698,0.3586479704645193,Medio
1957521,0.38517915832027183,Medio
1957826,0.20815641334450657,Medio
1957595,0.3662120553793238,Medio
1957550,0.22403001276647128,Medio
1957832,0.19758238555892216,Baixo
1957666,0.20175304411395517,Medio
1957553,0.46481921562088085,Alto
1957770,0.5121897397995989,Alto
1957543,0.7698742464797544,Critico
1957563,0.22064938943834264,Medio
1957565,0.4199726074228793,Medio
1957649,0.49227055709797995,Alto
1957650,0.23656203133892975,Medio
1957630,0.28782047001500255,Medio
1957655,0.17306268933801147,Baixo
1957589,0.45462786556819745,Alto
1957796,0.6494368721075141,Alto
1957750,0.2118289009217609,Medio
1957818,0.012843664051577063,Baixo
1957518,0.507380137681955,Alto
1957827,0.46409477482818623,Alto
1958004,0.31353016900820063,Medio
1957663,0.5208094003252515,Alto
1957957,0.6181922664928289,Alto
1957613,0.29010637331771183,Medio
1957617,0.2844741623712038,Medio
1957576,0.2504529231468729,Medio
1957894,0.18252983291248792,Baixo
1957896,0.3020833124798558,Medio
1957732,0.3576222183492653,Medio
1957542,0.4782778836069597,Alto
1957730,0.28070603570005703,Medio
1957548,0.20983449201043608,Medio
1958051,0.34121610556563253,Medio
1957788,0.32944214438996516,Medio
1957806,0.35293980152556853,Medio
1957837,0.13215141025675148,Baixo
1956033,0.18083880704467023,Baixo
1957517,0.28121727085335885,Medio
1957533,0.18702509235854306,Baixo
1957539,0.4509267667632806,Alto
1957875,0.2280377225141436,Medio
1957879,0.23338967474957212,Medio
1958010,0.4820762852804877,Alto
1958355,0.1837522323971926,Baixo
1957779,0.32970689629319294,Medio
1957552,0.3613937590344458,Medio
1957671,0.18543336641312488,Baixo
1957702,0.17108093062231844,Baixo
1957715,0.2634888674466369,Medio
1957728,0.11652178045932614,Baixo
1957602,0.4742956578376841,Alto
1957652,0.1841512191383098,Baixo
1957712,0.3200680622296362,Medio
1957575,0.499454614861098,Alto
1957720,0.09094388304012832,Baixo
1958002,0.17365322234289932,Baixo
1957718,0.6024966657814886,Alto
1957982,0.3780409802861097,Medio
1957971,0.17657990651528505,Baixo
1955956,0.12023850021033591,Baixo
1957909,0.24018283582393424,Medio
1954808,0.3253040253137546,Medio
1957694,0.5401675949686998,Alto
1957554,0.14191993903024294,Baixo
1957626,0.13020925975335798,Baixo
1957662,0.2920437116766096,Medio
1957871,0.09272354642808565,Baixo
1957864,0.3364913242866179,Medio
1958149,0.22047626280969343,Medio
1958081,0.32025831460900267,Medio
1958090,0.19203189013863262,Baixo
1957631,0.16329938928655163,Baixo
1957527,0.2034524753992131,Medio
1957699,0.37534117329416006,Medio
1958118,0.17214616657794,Baixo
1957664,0.27931902771091566,Medio
1957805,0.2684300135448068,Medio
1957601,0.2835618976143039,Medio
1957765,0.22031286254709015,Medio
1957573,0.49487763864447365,Alto
1957541,0.0744675598876783,Baixo
1957677,0.27522895805994374,Medio
1958465,0.3564460297759283,Medio
1957778,0.27988167021678334,Medio
1957561,0.4043339552672118,Medio
1957651,0.10809506152411558,Baixo
1957737,0.19341079368209635,Baixo
1957560,0.06565913879586438,Baixo
1957557,0.38994586693146327,Medio
1957790,0.43541942406601836,Medio
1957549,0.36308115297045435,Medio
1957795,0.18932343736194682,Baixo
1957789,0.5589301274423633,Alto
1957697,0.11428908254474296,Baixo
1958042,0.2362038271391777,Medio
1957763,0.2764156972660557,Medio
1957761,0.29174428863131036,Medio
1957680,0.2678191677084854,Medio
1957734,0.2589519880181088,Medio
1957571,0.5142251135836818,Alto
1957642,0.4877303008600872,Alto
1957537,0.17548551177422028,Baixo
1958115,0.1867028775619638,Baixo
1957523,0.48624382820557893,Alto
1958475,0.20391664160218825,Medio
1958088,0.47062179238651564,Alto
1957612,0.1680941000178269,Baixo
1954851,0.10678927513735029,Baixo
1957679,0.12390185737028009,Baixo
1957997,0.4421496020440184,Medio
1957821,0.24742770670751632,Medio
1957988,0.1344901336838377,Baixo
1957594,0.4792917484694927,Alto
1958125,0.4588836021582688,Alto
1958341,0.16304786649818317,Baixo
1957768,0.34148391283947493,Medio
1957830,0.550813226551427,Alto
1957835,0.4822306944069921,Alto
1958163,0.2629172262584744,Medio
1957845,0.18255989104856135,Baixo
1957848,0.29617280319750977,Medio
1957850,0.26141678968968685,Medio
1957918,0.2204603274323242,Medio
1958410,0.1594145696104868,Baixo
1957799,0.4197460382786623,Medio
1957962,0.4804023573956838,Alto
1958137,0.20747529822105149,Medio
1957644,0.3514672773175905,Medio
1957964,0.15150094239386463,Baixo
1957884,0.35578426150117615,Medio
1957921,0.5664334001722071,Alto
1958238,0.1899417686688049,Baixo
1958020,0.2706143837063845,Medio
1958022,0.17864117542392313,Baixo
1958304,0.5473695498051309,Alto
1957674,0.24751579570053567,Medio
1957661,0.2467189837457578,Medio
1957633,0.4517945567658789,Alto
1958239,0.4178821125736336,Medio
1958190,0.07102035347973214,Baixo
1958056,0.1743455697997396,Baixo
1957591,0.10787575194945052,Baixo
1957791,0.3108430951396909,Medio
1958173,0.1394349276895868,Baixo
1957784,0.3039435905096553,Medio
1957582,0.15289322616299744,Baixo
1957940,0.18214403898817189,Baixo
1957986,0.2415023103453971,Medio
1957989,0.4535872297197444,Alto
1957991,0.24266400797271812,Medio
1958052,0.13047926339664362,Baixo
1957861,0.2809457567763389,Medio
1958003,0.13767296439652543,Baixo
1957693,0.31180066750256286,Medio
1957785,0.4011547831900848,Medio
1958408,0.17542918869998184,Baixo
1957725,0.2541218122398631,Medio
1958230,0.394809647846781,Medio
1958199,0.4032030404434286,Medio
1958232,0.3414812501229783,Medio
1957673,0.12769069903949248,Baixo
1957731,0.24993344805633017,Medio
1957605,0.42903748322313745,Medio
1957606,0.18327959421061404,Baixo
1958296,0.07699558407008807,Baixo
1958269,0.48111198000228605,Alto
1958471,0.23887402468265756,Medio
1957929,0.16509973892779584,Baixo
1958153,0.19683781490681385,Baixo
1958298,0.2714394227478371,Medio
1957834,0.4270161218225791,Medio
1957951,0.42697766350739536,Medio
1957953,0.05783687528617163,Baixo
1958202,0.14819112875235305,Baixo
1957987,0.1856696925883163,Baixo
1957992,0.500391290126058,Alto
1957950,0.420145988207411,Medio
1958396,0.36985421821155956,Medio
1957776,0.35444842081216077,Medio
1957579,0.2583410203058422,Medio
1958201,0.3869780385060784,Medio
1958016,0.19796621853006968,Baixo
1958032,0.1328520475692032,Baixo
1957934,0.11659392706014185,Baixo
1958654,0.3431860587614713,Medio
1958070,0.5870354883566938,Alto
1958112,0.16768410409173387,Baixo
1958048,0.196943452161121,Baixo
1957648,0.1458793684870337,Baixo
1957886,0.471523397791508,Alto
1957638,0.3104938297768643,Medio
1957608,0.27138850988398533,Medio
1957665,0.20416717794049902,Medio
1958179,0.3176146091429151,Medio
1952239,0.2220765833098151,Medio
1958188,0.46220763495922124,Alto
1957658,0.18902940887292624,Baixo
1958393,0.06237838052575044,Baixo
1958117,0.18557352270546454,Baixo
1958445,0.12321977525957663,Baixo
1957515,0.2861222870873563,Medio
1957736,0.38811189398734797,Medio
1958342,0.18246132596432657,Baixo
1958493,0.290475879906011,Medio
1958555,0.11806445107630076,Baixo
1958600,0.2576093657566621,Medio
1958181,0.28436999220415315,Medio
1957647,0.33602032431501994,Medio
1958456,0.4009267101096345,Medio
1957948,0.26515536974288617,Medio
1957659,0.07011851068998112,Baixo
1957828,0.41532521728208366,Medio
1957952,0.22658009716500024,Medio
1957714,0.30469314111166185,Medio
1957968,0.1660647196889659,Baixo
1957972,0.5206177761415354,Alto
1957981,0.29993991133416686,Medio
1957825,0.11783118210485137,Baixo
1957627,0.15586786556697035,Baixo
1957876,0.4936868107005441,Alto
1957965,0.5541441329680293,Alto
1957817,0.4339113051313749,Medio
1957819,0.3453316648828006,Medio
1957928,0.3584118930963544,Medio
1957583,0.4479183496459716,Medio
1957922,0.4616058579918576,Alto
1958305,0.26038302910188954,Medio
1957610,0.29803245641476434,Medio
1958072,0.24649706632714505,Medio
1957868,0.19512936495962802,Baixo
1957623,0.45455065231239794,Alto
1957994,0.3037189862313303,Medio
1958559,0.2648910538429941,Medio
1958502,0.11022133557199518,Baixo
1958500,0.12294500384933917,Baixo
1958106,0.22185786238013305,Medio
1958481,0.24103017994428505,Medio
1958398,0.32461813037069426,Medio
1958116,0.38258632736088527,Medio
1958169,0.6506414970876643,Alto
1957869,0.30686306629485494,Medio
1958322,0.22370855299941325,Medio
1958005,0.32948835829979256,Medio
1958359,0.10898731798834961,Baixo
1958387,0.31887261272639933,Medio
1958007,0.05917594059891322,Baixo
1958186,0.08906001958043139,Baixo
1958509,0.3567674144897524,Medio
1957933,0.24034713229364002,Medio
1957646,0.2687313238272458,Medio
1958319,0.19559039073255335,Baixo
1957887,0.512628405250085,Alto
1957635,0.21604438382899427,Medio
1958100,0.21750304173600965,Medio
1958533,0.16943056793492844,Baixo
1958369,0.06475324162475819,Baixo
1958127,0.22484983642867967,Medio
1958323,0.3694456384151824,Medio
1958335,0.2660352820500243,Medio
1958164,0.2630959842172056,Medio
1958077,0.16790378917844329,Baixo
1957544,0.281213166468955,Medio
1958395,0.12239485244384447,Baixo
1958399,0.19499539662692383,Baixo
1958208,0.16801388621267238,Baixo
1958402,0.24141342051502596,Medio
1958404,0.3369742268616515,Medio
1958421,0.2561221235882954,Medio
1958438,0.1251999983077163,Baixo
1958314,0.6299753310421923,Alto
1957522,0.19951264762713905,Baixo
1958621,0.47675893053931634,Alto
1958491,0.4429389998167447,Medio
1958378,0.2738108059915043,Medio
1957969,0.3155112229904508,Medio
1957628,0.34911139709650757,Medio
1958041,0.21863001710564786,Medio
1957866,0.42286871950432275,Medio
1958635,0.12639582619640186,Baixo
1958744,0.11783373206253889,Baixo
1958272,0.16676446485567753,Baixo
1958556,0.367766620446559,Medio
1958564,0.33274920645591916,Medio
1958246,0.42178578122269655,Medio
1958614,0.17793405230298767,Baixo
1958675,0.011256865199927421,Baixo
1958497,0.15477568095769187,Baixo
1958611,0.3884650537692081,Medio
1958863,0.5357863537513857,Alto
1958401,0.15884705276958783,Baixo
1957898,0.4038921790665341,Medio
1957703,0.2144105102728707,Medio
1957767,0.3897207249906481,Medio
1958708,0.43096440874845104,Medio
1958546,0.18251909637025404,Baixo
1958273,0.08958586047772325,Baixo
1958659,0.35600136133341875,Medio
1957773,0.40037590642142606,Medio
1957774,0.43374818447266944,Medio
1958080,0.5144906677890904,Alto
1958148,0.5219499813639538,Alto
1957977,0.28217237765941255,Medio
1958579,0.14525719175217938,Baixo
1957618,0.3486677517157564,Medio
1957976,0.5819005451864763,Alto
1958587,0.13863752143547828,Baixo
1958466,0.3583188902090255,Medio
1958343,0.35709750131860946,Medio
1958774,0.21908833448915438,Medio
1958707,0.3937773727664497,Medio
1958745,0.2924660801098803,Medio
1957781,0.3477815472077792,Medio
1958689,0.1309890500811547,Baixo
1957729,0.2617524834942362,Medio
1957710,0.41786979418833525,Medio
1957966,0.17560157261087173,Baixo
1957842,0.5728660752318164,Alto
1958451,0.3556797705508552,Medio
1958527,0.1459544553363307,Baixo
1957836,0.1806850731817727,Baixo
1958679,0.4286718153004672,Medio
1958092,0.31486517810616776,Medio
1958295,0.18020418020781878,Baixo
1958419,0.45598303686310215,Alto
1957905,0.2858124820192079,Medio
1958176,0.05762769496038419,Baixo
1958759,0.23519321237926982,Medio
1958633,0.3767901797410178,Medio
1957526,0.3047225645116392,Medio
1958078,0.1365920038210041,Baixo
1957882,0.4781055111314704,Alto
1958682,0.10876203019868877,Baixo
1958075,0.24518509079151535,Medio
1958692,0.3741085272348854,Medio
1957973,0.23165515915991172,Medio
1957657,0.19086600819172134,Baixo
1957654,0.17317565122966383,Baixo
1958695,0.28357006187061284,Medio
1957572,0.38810709041580205,Medio
1958713,0.2586517896049121,Medio
1957741,0.4265902675998843,Medio
1957867,0.37343469813746877,Medio
1958060,0.1901248953836221,Baixo
1958124,0.543204877823704,Alto
1957555,0.19048243821345698,Baixo
1958772,0.2061482232232949,Medio
1958550,0.4157521256116215,Medio
1958031,0.3621149887188522,Medio
1958086,0.4852579017437696,Alto
1958837,0.43798669920794214,Medio
1958690,0.020811347157083535,Baixo
1958625,0.21553925242082603,Medio
1957619,0.19480055379102115,Baixo
1958286,0.16798267963338628,Baixo
1958965,0.4081203537956274,Medio
1958450,0.17733797120606928,Baixo
1958066,0.1905444841149395,Baixo
1958430,0.16426526064332583,Baixo
1958796,0.14488344547643967,Baixo
1957525,0.15123907230960934,Baixo
1958351,0.3010892583444463,Medio
1958328,0.14834949951549456,Baixo
1958845,0.30975375482514683,Medio
1958760,0.40893284338364194,Medio
1958287,0.32778080712636654,Medio
1958864,0.4693728991392335,Alto
1958854,0.4754394623098186,Alto
1957919,0.4156465099636315,Medio
1958818,0.590105972854676,Alto
1958485,0.2568950477373357,Medio
1958518,0.060849054324847274,Baixo
1958026,0.1569737991398124,Baixo
1958762,0.3850852539841099,Medio
1957668,0.16335046889636626,Baixo
1958277,0.3861596577020828,Medio
1958478,0.5054881973608849,Alto
1958487,0.3409372116895502,Medio
1958630,0.11285031404616402,Baixo
1958610,0.4566575189918831,Alto
1958777,0.4826980838600204,Alto
1958741,0.16718887674366034,Baixo
1958068,0.25594952519642566,Medio
1958294,0.27239569710170436,Medio
1957941,0.19110666016460565,Baixo
1958366,0.149553155566264,Baixo
1958576,0.40435086067216713,Medio
1958423,0.3309294487983048,Medio
1958473,0.35122556120051834,Medio
1958858,0.15591487467911042,Baixo
1958648,0.1015172844479436,Baixo
1957620,0.37996413878712854,Medio
1957901,0.4716006882690408,Alto
1958554,0.3139312506483504,Medio
1958096,0.22184704364083718,Medio
1958542,0.28037978696416993,Medio
1958236,0.058088675879031854,Baixo
1958729,0.08939037602644083,Baixo
1957670,0.3199485812497452,Medio
1958589,0.34613403368403417,Medio
1958019,0.19586518326480507,Baixo
1958260,0.14862529289496004,Baixo
1958686,0.11531146540172943,Baixo
1958909,0.2937504129895279,Medio
1958906,0.13950828647158797,Baixo
1958890,0.21874874193718918,Medio
1958279,0.2018988097772152,Medio
1958405,0.09631909617499457,Baixo
1958141,0.39872489788740545,Medio
1959045,0.41227724765901635,Medio
1959118,0.41757956962431525,Medio
1958927,0.21163676638315942,Medio
1957949,0.23439118558022545,Medio
1958824,0.1858101270723856,Baixo
1958803,0.07262486691189457,Baixo
1959077,0.1259014488211584,Baixo
1959180,0.2731396258323117,Medio
1952346,0.45756520526520494,Alto
1958606,0.4084219287893619,Medio
1958671,0.3180102007790661,Medio
1958952,0.17054488477781432,Baixo
1958732,0.06696810832214392,Baixo
1958035,0.14827661358774413,Baixo
1958934,0.43761342421516214,Medio
1958846,0.15842367909220523,Baixo
1958683,0.3224437829985913,Medio
1958687,0.45235439329239996,Alto
1958067,0.26544391295191094,Medio
1958767,0.49084245743208543,Alto
1959013,0.3002863624287219,Medio
1958699,0.34016446512498427,Medio
1957678,0.23125227820955935,Medio
1957858,0.2644355703787175,Medio
1957653,0.4344168285327032,Medio
1958289,0.36872651781275056,Medio
1958855,0.08570247701143964,Baixo
1958057,0.16892827490792378,Baixo
1957924,0.5830423522050133,Alto
1957689,0.1837328044056227,Baixo
1958231,0.30158336644471323,Medio
1959111,0.07053420042134276,Baixo
1958617,0.35380525859247863,Medio
1958037,0.33751769488333827,Medio
1958089,0.3231642650607386,Medio
1957955,0.5125374574400212,Alto
1958264,0.3335673699118061,Medio
1957733,0.31072479429702243,Medio
1958442,0.2351506329362793,Medio
1958826,0.32563282441506747,Medio
1958873,0.4517371790161473,Alto
1958673,0.22893737964055552,Medio
1958771,0.32482029153418485,Medio
1958521,0.45824932042402067,Alto
1958891,0.11825900926296486,Baixo
1959081,0.10256659712288405,Baixo
1957917,0.40734863215448486,Medio
1958362,0.21073527175461648,Medio
1957643,0.26205380475802276,Medio
1959136,0.2602997421159199,Medio
1959096,0.1712245853524429,Baixo
1957857,0.32548905172156495,Medio
1959049,0.2530031009526114,Medio
1957491,0.1638409447015636,Baixo
1958976,0.26415393152119815,Medio
1958998,0.37580078734813427,Medio
1958416,0.22273568892493217,Medio
1959025,0.34027895630724186,Medio
1958783,0.09999367945555862,Baixo
1958655,0.3114854615206601,Medio
1958367,0.4767872055878594,Alto
1958794,0.15722308286881428,Baixo
1959069,0.23140234081617853,Medio
1958361,0.3946306880558811,Medio
1958805,0.3626834990281181,Medio
1958798,0.448407723002143,Medio
1958929,0.2549372322587839,Medio
1957801,0.3076782503676815,Medio
1958532,0.22966649284662685,Medio
1958514,0.3827484934947724,Medio
1959048,0.22608783926690462,Medio
1958234,0.24246400037859991,Medio
1958868,0.45703100957117415,Alto
1959178,0.20026275009090985,Medio
1959169,0.45777539900294395,Alto
1958144,0.24958483645132568,Medio
1959106,0.3357857038740534,Medio
1958817,0.08927818818404684,Baixo
1958892,0.5532556917128019,Alto
1957713,0.458670247132365,Alto
1958917,0.4350362648655449,Medio
1958967,0.42682994366600646,Medio
1958146,0.3419154229655147,Medio
1957744,0.18961428197554916,Baixo
1958523,0.09767573995638248,Baixo
1959281,0.38317326162459625,Medio
1959044,0.3806134633995824,Medio
1958603,0.22915563599926894,Medio
1959189,0.11786110200456947,Baixo
1959017,0.2818208087204589,Medio
1959010,0.2547888542550154,Medio
1958143,0.25522252194772616,Medio
1959258,0.3036563021344787,Medio
1958996,0.3263833222156336,Medio
1957745,0.3290637921413983,Medio
1958281,0.16941612290277763,Baixo
1958498,0.3662129515393841,Medio
1959154,0.25752332971606906,Medio
1958327,0.2666473221794869,Medio
1959126,0.12693347436825095,Baixo
1957829,0.05861071004614028,Baixo
1959250,0.24572875644372136,Medio
1959220,0.06338292908527995,Baixo
1958029,0.4070634458088418,Medio
1958270,0.2571073992799086,Medio
1959020,0.2982447448518752,Medio
1958908,0.2552464898314478,Medio
1958714,0.49250244344705424,Alto
1958986,0.09101457890213185,Baixo
1956795,0.40073189204288423,Medio
1957600,0.23586554435832918,Medio
1959240,0.1726460661146371,Baixo
1959452,0.4764550712861888,Alto
1959246,0.4019296566334909,Medio
1959217,0.10023446153404149,Baixo
1958027,0.1537434276897355,Baixo
1959157,0.2193358195518159,Medio
1959159,0.06995869294241461,Baixo
1958838,0.3619232499247014,Medio
1959265,0.14257615959800288,Baixo
1955789,0.14271443371879083,Baixo
1956317,0.12593197681862323,Baixo
1957872,0.3287104294931986,Medio
1958920,0.11427725922242175,Baixo
1957942,0.2734861413774419,Medio
1956981,0.04999057379791259,Baixo
1959226,0.23721103796355994,Medio
1959108,0.218088839082594,Medio
1958525,0.18377317910090393,Baixo
1959423,0.24703472599375562,Medio
1958276,0.3720818721019098,Medio
1958756,0.14547786533299695,Baixo
1959531,0.3912545376332822,Medio
1958800,0.4142717323770442,Medio
1957751,0.26875041738186944,Medio
1955333,0.08452043375601058,Baixo
1958717,0.440302602063272,Medio
1957777,0.28730242170437065,Medio
1959197,0.3127213388938692,Medio
1959397,0.12370743813968973,Baixo
1958316,0.4978053259117496,Alto
1959494,0.23179558505576822,Medio
1958893,0.1481238132123988,Baixo
1959145,0.18408374496891725,Baixo
1958973,0.33358032901593465,Medio
1958916,0.5193954082883571,Alto
1959373,0.06518927614850809,Baixo
1959054,0.5744238271799663,Alto
1958946,0.43756005209993665,Medio
1958318,0.5132382174556123,Alto
1959429,0.44204480251627215,Medio
1959147,0.7407745409936961,Critico
1957998,0.20433885334314816,Medio
1959216,0.09268230162230426,Baixo
1956892,0.18882317618482136,Baixo
1959210,0.4405850532281016,Medio
1959367,0.28916694395596315,Medio
1958097,0.22280671829881651,Medio
1959445,0.40023390634032135,Medio
1959390,0.5627081287500216,Alto
1958321,0.385730851462655,Medio
1959402,0.10658961389301945,Baixo
1957590,0.4462449499209209,Medio
1959453,0.24729679763119716,Medio
1958300,0.3998488497246566,Medio
1959400,0.40310780615816927,Medio
1956992,0.38001945119629105,Medio
1958902,0.5375272351175453,Alto
1958159,0.4884799105533126,Alto
1959346,0.41880682835607064,Medio
1959343,0.5073427128623187,Alto
1958227,0.4847507856655624,Alto
1957660,0.16788221852819446,Baixo
1959148,0.4421989817398239,Medio
1957637,0.33071230089795106,Medio
1959213,0.3901174034689541,Medio
1959162,0.20105682418759366,Medio
1958194,0.17563382498527294,Baixo
1959214,0.2328715650200281,Medio
1959386,0.16723802122628392,Baixo
1955576,0.09501031050663758,Baixo
1959369,0.19648546804841768,Baixo
1959063,0.44755904908769145,Medio
1959034,0.4833848497720883,Alto
1958810,0.15638551145926208,Baixo
1958218,0.1287849210750237,Baixo
1958418,0.3753187811134976,Medio
1959193,0.2942582733474263,Medio
1959468,0.06856482836034647,Baixo
1959519,0.236651570279059,Medio
1959190,0.45712632698535133,Alto
1957915,0.5032468109305137,Alto
1959094,0.3405544357558039,Medio
1958114,0.24772857420633568,Medio
1959620,0.29079234940524673,Medio
1959079,0.5494687341913904,Alto
1957587,0.2749492971537141,Medio
1958301,0.2436605088469365,Medio
1959170,0.30469056132714406,Medio
1959261,0.31291640550251887,Medio
1959512,0.10801827653734598,Baixo
1959535,0.4219340042877149,Medio
1959185,0.22819507761435068,Medio
1959545,0.22877282971011786,Medio
1959473,0.37202114672765235,Medio
1959613,0.37083543810569963,Medio
1958221,0.23527970950032337,Medio
1959333,0.21092068476180414,Medio
1958469,0.35087408907647794,Medio
1958435,0.2846393788115086,Medio
1959695,0.5751891677193672,Alto
1958787,0.39887348306804793,Medio
1959299,0.45457853683971405,Alto
1959647,0.5013840402359939,Alto
1958748,0.35358490818175536,Medio
1959037,0.18146290465592949,Baixo
1957708,0.2430139912037097,Medio
1959338,0.42950109529852304,Medio
1958862,0.4036778453282545,Medio
1958935,0.4033068381255401,Medio
1959662,0.2579685597898906,Medio
1957990,0.10318090286558558,Baixo
1959446,0.4772775883176213,Alto
1959630,0.12041982447513398,Baixo
1959104,0.5133277513917658,Alto
1834795,0.07679014003993281,Baixo
1959707,0.1405150621053005,Baixo
1959437,0.3086043628189351,Medio
1959040,0.2515986148607403,Medio
1959649,0.21748163401695628,Medio
1959451,0.36027516384024394,Medio
1958225,0.18077528403755497,Baixo
1957914,0.362386937587952,Medio
1959714,0.4850461456072308,Alto
1958461,0.49294130621980303,Alto
1958382,0.2627269352836195,Medio
1959174,0.13485813972254374,Baixo
1959374,0.1584439264057335,Baixo
1959078,0.2247049441497909,Medio
1959690,0.3735890712607226,Medio
1959633,0.364277486236514,Medio
1959342,0.33047566987350097,Medio
1959484,0.04870826585626849,Baixo
1959212,0.46586889195342657,Alto
1959605,0.27990965609639984,Medio
1958038,0.3074080126034531,Medio
1959606,0.21591615991448346,Medio
1958931,0.5360736243585674,Alto
1959595,0.24717730297813423,Medio
1959433,0.10714191957292961,Baixo
1957820,0.5090532962468439,Alto
1958374,0.204746201742254,Medio
1959651,0.48801994028037476,Alto
1958907,0.2551205871412297,Medio
1959339,0.22687354178271454,Medio
1959592,0.26184431158749405,Medio
1959640,0.21416610183834056,Medio
1959708,0.13003964507221913,Baixo
1959603,0.36479811449289384,Medio
1959187,0.5076494283367795,Alto
1959691,0.24375677766997478,Medio
1959504,0.466718973329733,Alto
1959570,0.09607502528530915,Baixo
1959763,0.30118362473852606,Medio
1958552,0.3417824402562703,Medio
1959057,0.3639469879407364,Medio
1959385,0.24676638912601367,Medio
1958358,0.22664647861705994,Medio
1959505,0.34579240010876894,Medio
1959585,0.18915124500848265,Baixo
1958229,0.2649639558784961,Medio
1959785,0.23280345581093687,Medio
1958538,0.14159625342496457,Baixo
1959848,0.289702745575375,Medio
1958651,0.19274052413285173,Baixo
1959804,0.3221567090744632,Medio
1959840,0.09819254180616342,Baixo
1959562,0.25383902168967937,Medio
1959522,0.5121943879842343,Alto
1959866,0.38044864664208683,Medio
1959732,0.36652278508065333,Medio
1958649,0.36857329371729597,Medio
1958639,0.5156004580367142,Alto
1959771,0.21013561084316004,Medio
1958811,0.10742974347563972,Baixo
1959631,0.3972103040403632,Medio
1959554,0.4164555563197714,Medio
1959909,0.44128884259410356,Medio
1958512,0.3735939622030851,Medio
1959646,0.1638152758510787,Baixo
1959838,0.21837628866990857,Medio
1959753,0.2918889648667089,Medio
1959919,0.11564477021419667,Baixo
1959928,0.09514444074618254,Baixo
1959982,0.11879536993749196,Baixo
1959979,0.07150633292896706,Baixo
1959879,0.17552699302512167,Baixo
1725393,0.2519988715170908,Medio
1959926,0.062088045118531734,Baixo
1959871,0.338907067050322,Medio
1959999,0.09446072952028117,Baixo
1957075,0.06551530810480541,Baixo
1959853,0.19529823945857527,Baixo
1959009,0.3460536008870473,Medio
1960003,0.16212894652607526,Baixo
1960048,0.19884205688391,Baixo
1958844,0.33509502629073984,Medio
1959911,0.251538818038748,Medio
1958453,0.3807013600231899,Medio
1959550,0.09308391422659222,Baixo
1959927,0.19770788187269925,Baixo
1958568,0.3859452421901685,Medio
1959893,0.2404194317476785,Medio
1958911,0.6230244597467106,Alto
1959943,0.09463898506393027,Baixo
1959855,0.4139418653527277,Medio
1958389,0.43422582639397855,Medio
1959924,0.10532810501647313,Baixo
1959947,0.1378771275882814,Baixo
1959303,0.3957043773585362,Medio
1960045,0.16603493447981116,Baixo
1957681,0.17604857867579476,Baixo
1959948,0.5134860510622312,Alto
1959465,0.1290270299003559,Baixo
1959674,0.05978065816301903,Baixo
1958061,0.3132426036768191,Medio
1959964,0.4961665642987946,Alto
1959921,0.36259980276355497,Medio
1958842,0.22316364523037222,Medio
1960064,0.4819301768182922,Alto
1953748,0.48309929822494446,Alto
1959801,0.07923207210419549,Baixo
1959937,0.1716039866294248,Baixo
1959709,0.5130749992691379,Alto
1958517,0.11108165235589924,Baixo
1958336,0.2319840805029541,Medio
1959931,0.13520095679855199,Baixo
1959799,0.24832948165400287,Medio
1960179,0.2403325182198765,Medio
1956383,0.6320030637341973,Alto
1949247,0.5802656526316742,Alto
1960087,0.24473629245688167,Medio
1959565,0.5498072255557249,Alto
1960169,0.17397874660277732,Baixo
1958489,0.313758581792711,Medio
1960141,0.2567419879309284,Medio
1960209,0.3731120656791882,Medio
1959951,0.3115729312431827,Medio
1960205,0.521123323320244,Alto
1960142,0.19696658885570864,Baixo
1958156,0.25533190631060565,Medio
1960176,0.06627737922989428,Baixo
1959813,0.149122421973724,Baixo
1960105,0.2757509356066406,Medio
1960092,0.4947168184807336,Alto
1959523,0.33559422404259165,Medio
1960244,0.4578884896852749,Alto
1956213,0.3555602925559998,Medio
1959821,0.30606423558153223,Medio
1960001,0.366684485981696,Medio
1959354,0.26808607708482723,Medio
1958191,0.26525339934118214,Medio
1958847,0.12479333150780192,Baixo
1959832,0.2641567280022059,Medio
1955902,0.4384528401568499,Medio
1959355,0.09035433654011546,Baixo
1959829,0.22643584308979703,Medio
1960336,0.08765087773990941,Baixo
1960258,0.25805703498616855,Medio
1960292,0.4180089372254073,Medio
1957947,0.38693315519016236,Medio
1948405,0.16434299668412444,Baixo
1958667,0.21374459474996696,Medio
1959684,0.5602328762452715,Alto
1958597,0.32539442080270015,Medio
1959932,0.3512163997255615,Medio
1959778,0.3865223003423513,Medio
1960321,0.1599379318045269,Baixo
1960364,0.2755939344280531,Medio
1954140,0.14261088344130587,Baixo
1960323,0.06829481101097848,Baixo
1960342,0.08556900154723257,Baixo
1960371,0.3967460242853399,Medio
1960428,0.0939625907599556,Baixo
1959833,0.4360848143125598,Medio
1960412,0.17667406396935673,Baixo
1960424,0.19623335611592221,Baixo
1960386,0.27158269631961746,Medio
1959349,0.14801589371775456,Baixo
1959890,0.23572374516943276,Medio
1958588,0.08768911601631958,Baixo
1958452,0.2519669924955149,Medio
1957706,0.26291693492318713,Medio
1957597,0.37921440291076786,Medio
1958545,0.5012100948357859,Alto
1958094,0.39790056594689577,Medio
1957907,0.2571710026127572,Medio
1957214,0.10506271306196874,Baixo
1957540,0.08528906260074323,Baixo
1957993,0.21025377263291467,Medio
1958894,0.18867719975684671,Baixo
1957577,0.3124009542139563,Medio
1959132,0.13983966582058843,Baixo
1959117,0.5318775464366415,Alto
1958702,0.24333610671887185,Medio
1958204,0.24555928891989443,Medio
1957849,0.38449120310525203,Medio
1958884,0.11680009191589034,Baixo
1957961,0.1957914290194453,Baixo
1957853,0.34541207497744725,Medio
1957775,0.5744238271799663,Alto
1959677,0.11367798208018415,Baixo
1959576,0.09361919265696965,Baixo
1957757,0.2738095837852134,Medio
1958631,0.4416793575500064,Medio
1957686,0.5086174429921083,Alto
1957592,0.3198269434859113,Medio
1957690,0.31629638932420195,Medio
1958329,0.10121148703357874,Baixo
1958317,0.2393215166440207,Medio
1958712,0.377894748126277,Medio
1960402,0.1770199661013245,Baixo
1958662,0.5210580726736144,Alto
1958753,0.4230362387759987,Medio
1957808,0.21461234414323044,Medio
1958885,0.07862637050511907,Baixo
1958897,0.059991160702203526,Baixo
1958923,0.2974005977418354,Medio
1958928,0.14726197953450096,Baixo
1957212,0.2470865732009782,Medio
1960248,0.40688712885531814,Medio
1958657,0.15058171216020186,Baixo
1958694,0.13258689144120941,Baixo
1957531,0.17430915208455677,Baixo
1958258,0.11972666237595145,Baixo
1958290,0.2950035234297315,Medio
1959327,0.4665186008931703,Alto
1957683,0.2996668872000867,Medio
1958132,0.38618022428818805,Medio
1957641,0.4396354952798812,Medio
1958313,0.18183620371498924,Baixo
1958138,0.3204918511836791,Medio
1957538,0.43365726099827884,Medio
1957870,0.22286477519416234,Medio
1957911,0.30599524746857193,Medio
1957956,0.0766595691490411,Baixo
1958133,0.25175134780757563,Medio
1959221,0.19933334257900304,Baixo
1955504,0.039150329714403985,Baixo
1958183,0.2666084262416866,Medio
1957722,0.19140406571047547,Baixo
1958668,0.3133265281871665,Medio
1958403,0.3429900515364477,Medio
1958392,0.25208779421474586,Medio
1958371,0.47769163400148096,Alto
1959408,0.38223732770566476,Medio
1959090,0.41497400902431225,Medio
1959064,0.16609542535237806,Baixo
1959914,0.2464386194817881,Medio
1959615,0.055138421470853106,Baixo
1960451,0.22123784230115176,Medio
1959675,0.07120809401628991,Baixo
1958780,0.4159320976959977,Medio
1959703,0.3774428328527853,Medio
1958751,0.2098426201022395,Medio
1960446,0.29252893422772125,Medio
1960215,0.21746472396160607,Medio
1960353,0.15970370345320953,Baixo
1958177,0.24030381214223945,Medio
1954557,0.261236806837273,Medio
1960357,0.16122699624800452,Baixo
1958688,0.48495997901990917,Alto
1960459,0.18384329958541815,Baixo
1959770,0.14166471411040293,Baixo
1959283,0.2996702136302328,Medio
1960455,0.34922406702411846,Medio
1960012,0.18945479280679686,Baixo
1958140,0.5640277502958891,Alto
1959160,0.3629711982964107,Medio
1956297,0.3337090425694965,Medio
1956315,0.05786416428113247,Baixo
1960240,0.3366939808290327,Medio
1956797,0.32633253009018187,Medio
1960425,0.3024719978712024,Medio
1960477,0.06468288268279948,Baixo
1959485,0.4566426047395726,Alto
1956834,0.1101992100394146,Baixo
1959882,0.4809275153170438,Alto
1958709,0.34256936282044703,Medio
1960500,0.40986234902418556,Medio
1957578,0.13724537966313058,Baixo
1959756,0.30022833565391516,Medio
1958508,0.3655756739344753,Medio
1959721,0.30940394711480146,Medio
1959300,0.16271995458670524,Baixo
1956491,0.14230914932216837,Baixo
1960601,0.29765701817363854,Medio
1955059,0.2928786783091812,Medio
1959379,0.4742068712064255,Alto
1960597,0.007679897756120274,Baixo
1960653,0.3117195334490547,Medio
1957295,0.43068188730801,Medio
1960665,0.4465914754870223,Medio
1957891,0.4037683855535976,Medio
1960673,0.22458656658139037,Medio
1957588,0.5284928740553945,Alto
1956465,0.08348637765793543,Baixo
1960407,0.5498692396385049,Alto
1960136,0.5034215911430285,Alto
1960695,0.274949441110479,Medio
1960403,0.0126085953103715,Baixo
1958033,0.28367001533398606,Medio
1960458,0.22689283672406121,Medio
1960657,0.0905570082244956,Baixo
1960671,0.2514223658078716,Medio
1960737,0.010540704901094843,Baixo
1960731,0.3124324834473373,Medio
1959970,0.45135985258680256,Alto
1960747,0.4477298830486631,Medio
1960756,0.40202342730472684,Medio
1960777,0.09983412232144215,Baixo
1958734,0.5677760413876134,Alto
1960727,0.061406882425890805,Baixo
1960041,0.1184955297047291,Baixo
1960633,0.24490668257361056,Medio
1960368,0.42803595668401856,Medio
1960245,0.15588798908206353,Baixo
1960791,0.29335861418279785,Medio
1960796,0.07502458789875047,Baixo
1956024,0.21683943154302424,Medio
1955611,0.15903759084412628,Baixo
1960785,0.10185895540124551,Baixo
1959144,0.4480427373047149,Medio
1960783,0.19858546626508233,Baixo
1958665,0.23591638594195619,Medio
1959211,0.09804944913334664,Baixo
1959366,0.3398099960856715,Medio
1957524,0.15467859929877525,Baixo
1958971,0.37042014655740424,Medio
1959102,0.3478134862029535,Medio
1958652,0.1468966565599395,Baixo
1959830,0.23058146943203356,Medio
1955338,0.3864215675103424,Medio
1959351,0.04576578164911886,Baixo
1960234,0.13881377478118892,Baixo
1957045,0.16729154593109244,Baixo
1956968,0.35275284687315267,Medio
1957645,0.4009180701943155,Medio
1955986,0.301721117514373,Medio
1959440,0.09278670834700223,Baixo
1957315,0.15182341532321542,Baixo
1958429,0.16142518288192859,Baixo
1958593,0.315844444581432,Medio
1960075,0.1567389087810084,Baixo
1959985,0.3077749710390598,Medio
1960881,0.3401005654705332,Medio
1959945,0.0776751475624529,Baixo
1958930,0.5858515268114386,Alto
1960007,0.0662660270900247,Baixo
1956249,0.2628105277092769,Medio
1960882,0.24275892957092518,Medio
1959023,0.4226643936723433,Medio
1960119,0.24993433491686698,Medio
1959538,0.3135949711872679,Medio
1959321,0.39800801601633495,Medio
1958629,0.2599923958225688,Medio
1960866,0.3529141281628711,Medio
1958827,0.0795239121072412,Baixo
1960828,0.16292827383294503,Baixo
1960869,0.19856149246559157,Baixo
1960775,0.10293573999016219,Baixo
1955825,0.2300986363876461,Medio
1957758,0.5482664129236179,Alto
1959860,0.38504617814643083,Medio
1956346,0.34061160684514646,Medio
1958857,0.1780419420693239,Baixo
1960887,0.35727004040896665,Medio
1959854,0.23654184912822235,Medio
1960904,0.21274835524841995,Medio
1956328,0.1652980445113985,Baixo
1959905,0.19643723752269188,Baixo
1960583,0.06958657962310641,Baixo
1960920,0.23945797342874953,Medio
1959155,0.2637854117716644,Medio
1960898,0.32142321639339116,Medio
1960922,0.38387564753472997,Medio
1956526,0.1288870218193231,Baixo
1960792,0.1087068423374115,Baixo
1960921,0.13428882965965105,Baixo
1960903,0.3186139740807616,Medio
1958887,0.2638437360260477,Medio
1960909,0.5331303958385634,Alto
1960561,0.19185809882240776,Baixo
1960889,0.18718943430722762,Baixo
1959509,0.23706316119205825,Medio
1960942,0.11871843767158209,Baixo
1959869,0.2613952268100998,Medio
1957017,0.3437446990141292,Medio
1960975,0.2907331865702179,Medio
1960491,0.17069707616917643,Baixo
1960974,0.45994617735743015,Alto
1960838,0.25022925872357665,Medio
1960931,0.20495125637123152,Medio
1960962,0.4682910394885514,Alto
1960966,0.21417338651970416,Medio
1953325,0.1682934387660783,Baixo
1960957,0.2491818968662217,Medio
1957570,0.5422494059805213,Alto
1958000,0.1739390618770712,Baixo
1958180,0.09521230221523601,Baixo
1959764,0.22051212804828504,Medio
1960845,0.18199821997936513,Baixo
1959908,0.24997955465432703,Medio
1955003,0.07667429198348816,Baixo
1960508,0.36645799235900045,Medio
1960985,0.20140879247328367,Medio
1959279,0.3606258573218264,Medio
1959412,0.2978216115838165,Medio
1961003,0.16270209759844592,Baixo
1961024,0.1291209791099039,Baixo
1961011,0.22487432076186908,Medio
1961006,0.06496969972475435,Baixo
1958360,0.07881007086354688,Baixo
1960925,0.23262217597641063,Medio
1961036,0.1759259894275903,Baixo
1960819,0.30006492012614094,Medio
1961054,0.4824173692288363,Alto
1961043,0.5351922067643019,Alto
1960734,0.4219929521930458,Medio
1960972,0.27763354367766496,Medio
1957695,0.2331727075041129,Medio
1956886,0.472389827934082,Alto
1959387,0.10879807317100318,Baixo
1959005,0.13950779976338762,Baixo
1959925,0.2187962758624216,Medio
1961056,0.35007288642558787,Medio
1960725,0.24111309594196342,Medio
1961074,0.3576934725696401,Medio
1961069,0.10881274261538328,Baixo
1956744,0.5895344477408827,Alto
1957862,0.2471171580740828,Medio
1959938,0.11974708039267176,Baixo
1957609,0.43734357141044633,Medio
1959065,0.2743706301716757,Medio
1961076,0.40093799318243933,Medio
1958205,0.45328820923497287,Alto
1960615,0.3038424351746031,Medio
1959720,0.17603744210933897,Baixo
1958515,0.37217486621756224,Medio
1960231,0.24250641319394672,Medio
1959610,0.5751532652226812,Alto
1960778,0.2936911248834973,Medio
1961095,0.43167971645614844,Medio
1955548,0.2136937658565756,Medio
1959819,0.21509741355108145,Medio
1961045,0.4652559670934412,Alto
1959686,0.3019380355411517,Medio
1961098,0.15277944198489465,Baixo
1961007,0.05074239841994984,Baixo
1955600,0.4446859472046443,Medio
1961127,0.5169699577848043,Alto
1961114,0.3689533989407773,Medio
1961121,0.12495158035270988,Baixo
1961017,0.3041592159801199,Medio
1952835,0.056625315816393955,Baixo
1961106,0.051667985911727846,Baixo
1951542,0.07972734756971875,Baixo
1960970,0.14568100053156255,Baixo
1960949,0.5964011019762809,Alto
1961122,0.13837363371604167,Baixo
1961137,0.15911222578080936,Baixo
1961155,0.09436192002872662,Baixo
1961125,0.1769521356047399,Baixo
1961058,0.13660585190603172,Baixo
1961131,0.11779202372575986,Baixo
1961129,0.3461938071071284,Medio
1951102,0.3187453966393121,Medio
1961185,0.2577701407666688,Medio
1961132,0.17099953775662136,Baixo
1961157,0.18395371008379977,Baixo
1958462,0.3449685205413692,Medio
1960452,0.5510265643429734,Alto
1961205,0.2831757127596637,Medio
1961215,0.2447506124644397,Medio
1961173,0.23002452184493224,Medio
1958215,0.41905265555115606,Medio
1960577,0.20842747438013523,Medio
1958104,0.1322625924825501,Baixo
1961197,0.17751112503191274,Baixo
1961224,0.28873642477331773,Medio
1959528,0.28812873477712386,Medio
1960684,0.2968253897601543,Medio
1958274,0.22511294493908066,Medio
1961161,0.09563504189945533,Baixo
1961285,0.0818036842274868,Baixo
1961101,0.11487887981758658,Baixo
1961244,0.40761972575765676,Medio
1961211,0.41683742070030905,Medio
1958271,0.23070769543429373,Medio
1960732,0.42284507955851874,Medio
1960826,0.3564545032148463,Medio
1957897,0.38857175045070025,Medio
1960897,0.4447847842153746,Medio
1961318,0.2332909040439266,Medio
1961355,0.39827672138106673,Medio
1960892,0.12379012897745963,Baixo
1955442,0.14311457380107795,Baixo
1961332,0.15861725560103226,Baixo
1961195,0.4382281198479748,Medio
1961172,0.3311118522021421,Medio
1954944,0.009190462515726958,Baixo
1958825,0.5026045894904606,Alto
1961271,0.17615253119807323,Baixo
1959902,0.33374963565677,Medio
1956356,0.1499155330877514,Baixo
1961399,0.5877786090724229,Alto
1961439,0.14982782277496162,Baixo
1961431,0.20226791601810123,Medio
1957556,0.32580941441519234,Medio
1961177,0.6394425315840836,Alto
1944614,0.4031136223082303,Medio
1952366,0.12786215200976705,Baixo
1960490,0.48494046743046954,Alto
1960070,0.3228280478347721,Medio
1961049,0.09754379738039473,Baixo
1953337,0.4075158596714024,Medio
1959546,0.3691641293091511,Medio
1959774,0.109198742274386,Baixo
1955229,0.23960845124466693,Medio
1958044,0.3761198716965106,Medio
1957409,0.29407004315157276,Medio
1961241,0.2827593181427826,Medio
1961448,0.31644466646133956,Medio
1961455,0.3839656638824328,Medio
1954702,0.16956714723425514,Baixo
1961002,0.13642219307755127,Baixo
1957211,0.32144240138430513,Medio
1961430,0.30471324912203446,Medio
1958243,0.3717924815292763,Medio
1958582,0.509683939007698,Alto
1961398,0.22372439245694378,Medio
1959858,0.14504898377758066,Baixo
1959276,0.4819784280569507,Alto
1959859,0.37148788883633876,Medio
1957877,0.13258001037211276,Baixo
1961451,0.15042307986199932,Baixo
1959750,0.2626416392569933,Medio
1955201,0.21066382537333428,Medio
1961046,0.11795456469304183,Baixo
1960072,0.11082301013260319,Baixo
1955084,0.16186389962555708,Baixo
1961500,0.24241694942416667,Medio
1958735,0.2765534073473887,Medio
1961403,0.5507743389700068,Alto
1961517,0.10179777023789531,Baixo
1958152,0.5899991719027152,Alto
1955694,0.35033623605992986,Medio
1961512,0.30228589820991053,Medio
1956151,0.051429520407461495,Baixo
1959124,0.39980788489868835,Medio
1958684,0.132538098805713,Baixo
1958384,0.46826042854923855,Alto
1958288,0.26836910649870666,Medio
1961556,0.20634746552219269,Medio
1960895,0.1324760982369004,Baixo
1961518,0.21253953069929724,Medio
1961544,0.17338643696425532,Baixo
1961555,0.31943005509424566,Medio
1961543,0.14163923793770766,Baixo
1961553,0.09345790274096916,Baixo
1958432,0.3066880165870482,Medio
1961533,0.3117876088695377,Medio
1957534,0.3829549753634041,Medio
1959806,0.3243809582678899,Medio
1957479,0.1959303680913997,Baixo
1960281,0.194491455808926,Baixo
1960794,0.19589731577600647,Baixo
1961573,0.3712048578045022,Medio
1961617,0.1800597428984505,Baixo
1958185,0.203393490402749,Medio
1958563,0.3937773727664497,Medio
1954443,0.18902826827617722,Baixo
1961587,0.36646089843808155,Medio
1960917,0.24552272319348925,Medio
1955541,0.19395647914954378,Baixo
1958640,0.33977633442187466,Medio
1959564,0.44848505578881936,Medio
1959352,0.38698723601471186,Medio
1960907,0.3398695323314907,Medio
1961597,0.346149295454686,Medio
1959748,0.6069418278842997,Alto
1958856,0.5195116391187447,Alto
1961212,0.2220818275455713,Medio
1961364,0.2828499302844847,Medio
1958299,0.27362883560769163,Medio
1957881,0.3880260141889438,Medio
1960390,0.38624248489079993,Medio
1960535,0.3769307530948541,Medio
1956657,0.10222884102518583,Baixo
1960453,0.1716964231921419,Baixo
1961672,0.21978925991594367,Medio
1958087,0.260161890156837,Medio
1961582,0.11018948379258175,Baixo
1961648,0.28758647123647696,Medio
1961678,0.20935536504897254,Medio
1961684,0.33395563464670985,Medio
1960581,0.2556556417038507,Medio
1961652,0.4543781733321108,Alto
1961683,0.1143161626907277,Baixo
1895628,0.4275214573536057,Medio
1960156,0.3552261125644707,Medio
1959637,0.2186296529138304,Medio
1961632,0.1010624611452852,Baixo
1961413,0.5859714605782369,Alto
1957908,0.4963078190733618,Alto
1960062,0.21881786406409534,Medio
1950288,0.20347678853853435,Medio
1961736,0.09744826494476301,Baixo
1961731,0.06764198334473885,Baixo
1961699,0.5198072741554288,Alto
1956767,0.12480678871746846,Baixo
1961711,0.013808209403914817,Baixo
1961735,0.03674025946179821,Baixo
1218283,0.10206918559146745,Baixo
1960704,0.3373482656870207,Medio
1953740,0.2239251824720513,Medio
1960289,0.15973439632267505,Baixo
1617852,0.006833920545146848,Baixo
1958233,0.2422163961430384,Medio
1961339,0.27746784291898346,Medio
1959012,0.46079158615660765,Alto
1960735,0.2340557945838468,Medio
1961519,0.35180527235650433,Medio
1961762,0.2020473072328914,Medio
1961746,0.24770465512397313,Medio
1958888,0.5453619285911204,Alto
1958938,0.1349088350051052,Baixo
1961096,0.0847771649429346,Baixo
1961760,0.16126717969500867,Baixo
1960485,0.2722672610263878,Medio
1953953,0.14369480141655858,Baixo
1961780,0.11798309942707205,Baixo
1933968,0.2798091875916543,Medio
1961697,0.19117423207396475,Baixo
1957195,0.3094486468011729,Medio
1961809,0.2138636313157739,Medio
1957669,0.2756792237426948,Medio
1961803,0.41375880938794324,Medio
1961819,0.20110485919179977,Medio
1961778,0.24709931897896434,Medio
431885,0.36930008991818797,Medio
1944689,0.13927194079377572,Baixo
1959731,0.3412603877909254,Medio
1961317,0.40175773319303437,Medio
1956921,0.15402631736906724,Baixo
1931895,0.20512397241406372,Medio
1961817,0.4743491728631304,Alto
1961788,0.059110235253288394,Baixo
1919477,0.4131486453507546,Medio
1961841,0.34873620182272935,Medio
1958793,0.15823293449423517,Baixo
1059229,0.12986739417887802,Baixo
1955695,0.22312264895814646,Medio
1961869,0.3330888433186566,Medio
1958446,0.21618736447366071,Medio
1954291,0.4188243790519838,Medio
1958385,0.2719071077085329,Medio
1956632,0.12172131647836593,Baixo
1957218,0.017347850040337506,Baixo
1959680,0.41874300277499643,Medio
1956501,0.0991386941008528,Baixo
1957318,0.5844049996749837,Alto
1960996,0.13740790916373982,Baixo
1958530,0.10221616613667539,Baixo
1961878,0.08400651616961248,Baixo
1958574,0.45081498407968035,Alto
1961126,0.4791991119733265,Alto
1961893,0.1660610186529536,Baixo
1961796,0.38188633887113177,Medio
1961902,0.13846662084769545,Baixo
1961904,0.12094106432029633,Baixo
1961876,0.05479535098742818,Baixo
1961738,0.24870264122884195,Medio
1961585,0.17546282956556966,Baixo
1960564,0.14323069454843862,Baixo
1961881,0.47690012384573804,Alto
1961889,0.1643839893440586,Baixo
1961454,0.10504547689575476,Baixo
1961910,0.3358217113240422,Medio
1961765,0.44456875319464645,Medio
1961845,0.16776122732617008,Baixo
1961898,0.3409700536704334,Medio
1961874,0.18342772168641158,Baixo
1961924,0.0459947295096916,Baixo
1961596,0.31858162918405414,Medio
1956210,0.4502035372408181,Alto
1958871,0.4094364696820619,Medio
1961578,0.4635563258734528,Alto
1955558,0.19342882102348558,Baixo
1957636,0.5796073785619946,Alto
1961921,0.15166567353575977,Baixo
1955290,0.2713004554433265,Medio
1961926,0.33351201192810453,Medio
1958738,0.22843101063876373,Medio
1956188,0.251652882309774,Medio
1958344,0.1886960193317849,Baixo
1957562,0.24538140071422848,Medio
1961784,0.30983862370908355,Medio
1681685,0.22623837986772588,Medio
1956495,0.39982997770991135,Medio
1959409,0.19123791341694643,Baixo
1951661,0.25537434928786823,Medio
1959483,0.014778580923689303,Baixo
1959475,0.3441656962915872,Medio
1955407,0.2951620184361321,Medio
1958544,0.2567769047261078,Medio
1956402,0.45632119607805416,Alto
1956624,0.23541327211998125,Medio
1961956,0.5307939933503549,Alto
1956405,0.3374216615284011,Medio
1961970,0.062327496878966285,Baixo
1961960,0.09101706825446239,Baixo
1961965,0.11349990348546696,Baixo
1813360,0.46383312828847684,Alto
1907847,0.12910241095710775,Baixo
1961758,0.18661988044379144,Baixo
1961865,0.42697091191360587,Medio
1961593,0.31740391795310724,Medio
1957782,0.44550394539794325,Medio
1961883,0.14213147657298011,Baixo
1961962,0.22634257085658424,Medio
1955734,0.12285644605120058,Baixo
1961681,0.09485291830677217,Baixo
1951686,0.14127902017919125,Baixo
1960626,0.12677030734697844,Baixo
1962011,0.07324488093909484,Baixo
1959198,0.05958165329343647,Baixo
1962002,0.1862229419220583,Baixo
1961963,0.427587417709891,Medio
1941611,0.272472630599526,Medio
1957314,0.5544185870595706,Alto
1959326,0.44432351709761836,Medio
1962012,0.054584001066867324,Baixo
1956835,0.13912578960121474,Baixo
1960103,0.3231589093160321,Medio
1953021,0.3224546559777814,Medio
1961806,0.17109522725832763,Baixo
1962001,0.2847986878628318,Medio
1961992,0.05934115924285871,Baixo
1949662,0.43170781963693444,Medio
1961984,0.617310235549027,Alto
1962029,0.4811902737291242,Alto
1961950,0.12572201447625822,Baixo
1961894,0.2557192528490804,Medio
1956376,0.3980682967262691,Medio
1962041,0.08782305762625862,Baixo
1961870,0.25047891161976976,Medio
1630895,0.3326345101802663,Medio
1957920,0.04632869666816134,Baixo
1962047,0.3823984412708287,Medio
1923392,0.0878270194771205,Baixo
1961210,0.2347516184034445,Medio
1961631,0.44171024884060456,Medio
1957963,0.41772542449413186,Medio
1956322,0.2154429981218768,Medio
1960527,0.08155555784261985,Baixo
1940898,0.06779001761575557,Baixo
1961619,0.13510942901652687,Baixo
1961851,0.16359224784590257,Baixo
1959496,0.24028308448972793,Medio
1958282,0.4021780617912214,Medio
1957481,0.34867584630257187,Medio
1959365,0.29184838711107053,Medio
1955940,0.024989443527117378,Baixo
1961354,0.30419664025534854,Medio
1962004,0.14556534904715315,Baixo
1961976,0.5462561321849038,Alto
1955225,0.28583711354364116,Medio
1962112,0.36065296861652096,Medio
1960788,0.1047587426675354,Baixo
1962097,0.10012188477222903,Baixo
1962091,0.12624303549446692,Baixo
1960571,0.3455070891872947,Medio
1956140,0.23752389939976115,Medio
1957874,0.13306209484926312,Baixo
1962092,0.2128563635044875,Medio
1957362,0.5173816995094142,Alto
1958678,0.43565571213609194,Medio
1962137,0.19299612204699168,Baixo
1961815,0.17099583080686084,Baixo
1962152,0.41761584842862004,Medio
1955898,0.41726274350698755,Medio
1959783,0.08780831590380507,Baixo
1962102,0.4212771763459582,Medio
1958501,0.3905817079103502,Medio
1961380,0.5658217644903599,Alto
1962067,0.4315678213184783,Medio
1962187,0.2749887407278504,Medio
1958206,0.3513176093379979,Medio
1961985,0.10498749642899316,Baixo
1962155,0.4632125309320576,Alto
1957365,0.3508818536529938,Medio
1962190,0.049629907947757596,Baixo
1961103,0.11667546539995331,Baixo
1962193,0.2838295253600475,Medio
1962213,0.26864283521480087,Medio
1962211,0.5250735376817879,Alto
1960024,0.38046904959415156,Medio
1962192,0.5171455244207351,Alto
1962215,0.224050343599456,Medio
1954728,0.25691537717839225,Medio
1962208,0.26593204039608015,Medio
1952942,0.24860304813455572,Medio
1962201,0.1601226405956899,Baixo
1960271,0.31626208891078816,Medio
1959934,0.27952087668485553,Medio
1961202,0.14720914074908062,Baixo
1962230,0.08004831238869413,Baixo
1957273,0.43959540112488976,Medio
1962253,0.229512671719594,Medio
1962246,0.015468476641205238,Baixo
1960919,0.4217251863803507,Medio
1959733,0.2768755464679771,Medio
1949783,0.10938369450721251,Baixo
1957175,0.05978829241305997,Baixo
1959161,0.3278333012877061,Medio
1962170,0.08331165699602269,Baixo
1947520,0.09409561119064173,Baixo
1962241,0.07205137862993934,Baixo
1962257,0.2688818608692568,Medio
1962267,0.5605147669697413,Alto
1962202,0.16106261716971948,Baixo
1956616,0.1677769435889596,Baixo
1953181,0.14927039617434468,Baixo
1957902,0.06681224913099137,Baixo
1959923,0.07937331267096574,Baixo
1962008,0.270698165868136,Medio
1962269,0.13639309678601153,Baixo
1957946,0.22194855641260292,Medio
1959098,0.1630537764838673,Baixo
1962250,0.17623552534843479,Baixo
1960782,0.5763859185426876,Alto
1961147,0.5948733671181552,Alto
1958333,0.4088914770896503,Medio
1962265,0.1093176746276655,Baixo
1949882,0.11530354234365431,Baixo
1961460,0.16943811879924855,Baixo
1962280,0.3071716479356556,Medio
1962259,0.4259395109491506,Medio
1962252,0.3371590099627377,Medio
1958880,0.34564655540096006,Medio
1962200,0.14596935786743806,Baixo
1959636,0.5032808826755175,Alto
1962287,0.08792762461887248,Baixo
1962179,0.2308177377326294,Medio
1962300,0.09054129502425931,Baixo
1956976,0.27822721163738595,Medio
1961943,0.4151533508286776,Medio
1961140,0.22791909442900052,Medio
1895043,0.5344219365878927,Alto
1962311,0.2715802456332522,Medio
1960464,0.5101704689308961,Alto
1957684,0.45120186226683856,Alto
1956428,0.586042250351519,Alto
1957739,0.14475667858310848,Baixo
1957111,0.03969466248770653,Baixo
1962331,0.23852398641608025,Medio
1962035,0.41333698880856684,Medio
1962036,0.20619884871627214,Medio
1962336,0.1763427219705507,Baixo
1958577,0.3070917229370741,Medio
1953355,0.1704329875493449,Baixo
1960850,0.5051044595091517,Alto
1952975,0.48971554083471835,Alto
1962346,0.11726495252732329,Baixo
1961700,0.16698032077807975,Baixo
1962339,0.2110039570099602,Medio
1962376,0.17069943333438548,Baixo
1958368,0.4157068689069191,Medio
1957020,0.26597754383526434,Medio
1955234,0.24742417091843458,Medio
1962375,0.011833935952090592,Baixo
1962310,0.4529888086791914,Alto
1960186,0.3424893453717709,Medio
1962372,0.3498170715852356,Medio
1958736,0.188839245147456,Baixo
1962355,0.26535978848144404,Medio
1962382,0.32140891316908676,Medio
1962383,0.2900800394181811,Medio
1954877,0.367843107531292,Medio
1962361,0.14941605502100233,Baixo
1962231,0.1466021002631217,Baixo
1955899,0.29882427544194856,Medio
1962182,0.05315191128727006,Baixo
1962136,0.19443793124889022,Baixo
1942169,0.14700910885766408,Baixo
1956814,0.21219255084796565,Medio
1958309,0.12591765889911977,Baixo
1960611,0.42495801136284256,Medio
1962186,0.11823272951848528,Baixo
1957656,0.17532169029719413,Baixo
1954632,0.033359831486134486,Baixo
1956548,0.12745304761442827,Baixo
1956979,0.3787890086586337,Medio
1955731,0.13473352441545453,Baixo
1960667,0.3655693842426377,Medio
1958364,0.297815820744589,Medio
1959348,0.27348071442878397,Medio
1957293,0.21013140336640218,Medio
1958765,0.5925254974803538,Alto
1962411,0.0693369114912038,Baixo
1953924,0.2759372730032705,Medio
1957016,0.3257273212004902,Medio
1962412,0.1805403801255388,Baixo
1962423,0.2412230755763482,Medio
1961580,0.1907172401113223,Baixo
1961379,0.36585077870735694,Medio
1961386,0.46268329779478967,Alto
1960418,0.21141540632371614,Medio
1962432,0.1368624585221384,Baixo
1962427,0.09090310267308131,Baixo
1956946,0.3921951274504233,Medio
1958345,0.19245439894247218,Baixo
1962441,0.5098696563162669,Alto
1958970,0.2746160593363967,Medio
1961968,0.2700380512838256,Medio
1962297,0.25430721358451625,Medio
1962327,0.43814819706403896,Medio
1962324,0.25104071145502616,Medio
1962476,0.4474412240860704,Medio
1962485,0.20949277594518417,Medio
1958240,0.3093125131106631,Medio
1962484,0.1999167290121327,Baixo
1962305,0.20098416651729797,Medio
1962127,0.2870240827927431,Medio
1962473,0.2649223170507985,Medio
1949189,0.13718740338647017,Baixo
1955914,0.5360976577138867,Alto
1956958,0.340026831072953,Medio
1958023,0.2581247425728139,Medio
1959331,0.31152785198985466,Medio
1953323,0.514787789234255,Alto
1962512,0.4423367451315296,Medio
1962451,0.5037360574466911,Alto
1962520,0.2308585039828504,Medio
1962394,0.29927644700532025,Medio
1962502,0.5895889738741905,Alto
1962527,0.12536239964142631,Baixo
1954992,0.35464077583861575,Medio
1962026,0.2791317327264691,Medio
1962421,0.2478828877051377,Medio
1961830,0.2682420541534807,Medio
1958196,0.5194714313395358,Alto
1962516,0.5021581461014318,Alto
1962481,0.6645961410959814,Alto
1962293,0.1405578314395532,Baixo
1962509,0.27824734732188844,Medio
1962546,0.30537500579829013,Medio
1962446,0.16909472288176683,Baixo
1959586,0.24435037430749124,Medio
1962559,0.13244072105116703,Baixo
1962563,0.1728044034700565,Baixo
1962564,0.22251223024270847,Medio
1961983,0.2649250417849468,Medio
1962435,0.5093129097883375,Alto
1962603,0.22155490381427573,Medio
1962581,0.261423106593689,Medio
1958697,0.4550348932795198,Alto
1962541,0.09389523104974619,Baixo
1959293,0.33185183759533493,Medio
1949985,0.22813236350189695,Medio
1943809,0.1757385450981693,Baixo
1962568,0.2573437230007435,Medio
1958053,0.23171462014127184,Medio
1961561,0.10205194704845398,Baixo
1957716,0.33159697231994645,Medio
1958944,0.2900171411842038,Medio
1957581,0.5514619203514952,Alto
1958524,0.2530456338159563,Medio
1961175,0.292863010272715,Medio
1962637,0.19056023834248842,Baixo
1961014,0.47411202884522974,Alto
1947543,0.21936618972795843,Medio
1958259,0.33286443805678434,Medio
1962636,0.5818727247355688,Alto
1962633,0.3076544402970789,Medio
1959767,0.4749173452647271,Alto
1962806,0.19421858088367783,Baixo
1962775,0.1890654999850187,Baixo
1962705,0.3416885220369961,Medio
1956237,0.3436687093418475,Medio
1957954,0.4588430434461565,Alto
1962500,0.218773469863101,Medio
1956531,0.15040917964044753,Baixo
1959491,0.3730440322249013,Medio
1962634,0.3900539730571543,Medio
1962810,0.39461483125933755,Medio
1962822,0.3481769937980894,Medio
1962796,0.22494150866644916,Medio
1962732,0.15926387482799728,Baixo
1960741,0.3940066605796046,Medio
1962639,0.45530131059368173,Alto
1956324,0.20361011273207283,Medio
1958915,0.19976520825246072,Baixo
1956126,0.4484517709846997,Medio
1962811,0.1654541984377672,Baixo
1960750,0.27446214880723185,Medio
1962754,0.3352348158666917,Medio
1954920,0.023130310550212432,Baixo
1962739,0.18373722141863152,Baixo
1962449,0.5711928209520932,Alto
1962687,0.30345782771096574,Medio
1962646,0.15019680697910842,Baixo
1962767,0.4233542705951391,Medio
1958561,0.3934481504575893,Medio
1962667,0.2030823104843029,Medio
1961201,0.3013219013308877,Medio
1961932,0.4636847801587178,Alto
1957786,0.5072922083881888,Alto
1959166,0.4909317197857512,Alto
1962330,0.41789849692482683,Medio
1961395,0.22393207876079507,Medio
1960573,0.12796258462110036,Baixo
1962864,0.4175264919575401,Medio
1961978,0.08664196505277592,Baixo
1962833,0.1557646370534623,Baixo
1958331,0.31829190851813954,Medio
1962615,0.13092215099632476,Baixo
1962780,0.24174311187373382,Medio
1958083,0.07105089087375473,Baixo
1960967,0.3383819767234532,Medio
1962592,0.23680854324084208,Medio
1962883,0.5553271178787739,Alto
1962621,0.28573971584721236,Medio
1958624,0.5016803564966741,Alto
1960912,0.3166740043788609,Medio
1959470,0.2373846973725507,Medio
1962455,0.48813771700768005,Alto
1962874,0.2688633474042629,Medio
1962817,0.17324024550116612,Baixo
1960311,0.1952343027971618,Baixo
1960495,0.07819622559134347,Baixo
1962053,0.2404429540815499,Medio
1960790,0.29289633956067035,Medio
1962931,0.5156883176054876,Alto
1962683,0.5630457606495224,Alto
1962845,0.4303895703677632,Medio
1962408,0.2811599500045553,Medio
1957535,0.37381315856725883,Medio
1958656,0.3788321877241263,Medio
1962871,0.5242335424662351,Alto
1962580,0.19122273024877964,Baixo
1956843,0.14402237572214047,Baixo
1962746,0.2572418021418234,Medio
1962958,0.2124212700276817,Medio
1962146,0.3489191719796521,Medio
1962893,0.46069978462544525,Alto
1959184,0.22185121877373698,Medio
1962990,0.238380853876837,Medio
1959889,0.4108215102234176,Medio
1957164,0.04256515960480766,Baixo
1960699,0.31782960726965204,Medio
1962805,0.08594072591731383,Baixo
1962948,0.5246423582674227,Alto
1962979,0.4318406580368413,Medio
1962962,0.5014665396731717,Alto
1954949,0.07300950991783897,Baixo
1962915,0.36119497957045993,Medio
1963005,0.3770300896834095,Medio
1958768,0.5010836011774608,Alto
1962880,0.4365212843041121,Medio
1962953,0.16564297189398317,Baixo
1962766,0.3078510244752744,Medio
1962867,0.5006906508637197,Alto
1962966,0.5106695679401834,Alto
1963000,0.2585433489542567,Medio
1956783,0.2302855457610174,Medio
1960906,0.2865678723530081,Medio
1958613,0.5051146582775491,Alto
1956358,0.563103726897339,Alto
1963014,0.2556227367297048,Medio
1962420,0.17545443684920256,Baixo
1963007,0.17421066209525957,Baixo
1963006,0.07666654804056228,Baixo
1962876,0.1727021115935994,Baixo
1963022,0.4301078052796565,Medio
1955920,0.23988517836535242,Medio
1959318,0.2699623400593579,Medio
1962968,0.1631399845209173,Baixo
1957833,0.510830307626637,Alto
1960681,0.4288577220542892,Medio
1962993,0.18523805494943568,Baixo
1962977,0.34330078340386316,Medio
1963052,0.10204062591922218,Baixo
1963041,0.29102618893879667,Medio
1962638,0.1487304721826511,Baixo
1962905,0.10335967521444596,Baixo
1962823,0.15137161560322832,Baixo
1960947,0.014660001775932815,Baixo
1963027,0.3392183252551645,Medio
1963058,0.058825144332179835,Baixo
1963066,0.16288815524715547,Baixo
1962938,0.6186814786177572,Alto
1962942,0.035258510089129884,Baixo
1962947,0.3165016558663517,Medio
1958968,0.4495620163835276,Medio
1962794,0.3811250514845776,Medio
1962641,0.21044801197231666,Medio
1962642,0.40942688236768165,Medio
1959730,0.5258831037367139,Alto
1962688,0.3335537745413644,Medio
1963004,0.3635235073133553,Medio
1960262,0.15228791860340074,Baixo
1962653,0.21214309167878448,Medio
1963096,0.17161226851582184,Baixo
1962803,0.19134967696332023,Baixo
1962743,0.5574891875085037,Alto
1963088,0.45778755634923607,Alto
1960398,0.1018741292615467,Baixo
1963113,0.18487797164006137,Baixo
1960958,0.5442099990770135,Alto
1963111,0.16949920034194754,Baixo
1961569,0.13924448732945327,Baixo
1962984,0.16976812703229358,Baixo
1959901,0.27481021645356474,Medio
1962576,0.2752675487279582,Medio
1963123,0.3450425725013262,Medio
1961536,0.3738882041990006,Medio
1963121,0.4091695188582119,Medio
1963050,0.306519308489119,Medio
1963125,0.23620871469081062,Medio
1963071,0.16531022318706243,Baixo
1956500,0.3030985217506066,Medio
1960164,0.32574756998797066,Medio
1962978,0.47791942173431057,Alto
1963054,0.14956842518639352,Baixo
1963019,0.11225809616298431,Baixo
1961546,0.06620938220234046,Baixo
1962991,0.3725376372420197,Medio
1963137,0.38677635521105463,Medio
1962976,0.13617841666341782,Baixo
1959891,0.5328872682604266,Alto
1963154,0.03136120873664688,Baixo
1963158,0.2569651298695192,Medio
1963155,0.06604056901903853,Baixo
1962786,0.17600724871283288,Baixo
1963128,0.27535541379054124,Medio
1963167,0.3791533091340536,Medio
1963168,0.3320507855478516,Medio
1963165,0.21451133448894447,Medio
1962816,0.3637392477458175,Medio
1956820,0.17083146456659112,Baixo
1958098,0.552810043818844,Alto
1953592,0.3255782611728276,Medio
1957923,0.4589130362674554,Alto
1959571,0.3445379749156262,Medio
1962402,0.21602366442507842,Medio
1960835,0.14249820896694812,Baixo
1957932,0.30230044457365046,Medio
1962650,0.1895464500348106,Baixo
1962666,0.09605213767602987,Baixo
1963094,0.3082503982457516,Medio
1963196,0.15101016659423336,Baixo
1962214,0.16157924076260544,Baixo
1958813,0.12735185743137764,Baixo
1962664,0.19662295543431255,Baixo
1955375,0.09988683491464094,Baixo
1958632,0.3277108526484853,Medio
1959467,0.4478000963331879,Medio
1339380,0.4825836070940683,Alto
1957798,0.22420632001615678,Medio
1963072,0.20133861087150554,Medio
1963180,0.26140967316770247,Medio
1963201,0.25383789267072376,Medio
1959659,0.10686665099867633,Baixo
1963160,0.21781631713386257,Medio
1963139,0.6679403828674434,Alto
1963143,0.32522290303135226,Medio
1963053,0.11400128680793432,Baixo
1963222,0.37031724724281995,Medio
1963193,0.1367354440196485,Baixo
1958128,0.5162419479174979,Alto
1963214,0.04976792984306161,Baixo
1958102,0.44902606858608585,Medio
1960997,0.26214150471387804,Medio
1959115,0.3822225945631776,Medio
1963191,0.5500540084401696,Alto
1958168,0.5464529194965123,Alto
1963197,0.2605393046843202,Medio
1963229,0.23495258013878484,Medio
1961756,0.4363084110744786,Medio
1961618,0.06227669927589161,Baixo
1963220,0.11893713862858121,Baixo
1963237,0.45580441361643864,Alto
1963271,0.3967455689067197,Medio
1958815,0.5144629570148564,Alto
1963277,0.1612312876759055,Baixo
1963282,0.06879557433144975,Baixo
1959296,0.2526786642435209,Medio
1963281,0.2676117591995339,Medio
1963255,0.09763494081864975,Baixo
1963274,0.1782891677267175,Baixo
1963192,0.3457395669009167,Medio
1963103,0.19398356263085997,Baixo
1963284,0.14820725734451104,Baixo
1963280,0.2792488052473932,Medio
1963288,0.08660705145171374,Baixo
1963272,0.1419550219563185,Baixo
1963306,0.05352569603661769,Baixo
1963287,0.13615662289618746,Baixo
1963286,0.0958196450412205,Baixo
1963244,0.1134731232564794,Baixo
1963304,0.09013679469530761,Baixo
1963292,0.041643933930027105,Baixo
1954673,0.19237094224281565,Baixo
1963311,0.11753480846787187,Baixo
1963307,0.1300818106681754,Baixo
1958636,0.2572900809986627,Medio
1963317,0.30071104566244067,Medio
1963297,0.11858971680211905,Baixo
1963315,0.08664508881002095,Baixo
1963322,0.15480074117983691,Baixo
1961409,0.548341590360777,Alto
1963312,0.1055067151990883,Baixo
1963296,0.10128793526745558,Baixo
1963140,0.25787452763765,Medio
1961589,0.5330618404461605,Alto
1963310,0.2653441111695742,Medio
1957276,0.33866197141303805,Medio
1962506,0.3784029610984645,Medio
1963235,0.1270607771459753,Baixo
1963249,0.32423241512583023,Medio
1963335,0.18964506651129784,Baixo
1963331,0.5377723582503622,Alto
1963318,0.41899255450289336,Medio
1960326,0.24971691169353716,Medio
1963323,0.41312675037732677,Medio
1962853,0.425256916041465,Medio
1963354,0.1360014112959056,Baixo
1963342,0.30688317880970334,Medio
1963367,0.3549023477398418,Medio
1963349,0.049621038238982514,Baixo
1963293,0.058257648100101256,Baixo
1963309,0.055498097435915696,Baixo
1963298,0.28954554751930084,Medio
1958984,0.18011132442047745,Baixo
1962015,0.1895540508912822,Baixo
1962619,0.14653781179126202,Baixo
1963230,0.2651773826959713,Medio
1963204,0.03955807878328857,Baixo
1955935,0.1292141185655106,Baixo
1962995,0.3120905157112597,Medio
1963130,0.26198002210582433,Medio
1960522,0.25553310890320813,Medio
1963245,0.6383634779703704,Alto
1963291,0.28471855588838096,Medio
1961162,0.2776032246490883,Medio
1963383,0.1639197827722836,Baixo
1962356,0.3932815536726906,Medio
1961421,0.46453401809101524,Alto
1963357,0.09921406522048157,Baixo
1962415,0.51956509810321,Alto
1963507,0.12306259307709316,Baixo
1963473,0.425682662027767,Medio
1963433,0.21339569729772365,Medio
1963316,0.1772487077414425,Baixo
1963481,0.4491798799534693,Medio
1956663,0.547744039448062,Alto
1963497,0.11471075443947316,Baixo
1962491,0.11536777460621817,Baixo
1963528,0.340201560797543,Medio
1960022,0.2790361739887071,Medio
1963533,0.35877026416895846,Medio
1957071,0.18030071321752938,Baixo
1961873,0.04625830330892522,Baixo
1962147,0.5436125437948733,Alto
1963532,0.20323284679392686,Medio
1960771,0.46239227129860694,Alto
1962973,0.31505762894396455,Medio
1956942,0.409185302624356,Medio
1963108,0.30851691380926066,Medio
1962477,0.056316122396844685,Baixo
1963557,0.3912723920448035,Medio
1957632,0.49484951845011854,Alto
1963585,0.6217648789138706,Alto
1960566,0.30040399620714564,Medio
1960175,0.35656479518434264,Medio
1963546,0.1706751321563083,Baixo
1963411,0.16940248933158394,Baixo
1957177,0.26828074391656326,Medio
1963618,0.15896507745155483,Baixo
1963604,0.13616473988260464,Baixo
1963627,0.43320951773269306,Medio
1962596,0.5392807786952589,Alto
1963418,0.5052049752962884,Alto
1963645,0.2204888306779532,Medio
1963650,0.016751136588101744,Baixo
1961866,0.28073827423771863,Medio
1963667,0.06763592860234319,Baixo
1958764,0.32053970395709,Medio
1779352,0.3657316024766516,Medio
1963676,0.4589627183012053,Alto
1952510,0.3793682556415699,Medio
1963714,0.23397440861832075,Medio
1960558,0.21983363380483723,Medio
1963261,0.054085479184854054,Baixo
1958924,0.40327226892807755,Medio
1963748,0.07301970625971829,Baixo
1963295,0.11751114411246315,Baixo
1963761,0.4727859611025733,Alto
1960484,0.22427766153123807,Medio
1957772,0.20041823630482727,Medio
1963768,0.3143579197275708,Medio
1963746,0.21125777171295262,Medio
1956852,0.31633580288886254,Medio
1962517,0.12781304747833266,Baixo
1956118,0.07328116179369258,Baixo
1963358,0.36635834265933576,Medio
1958519,0.1431497521676117,Baixo
1963812,0.14640123900223054,Baixo
1958242,0.18879136821151424,Baixo
1960011,0.39974301490834385,Medio
1960194,0.10693349718769972,Baixo
1961987,0.23332897882756654,Medio
1962970,0.33809808166766697,Medio
1963851,0.18874329011266466,Baixo
1955355,0.09466317483341324,Baixo
1963853,0.23122121011798932,Medio
1958214,0.18862167162460913,Baixo
1963355,0.21637413298032246,Medio
1963764,0.14455394925203138,Baixo
1958013,0.2293839511450616,Medio
1963847,0.13645516274503128,Baixo
1958933,0.16980901244857974,Baixo
1963844,0.07244949951137113,Baixo
1958337,0.18887861387258345,Baixo
1963359,0.2677482822276901,Medio
1952659,0.23604655708278832,Medio
1962457,0.19399791615903333,Baixo
1963892,0.3079694794484019,Medio
1963890,0.1648700764838778,Baixo
1963898,0.1577749152867729,Baixo
1958484,0.2113609249645744,Medio
1963900,0.23734728842264827,Medio
1961586,0.39801693421424544,Medio
1963886,0.2784575310667644,Medio
1963910,0.17027440708205724,Baixo
1963889,0.20605751400712244,Medio
1953877,0.3262895243338802,Medio
1963911,0.38004783216405014,Medio
1959404,0.5454970681222465,Alto
1963909,0.09022753907437028,Baixo
1963901,0.2344602807316484,Medio
1962302,0.15119760844992253,Baixo
1963931,0.16471465861472614,Baixo
1951623,0.22756558828139734,Medio
1963932,0.005186314613547259,Baixo
1963930,0.6692578554284301,Alto
1958139,0.35085426587896734,Medio
1959291,0.5438993708731488,Alto
1963279,0.2666839301568532,Medio
1960753,0.2675440080559295,Medio
1963941,0.3981003442446283,Medio
1963942,0.0900347416274631,Baixo
1958121,0.45047694745775335,Alto
1959787,0.10324302875584383,Baixo
1963824,0.34391114723118166,Medio
1963954,0.42398050019865946,Medio
1954259,0.20166384302960197,Medio
1963771,0.3491734825424444,Medio
1963959,0.11328677827546114,Baixo
1963373,0.4369409972327752,Medio
1959897,0.33114450956923375,Medio
1963982,0.27204556715520134,Medio
1963979,0.07897868291921985,Baixo
1962368,0.2442560964660501,Medio
1961086,0.33171061611245267,Medio
1957711,0.23243808675229402,Medio
1891010,0.28180788981174665,Medio
1963936,0.3342734571423281,Medio
1963990,0.5650177067599965,Alto
1963015,0.18572949328433136,Baixo
1956409,0.1206195927793909,Baixo
1957340,0.3098938478460255,Medio
1952721,0.3856959570907559,Medio
1964017,0.05488346037361218,Baixo
1958724,0.3662642240116338,Medio
1964001,0.24956694259993334,Medio
1962366,0.15851189141747554,Baixo
1934513,0.011881918133660484,Baixo
1960821,0.1485946211662687,Baixo
1954075,0.4380453179509127,Medio
1960603,0.1661564324893037,Baixo
1958135,0.06511196399581344,Baixo
1964015,0.26415077746714455,Medio
1964048,0.15761637858870567,Baixo
1964034,0.3862389958575469,Medio
1964036,0.4257976698527106,Medio
1964049,0.0764962307785072,Baixo
1958637,0.18849193597604053,Baixo
1964000,0.21191353061637488,Medio
1958779,0.40464269582495305,Medio
1964058,0.18716099173342277,Baixo
1964027,0.2669022396279307,Medio
1963372,0.19645646176615603,Baixo
1964063,0.08108147886194852,Baixo
1960430,0.32093075803855287,Medio
1964070,0.27042920600053977,Medio
1964065,0.4014735714725447,Medio
1962777,0.5217073578762675,Alto
1963194,0.20119031591690265,Medio
1959158,0.16913808985643933,Baixo
1964082,0.14345789110764098,Baixo
1964067,0.04988985750407101,Baixo
1963090,0.5123458754371432,Alto
1957568,0.17061066976704045,Baixo
1963273,0.13093936687880642,Baixo
1956904,0.14025403673978762,Baixo
1959992,0.32172006743766124,Medio
1935182,0.20749968547131922,Medio
1964090,0.02180366460880333,Baixo
1964083,0.3239322794495981,Medio
1947764,0.3165072231433029,Medio
1963133,0.16005790561369712,Baixo
1963891,0.18546546542913445,Baixo
1960980,0.16596836317167682,Baixo
1961656,0.0972547902102906,Baixo
1964140,0.4834347380653215,Alto
1960693,0.13529373721317675,Baixo
1946892,0.39950539789667483,Medio
1960893,0.1779324017068023,Baixo
1964138,0.16480688756666279,Baixo
1964136,0.14854562636365837,Baixo
1964146,0.107416156518541,Baixo
1964127,0.23649757530392274,Medio
1962558,0.14538592747110354,Baixo
1964143,0.06329647343502283,Baixo
1964152,0.1379529854834359,Baixo
1954415,0.5761220221366862,Alto
1964104,0.07134347019739544,Baixo
1964114,0.5272961493331701,Alto
1964123,0.1402344532185326,Baixo
1959225,0.36645286028443136,Medio
1963935,0.12462145151463547,Baixo
1964003,0.10469831906733848,Baixo
1957682,0.49080072638416794,Alto
1964149,0.09234275553186086,Baixo
1963394,0.2120563782581408,Medio
1937114,0.08658753137711614,Baixo
1964171,0.09276795007454194,Baixo
1958245,0.3438246165121974,Medio
1964147,0.04887100663247796,Baixo
1962861,0.20889100628071924,Medio
1964180,0.1621897564854159,Baixo
1953998,0.530253838115655,Alto
1964190,0.174455760863452,Baixo
1961549,0.1235890221785921,Baixo
1964197,0.14506477732888035,Baixo
1964184,0.13776111759077067,Baixo
1960009,0.3816441282181699,Medio
1964194,0.15514015368332992,Baixo
1964198,0.44170896154294714,Medio
1964196,0.11624023690809139,Baixo
1964201,0.27475325449169485,Medio
1964192,0.08739362516962047,Baixo
1964148,0.3582850373858815,Medio
1964213,0.42648130065995954,Medio
1961040,0.18486110986076135,Baixo
1964212,0.11550564523239734,Baixo
1961703,0.26170477178462864,Medio
1958945,0.2954366560792547,Medio
1964227,0.13618053810018615,Baixo
1961112,0.2648493461403795,Medio
1960669,0.28018998244006976,Medio
1964237,0.03477311646903196,Baixo
1961093,0.4010209064341742,Medio
1959086,0.4968411956233125,Alto
1955042,0.0600226358651906,Baixo
1964216,0.2972720282393153,Medio
1961489,0.30613936920079926,Medio
1964224,0.13226473461185534,Baixo
1947979,0.24333223568851237,Medio
1963159,0.3284052053075096,Medio
1939553,0.27483454865093176,Medio
1961732,0.22732096704585522,Medio
1954384,0.12769613686510378,Baixo
1962924,0.4872857066374003,Alto
1958878,0.6689170657349102,Alto
1959994,0.1480248745114806,Baixo
1958644,0.12823942925957837,Baixo
1954629,0.2261766173016179,Medio
1962844,0.14266704947758413,Baixo
1958895,0.39083452669878294,Medio
1961322,0.1968565194325325,Baixo
1943852,0.3762003994592601,Medio
1964222,0.09451525708531981,Baixo
1964252,0.40944870097688774,Medio
1964223,0.28801001998118375,Medio
1951709,0.10451020479158754,Baixo
1958691,0.10975854614828572,Baixo
1964047,0.11908386093652568,Baixo
1964266,0.11990479241144014,Baixo
1962217,0.20159194434056404,Medio
1964263,0.3677986248775514,Medio
1960543,0.40307517411744126,Medio
1964261,0.17657926959990908,Baixo
1961770,0.23589859762500318,Medio
1962504,0.44889613302871895,Medio
1964265,0.25259613696913036,Medio
1964269,0.11294593724670196,Baixo
1964267,0.3248604492488252,Medio
1964241,0.06059119422464422,Baixo
1958789,0.2333025132254517,Medio
1962840,0.5888650346658432,Alto
1964242,0.08363574090803114,Baixo
1961802,0.25651628031289314,Medio
1964279,0.15155252164496716,Baixo
1954696,0.3348785604804036,Medio
1959954,0.07236069959027405,Baixo
1964186,0.4790427940325114,Alto
1964308,0.16494092533074645,Baixo
1959664,0.11209199398145646,Baixo
1954738,0.4055367990284919,Medio
1964304,0.30956089125279407,Medio
1957247,0.05823553146025176,Baixo
1964225,0.23249395037401077,Medio
1950031,0.17417414525631555,Baixo
1964286,0.16802454675789757,Baixo
1957204,0.32043032160993973,Medio
1964309,0.41019106041085496,Medio
1962562,0.18030004431724314,Baixo
1964319,0.13445673896212995,Baixo
1958876,0.36389861243778143,Medio
1960722,0.08742148041983654,Baixo
1964335,0.4133929007242037,Medio
1964301,0.19848696021892853,Baixo
1964339,0.2815084892665143,Medio
1959018,0.2829334998081328,Medio
1964343,0.08568304292175605,Baixo
1959561,0.24377652910075598,Medio
1962203,0.11240893697279389,Baixo
1964345,0.26170223753647004,Medio
1958107,0.5094329093092563,Alto
1964355,0.2173125463848024,Medio
1956414,0.498090476111481,Alto
1879954,0.4143732918571119,Medio
1959088,0.5089106827707233,Alto
1961411,0.5054678866613233,Alto
1957831,0.2298588102346162,Medio
1964191,0.19129873638119316,Baixo
1962391,0.37600901678003906,Medio
1963980,0.1852848135742867,Baixo
1964370,0.21834755307636625,Medio
1634306,0.1557846704459159,Baixo
1964390,0.09143666474612291,Baixo
1950337,0.2565807204194793,Medio
1964398,0.29412347968390445,Medio
1955545,0.2752022228528411,Medio
1964393,0.10481634036389063,Baixo
1964356,0.13840400132721167,Baixo
1964406,0.32598569121172066,Medio
1952457,0.13929626688170635,Baixo
1964401,0.25986899014430304,Medio
1958740,0.16161097682372266,Baixo
1958548,0.338771580114974,Medio
1960127,0.058037862866753887,Baixo
1958110,0.23245603197652218,Medio
1964185,0.22613471167142027,Medio
1961862,0.2981113845501239,Medio
1964394,0.21547930777002014,Medio
1964272,0.16859178016643037,Baixo
1959307,0.42007358638474074,Medio
1964293,0.1814333552949908,Baixo
1964397,0.41247626181152014,Medio
1954628,0.2681496232890986,Medio
1964416,0.27826875483506225,Medio
1964415,0.12519326194136696,Baixo
1964106,0.4748796130681719,Alto
1963142,0.2605297592825471,Medio
1961064,0.5528323983564264,Alto
1960928,0.08728580640758622,Baixo
1964427,0.16152974402038225,Baixo
1964270,0.33133966650360963,Medio
1953357,0.24769077234098927,Medio
1952616,0.1870320673654731,Baixo
1964199,0.15786967542746697,Baixo
1964423,0.10002630651085695,Baixo
1964436,0.29208323646179674,Medio
1964425,0.4355836930199738,Medio
1964429,0.38327229349887953,Medio
1964409,0.31285433050052625,Medio
1964336,0.15325447358881583,Baixo
1959977,0.16088241187995628,Baixo
1964456,0.472018286513697,Alto
1964440,0.24431181717692113,Medio
1964452,0.2906651990382378,Medio
1964428,0.2636286700875111,Medio
1964446,0.290078371182989,Medio
1964437,0.5612547038698114,Alto
1958646,0.19229099119782844,Baixo
1964445,0.35924941588830916,Medio
1719870,0.14723066292665685,Baixo
1960994,0.17402740390513,Baixo
1964463,0.09056417401170949,Baixo
1956432,0.4173050972700359,Medio
1964404,0.13253009103926675,Baixo
1964276,0.19403686852899465,Baixo
1961879,0.32898371490658107,Medio
1961908,0.2974103448659385,Medio
1960108,0.2608605004517899,Medio
1955984,0.5464606439400002,Alto
1964471,0.4480348995748772,Medio
1964469,0.22357251566731062,Medio
1964480,0.4774520726909084,Alto
1960935,0.21552136392244742,Medio
1964487,0.4348367828213943,Medio
1964489,0.2679511746544741,Medio
1964493,0.1584624335004806,Baixo
1956870,0.39656454075144537,Medio
1962154,0.389456984843793,Medio
1964503,0.00951316015633193,Baixo
1964483,0.11418558531778063,Baixo
1964519,0.28761884912515584,Medio
1962498,0.2298751472630597,Medio
1957607,0.42160422084507687,Medio
1961471,0.21862016833306766,Medio
1962262,0.43944217065704,Medio
1964521,0.269832702323434,Medio
1964526,0.546522489056374,Alto
1962703,0.2451444229904246,Medio
1964542,0.33282327404947065,Medio
1959510,0.20738082556227158,Medio
1958849,0.2690749952547451,Medio
1734451,0.21569641877361706,Medio
1964499,0.16266422321880872,Baixo
1964546,0.10216660655645776,Baixo
1964548,0.2660201718564034,Medio
1964075,0.23373104241574122,Medio
1964168,0.16860943134003956,Baixo
1964274,0.04433811116811767,Baixo
1964432,0.2774412123583651,Medio
1960123,0.5228126945167594,Alto
1964541,0.22531345722937313,Medio
1964567,0.13227173075844725,Baixo
1957073,0.7098067182293794,Critico
1961975,0.26053237802158863,Medio
1964170,0.2441361311673781,Medio
1964439,0.14647630493444044,Baixo
1964382,0.26581918544702987,Medio
1958615,0.21013222706471513,Medio
1964589,0.17644990423949955,Baixo
1964529,0.4857025397590787,Alto
1964358,0.20306867414326363,Medio
1964586,0.2585227528406878,Medio
1948992,0.5977686898850991,Alto
1964566,0.1894017680198105,Baixo
1964594,0.1435092968435528,Baixo
1964538,0.6191755848410518,Alto
1964525,0.3091625482969082,Medio
1963922,0.06533823590793462,Baixo
1959344,0.23629011728765043,Medio
1960049,0.14415020079022162,Baixo
1959466,0.4737127586087536,Alto
1964609,0.017084319238844924,Baixo
1959706,0.1698051038619996,Baixo
1958966,0.2525167102534037,Medio
1962135,0.22179998321212036,Medio
1964512,0.11663357821203857,Baixo
1961345,0.20114294048809786,Medio
1958951,0.29447685569112675,Medio
1960829,0.15125975066535938,Baixo
1964448,0.2519504840753755,Medio
1964031,0.33359007486168496,Medio
1964347,0.24994309518911884,Medio
1960802,0.3000567238927734,Medio
1964497,0.1391704054539194,Baixo
1964385,0.07433102290361128,Baixo
1962779,0.1277552564266423,Baixo
1958939,0.01626356660718721,Baixo
1952558,0.2094882166413656,Medio
1964616,0.19424082373130364,Baixo
1964175,0.3887118894667744,Medio
1958025,0.46772670883220985,Alto
1964606,0.25160107910211227,Medio
1962076,0.1798479686193141,Baixo
1962309,0.25679796690652706,Medio
1962917,0.4354209371936183,Medio
1963382,0.4476165899375505,Medio
1959875,0.2882786879021633,Medio
1958275,0.3346774219536398,Medio
1959541,0.3713664776390337,Medio
1964490,0.15878793161521748,Baixo
1962494,0.0973545261885326,Baixo
1964612,0.18943454440274335,Baixo
1957743,0.4738230752016723,Alto
1964421,0.3754187982200869,Medio
1964290,0.3178942286291024,Medio
1964588,0.19260296689111933,Baixo
1964623,0.10613441218125626,Baixo
1964617,0.4062790669777875,Medio
1961833,0.47942775474285987,Alto
1964615,0.41598315159802807,Medio
1964639,0.07457138318022587,Baixo
1964644,0.08498257315593849,Baixo
1961031,0.19801981633918359,Baixo
1964637,0.33119000153604866,Medio
1964648,0.17954575649913332,Baixo
1962017,0.05882442395281695,Baixo
1960486,0.28621825601489903,Medio
1964535,0.2623619558784261,Medio
1939933,0.10121845378401396,Baixo
1955318,0.22668589611534135,Medio
1964661,0.46773733319583305,Alto
1962239,0.2686187158284182,Medio
1964659,0.1463247738025585,Baixo
1964662,0.08957422304080738,Baixo
1964647,0.005121376671260487,Baixo
1964665,0.1770450566008062,Baixo
1964672,0.46751950497609096,Alto
1962983,0.43023260060099827,Medio
1958363,0.3204326586718245,Medio
1964686,0.4224051408178688,Medio
1964674,0.14573896154739094,Baixo
1964683,0.2309370651476415,Medio
1964676,0.21981583676632124,Medio
1964664,0.10427342520749924,Baixo
1957312,0.3215778418667971,Medio
1964691,0.5258452060105706,Alto
1964689,0.3832076246145851,Medio
1958507,0.5202110247960368,Alto
1964692,0.4084947707611302,Medio
1135442,0.433477777395098,Medio
1964563,0.15004556247969938,Baixo
1958108,0.2060070119002811,Medio
1959602,0.09414031463526241,Baixo
1964701,0.19896592039972555,Baixo
1964694,0.2794657536655673,Medio
1961896,0.21638848717431516,Medio
1964531,0.2915384741989599,Medio
1958006,0.3523129592462099,Medio
1958628,0.3053569232250575,Medio
1964518,0.015579350813291466,Baixo
1958263,0.013974540489267571,Baixo
1961644,0.4205597423907478,Medio
1964681,0.28709333234408924,Medio
1963781,0.5214924380848123,Alto
1964707,0.3084883989971814,Medio
1955950,0.35653672204292264,Medio
1964713,0.13589068237769103,Baixo
1964250,0.2948603031883227,Medio
1964704,0.2104848988027324,Medio
1962508,0.3912140421141159,Medio
1964717,0.09362636482381605,Baixo
1964720,0.1237469508501852,Baixo
1956488,0.09640224382806213,Baixo
1963264,0.08584523203937848,Baixo
1958867,0.27015175428011134,Medio
1954598,0.5769053300658536,Alto
1964716,0.08663130059876474,Baixo
1964583,0.3400616162054239,Medio
1964729,0.06953197153200752,Baixo
1964718,0.28117102184124665,Medio
1964614,0.42208275186904143,Medio
1964737,0.1641373306029404,Baixo
1964725,0.3067286516016638,Medio
1962802,0.5204791428312804,Alto
1959873,0.24000267570621459,Medio
1964727,0.2013030262984179,Medio
1964091,0.11912397948770177,Baixo
1964745,0.24411945873953111,Medio
1964734,0.05733529938257976,Baixo
1963363,0.4335155240555303,Medio
1964447,0.3055302668670795,Medio
1961266,0.17431039466945697,Baixo
1964744,0.11261956830246467,Baixo
1960214,0.1746202788890227,Baixo
1964743,0.08756501042274072,Baixo
1959844,0.2866899378116367,Medio
1964029,0.22907308946747357,Medio
1964752,0.18916908377282,Baixo
1957346,0.3364841294612457,Medio
1964627,0.26973295056690677,Medio
1963203,0.36054050240329216,Medio
1953601,0.48470665395769164,Alto
1955907,0.16366794109259747,Baixo
1964755,0.10951859114697729,Baixo
1960531,0.29844463642903246,Medio
1949077,0.11127472361345499,Baixo
1959425,0.45586406929026896,Alto
1962908,0.31385443430137977,Medio
1957843,0.11457858616079979,Baixo
1960325,0.3819305811889839,Medio
1964587,0.21859042626655217,Medio
1963337,0.02553426276580392,Baixo
1964673,0.3873889365417826,Medio
1961791,0.42807777561961186,Medio
1964645,0.23581617969540805,Medio
1964652,0.42704881426137303,Medio
1958612,0.31041867542063917,Medio
1964763,0.4186168981328888,Medio
1964723,0.12894057986527127,Baixo
1964773,0.05129282168528086,Baixo
1959904,0.15796035072546383,Baixo
1964565,0.29432291161977536,Medio
1964764,0.1764477089830789,Baixo
1964761,0.2679147494141164,Medio
1956479,0.06552969531148646,Baixo
1964775,0.3696634135214577,Medio
1964776,0.35863877241597913,Medio
1960275,0.25323455138542245,Medio
1959208,0.15674390906991975,Baixo
1964751,0.3040592470604886,Medio
1964766,0.2224880529518722,Medio
1962440,0.3620639501386481,Medio
1964376,0.19416791840773512,Baixo
1964783,0.1914617167707094,Baixo
1961030,0.46518538125700815,Alto
1845331,0.42012073664728633,Medio
1964797,0.1420261279082784,Baixo
1829711,0.19013478164769249,Baixo
1964793,0.29248743082781614,Medio
1956940,0.1353818799418152,Baixo
1964084,0.16831136463750218,Baixo
1962507,0.12281347064961225,Baixo
1964684,0.5293346433061239,Alto
1961951,0.144179351393045,Baixo
1963188,0.17596696693581934,Baixo
1957878,0.4974484077022225,Alto
1958566,0.3043748056228794,Medio
1962800,0.25986925837712443,Medio
1958386,0.48757821091247505,Alto
1958030,0.2959231362266039,Medio
1964654,0.18694946739074503,Baixo
1964117,0.12212733690478832,Baixo
1964794,0.3407677715701325,Medio
1964802,0.311570459387615,Medio
1963177,0.29773287349724054,Medio
1962283,0.1963028107901055,Baixo
1959183,0.25186133180631837,Medio
1962495,0.2467023950876533,Medio
1950975,0.30846559241037114,Medio
1964819,0.46974242386910675,Alto
1964833,0.17470857164377826,Baixo
1964837,0.10234991692731986,Baixo
1956609,0.11078595844342022,Baixo
1964790,0.6527513276618,Alto
1958778,0.3479753163581708,Medio
1964101,0.21740694788493276,Medio
1955435,0.16729241885282112,Baixo
1964855,0.3151610971199356,Medio
1964831,0.41257322808115493,Medio
1957792,0.24255782654598024,Medio
1964454,0.12331306029365781,Baixo
1964859,0.2854375755337314,Medio
981636,0.20974451368879354,Medio
1964853,0.09537654291003721,Baixo
1964803,0.19747357744893745,Baixo
1962533,0.2688056334474492,Medio
1962277,0.7233120336832702,Critico
1960437,0.09537765850149506,Baixo
1964877,0.21802462305325684,Medio
1963466,0.146021208321119,Baixo
1956487,0.15520877250027748,Baixo
1964875,0.06315189526979942,Baixo
1961572,0.43896710794489924,Medio
1964874,0.45498278594922165,Alto
1964827,0.2210520024464779,Medio
1964879,0.3024420822406312,Medio
1964886,0.12929547711250686,Baixo
1964890,0.5494766983654445,Alto
1964858,0.37451295012502195,Medio
1964746,0.065243233066202,Baixo
1959179,0.24275773084843044,Medio
1964820,0.27182157512315486,Medio
1957802,0.1952443141011656,Baixo
1960145,0.3728140120154141,Medio
1961442,0.16618236564508712,Baixo
1964844,0.14784922198094586,Baixo
1963469,0.22727626184364175,Medio
1964883,0.07823230741980892,Baixo
1906969,0.5047417763311003,Alto
1955329,0.21112142191986152,Medio
1964889,0.014777427612432571,Baixo
1959976,0.24641749047952383,Medio
1438921,0.07338107735752544,Baixo
1953435,0.04047555046062887,Baixo
1964903,0.2121578072290849,Medio
1964798,0.06705578302053983,Baixo
1959995,0.3269732165211448,Medio
1964888,0.23526667553881986,Medio
1955879,0.39916275404260426,Medio
1964782,0.3038655823505381,Medio
1962342,0.2573200756232915,Medio
1960978,0.15248955345620838,Baixo
1964919,0.11386059238330222,Baixo
1961959,0.16309420654960388,Baixo
1964907,0.07271436612402651,Baixo
1964894,0.5505115876933024,Alto
1963997,0.1402793024214884,Baixo
1954710,0.08037995649882916,Baixo
1962787,0.07547339473614706,Baixo
1962701,0.24138577362710595,Medio
1964930,0.1870509505628918,Baixo
1964935,0.14318358848179677,Baixo
1964928,0.39301457841640003,Medio
1959886,0.3723034401610808,Medio
1962095,0.42846738354454944,Medio
1964867,0.013938558824117068,Baixo
1959292,0.1457124149040437,Baixo
1960475,0.17880579488049916,Baixo
1964849,0.3043742713249516,Medio
1957532,0.5043273874764821,Alto
1962761,0.33199837311249636,Medio
1964441,0.2130485306900321,Medio
1963012,0.20858424394878858,Medio
1960166,0.2907345634257787,Medio
1963540,0.19648158748146857,Baixo
1964396,0.2924405355176785,Medio
1960021,0.46337925349328607,Alto
1296651,0.22725186029934608,Medio
1964943,0.1657066412271548,Baixo
1964834,0.2739189975486795,Medio
1962043,0.47375903751204845,Alto
1964941,0.046151773369986486,Baixo
1961079,0.3696046399505233,Medio
1951730,0.4121608712486322,Medio
1956471,0.5101773223211736,Alto
1964947,0.12550034389880332,Baixo
1955947,0.2500741927038682,Medio
1964948,0.4626996328734375,Alto
1964950,0.21644899563277356,Medio
1957436,0.4384946795787705,Medio
1964961,0.13394367131464677,Baixo
1964966,0.15928895244105085,Baixo
1964804,0.30844313377022203,Medio
1964968,0.10050473004720027,Baixo
1964942,0.17000370883191496,Baixo
1964976,0.20576454727385632,Medio
1962359,0.1755675545724103,Baixo
1964828,0.3411548172560398,Medio
1964892,0.11141252417586,Baixo
1964077,0.1972930754769423,Baixo
1962776,0.2082914238193921,Medio
1964924,0.3027063425476024,Medio
1953984,0.3740675083894524,Medio
1957047,0.26814622501026225,Medio
1964983,0.376489803546817,Medio
1964778,0.28111729247960915,Medio
1964333,0.17600596837309848,Baixo
1951604,0.21305717099599414,Medio
1964997,0.12360623703795118,Baixo
1964993,0.5412657094873174,Alto
1965010,0.12740843619068615,Baixo
1957183,0.08487950931853305,Baixo
1794347,0.4582373976506991,Alto
1963539,0.2471097030803052,Medio
1964952,0.17241851906813369,Baixo
1961037,0.5826809164504053,Alto
1965022,0.1902311379803269,Baixo
1965003,0.15306166119287135,Baixo
1961342,0.502368850694277,Alto
1959666,0.44529440642828144,Medio
1965028,0.6250484000372825,Alto
1956215,0.19370659423374267,Baixo
1954438,0.3020575408284921,Medio
1965029,0.3041591062297173,Medio
1965032,0.3690785596304396,Medio
1965034,0.25108140788833977,Medio
1956823,0.27500886539925756,Medio
1955942,0.2712848170992781,Medio
1965038,0.10020013241778018,Baixo
1957392,0.08215789194498051,Baixo
1965043,0.14565939899197308,Baixo
1954265,0.06354750231689898,Baixo
1954444,0.4168381189650898,Medio
1955909,0.6188345203309493,Alto
1962700,0.3764021239098914,Medio
1965059,0.2590622690575402,Medio
1964603,0.5539726114948917,Alto
1964624,0.2539768777564485,Medio
1959324,0.2481444022354945,Medio
1950889,0.12365610807173374,Baixo
1965009,0.220459756947422,Medio
1964872,0.11980593496913783,Baixo
1964134,0.17681918341331287,Baixo
1964505,0.38104884145476997,Medio
1965075,0.03699663132637458,Baixo
1965083,0.19145243874899684,Baixo
1965087,0.29840382190589687,Medio
1965095,0.10992941034571534,Baixo
1965088,0.156985422991104,Baixo
1965110,0.5503352091477013,Alto
1965117,0.106020220761025,Baixo
1955431,0.3579714824934083,Medio
1965118,0.22527188108759028,Medio
1965122,0.1401612928900781,Baixo
1965121,0.2834365200323091,Medio
1965125,0.06715992250786579,Baixo
1964371,0.33798406574822126,Medio
1964549,0.4662868269148929,Alto
1964862,0.10633351682345847,Baixo
1958376,0.4275182795577512,Medio
1965139,0.2216598508536093,Medio
1965143,0.13646624446679256,Baixo
1965153,0.20567671810423385,Medio
1965161,0.23904324043120143,Medio
1965158,0.41920214532914224,Medio
1965006,0.1647403849870923,Baixo
1965167,0.40775445147835565,Medio
1962337,0.1429749117249464,Baixo
1951701,0.07027588318729942,Baixo
1951291,0.526646995183483,Alto
1965115,0.07636671264722975,Baixo
1959016,0.2532140987058949,Medio
1955658,0.22975046690778503,Medio
1965182,0.3330384516060123,Medio
1965176,0.20481354646948122,Medio
1956208,0.3147767863316374,Medio
1965190,0.24100474896510907,Medio
1965170,0.18495818624171892,Baixo
1962006,0.08494725757561541,Baixo
1965203,0.28970563733964677,Medio
1959653,0.354420626673736,Medio
1965207,0.06108615042981795,Baixo
1946110,0.17701346829384457,Baixo
1965066,0.27996078567074784,Medio
1965208,0.25696003836678394,Medio
1965178,0.21177598309560483,Medio
1962274,0.3772431362759278,Medio
1431724,0.22270881223319952,Medio
1965197,0.3098268300938373,Medio
1965215,0.08738779834039419,Baixo
1965218,0.18847336548872348,Baixo
1959741,0.26588740662368093,Medio
1965227,0.41317951741075604,Medio
1965241,0.20732613395333796,Medio
1965240,0.1108870439798864,Baixo
1965258,0.31095264078338286,Medio
1959751,0.501639353575365,Alto
1965245,0.1498607843704764,Baixo
1935549,0.01786586381732797,Baixo
1965260,0.09849232608611835,Baixo
1965249,0.05636813977077104,Baixo
1896162,0.460342737715717,Alto
1964234,0.11922082595829449,Baixo
1043657,0.13753729162355657,Baixo
1965274,0.08407934580817387,Baixo
1965265,0.12682477588628227,Baixo
1965236,0.4023388383948681,Medio
1963782,0.09900694814788093,Baixo
1965270,0.16629737516324375,Baixo
1955445,0.22933658735315593,Medio
1965142,0.10774972106353069,Baixo
1962686,0.19450811481988842,Baixo
1965287,0.4178159235318064,Medio
1963352,0.23749650572775008,Medio
1965018,0.11896084034798064,Baixo
1965264,0.14672195193504028,Baixo
1951382,0.349855081522356,Medio
1965269,0.3103674762433074,Medio
1958505,0.51357318782693,Alto
1965300,0.15284963633832457,Baixo
1585660,0.2524678023054244,Medio
1965242,0.3174836043124333,Medio
1965301,0.43725016815314993,Medio
1965285,0.1939086306734986,Baixo
1965311,0.24085297131268743,Medio
1816924,0.07253905196988146,Baixo
1965299,0.45155036691379524,Alto
1965309,0.30270301647483727,Medio
1965266,0.42857182951214784,Medio
1965282,0.16449555206408278,Baixo
1965308,0.06545980299051934,Baixo
1954617,0.4480075292508957,Medio
1959019,0.3665375260013661,Medio
1705127,0.42282853626077216,Medio
1965254,0.3283325435271181,Medio
1965321,0.1367644746915124,Baixo
1964162,0.2792752451144305,Medio
1965328,0.3345106691657419,Medio
1965355,0.570683430593852,Alto
1965317,0.08628886187796693,Baixo
1965263,0.13042141351076986,Baixo
1965338,0.3245877221328368,Medio
1965359,0.35064489784964314,Medio
1965342,0.3245461937618385,Medio
1965351,0.5327337860364703,Alto
1965384,0.16577479723041555,Baixo
1953609,0.3926213476797471,Medio
1965396,0.03605108435768559,Baixo
1965370,0.2869449502262767,Medio
1965380,0.3313593132110123,Medio
1965405,0.05622998343394272,Baixo
1965367,0.22650912392812786,Medio
1965408,0.170027536429304,Baixo
1965407,0.09915396809734504,Baixo
1965243,0.19890583917939725,Baixo
1965382,0.3638352358208158,Medio
1965375,0.015887751469008986,Baixo
1946451,0.2628636410597543,Medio
1965124,0.23502262124777026,Medio
1965423,0.1431137092519132,Baixo
1965348,0.3384508194256636,Medio
1965426,0.08797674011226118,Baixo
1961929,0.20828794699382802,Medio
1965422,0.4543862924022953,Alto
1965414,0.11221327931878353,Baixo
1965303,0.12500625505865828,Baixo
1965257,0.3900787075404332,Medio
1965443,0.5357262226249296,Alto
1965206,0.24092834726648263,Medio
1965406,0.1130302200892854,Baixo
1964088,0.07941823205165702,Baixo
1965458,0.05024607326231822,Baixo
1965460,0.023283056562369734,Baixo
1954858,0.13551154809107646,Baixo
1965455,0.06390620894466376,Baixo
1965471,0.1397612107818714,Baixo
1965465,0.45996314369879376,Alto
1965456,0.09022837535786993,Baixo
1965473,0.41741284492517017,Medio
1965196,0.2661673548101103,Medio
1965478,0.2802669390830996,Medio
1963034,0.3524629734556602,Medio
1965477,0.22004417330686712,Medio
1952695,0.15966737656559382,Baixo
1965436,0.4637330505666652,Alto
1965486,0.5029545509369852,Alto
1965500,0.4465666695179891,Medio
1965481,0.045707963737324234,Baixo
1965462,0.11812267681135886,Baixo
1965509,0.506522766084388,Alto
1957159,0.29961334487830266,Medio
1965513,0.34236440355389436,Medio
1936399,0.4414646834005671,Medio
1955957,0.13378360832532404,Baixo
1964582,0.3892364859326185,Medio
1965545,0.04361240081905838,Baixo
1965569,0.4077068489511957,Medio
1965576,0.16724705963264394,Baixo
1965538,0.2682390113142054,Medio
1965554,0.2547365072754585,Medio
1965568,0.5630313127654657,Alto
1965532,0.08902222455284076,Baixo
1965579,0.11377149839693697,Baixo
1965573,0.19674000042017517,Baixo
1965530,0.14726861914917683,Baixo
1965490,0.3260562606139148,Medio
1965541,0.29452641032835686,Medio
1965611,0.06718133916433648,Baixo
1965557,0.07713977607589398,Baixo
1965549,0.051119834404471855,Baixo
1965553,0.4315207369666172,Medio
1965631,0.018849034860453397,Baixo
1965454,0.5700093596856726,Alto
1965641,0.1463830301656419,Baixo
1945085,0.45842816572008527,Alto
1965643,0.38406769987083894,Medio
1965577,0.4262432489165444,Medio
1965639,0.24316122473484003,Medio
1953447,0.2535125326179485,Medio
1965493,0.05690263482344714,Baixo
1965652,0.15773869984594235,Baixo
1965613,0.13354541143837845,Baixo
1964173,0.25141515157238764,Medio
1965001,0.1605032659622293,Baixo
1965604,0.11617209686483967,Baixo
1965655,0.10841559280365923,Baixo
1954956,0.2835376751853349,Medio
1962226,0.4718635147279222,Alto
1965659,0.2780437003801089,Medio
1965669,0.26286036130278545,Medio
1965512,0.41175496277721324,Medio
1964361,0.17405738113371555,Baixo
1965676,0.039218509770106866,Baixo
1965666,0.6429726287595159,Alto
1965682,0.2418105816114465,Medio
1965686,0.3176125415848087,Medio
1959142,0.22279130212296436,Medio
1965625,0.13608077844919797,Baixo
1965683,0.12043750390725907,Baixo
1965699,0.0707080428960879,Baixo
1965698,0.289328233355498,Medio
1965700,0.05139688818552814,Baixo
1965684,0.2706655239414845,Medio
1965585,0.11451891258924325,Baixo
1965717,0.21342105751396878,Medio
1965632,0.21423219567480958,Medio
1962384,0.4135341424113136,Medio
1960122,0.2506030117642535,Medio
1965719,0.15389344123037182,Baixo
1965714,0.10258005948367847,Baixo
1965061,0.04086713087995815,Baixo
1964949,0.16826961844895755,Baixo
1965713,0.08390401061922644,Baixo
1963971,0.29821100291867086,Medio
1965727,0.19126801938963695,Baixo
1965605,0.23467392326137387,Medio
1959140,0.34553789256453404,Medio
1965695,0.020837929137853817,Baixo
1965732,0.30567193704492307,Medio
1965739,0.4002166877509817,Medio
1965548,0.0759001665485767,Baixo
1965751,0.14112554442445888,Baixo
1965747,0.0373483480466808,Baixo
1965634,0.2211517062755809,Medio
1965756,0.25148809780962195,Medio
1965750,0.4528350513568189,Alto
1965752,0.4960240719077287,Alto
1965761,0.08165679671025322,Baixo
1964561,0.415140873050027,Medio
1965758,0.39020890666549213,Medio
1964868,0.2258853201227078,Medio
1965645,0.1052549471188451,Baixo
1965770,0.11622029338168982,Baixo
1965654,0.2725637074642504,Medio
1965782,0.2090884890277041,Medio
1965746,0.15327184123424825,Baixo
1965411,0.6661859869491221,Alto
1959619,0.05269773639533169,Baixo
1965775,0.1976985317051774,Baixo
1965809,0.10151547124908859,Baixo
1964282,0.5028669155395609,Alto
1965818,0.16039552744469662,Baixo
1965822,0.19057235372573622,Baixo
1965825,0.3830018034320163,Medio
1965785,0.21629868681844916,Medio
1965829,0.23481018458390185,Medio
1965837,0.14794881920036235,Baixo
1965836,0.29086085933952516,Medio
1965219,0.10614102603064814,Baixo
1965845,0.0394018422295233,Baixo
1965662,0.06619809624330687,Baixo
1965808,0.14102551521489995,Baixo
1965849,0.1394548398970947,Baixo
1965864,0.1468808418249589,Baixo
1965783,0.13922939743306062,Baixo
1965860,0.1971388009927674,Baixo
1965852,0.09531934882464652,Baixo
1965863,0.035512968561024635,Baixo
1955911,0.6317901470994092,Alto
1965843,0.15904060524692096,Baixo
1965846,0.2060298385378153,Medio
1965731,0.10080221058954879,Baixo
1965862,0.13305480053867155,Baixo
1965880,0.21728636453324104,Medio
1965857,0.12506249882700923,Baixo
1965870,0.3175745647938359,Medio
1965888,0.05973667459000248,Baixo
1965868,0.051687784960893546,Baixo
1965874,0.16707057857820742,Baixo
1960805,0.3788989777683993,Medio
1965887,0.1275851025288718,Baixo
1965707,0.2107129841648997,Medio
1965769,0.21262179625450792,Medio
1965895,0.1916124656394474,Baixo
1965889,0.008964501720466594,Baixo
1965897,0.07337748772741513,Baixo
1965896,0.1005923655602521,Baixo
1965898,0.22147624686908102,Medio
1965885,0.1168086870788613,Baixo
1965905,0.24300327900282917,Medio
1965910,0.20309982647101132,Medio
1965902,0.16006033069711653,Baixo
1965433,0.3408402293917729,Medio
1965609,0.3752391985168965,Medio
1965789,0.12642323766300453,Baixo
1965923,0.11189674279834474,Baixo
1965929,0.5943022846509374,Alto
1965273,0.09002483832372647,Baixo
1965931,0.13573330967008607,Baixo
1963766,0.1364220955326874,Baixo
1965938,0.1977179653297352,Baixo
1965928,0.40917519455509105,Medio
1965917,0.0755415105030677,Baixo
1964527,0.06474781285676738,Baixo
862224,0.39843598562731386,Medio
1965947,0.31281388578957203,Medio
1965958,0.37223944960787303,Medio
1965955,0.3966922224978067,Medio
1962556,0.009209909673713879,Baixo
1965959,0.19667823170378607,Baixo
1965964,0.14608299861263974,Baixo
1965935,0.18507421197215665,Baixo
1965957,0.22127872645946733,Medio
1965971,0.311937106619039,Medio
1965921,0.19423431478947822,Baixo
1965973,0.16642886927685022,Baixo
1958504,0.22949339922724404,Medio
1965974,0.15732423286109246,Baixo
1965637,0.05577607539846619,Baixo
1965981,0.5102146325524066,Alto
1965970,0.20519043067644155,Medio
1965583,0.24741645180316044,Medio
1965944,0.20674930377913014,Medio
1965967,0.34569542118147567,Medio
1965988,0.17834495954017882,Baixo
1965903,0.1732740515085491,Baixo
1965989,0.41731081284707444,Medio
1965994,0.23418951753062187,Medio
1963590,0.30829398883773784,Medio
1965992,0.19796719314255623,Baixo
1965995,0.3135904440843654,Medio
1965431,0.4767933326246243,Alto
1964731,0.5234029145898076,Alto
1966007,0.1565921360529058,Baixo
1966010,0.26854928388505817,Medio
1965987,0.37726407668112577,Medio
1954791,0.14369898774340864,Baixo
1966009,0.270633721039003,Medio
1966019,0.22228581203471282,Medio
1966017,0.028154966629820987,Baixo
1966021,0.15769114957003966,Baixo
1966025,0.21745067945672336,Medio
1965832,0.06298423759781202,Baixo
1952925,0.30168325552190856,Medio
1966023,0.291977388240624,Medio
1966029,0.016198339674921968,Baixo
1966036,0.10664346439685968,Baixo
1966005,0.4097753789337662,Medio
1966024,0.22444419714320332,Medio
1966037,0.11039621922668753,Baixo
1963896,0.49692386355781054,Alto
1965831,0.1957271331071714,Baixo
1965533,0.3948443769378851,Medio
1965980,0.30999592990977115,Medio
1963823,0.16311224551272444,Baixo
1965344,0.5089814612355775,Alto
1966044,0.18571600489080292,Baixo
1963276,0.08911327363967263,Baixo
1958972,0.2386381741616473,Medio
1966040,0.20867640535436852,Medio
1965960,0.185485665209089,Baixo
1966060,0.38211160005609307,Medio
1966059,0.10916622998655065,Baixo
1965437,0.00650407306366445,Baixo
1965216,0.11173894038243234,Baixo
1963689,0.14404222176710843,Baixo
1966032,0.14605777418622473,Baixo
1964464,0.2572475193199946,Medio
1964708,0.1426861423372101,Baixo
1965448,0.1763613404668159,Baixo
1965851,0.27989108548864716,Medio
1965392,0.4358454059715448,Medio
1965503,0.3899332735642806,Medio
1961691,0.3192174450407782,Medio
1964679,0.3531107621277058,Medio
1965661,0.03138108058447222,Baixo
1966034,0.038605148975935484,Baixo
1954063,0.1804704725375813,Baixo
1966094,0.17589118144637708,Baixo
1966109,0.07281541537587052,Baixo
1966111,0.17218813579957923,Baixo
1966110,0.14352595501589693,Baixo
1965546,0.286331278110439,Medio
1965306,0.40230434162268525,Medio
1966125,0.22091015330026734,Medio
1966127,0.22047946083280498,Medio
1965908,0.18467663994493447,Baixo
1966130,0.12551201199987588,Baixo
1966134,0.14796960538175394,Baixo
1966136,0.13798696465081606,Baixo
1966132,0.23164662694865817,Medio
1966120,0.12527227412058037,Baixo
1965575,0.2656813358411412,Medio
1965986,0.3155120546949,Medio
1964461,0.15144325192247646,Baixo
1966151,0.06541551587960619,Baixo
1966156,0.12637374495567394,Baixo
1957169,0.12314968018335623,Baixo
1966161,0.24887013795195534,Medio
1966146,0.36943161092392546,Medio
1966170,0.1804416983566035,Baixo
1966168,0.06748276861919823,Baixo
1966173,0.16099005503901131,Baixo
1966179,0.15879392239079645,Baixo
1966180,0.38673878433962183,Medio
1966184,0.30155822072429256,Medio
1966186,0.20106489691579094,Medio
1965350,0.3279064724382261,Medio
1965790,0.07928339531415586,Baixo
1958584,0.17096058507006542,Baixo
1965948,0.36750730874121185,Medio
1966183,0.3016979501745454,Medio
1966196,0.10506465962873919,Baixo
1966197,0.39270377039837634,Medio
1966198,0.16519817794714076,Baixo
1966195,0.12725953236735998,Baixo
1932097,0.20591067606661487,Medio
1966193,0.37043228063303707,Medio
1966209,0.20960417390078495,Medio
1966085,0.22930236571592194,Medio
1966214,0.6087254170435696,Alto
1945704,0.15700816036886062,Baixo
1959219,0.10623892589615877,Baixo
1966233,0.27618418964483565,Medio
1965483,0.56724223918466,Alto
1966206,0.1432658039424439,Baixo
1966227,0.010663585591169348,Baixo
1962629,0.32856417253990117,Medio
1966239,0.4311088751353343,Medio
1965743,0.3054541393412185,Medio
1966248,0.4569435719880301,Alto
1966256,0.19361962259900153,Baixo
1966265,0.16102504825572136,Baixo
1966260,0.4057256757774717,Medio
1966271,0.024698372344365734,Baixo
1957855,0.46410745460756897,Alto
1966274,0.2663511130027952,Medio
1966254,0.4287577639283749,Medio
1951598,0.2116467187442417,Medio
1966283,0.44169974892985053,Medio
1965723,0.37390084378606353,Medio
1966289,0.19887576809529792,Baixo
1966291,0.009862215979585962,Baixo
1966296,0.31038248591131373,Medio
1960610,0.21219614668305672,Medio
1966290,0.2053154392102895,Medio
1966268,0.49622115708147785,Alto
1966298,0.20211764360792445,Medio
1966305,0.3721758399862936,Medio
1966311,0.43626131555517084,Medio
1965262,0.17081080158658618,Baixo
1966303,0.5800262710024723,Alto
1966316,0.18542374984795867,Baixo
1964562,0.24509004070320506,Medio
1966313,0.2529498057893221,Medio
1954646,0.2811525890154554,Medio
1966321,0.1804574089001482,Baixo
1966324,0.24152534473156176,Medio
1966326,0.1201931679690688,Baixo
1966320,0.28269890326198965,Medio
1966325,0.32348915012185075,Medio
1966327,0.3874979004484285,Medio
1966334,0.28398873221554927,Medio
1966345,0.3270523028021404,Medio
1966339,0.1508734487384677,Baixo
1966338,0.4684265396647171,Alto
1966337,0.26906562597598815,Medio
1966343,0.14856061239821292,Baixo
1966349,0.08503764378759789,Baixo
1966366,0.3646338733993627,Medio
1966381,0.14538764416198574,Baixo
1966352,0.4358606917138097,Medio
1966356,0.21381672698200338,Medio
1966348,0.11323201074478413,Baixo
1966323,0.19970998480145113,Baixo
1966378,0.21548265364051314,Medio
1966371,0.42034408786084493,Medio
1966389,0.2098172985962032,Medio
1966350,0.15797805536324347,Baixo
1966396,0.3167552981348845,Medio
1966375,0.09683484299557188,Baixo
1966403,0.23919933616166617,Medio
1966373,0.13328523000193992,Baixo
1947268,0.29483856151190435,Medio
1966380,0.36655578445757897,Medio
1966387,0.15666859345336054,Baixo
1951436,0.22066206969592747,Medio
1965404,0.2432918103646234,Medio
1966416,0.23885489792075387,Medio
1966384,0.11260495529095052,Baixo
1964260,0.3760191909383404,Medio
1966385,0.11214060849364835,Baixo
1317255,0.23854073629354589,Medio
1966430,0.43604689092754795,Medio
1966408,0.10358091685312942,Baixo
1966011,0.302240449511479,Medio
1966295,0.2275741182616412,Medio
1966351,0.44269908522496737,Medio
1966419,0.2480075374421672,Medio
1966440,0.3530303743968706,Medio
1966439,0.0983065934156333,Baixo
1966442,0.1985939927184186,Baixo
1966433,0.2191072729065069,Medio
1726850,0.1345362615776665,Baixo
1965976,0.33579792042126716,Medio
1966434,0.2333516199416552,Medio
1966451,0.22036418451609732,Medio
1966470,0.2714785414845151,Medio
1966460,0.3272272712220771,Medio
1954681,0.163476251418877,Baixo
1966471,0.3869776966975384,Medio
1966466,0.5204220509897591,Alto
1966477,0.4635040649022857,Alto
1966357,0.5116692424857243,Alto
1966462,0.11031497333555827,Baixo
1966464,0.20711798028547104,Medio
1966478,0.19334583134697814,Baixo
1966486,0.4004508979214304,Medio
1966474,0.10979617454772343,Baixo
1966118,0.3124333725316932,Medio
1966400,0.2701221920695828,Medio
1966475,0.3606449043996297,Medio
1966235,0.22641494270053122,Medio
1966493,0.10855693995969723,Baixo
1966483,0.35634732399200336,Medio
1966494,0.18665528574635634,Baixo
1966496,0.3951146042596124,Medio
1966497,0.2738446360561942,Medio
1966468,0.1556847213924722,Baixo
1966499,0.0962055705038099,Baixo
1966498,0.1442862037068939,Baixo
1966341,0.15447590937328795,Baixo
1966446,0.08475556932152457,Baixo
1966330,0.2878726819792355,Medio
1966512,0.19218443889712794,Baixo
1966409,0.3486055303507111,Medio
1727917,0.2543188472176872,Medio
1964779,0.11105446269023451,Baixo
1966519,0.40756900502906224,Medio
1966526,0.40308648446330153,Medio
1966500,0.3169829983913711,Medio
1966529,0.09062981579108215,Baixo
1966539,0.32567069811800786,Medio
1966542,0.2033883741106736,Medio
1966548,0.271019032248476,Medio
1966554,0.33359704738882595,Medio
1966540,0.1424071943126983,Baixo
1951530,0.327886119935476,Medio
1966546,0.3453465533314967,Medio
1966557,0.29059984957370294,Medio
1966558,0.4269621305278272,Medio
1966559,0.566961526613521,Alto
1966567,0.016024913948497747,Baixo
1966566,0.18096510379377392,Baixo
1966568,0.15873146514283604,Baixo
1966553,0.35230358049308697,Medio
1966576,0.2632737756195012,Medio
1966564,0.1423825559924943,Baixo
1966570,0.4179341563820796,Medio
1966569,0.054136663727689355,Baixo
1966550,0.13839156928856558,Baixo
1966556,0.0576216581969221,Baixo
1966572,0.38005718502395724,Medio
1966329,0.3223419232135701,Medio
1966582,0.19393805136861436,Baixo
1966580,0.3366254233663277,Medio
1966586,0.22672901790180444,Medio
1966069,0.20485308251715698,Medio
1966588,0.245971114221484,Medio
1966581,0.1541851255432314,Baixo
1966443,0.29814013668652745,Medio
1966574,0.19781279669813015,Baixo
1966584,0.16049879711874576,Baixo
1966594,0.15237390041675192,Baixo
1966538,0.05472583098313706,Baixo
1966367,0.31487258955959346,Medio
1966490,0.07118494584169059,Baixo
1966603,0.1327115353076129,Baixo
1966605,0.16917075643031398,Baixo
1966551,0.1034032096396638,Baixo
1966606,0.18665494739552219,Baixo
1963856,0.09848700493017774,Baixo
1958145,0.3901005032618489,Medio
1966607,0.41890455640712587,Medio
1962153,0.1402575399979493,Baixo
1966621,0.5246544762762242,Alto
1966636,0.32099809434437504,Medio
1966626,0.1253432303431953,Baixo
1966480,0.45027189100385195,Alto
1966639,0.12474445192675564,Baixo
1966645,0.26915061745267826,Medio
1966648,0.10426884903431244,Baixo
1966642,0.09240376811122894,Baixo
1965780,0.31349627647028233,Medio
1966649,0.4152308726913877,Medio
1966655,0.13781769712401867,Baixo
1965826,0.450514421017041,Alto
1966662,0.12760546188049823,Baixo
1966661,0.36664348417489506,Medio
1966665,0.10924109672824309,Baixo
1966671,0.3020131114974892,Medio
1964486,0.0743380462877217,Baixo
1966686,0.38154753472985586,Medio
1966382,0.3699433507617863,Medio
1966684,0.22709420196210142,Medio
1966673,0.09029596485552364,Baixo
1966651,0.052103800629619015,Baixo
1334208,0.25794342458070174,Medio
1966690,0.39782904600381186,Medio
1966683,0.05504865074856461,Baixo
1965432,0.17204420993987965,Baixo
1966693,0.23628237599689245,Medio
1966695,0.0990002726954644,Baixo
1966365,0.38498994189941943,Medio
1966703,0.22291585421579707,Medio
1966704,0.19799816902724995,Baixo
1966701,0.2141873249664513,Medio
1966714,0.004952204522173254,Baixo
1965198,0.09399503102880313,Baixo
1966666,0.16905015731730744,Baixo
1966707,0.5486752325800981,Alto
1961516,0.04319251827042805,Baixo
1964381,0.06134055428186348,Baixo
1966719,0.4305074592380186,Medio
1966723,0.07085256566876527,Baixo
1665544,0.06817678982026006,Baixo
1756412,0.20662149399341775,Medio
1966469,0.3545647099098976,Medio
1966727,0.09425958147134796,Baixo
1966729,0.05530886276643503,Baixo
1966731,0.019740177040398207,Baixo
1966331,0.13366171077325897,Baixo
1966737,0.05927892131792117,Baixo
1966687,0.2882981922084776,Medio
1966740,0.12269265883941484,Baixo
1966749,0.19003665396683675,Baixo
1966232,0.24101003438904262,Medio
1966754,0.3567639801235281,Medio
1965734,0.6438057201518675,Alto
1965861,0.12565780810472568,Baixo
1965859,0.15247408668208956,Baixo
1965899,0.1709905832327272,Baixo
1965875,0.22169137580488532,Medio
1963477,0.47483077436462356,Alto
1958320,0.4896443479293299,Alto
1966511,0.14197115025030085,Baixo
1965724,0.3036912475033026,Medio
1965893,0.3352644855287806,Medio
1966000,0.060676103860997074,Baixo
1958860,0.42781811628058486,Medio
1965840,0.21468446345392342,Medio
1955076,0.08252299315073387,Baixo
1964326,0.46481099836218226,Alto
1966224,0.26936971239934027,Medio
1965229,0.2245188833458698,Medio
1966192,0.016527195272929555,Baixo
1965823,0.15345632719588492,Baixo
1965333,0.07918568332044545,Baixo
1965296,0.010218357769792435,Baixo
1966073,0.05873467662224946,Baixo
1966213,0.258707135327967,Medio
1963969,0.15478407989693865,Baixo
1965975,0.20355986457970865,Medio
1957598,0.1182393435901781,Baixo
1965817,0.11920080339823111,Baixo
1963986,0.18089372406843673,Baixo
1964711,0.15631339534491379,Baixo
1966795,0.2658059310335845,Medio
1966781,0.2180953130211447,Medio
1966760,0.1091625188430496,Baixo
1966769,0.34864522028842687,Medio
1966765,0.18522936148712063,Baixo
1966810,0.5540267382015978,Alto
1966832,0.13395045820191684,Baixo
1966764,0.07338122483943374,Baixo
1932389,0.3109786474592202,Medio
1966770,0.3655135094632027,Medio
1966802,0.36339361161905814,Medio
1966799,0.25452433861906,Medio
1966772,0.14894368356287557,Baixo
1966788,0.45400424532338907,Alto
1966774,0.38320662131710864,Medio
1966800,0.12123500920791981,Baixo
1966768,0.44970574836329136,Medio
1966789,0.2999305959839703,Medio
1966820,0.10809705421742836,Baixo
1966767,0.25367111636495,Medio
1726190,0.23307568287059194,Medio
1966818,0.27019030959423357,Medio
1966817,0.2370254715447059,Medio
1966779,0.3436477075720104,Medio
1966762,0.040603406771607495,Baixo
1966816,0.10143344300628421,Baixo
1966835,0.21750644801864122,Medio
1966828,0.35411400134244225,Medio
1966875,0.21370740945692662,Medio
1966811,0.5556008877821482,Alto
1966819,0.27730207429371584,Medio
1461904,0.47949288672369383,Alto
1966783,0.06377644544603232,Baixo
1966878,0.09896794410424348,Baixo
1966849,0.10515912921308762,Baixo
1966881,0.43152953036091535,Medio
1966854,0.39752509002454633,Medio
1966782,0.0652709081112884,Baixo
1966914,0.3073158311391799,Medio
1966904,0.20878524649094515,Medio
1966885,0.25690089197743965,Medio
1966809,0.24059017498922655,Medio
1966889,0.27472209745600634,Medio
1966883,0.052586678793151806,Baixo
1622618,0.27816951019637604,Medio
1965558,0.11687577710516309,Baixo
1959002,0.4535872297197444,Alto
1966917,0.05899863556904296,Baixo
1965030,0.25501072385289963,Medio
1966579,0.09171087428699784,Baixo
1958254,0.20241438130865586,Medio
1966900,0.16472933959674693,Baixo
1966847,0.36789061433815573,Medio
1966905,0.18883277305118804,Baixo
1966893,0.10146779673624141,Baixo
1966896,0.07747528255545108,Baixo
1966880,0.41922921549964504,Medio
1966908,0.2902699476669766,Medio
1966866,0.31248104481806827,Medio
1966629,0.4423601277318437,Medio
1966865,0.16750040803824548,Baixo
1966941,0.06258983161669013,Baixo
1966928,0.2153434138915011,Medio
1678313,0.12079506496334763,Baixo
1953825,0.18493749142835822,Baixo
1966785,0.1488072802440575,Baixo
1966949,0.3043864812255124,Medio
1966918,0.11355653522993102,Baixo
1966931,0.301339736560226,Medio
1966801,0.21953930699029728,Medio
1966936,0.11583404095503809,Baixo
1966962,0.3096868115649157,Medio
1966961,0.15718229978346712,Baixo
1966952,0.19820742867052316,Baixo
1966954,0.19264684484105124,Baixo
1966955,0.16741540601273994,Baixo
1966978,0.1907767433377263,Baixo
1966974,0.302010465115763,Medio
1966991,0.5852100975685995,Alto
1966989,0.1693358746605999,Baixo
1965803,0.34668419243682264,Medio
1966963,0.16934901646140246,Baixo
1967021,0.398487901601037,Medio
1967000,0.04758223060899474,Baixo
1965526,0.40945419750042256,Medio
1966990,0.337247820456322,Medio
1966394,0.2977097822390759,Medio
1967020,0.16607213570203305,Baixo
1967032,0.3405752546740361,Medio
1967030,0.17179236856950084,Baixo
1966993,0.09035309910984599,Baixo
1967040,0.09336448188375124,Baixo
1967042,0.3973276722522222,Medio
1966894,0.10922176917020629,Baixo
1966879,0.10189545262416275,Baixo
1937990,0.3019473372408078,Medio
1966844,0.18446979296021251,Baixo
1965567,0.12415190873345724,Baixo
1966784,0.18514508471798935,Baixo
1965542,0.18296570477634416,Baixo
1967006,0.30254641794806175,Medio
1966777,0.044790722669015445,Baixo
1966099,0.3265659757474529,Medio
1967049,0.3313050258018253,Medio
1967043,0.15515337851745495,Baixo
1967063,0.08688984291732559,Baixo
1966999,0.21313837264211283,Medio
1967051,0.1831705550986626,Baixo
1966940,0.4188745104915809,Medio
1967035,0.19336003876688232,Baixo
1967083,0.08158609088269307,Baixo
1967082,0.053695737477431775,Baixo
1967001,0.36686186052901404,Medio
1964748,0.5350919270291742,Alto
1967131,0.26309728437838836,Medio
1964786,0.4614181094541742,Alto
1967139,0.09282071737680093,Baixo
1964669,0.09005775040961045,Baixo
1409412,0.17580792988143992,Baixo
1966449,0.16363437195470748,Baixo
1962378,0.30355530423292476,Medio
1966821,0.20477131711414884,Medio
1967024,0.2356888305932701,Medio
1967140,0.09498796535223332,Baixo
1967088,0.05597897550496502,Baixo
1967068,0.08404935171762226,Baixo
1966353,0.1580146081326529,Baixo
1965963,0.1551034239658846,Baixo
1966986,0.2537071545523704,Medio
1966428,0.24235278378381828,Medio
1966886,0.31109018093933166,Medio
1966826,0.12690052676978278,Baixo
1966602,0.19774950723873766,Baixo
1965593,0.181766160762488,Baixo
1967151,0.29677565474800033,Medio
1967146,0.3791212934297662,Medio
1966857,0.556998741306423,Alto
1958560,0.23948098558131206,Medio
1967154,0.25457488905249476,Medio
1966842,0.18454508509979253,Baixo
1967145,0.16503462493030724,Baixo
1967169,0.06050958557304989,Baixo
1967153,0.4786646014637915,Alto
1967128,0.04686772122412459,Baixo
1967174,0.14574911830412407,Baixo
1966053,0.5114401281664853,Alto
1967160,0.6265313638882214,Alto
1967180,0.02902832494617459,Baixo
1967158,0.3399124291871602,Medio
1967184,0.4679028038227177,Alto
1967192,0.29560982688360044,Medio
1967162,0.26616872319622426,Medio
1967150,0.20242251015468013,Medio
1967159,0.12074178735529109,Baixo
1967111,0.3631334681720351,Medio
1967228,0.15855792706731506,Baixo
1967186,0.06941672844778331,Baixo
1967235,0.3292253385695894,Medio
1967232,0.42201653740385525,Medio
1966813,0.14631552937961678,Baixo
1966699,0.5990498978680797,Alto
1936204,0.2636604010236461,Medio
1719716,0.4727310845890248,Alto
1967238,0.1271450646259343,Baixo
1967249,0.13086897260827868,Baixo
1967187,0.3993015853334138,Medio
1967219,0.30644006184038786,Medio
1966563,0.09457248027437616,Baixo
1967241,0.2543828837564876,Medio
1965801,0.17430767417490362,Baixo
1967085,0.06549933271809016,Baixo
1967236,0.05847967509982215,Baixo
1967221,0.3575341246966316,Medio
1966859,0.4276907069517061,Medio
1965195,0.1614135885151954,Baixo
1965660,0.04688766478052083,Baixo
1967125,0.07295333746160293,Baixo
1962003,0.3156689088569381,Medio
1966658,0.28434531490262815,Medio
1967093,0.28076367215473236,Medio
1967267,0.43238246827085447,Medio
1966944,0.056589494677764675,Baixo
1967275,0.24610140444229184,Medio
1967264,0.19865395104973063,Baixo
1967244,0.21054300391908345,Medio
1967279,0.7382002520339861,Critico
1966158,0.33757146034723584,Medio
1956563,0.3200659855464466,Medio
1964554,0.10178208626926971,Baixo
1967182,0.21541627690242804,Medio
1967293,0.19398690850824882,Baixo
1967313,0.14038443775868792,Baixo
1967266,0.20350599956057536,Medio
1967303,0.47001802357789574,Alto
1967311,0.045212469891231545,Baixo
1967301,0.08342807921031221,Baixo
1937981,0.2653953055215413,Medio
1967215,0.2344124308498918,Medio
1967094,0.41210835511460975,Medio
1966972,0.10314311252992157,Baixo
1967304,0.07079915210680536,Baixo
1967239,0.07994887614750222,Baixo
1961216,0.46125710537872827,Alto
1967347,0.36589045042578416,Medio
1967319,0.15476339772920827,Baixo
1967359,0.3952498493076982,Medio
1947575,0.1527544156885722,Baixo
1967352,0.308763340208586,Medio
1966147,0.12174404760625092,Baixo
1956416,0.3064245580326014,Medio
1967284,0.5222902111562112,Alto
1967324,0.013863080147782878,Baixo
1964982,0.12122499669558093,Baixo
1967381,0.12545830680295736,Baixo
1689239,0.24464043024845572,Medio
1967080,0.3270031006738326,Medio
1966994,0.20520216120271306,Medio
1941067,0.061014840637059704,Baixo
1967078,0.044785603573629845,Baixo
1963594,0.3545055221444241,Medio
1966632,0.06767960806965836,Baixo
1966733,0.2659194434662264,Medio
1967392,0.35331771563452324,Medio
1965429,0.3457866657768675,Medio
1958219,0.20129037096342361,Medio
1935577,0.2740983372899194,Medio
1967276,0.3109149623520293,Medio
1954136,0.35064063190466094,Medio
1967374,0.2390801161924256,Medio
1967399,0.08632197846460724,Baixo
1966155,0.32627700127252174,Medio
1967354,0.07110625751499865,Baixo
1967412,0.04237405679284241,Baixo
1967405,0.1857879636300095,Baixo
1967394,0.5731979717288233,Alto
1967290,0.05330755115525636,Baixo
1964735,0.22318157282303702,Medio
1967314,0.07638662066613398,Baixo
1967403,0.15520135081084824,Baixo
1966925,0.15658012711295544,Baixo
1967435,0.1414213442006088,Baixo
1967247,0.32524362252734274,Medio
1967439,0.2412885066823099,Medio
1967058,0.2200363190940215,Medio
1967417,0.03027522903761457,Baixo
1967431,0.13373562040148107,Baixo
1967406,0.1091453048649494,Baixo
1895501,0.11513659820041969,Baixo
1800490,0.22479316892938928,Medio
1967007,0.22598665690160052,Medio
1967050,0.2841730024651055,Medio
1967494,0.05273532691981847,Baixo
1967376,0.05035942124185805,Baixo
1967485,0.06364936245676903,Baixo
1967472,0.04922045930109166,Baixo
1967479,0.4109960878115041,Medio
1967441,0.3147507446618678,Medio
1961782,0.10581283132805311,Baixo
1956494,0.2359320143215861,Medio
1967552,0.014639604169219915,Baixo
1966047,0.2642465907483538,Medio
1967449,0.13161910162712523,Baixo
1967484,0.09403763094794551,Baixo
1967297,0.2544411651128714,Medio
1966899,0.3482080965715267,Medio
1967582,0.19260217068906493,Baixo
1967322,0.15591023624953276,Baixo
1967609,0.3189229693586491,Medio
1967602,0.2352034310013366,Medio
1967530,0.3806989971687311,Medio
1967611,0.15156150487551043,Baixo
1967639,0.12289536979729036,Baixo
1967588,0.31538123985455013,Medio
1967325,0.12808134686899197,Baixo
1965983,0.17535603829847737,Baixo
1952736,0.4723392609342602,Alto
1966874,0.1345859684495702,Baixo
1965777,0.136710904106624,Baixo
1967223,0.11907619360807369,Baixo
1966300,0.3244149043185699,Medio
1966093,0.4329053422784856,Medio
1967645,0.10844417029712167,Baixo
1965424,0.09330528853221388,Baixo
1956475,0.25484182326905647,Medio
1954896,0.14795965528122007,Baixo
1967644,0.16919021647089888,Baixo
1967695,0.03294270271873511,Baixo
1967675,0.16331286745942591,Baixo
1967470,0.19246429393674894,Baixo
1954463,0.2412022229662215,Medio
1952959,0.2580870876867381,Medio
1966997,0.22289378390714512,Medio
1967704,0.29099407397895055,Medio
1966237,0.33476992002713707,Medio
1967434,0.1452382956112274,Baixo
1967584,0.05961689127796499,Baixo
1967718,0.3188647197158521,Medio
1967612,0.40755818804341337,Medio
1967250,0.3163799110663793,Medio
1967730,0.43959808278092544,Medio
1967732,0.22091497634519808,Medio
1967747,0.20012712577659073,Medio
1967269,0.36498872417095085,Medio
1963912,0.1399675700726785,Baixo
1948136,0.15594718747107048,Baixo
1967148,0.41359147086793563,Medio
1965854,0.31974180437016264,Medio
1750668,0.4160571526131702,Medio
1967519,0.13875416608924446,Baixo
1967781,0.314874684983107,Medio
1967773,0.21886058820787624,Medio
1967776,0.12176214012389104,Baixo
1967752,0.3656052572449473,Medio
1967768,0.25463333029454394,Medio
1967756,0.08819766220241163,Baixo
1967637,0.544289344284756,Alto
1967782,0.35440774021111293,Medio
1967794,0.3269329867278128,Medio
1967770,0.503713558503956,Alto
1965877,0.38297027193181293,Medio
1967629,0.36232675320586477,Medio
1967490,0.5341651841497804,Alto
1967426,0.29695279871901903,Medio
1967471,0.0557282335693417,Baixo
1965485,0.04759521168068224,Baixo
1967617,0.11036627334184751,Baixo
1956075,0.7078461971597179,Critico
1967619,0.1284345834476182,Baixo
1962234,0.31164765736510114,Medio
1967592,0.4624427876836011,Alto
1967725,0.4168996577537376,Medio
1967427,0.1332623333095818,Baixo
1967825,0.15074791818380073,Baixo
1967817,0.20949271589921237,Medio
1966771,0.2633512222696723,Medio
1966967,0.38913429037566344,Medio
1967835,0.08923503690910739,Baixo
1967832,0.06989735139473754,Baixo
1967692,0.2665584452019856,Medio
1967023,0.12456452334081376,Baixo
1967831,0.08682580616341126,Baixo
1965764,0.1309381216447136,Baixo
1962719,0.31447334404431904,Medio
1958377,0.12251024466775395,Baixo
1967844,0.0609025506506503,Baixo
1961230,0.48137629913889685,Alto
1963329,0.17114082545345635,Baixo
1967536,0.26635107044173467,Medio
1941751,0.22804401942546168,Medio
1967821,0.34775422129026284,Medio
1967029,0.14080999442111905,Baixo
1967849,0.3340565145984316,Medio
1967323,0.487533170952767,Alto
1967511,0.1810242133315263,Baixo
1958609,0.1576449214400936,Baixo
1960976,0.5163238784524364,Alto
1966906,0.13809347019224225,Baixo
1967876,0.3062448402713219,Medio
1967879,0.4476997693715319,Medio
1967882,0.1632312669551891,Baixo
1967607,0.24614576875308028,Medio
1957580,0.48566216998175726,Alto
1967843,0.23731114646166443,Medio
1967869,0.08580014108785305,Baixo
1967757,0.1673029865333229,Baixo
1967896,0.0782281410417493,Baixo
1967870,0.2072534685948911,Medio
1967934,0.19439354651489377,Baixo
1967333,0.18463096191537764,Baixo
1967925,0.2324933817936822,Medio
1967946,0.2712453050868696,Medio
1965571,0.09358413429273542,Baixo
1967924,0.11460164630807645,Baixo
1957851,0.4434718531621115,Medio
1967954,0.04244893767050961,Baixo
1967921,0.03862992348869591,Baixo
1967951,0.2054910218529172,Medio
1967972,0.3478608562678629,Medio
1967459,0.08733414985602587,Baixo
1967956,0.47710854628593163,Alto
1967880,0.2150820160093565,Medio
1939222,0.3850986022002303,Medio
1967967,0.19201626932971497,Baixo
1964621,0.36527898510920387,Medio
1966525,0.1995166906857222,Baixo
1498845,0.1117627347185687,Baixo
1967987,0.01769436521234604,Baixo
1967906,0.41228434492809757,Medio
1967968,0.09394788326700584,Baixo
1967971,0.07821951494918666,Baixo
1965488,0.25684471125351566,Medio
1967991,0.28338903530070736,Medio
1967984,0.4410080643604905,Medio
1967594,0.13619598908015995,Baixo
1961282,0.3444722221148434,Medio
1968003,0.17338582272893677,Baixo
1967992,0.11738896978065477,Baixo
1958808,0.3379158187684801,Medio
1967997,0.11959071004275489,Baixo
1968005,0.24831225574385293,Medio
1967986,0.4373885082586259,Medio
1968006,0.1305497571985096,Baixo
1965765,0.4793673136779928,Alto
1968010,0.31808602691100013,Medio
1957196,0.12799610019512422,Baixo
1968015,0.11785808216421473,Baixo
1957764,0.5224964596953152,Alto
1967087,0.08372908189769683,Baixo
1967948,0.2972947623761481,Medio
1968028,0.4051525493692709,Medio
1968013,0.3817883741400939,Medio
1952802,0.1608892852052768,Baixo
1967979,0.23008820774923708,Medio
1968046,0.19272235663182988,Baixo
1968045,0.3090123807486424,Medio
1960307,0.32637034553678346,Medio
1968039,0.37524185497699414,Medio
1958565,0.5492667583327687,Alto
1968042,0.1663581116042245,Baixo
1968037,0.36106829164115495,Medio
1968022,0.48602742597021026,Alto
1968043,0.08580427422591745,Baixo
1968018,0.40040688315761525,Medio
1968064,0.39121867437051405,Medio
1968065,0.27532162541035826,Medio
1966797,0.25280507859975193,Medio
1968069,0.21155308118526656,Medio
1967380,0.3210753649799952,Medio
1968059,0.18208704485226856,Baixo
1968026,0.3703224605452929,Medio
1964321,0.24313676792364564,Medio
1967995,0.2746005427162313,Medio
1968075,0.06521025564091222,Baixo
1968092,0.06337560609656465,Baixo
1968063,0.28675674714522975,Medio
1968062,0.16924428032745265,Baixo
1968090,0.3262239576106327,Medio
1968091,0.23268945732163882,Medio
1949050,0.42952876208924745,Medio
1968095,0.12059181541882659,Baixo
1968114,0.16076615772580524,Baixo
1968112,0.2888486222764363,Medio
1965674,0.27955678194654093,Medio
1966845,0.3423624132449611,Medio
1968101,0.2916910239705429,Medio
1968108,0.3153073269657761,Medio
1968119,0.3723341912837037,Medio
1965930,0.14394060775017986,Baixo
1957458,0.3028894322634237,Medio
1968131,0.09856409254337097,Baixo
1964009,0.3306359350855001,Medio
1956828,0.2790460233855918,Medio
1962897,0.07971032445308877,Baixo
1965329,0.53901394416727,Alto
1966518,0.09544667156849561,Baixo
1958076,0.3386449697489034,Medio
1967905,0.26865772497195817,Medio
1964374,0.20994622636257695,Medio
1968122,0.07427136586629601,Baixo
1967198,0.06300715339592179,Baixo
1967172,0.16179422930216347,Baixo
1967969,0.17746778538144425,Baixo
1967841,0.4223578873929928,Medio
1968120,0.15285208430378566,Baixo
1967833,0.3757780159015767,Medio
1968132,0.08238489793456329,Baixo
1967362,0.11008039594945583,Baixo
1945179,0.6081238298544549,Alto
1965827,0.31882296723362635,Medio
1967763,0.21288731233806518,Medio
1966226,0.33454837838967416,Medio
1967935,0.3587297820421782,Medio
1967955,0.09225129885245519,Baixo
1967689,0.6929777816831372,Alto
1964931,0.16595781897225875,Baixo
1958394,0.17089030707196018,Baixo
1968134,0.30786199439488904,Medio
1968137,0.27923427104324555,Medio
1967214,0.37828197646892114,Medio
1968138,0.12263964118499471,Baixo
1968128,0.32835405129004713,Medio
1967812,0.07745333417903454,Baixo
1967966,0.23352506761787747,Medio
1968153,0.32876498895321155,Medio
1968102,0.33625213504203244,Medio
1956891,0.6736696197603497,Alto
1962018,0.09934630976510352,Baixo
1964873,0.12964907011994053,Baixo
1967409,0.2554284036083912,Medio
1967973,0.42968563512504504,Medio
1967904,0.19843034831337508,Baixo
1968130,0.14054077540476587,Baixo
1752458,0.37385822574080724,Medio
1968161,0.18277392049792482,Baixo
1968125,0.3242705881643947,Medio
1968115,0.21374308068654743,Medio
1968165,0.27481338768536245,Medio
1949110,0.23637256932206974,Medio
1967823,0.5225413296442989,Alto
1964492,0.27934463900713746,Medio
1967260,0.4405905102745995,Medio
1961824,0.5243002841709241,Alto
1967016,0.17658822402094257,Baixo
1968193,0.15563477237992102,Baixo
1968124,0.07794782402519848,Baixo
1966890,0.32317280262524123,Medio
1967097,0.3099602964733426,Medio
1968204,0.19365983065285533,Baixo
1430534,0.3000438728837144,Medio
1968197,0.12359010741210079,Baixo
1968185,0.08732661372801649,Baixo
1967144,0.1589506602592433,Baixo
1960333,0.2259891870866422,Medio
1967386,0.5971050247627845,Alto
1949445,0.15429109827852877,Baixo
1968192,0.09991346533916512,Baixo
1967985,0.4921831700317238,Alto
1968211,0.41819372962113593,Medio
1968208,0.34360182178784143,Medio
1968146,0.100639755842725,Baixo
1968225,0.2871551916551111,Medio
1967640,0.23182102309865815,Medio
1955193,0.3047042684654962,Medio
1968156,0.4842010723662077,Alto
1968216,0.22624842231563308,Medio
1968234,0.2579518900512709,Medio
1967977,0.274739707849234,Medio
1964378,0.09966798523800434,Baixo
1958293,0.26368990074370957,Medio
1968056,0.4515454243094545,Alto
1968050,0.4664667462096887,Alto
1968080,0.1869063577849744,Baixo
1959438,0.18165418181486725,Baixo
1968016,0.1834860747892472,Baixo
1964126,0.20062809414774643,Medio
1968021,0.34782360290272696,Medio
1955998,0.4317851490408754,Medio
1968237,0.22242159588083615,Medio
1968242,0.0060617051009678865,Baixo
1968230,0.24949057715315004,Medio
1967119,0.46864124608666247,Alto
1966199,0.5617481965754082,Alto
1967919,0.33883301728659354,Medio
1966106,0.16646142758870722,Baixo
561751,0.3824754162263958,Medio
1968257,0.21519944645355815,Medio
1968222,0.5948959557996247,Alto
1968267,0.5652363846549577,Alto
1968203,0.09125528135460391,Baixo
1968190,0.37004888492346305,Medio
1968246,0.00516172796280207,Baixo
1964251,0.19823638183170736,Baixo
1968087,0.09668548562500806,Baixo
1968260,0.606074180491949,Alto
1968266,0.13241697399288233,Baixo
1968275,0.23725584514435416,Medio
1964677,0.3427294905351443,Medio
1967856,0.41796717990208815,Medio
1968025,0.3009194758353495,Medio
1968276,0.4658804770035491,Alto
1968278,0.01021387867396064,Baixo
1968236,0.13956032113240052,Baixo
1959377,0.48635467175814245,Alto
1968273,0.5079421089049814,Alto
1968305,0.22003606106926665,Medio
1967980,0.4270069661433796,Medio
1968289,0.3896427452004909,Medio
1968227,0.24935078575316777,Medio
1968306,0.40127810289180743,Medio
1966388,0.2457086965720735,Medio
1968084,0.2118371993474134,Medio
1968296,0.11821784227275922,Baixo
1968261,0.38491006448923065,Medio
1968287,0.08122153140470725,Baixo
1968318,0.2624165778059054,Medio
1962312,0.1647958313922864,Baixo
1968283,0.0939283527493152,Baixo
1968304,0.2870296411311381,Medio
1966981,0.03366167482447016,Baixo
1934443,0.40794578146825133,Medio
1967891,0.4210149346864607,Medio
1968214,0.5248078309929403,Alto
1967890,0.2753871003884415,Medio
1964555,0.517101821434014,Alto
1966619,0.22856202411692467,Medio
1968321,0.32445940297821435,Medio
1968336,0.21782162365021393,Medio
1968295,0.2963380268341564,Medio
1968202,0.15620208324704696,Baixo
1967711,0.3845078936179549,Medio
1968082,0.3181172856223706,Medio
1965779,0.5069843027228648,Alto
1968279,0.08131344499938982,Baixo
1967599,0.039359361076170954,Baixo
1968330,0.39894238471968324,Medio
1965839,0.47268679239677697,Alto
1967052,0.13516345703772634,Baixo
1968340,0.2970971009529832,Medio
1967907,0.3534470510028838,Medio
1967234,0.25810008148728275,Medio
1968352,0.1570941331706671,Baixo
1968361,0.17146036002381515,Baixo
1968364,0.3066243660344437,Medio
1943241,0.21436153866828733,Medio
1966876,0.5094196296754105,Alto
1968312,0.44821458856571667,Medio
1966950,0.13715422277723094,Baixo
1968188,0.5629992125468495,Alto
1957113,0.059442611496272446,Baixo
1968376,0.35928795536293734,Medio
1968053,0.19292371477427409,Baixo
1738582,0.10057272643626111,Baixo
1968372,0.09856417319936367,Baixo
1968389,0.13554516285833018,Baixo
1968390,0.31914079930579425,Medio
1968394,0.4756418244085963,Alto
1966814,0.45561162295323715,Alto
1968392,0.19532271542792848,Baixo
1968378,0.18738196243607963,Baixo
1968366,0.29188351766255893,Medio
1968369,0.17289207718323948,Baixo
1966096,0.36389295624672674,Medio
1961107,0.16837840069468057,Baixo
1968418,0.4440120809392522,Medio
1936086,0.21880420065379866,Medio
1964650,0.2353882404324917,Medio
1968113,0.16384813880206084,Baixo
1967620,0.38937344767086307,Medio
1968268,0.0632877790645165,Baixo
1966919,0.4187866106387081,Medio
1968404,0.3818629706850326,Medio
1968395,0.1067125618336633,Baixo
1968420,0.30628186166329435,Medio
1968363,0.21701471882717763,Medio
1968406,0.17795144724654555,Baixo
1968433,0.1292383246188525,Baixo
1968438,0.29198834198694373,Medio
1967720,0.10333234238015852,Baixo
1968439,0.42136903628850114,Medio
1968426,0.44420371230948114,Medio
1968435,0.21986565407475925,Medio
1968445,0.1648138379869268,Baixo
1968437,0.3096022510513361,Medio
1968458,0.07854670837359295,Baixo
1968453,0.3749619895558401,Medio
1968454,0.17591922783977462,Baixo
1968449,0.4194687422794838,Medio
1967243,0.32687391338391303,Medio
1968408,0.1953092556182502,Baixo
1968381,0.3336416746356234,Medio
1968471,0.29951972727091064,Medio
1968264,0.11942925172386476,Baixo
1968472,0.02465457954034915,Baixo
1968462,0.4302672924528535,Medio
1967964,0.39737617853629154,Medio
1968434,0.12104776052687388,Baixo
1949479,0.0565821231916925,Baixo
1967280,0.015182620752409108,Baixo
1968474,0.3679517293654999,Medio
1968358,0.0780805845788552,Baixo
1968350,0.1561804972368472,Baixo
1959946,0.5133908298371436,Alto
1968484,0.12878352335027002,Baixo
1968509,0.15475443481285153,Baixo
1968534,0.2732489313704253,Medio
1968523,0.16922757916536843,Baixo
1968558,0.22230683779126426,Medio
1967808,0.3172103180524402,Medio
1968421,0.21113906550594644,Medio
1962720,0.2869014046428832,Medio
1968298,0.11034478952690675,Baixo
1961989,0.2220038604035336,Medio
1968531,0.30941539520418365,Medio
1968385,0.3622105217192577,Medio
1965940,0.3470113446255326,Medio
1968379,0.004886894759015923,Baixo
1968556,0.3284631336146668,Medio
1968536,0.12802079249254056,Baixo
1968554,0.17619896080638042,Baixo
1968574,0.1152381320398384,Baixo
1968480,0.3144004219756556,Medio
1968477,0.18790136032585134,Baixo
1968473,0.27467945108976277,Medio
1968218,0.23444098223806903,Medio
1967847,0.3424203273040783,Medio
1968593,0.13595159506680876,Baixo
1968586,0.2202608810843194,Medio
1968515,0.4070105869798433,Medio
1968436,0.23790062630363595,Medio
1968584,0.2872185875373167,Medio
1968535,0.3750884531104474,Medio
1958775,0.3083812644475964,Medio
1951308,0.33795439842265607,Medio
1968557,0.42735740980028775,Medio
1963441,0.19131319578113876,Baixo
1962813,0.4437582014866786,Medio
1968604,0.5421733337254178,Alto
1959940,0.18297952734261247,Baixo
1968608,0.15411650314945086,Baixo
478489,0.2088411308757143,Medio
1950999,0.4254456707492717,Medio
1774691,0.5854362582193197,Alto
1968529,0.033932831420539156,Baixo
1968618,0.18150780775348707,Baixo
1967933,0.0563727490867941,Baixo
1968647,0.036574169433394345,Baixo
1968650,0.5304091928723594,Alto
1968562,0.1603325203627465,Baixo
1968641,0.08592398414580067,Baixo
1968089,0.4501693596407563,Alto
1968374,0.1540676426758763,Baixo
1968345,0.1741304293109093,Baixo
1968656,0.1136908038705506,Baixo
1968675,0.19481272536818992,Baixo
1968626,0.5599635698774413,Alto
1968510,0.2900062656487193,Medio
1967622,0.12394154450175408,Baixo
1968674,0.32012515730622293,Medio
1967224,0.29896231439602394,Medio
1809200,0.19018096817413443,Baixo
1964453,0.23673425642756138,Medio
1968652,0.04696603932781758,Baixo
1968602,0.5543134906297096,Alto
1967748,0.37571080051927036,Medio
1963862,0.2936388662675279,Medio
1963581,0.39410729425335517,Medio
1968697,0.18961234465697088,Baixo
1944222,0.18879893546990464,Baixo
1968704,0.16710629917799788,Baixo
1951936,0.5142121749063577,Alto
1895114,0.3060310607602459,Medio
1952407,0.12196741695419208,Baixo
1968715,0.11165916663031321,Baixo
1963199,0.3687769796399225,Medio
1968733,0.25876054454112424,Medio
1967577,0.5468494937562387,Alto
1968706,0.21287897084357474,Medio
1959302,0.33230087594664937,Medio
1959477,0.41697989599780627,Medio
1968651,0.10221496110450291,Baixo
1963044,0.231718020602607,Medio
1966827,0.33784847288553627,Medio
1968767,0.0663408070675543,Baixo
1963880,0.46649354463451553,Alto
1968736,0.3151047810919007,Medio
1967254,0.1449485531561559,Baixo
1968797,0.3112500296186596,Medio
1968705,0.4359515198957674,Medio
1968493,0.4443874100862941,Medio
1961217,0.25340612059256384,Medio
1959245,0.4627205826212162,Alto
1968766,0.04737975230335674,Baixo
1497134,0.18804274910096536,Baixo
1798122,0.3627350441220953,Medio
1963040,0.14879319486946524,Baixo
1968734,0.3135362608011371,Medio
1968811,0.3822090033501979,Medio
1968727,0.30104559670946385,Medio
1960263,0.22660525836697434,Medio
1968824,0.46305996586231934,Alto
1955685,0.21437373522007744,Medio
1968630,0.22077030506005488,Medio
1968239,0.0637955862137637,Baixo
1966255,0.5331144985402324,Alto
1967053,0.21884469933260398,Medio
1957275,0.2169336138670661,Medio
1968814,0.02078655518144729,Baixo
1968827,0.25106471197193386,Medio
1968818,0.36952334284947846,Medio
1968838,0.26926611363052316,Medio
1968828,0.11814608259280068,Baixo
1968810,0.18700101478102532,Baixo
1968845,0.4762466314377307,Alto
1964054,0.15440246790282103,Baixo
1965942,0.060239179742383374,Baixo
1963881,0.2920041520076785,Medio
1963042,0.21679931780586237,Medio
1968597,0.12241180335870665,Baixo
1966792,0.4195029071031626,Medio
1966691,0.44593419270385387,Medio
1934865,0.3698947155820703,Medio
1968479,0.07965078984464483,Baixo
1968262,0.4909946190183115,Alto
1968549,0.3329782349691502,Medio
1968569,0.3172103339308122,Medio
1968856,0.05942105977481489,Baixo
1968822,0.10409696317007196,Baixo
1942685,0.12250882472930787,Baixo
1964988,0.06677628897514021,Baixo
1968540,0.12529780954561168,Baixo
1968163,0.31363887329560675,Medio
1968857,0.4697203500608569,Alto
1968872,0.20804433803732572,Medio
1966102,0.09947303808983031,Baixo
1967523,0.31776889754267085,Medio
1968800,0.20093787598741406,Medio
1968902,0.19515629621789585,Baixo
1968739,0.2778658773301679,Medio
1967777,0.2594545572479012,Medio
1968721,0.10742813044591207,Baixo
1968883,0.008942422316194703,Baixo
1966957,0.16111918423951974,Baixo
1947652,0.22549378654233487,Medio
1968916,0.25028498692816403,Medio
1968906,0.4163866602702819,Medio
1967286,0.21461484643998407,Medio
1968861,0.6390328958993408,Alto
1958325,0.4415064259957707,Medio
1968887,0.2771301773051119,Medio
1968666,0.09422363078289799,Baixo
1968776,0.20148512644409902,Medio
1967531,0.6273021873784431,Alto
1963330,0.13727172760594242,Baixo
1968938,0.16022746771899682,Baixo
1968929,0.23325689861727164,Medio
1968850,0.2784146664809554,Medio
1968530,0.184253913136388,Baixo
1968943,0.30256829712081257,Medio
1963589,0.3299041315115827,Medio
1968944,0.07286610103429009,Baixo
1968870,0.2324203679482594,Medio
1966243,0.44938011947091433,Medio
1968970,0.11450169202437098,Baixo
1968969,0.3407257260269234,Medio
1947420,0.04472531558712293,Baixo
1928705,0.14866294944200872,Baixo
1937902,0.18713532202799485,Baixo
1967289,0.23704008539743535,Medio
1960085,0.162595686416682,Baixo
1965297,0.4753215229614597,Alto
1968974,0.09805304097628668,Baixo
1968541,0.2548996253768678,Medio
1968693,0.42192189580716943,Medio
1966092,0.26819800432657714,Medio
1968990,0.23041026109513915,Medio
1966003,0.1471373268466089,Baixo
1966336,0.3117196119849813,Medio
1968725,0.07328248928226841,Baixo
1969002,0.17207050442498045,Baixo
1968997,0.26958804900539785,Medio
1969009,0.2562509450951328,Medio
1969011,0.3410307317115378,Medio
1969020,0.1052539533684655,Baixo
1967845,0.10408321306506899,Baixo
1965399,0.29861110143715536,Medio
1969035,0.27631251003527174,Medio
1969038,0.13725436605498853,Baixo
1968742,0.15479698146578524,Baixo
1964838,0.4728879407333247,Alto
1969066,0.1963040859419139,Baixo
1969054,0.18022255759266223,Baixo
1969081,0.2522351050765146,Medio
1969079,0.17562236991062774,Baixo
1686129,0.5494961660342744,Alto
1969078,0.24995137743033083,Medio
1969102,0.1534598303995375,Baixo
1969083,0.08940842023830278,Baixo
1966080,0.5572653350521849,Alto
1969100,0.22538973453228783,Medio
1966065,0.12137915204897624,Baixo
1969110,0.06194074051957281,Baixo
1969109,0.21907134079292048,Medio
1959814,0.26646461220804063,Medio
1969084,0.052981787172084537,Baixo
1965435,0.6490395130541934,Alto
1969089,0.04135433538044237,Baixo
1968646,0.4256407613004022,Medio
1969115,0.09265593371019684,Baixo
1969114,0.3481087252816352,Medio
1969040,0.3689737857910789,Medio
1967033,0.18217205561418917,Baixo
1969062,0.23785679524793793,Medio
1966310,0.015488327373383255,Baixo
1967942,0.2949930462602351,Medio
1968877,0.09849285117933397,Baixo
1968594,0.1452403229340577,Baixo
1968830,0.04918334002556068,Baixo
1969135,0.2703230703982446,Medio
1969130,0.04473970825122126,Baixo
1969016,0.283306935686544,Medio
1957321,0.31541547454902435,Medio
1968057,0.07613174617750523,Baixo
1968803,0.24010567980699477,Medio
1967834,0.1991332408155406,Baixo
1969142,0.12273560501410226,Baixo
1969141,0.3505014461650987,Medio
1965924,0.3273663891529321,Medio
1969136,0.08506420107981666,Baixo
1969123,0.2036227691242053,Medio
1968566,0.16648850924276629,Baixo
1962706,0.3997946548591599,Medio
1969150,0.14113322688797517,Baixo
1966599,0.17712762219375947,Baixo
1969107,0.17706693067053958,Baixo
1969161,0.38899224548482814,Medio
1966322,0.19253662232301652,Baixo
1962142,0.43304428587085236,Medio
1969178,0.06032880705239357,Baixo
1969160,0.1412626909397827,Baixo
1969175,0.3475311726080638,Medio
1960393,0.48981376694817713,Alto
1853768,0.1640079390196268,Baixo
1969197,0.5680563341343459,Alto
1966456,0.15837570150572816,Baixo
1969185,0.20969943552639347,Medio
1964509,0.4017056862653632,Medio
1969177,0.22648736533650757,Medio
1968524,0.4115563671874887,Medio
1969223,0.2908754538334563,Medio
1969229,0.4420842101069644,Medio
1969133,0.4553247456552501,Alto
1969237,0.13512030751536117,Baixo
1960084,0.10962446814203965,Baixo
1969231,0.10534358648106198,Baixo
1944163,0.25718621727110996,Medio
1968123,0.17329302669286575,Baixo
1969250,0.14468093050080855,Baixo
1951329,0.047683544008663654,Baixo
1967769,0.2816974593848389,Medio
1969164,0.24310159502774611,Medio
1956464,0.4691816624637488,Alto
1969282,0.2647664018653031,Medio
1969065,0.17022030426213305,Baixo
1968841,0.20661452334481492,Medio
1969264,0.1690492906478428,Baixo
1969266,0.3439321349819308,Medio
1969253,0.13837540223395792,Baixo
1968293,0.07188967040623616,Baixo
1969204,0.08338229610444851,Baixo
1969159,0.11027502301496472,Baixo
1958170,0.5184613419902507,Alto
1969243,0.2944738267079966,Medio
1969272,0.12721575425153925,Baixo
1968391,0.31973220782806333,Medio
1964736,0.43191883087695243,Medio
1969127,0.4799046748915989,Alto
1969188,0.3443163846104234,Medio
1968180,0.2666383330177344,Medio
1969303,0.29438483931255766,Medio
1969196,0.07826973485930307,Baixo
1969301,0.15246290571159188,Baixo
1967173,0.17135742491628297,Baixo
1969318,0.39645767648775954,Medio
1969317,0.09727333963536523,Baixo
1964021,0.3207524406701871,Medio
1969283,0.18371695730444318,Baixo
1969273,0.35011560487339066,Medio
1969321,0.2163036118407583,Medio
1969326,0.24220183636214926,Medio
1969307,0.21333423942532803,Medio
1969334,0.14071154909723865,Baixo
1969338,0.18162296722477275,Baixo
1969330,0.31085004417175904,Medio
1968738,0.20227387948992842,Medio
1966565,0.12364142575914021,Baixo
1969345,0.18540290266789436,Baixo
1969353,0.2524960034098705,Medio
1969235,0.07729818811753197,Baixo
1969355,0.14906162023432815,Baixo
1967788,0.26347864298037016,Medio
1969368,0.26236822845189733,Medio
1969367,0.261189553312668,Medio
1945186,0.2138616461383892,Medio
1969379,0.04021541807288725,Baixo
1969293,0.4178138195475188,Medio
1969234,0.3397694311749061,Medio
1969391,0.13234792283352947,Baixo
1967526,0.23425496249787414,Medio
1968683,0.13376300830877486,Baixo
1966164,0.1910486941995774,Baixo
1961520,0.2900607736365438,Medio
1966473,0.4519888238245741,Alto
1965193,0.11012399097714724,Baixo
1969407,0.04911518294741605,Baixo
1969202,0.3763302913823271,Medio
1969277,0.4337602780241183,Medio
1967257,0.620728299570798,Alto
1969405,0.13048064022701036,Baixo
1968905,0.13318174812512007,Baixo
1969420,0.2520934866451775,Medio
1969315,0.26255768937313056,Medio
1969424,0.3734398327267954,Medio
1969408,0.0924096329279477,Baixo
1969431,0.16744783783626693,Baixo
1968476,0.3945272170500048,Medio
1969430,0.46349277623992025,Alto
1969429,0.2268264795979171,Medio
1969448,0.37549184227075777,Medio
1969464,0.03717648018621921,Baixo
1969213,0.27119802827438694,Medio
1965224,0.10918775708187949,Baixo
1969440,0.09666509581092324,Baixo
1969404,0.28926070828723793,Medio
1968397,0.6562473275528957,Alto
1969423,0.13306671813141355,Baixo
1969469,0.24745639118586576,Medio
1969485,0.2946593329349165,Medio
1969519,0.5990042095342869,Alto
1969518,0.2633580552600198,Medio
1969509,0.37563727673487884,Medio
1969494,0.15080982915505775,Baixo
1969495,0.12487029142640121,Baixo
1967903,0.09675543656522649,Baixo
1969556,0.16411515516075684,Baixo
1969522,0.1907675558168773,Baixo
1969521,0.25741433830252164,Medio
1969536,0.16759849179878586,Baixo
1969526,0.12267608924311581,Baixo
1969446,0.2872135102925614,Medio
1969564,0.11460225161529777,Baixo
1968326,0.11979899061193637,Baixo
1968795,0.35281617654847,Medio
1969560,0.1651029062556397,Baixo
1966217,0.2896749794951574,Medio
1969601,0.09466674912426312,Baixo
1969598,0.17845736013928937,Baixo
1962589,0.1359449277439223,Baixo
1969585,0.058284770554159045,Baixo
1969470,0.1948105527810183,Baixo
1969606,0.17131243398591905,Baixo
1969596,0.21487847701901025,Medio
1969605,0.24663523085104472,Medio
1969565,0.22664188940822974,Medio
1969611,0.32979265517025325,Medio
1969579,0.24824420386637558,Medio
1969590,0.47792401967412385,Alto
1969320,0.32484027706826557,Medio
1969612,0.4508458506491779,Alto
1969603,0.18220301020949736,Baixo
1969618,0.4009352823895194,Medio
1969625,0.397330669463971,Medio
1968482,0.18669926744055812,Baixo
1969278,0.0407161306862509,Baixo
1969624,0.2446996507391101,Medio
1967098,0.35066278635662357,Medio
1968067,0.25637802642734464,Medio
1969182,0.1969714571057308,Baixo
1969461,0.10556699206036908,Baixo
1968595,0.2720824189541818,Medio
1968428,0.2604954624656986,Medio
1966261,0.34852863564560554,Medio
1969667,0.19148863701868685,Baixo
1969676,0.3861321044367099,Medio
1969674,0.09433741645181032,Baixo
1969671,0.1201340400883096,Baixo
1969672,0.41008770313393916,Medio
1969489,0.21655308048900984,Medio
1969643,0.24132511360212733,Medio
1969647,0.10178408593687534,Baixo
1969651,0.17895004862000935,Baixo
1969638,0.24325241122067778,Medio
1969589,0.08649249196390735,Baixo
1969706,0.12923844557508862,Baixo
1969425,0.2506550462192761,Medio
1969537,0.11317186440265524,Baixo
1945282,0.24016592067011,Medio
1969116,0.16433379250820576,Baixo
1969670,0.10175459264841057,Baixo
1968419,0.3215870323830644,Medio
1969768,0.2746504080925195,Medio
1969655,0.31811335567820653,Medio
1969747,0.2778227974285033,Medio
1969779,0.1314778337029108,Baixo
1969566,0.2086983995333085,Medio
1969570,0.4916547661622029,Alto
1969764,0.22744814212742054,Medio
1969773,0.298746904601903,Medio
1969801,0.32388170391240345,Medio
1969770,0.2162110145895424,Medio
1969628,0.614333715898,Alto
1969806,0.1639200597859877,Baixo
1969785,0.09476400798106659,Baixo
1969790,0.4278853729444683,Medio
1969831,0.1581957296789468,Baixo
1969767,0.2349795512869764,Medio
1969661,0.28536202421072754,Medio
1969562,0.12096485846489809,Baixo
1969640,0.2925188047394152,Medio
1969835,0.28614225607537813,Medio
1969360,0.1948592718766498,Baixo
1951641,0.4248378615197932,Medio
1963924,0.3080765098591518,Medio
1967179,0.25723313532947056,Medio
1962728,0.43091938097280064,Medio
1969254,0.21759284342607005,Medio
1969847,0.25393608627739356,Medio
1954829,0.1329266926809517,Baixo
1969549,0.5430446925176186,Alto
1969866,0.5318822914518425,Alto
1969863,0.168432409520427,Baixo
1969874,0.06469757600640225,Baixo
1968031,0.2921107847828349,Medio
1967796,0.26927804827354584,Medio
1966664,0.18749780934316818,Baixo
1969876,0.4113693906997092,Medio
1969865,0.41984517047412667,Medio
1969897,0.282140795164049,Medio
1969892,0.40967389594035064,Medio
1965715,0.18726413087086077,Baixo
1969844,0.039265589756796074,Baixo
1969900,0.3264749756680562,Medio
1966873,0.18519469559740734,Baixo
1966264,0.13125761806991346,Baixo
1969354,0.3908947451756764,Medio
1969609,0.1240375106868598,Baixo
1969928,0.4123534206039321,Medio
1969917,0.23773500331351244,Medio
1969778,0.2020799450021719,Medio
1960613,0.5104209274296072,Alto
1969936,0.1357738022533174,Baixo
1967193,0.48762841122333184,Alto
1969789,0.28425265251858267,Medio
1966285,0.23592825161247857,Medio
1969953,0.32892578178209064,Medio
1969959,0.2916046768910775,Medio
1969954,0.14471068020308733,Baixo
1969346,0.1311486639370927,Baixo
1969487,0.19775099503931232,Baixo
1944064,0.43787662934770916,Medio
1969977,0.24894878705434328,Medio
1969899,0.33816573553504736,Medio
1762703,0.13950342256517065,Baixo
1956037,0.311181228322634,Medio
1968648,0.1249089859077757,Baixo
1970001,0.2785044793398791,Medio
1970005,0.21939519026894672,Medio
1969980,0.3011253157525624,Medio
1969903,0.06655781798948476,Baixo
1969294,0.5147633388944337,Alto
1966286,0.1171670674328441,Baixo
1970008,0.15262658060941736,Baixo
1970019,0.2151014370326198,Medio
1970023,0.2897009298481633,Medio
1970012,0.11343168975535906,Baixo
1969932,0.540198991444726,Alto
1970027,0.31614939469062014,Medio
1968024,0.621753207490442,Alto
1962929,0.42320466119072764,Medio
1970014,0.3582614159478667,Medio
1970032,0.28076273048907996,Medio
1896545,0.31966260966379173,Medio
1970044,0.07590468936820599,Baixo
1970037,0.3060664661078081,Medio
1938274,0.23441075747992252,Medio
1970047,0.04856947664007744,Baixo
1970017,0.1602683223295427,Baixo
1968758,0.36031392339979235,Medio
1968813,0.16686595116880631,Baixo
1970040,0.1355235843663992,Baixo
1965189,0.17396341778128455,Baixo
1970072,0.2560734934571067,Medio
1966786,0.1950934942341211,Baixo
1968086,0.3610408726628238,Medio
1970061,0.26268416065541556,Medio
1968926,0.25880202476630365,Medio
1970057,0.175143174722384,Baixo
1961194,0.3774893760175206,Medio
1969930,0.07957844621879318,Baixo
1968465,0.25640345499880124,Medio
1970000,0.16440471336993087,Baixo
1970068,0.06792939222050762,Baixo
1969281,0.07836593155170452,Baixo
1970096,0.2358131386508002,Medio
1968094,0.20003375581789945,Medio
1966108,0.37702338577081546,Medio
1970045,0.42731908636470733,Medio
1948040,0.2090267376950129,Medio
1970093,0.28214699969107965,Medio
1712854,0.12527622920238374,Baixo
1969975,0.12292417324017096,Baixo
1968605,0.2121065827968259,Medio
1968836,0.3908192600772951,Medio
1970100,0.3402633694554012,Medio
1969377,0.22710756324909875,Medio
1970117,0.3190505897740531,Medio
1970125,0.0681394742301329,Baixo
1969819,0.259183098781167,Medio
1968664,0.13393415689529203,Baixo
1970139,0.19286390103431406,Baixo
1970149,0.358314559047672,Medio
1959203,0.21040669551378366,Medio
1970129,0.28306294959764067,Medio
1956107,0.018009568087144365,Baixo
1969887,0.3781095468588919,Medio
1970163,0.12895628981850232,Baixo
1970165,0.06564607839243443,Baixo
1970158,0.27413284716604824,Medio
1970146,0.10492716057523105,Baixo
1969577,0.12242038494620575,Baixo
1970081,0.12417889000685686,Baixo
1970179,0.26225153227489983,Medio
1970136,0.3160864633426152,Medio
1970189,0.29832948207459686,Medio
1969730,0.19670385681949237,Baixo
1970169,0.24324222324361094,Medio
1964095,0.3937217545867896,Medio
1970198,0.38671378037817467,Medio
1970191,0.12972232039441936,Baixo
1970192,0.3012341244857824,Medio
1970132,0.4886250856886022,Alto
1967657,0.24380902858919945,Medio
1970197,0.19063382454163053,Baixo
1964255,0.34168712672887275,Medio
1970204,0.03439496630712348,Baixo
1970208,0.2816466136911009,Medio
1968718,0.36435750562656244,Medio
1969898,0.12002481056994255,Baixo
1969839,0.16556522875800966,Baixo
1970236,0.2940498914306836,Medio
1970227,0.19544144382319836,Baixo
1969472,0.27027623964521263,Medio
1969501,0.4203938873332355,Medio
1958865,0.2821815204011812,Medio
1679887,0.4044641235146412,Medio
1970240,0.3437972540879565,Medio
1969979,0.0555720887035855,Baixo
1962914,0.19308368308255894,Baixo
1968865,0.3822297511729632,Medio
1967982,0.20537923162022698,Medio
1968455,0.0625980868575099,Baixo
1969649,0.3859074316708473,Medio
1970231,0.07577798262885452,Baixo
1957100,0.436080344200682,Medio
1969808,0.11309317329768756,Baixo
1969291,0.13826782522838968,Baixo
1676103,0.10433558452913212,Baixo
1969923,0.3203130431598244,Medio
1968412,0.17794133100282467,Baixo
1970137,0.2581598807113939,Medio
1969832,0.07822548241314572,Baixo
1966360,0.15456354263224956,Baixo
1969946,0.24781498294323476,Medio
1961755,0.4007910910967072,Medio
1970258,0.008829518278086698,Baixo
1967673,0.4488468405555774,Medio
1969916,0.1939723135600153,Baixo
1970253,0.48014788173448275,Alto
1968141,0.018114140075393255,Baixo
1969830,0.2311311850530371,Medio
1968259,0.2703342534497181,Medio
1970244,0.0632183317668472,Baixo
1970283,0.11581530830695604,Baixo
1970216,0.2501196217967431,Medio
1970251,0.18114146436340822,Baixo
1970273,0.05231668019071875,Baixo
1968882,0.13275476539568826,Baixo
1969776,0.18121843565694043,Baixo
1964375,0.587334015593762,Alto
1969940,0.1335106424969417,Baixo
1956094,0.49068091065850666,Alto
1970059,0.3244740636143359,Medio
1968937,0.18100374494386437,Baixo
1970300,0.2953424045359624,Medio
1969015,0.22214515356409079,Medio
1970295,0.25322139143487593,Medio
1951104,0.2399086228125566,Medio
1968323,0.02020576767848893,Baixo
1967075,0.18974861655305922,Baixo
1861906,0.162849315129736,Baixo
1970311,0.37728140885390854,Medio
1967268,0.3542289882412971,Medio
1970312,0.11398169875646126,Baixo
1970285,0.14363397768331476,Baixo
1970323,0.39098206593510143,Medio
1969383,0.2043958782813073,Medio
1960700,0.37779550694257175,Medio
1970343,0.43498237844587817,Medio
1958040,0.5068665320765133,Alto
1970276,0.198285519089389,Baixo
1970350,0.11356107924411726,Baixo
1966129,0.11485814174168774,Baixo
1970319,0.125662988235201,Baixo
1970388,0.25757907043005795,Medio
1964871,0.16456921403769145,Baixo
1962725,0.4279003978826205,Medio
1969511,0.2854805080065027,Medio
1970351,0.5774844452322924,Alto
1970358,0.4128328412628023,Medio
1968316,0.32314540443391665,Medio
1965966,0.1818187092360336,Baixo
1969459,0.18618551088216526,Baixo
1968654,0.07087010994191366,Baixo
1970228,0.20782236683236258,Medio
1843770,0.175893392159215,Baixo
1969820,0.15460321908606134,Baixo
1970347,0.4862165240259235,Alto
1970363,0.3234350591352078,Medio
1970370,0.2037668852581696,Medio
1970317,0.14983100668928095,Baixo
1960482,0.27317776232970636,Medio
1460949,0.6614655813796483,Alto
1970348,0.13820533301574262,Baixo
1966505,0.21808318491587786,Medio
1968833,0.10541380714381751,Baixo
1970393,0.16763486110381343,Baixo
1970399,0.4959315324482605,Alto
1970171,0.4680404197975754,Alto
1970413,0.27906169642687517,Medio
1967859,0.46471562894615737,Alto
1967161,0.21464040622132688,Medio
1969569,0.16617452462821233,Baixo
1970407,0.3383613172439196,Medio
1966458,0.261914523823823,Medio
1969137,0.2949474625433916,Medio
1970378,0.18718070255623137,Baixo
1961179,0.28343655408483764,Medio
1970446,0.010578919282587213,Baixo
1970441,0.19631235833104363,Baixo
1970444,0.23038029004761293,Medio
1970426,0.14787255870070995,Baixo
1960692,0.40566505127512026,Medio
1969439,0.44987541676349824,Medio
1970450,0.6169308296143992,Alto
1952947,0.20094952345601266,Medio
1968219,0.1941584705529743,Baixo
1970460,0.2684805713959579,Medio
1970465,0.17349730245252779,Baixo
1970452,0.16078616340163038,Baixo
1968405,0.052785335881577744,Baixo
1970069,0.34269715544105106,Medio
1964457,0.12573473131381444,Baixo
1967237,0.3077809256281939,Medio
1970080,0.2460013059586452,Medio
1967026,0.4172626933921203,Medio
1970462,0.1435579541262723,Baixo
1970481,0.44003593605052377,Medio
1970489,0.15343483990744128,Baixo
1970256,0.1815968531737674,Baixo
1953019,0.21629042296934217,Medio
1968993,0.25177263985598763,Medio
1970497,0.15484282876574,Baixo
1970473,0.21422308204781554,Medio
1970259,0.126004968540509,Baixo
1970245,0.25555587549319064,Medio
1969535,0.5208771242623867,Alto
1970488,0.40391998990541683,Medio
1970492,0.42929434867693,Medio
1970508,0.372479309660142,Medio
1970510,0.2923439085802576,Medio
1970470,0.15307749333745865,Baixo
1970498,0.5249670723661791,Alto
1969840,0.27086321893324616,Medio
1970516,0.34570356226989235,Medio
1970505,0.41004751342946505,Medio
1970328,0.23996053146414117,Medio
1970513,0.2924777326850555,Medio
1953275,0.15825299148429123,Baixo
1970511,0.3242886153218294,Medio
1969529,0.2303198076109973,Medio
1970334,0.5238982640601918,Alto
1969795,0.10082063322635354,Baixo
1970530,0.265594870150965,Medio
1970535,0.44309166129318833,Medio
1970542,0.35924552876728083,Medio
1970524,0.18301255017612206,Baixo
1970537,0.3033281218905393,Medio
1970478,0.05587258924499906,Baixo
1969911,0.12785081565471923,Baixo
1970534,0.409948336542245,Medio
1968662,0.4052816678462124,Medio
1970463,0.1707963654297668,Baixo
1969527,0.21966382959015301,Medio
1970310,0.21926445959933621,Medio
1970539,0.0520945574154776,Baixo
1970443,0.1997574744606442,Baixo
1967011,0.09555365134890578,Baixo
1970509,0.3864590827951937,Medio
1970147,0.21149596424443512,Medio
1959249,0.5461661493732805,Alto
1970367,0.14088693280033787,Baixo
1970406,0.372574006814087,Medio
1969312,0.15861952997984874,Baixo
1969041,0.13883675555900332,Baixo
1968545,0.45242882661376616,Alto
1968258,0.09864573387705326,Baixo
1966840,0.15465114476992317,Baixo
1970496,0.0676369215762624,Baixo
1970553,0.0678057016620446,Baixo
1970475,0.31834193494892826,Medio
1970512,0.4447374745675921,Medio
1970415,0.1049893183590954,Baixo
1818417,0.07003948142743655,Baixo
1969756,0.32947712448326616,Medio
1969812,0.2019086652881281,Medio
1967706,0.0556151516408451,Baixo
1833233,0.17889076289786357,Baixo
1967716,0.2514547211840833,Medio
1970123,0.19737107014949296,Baixo
1970552,0.1856623794869917,Baixo
1970563,0.26822307785640825,Medio
1955754,0.14221699300175036,Baixo
1970024,0.5137659062837511,Alto
1970584,0.3206278332682741,Medio
1968182,0.15003818804244884,Baixo
1961154,0.10930795900106667,Baixo
1961123,0.1447708372931688,Baixo
1970515,0.08590898276741502,Baixo
1970386,0.05328821947291347,Baixo
1970603,0.4525242838269282,Alto
1945586,0.1642497485983621,Baixo
1970503,0.15718348877838817,Baixo
1966856,0.14268654353282084,Baixo
1958373,0.4945897409032567,Alto
1970612,0.36042711065191413,Medio
1963542,0.43636861226439355,Medio
1966284,0.2984410282233219,Medio
1964297,0.16094027172729614,Baixo
1970617,0.3233815939504329,Medio
1949132,0.27111315194110475,Medio
1970556,0.08820022232317402,Baixo
1969396,0.0812046898533788,Baixo
1970487,0.1930746658025187,Baixo
1962322,0.23582248442069412,Medio
859308,0.14058175125930136,Baixo
1970479,0.045281892970182376,Baixo
1968819,0.32495797096268564,Medio
1970625,0.20183767643888073,Medio
1969221,0.5851211574252149,Alto
1965326,0.2972075021875592,Medio
1970632,0.2777900613546746,Medio
1967575,0.21879680823383615,Medio
1970641,0.21192875317923252,Medio
1936293,0.24569327349256603,Medio
1966189,0.34828235434395416,Medio
1970642,0.13005767346900465,Baixo
1970649,0.005861298329183715,Baixo
1959884,0.3178912270908714,Medio
1969426,0.45283103975298467,Alto
1963704,0.3220403020575139,Medio
1970635,0.06864935657200275,Baixo
1970628,0.23760780709306623,Medio
1970643,0.14760406814139845,Baixo
1967278,0.36102551386503,Medio
1966929,0.32464529780681717,Medio
1970654,0.06762351766353213,Baixo
1966141,0.08536646175039929,Baixo
1970458,0.16324035011272064,Baixo
1966909,0.2937589607378594,Medio
1873005,0.0968883506762476,Baixo
1970660,0.26648035129069375,Medio
1969669,0.1898473657595721,Baixo
1951218,0.377531901753544,Medio
1970668,0.10948264733194688,Baixo
1970666,0.22149002201473061,Medio
1970664,0.14666362760110227,Baixo
1969395,0.09705889441712306,Baixo
1969422,0.46471755264040016,Alto
1970670,0.32869033793667335,Medio
1970677,0.1584630085191814,Baixo
1969648,0.3343684648060042,Medio
1957011,0.3096837573283397,Medio
1969218,0.06522047121260616,Baixo
1957903,0.23874353023939232,Medio
1969208,0.15840636318846965,Baixo
1970467,0.07677317213494782,Baixo
1967851,0.10213751170941487,Baixo
1970596,0.017700150028261304,Baixo
1970703,0.2237596375718238,Medio
1970304,0.08723874742736709,Baixo
1947438,0.3101285097672727,Medio
1970440,0.08984077170957327,Baixo
1970587,0.19292740212089313,Baixo
1964899,0.3243243715891925,Medio
1968232,0.13370180691655045,Baixo
1970715,0.17753684830865715,Baixo
1970711,0.299725880094304,Medio
1970657,0.19252325603283943,Baixo
1970723,0.2940517212571974,Medio
1970724,0.21396880338380195,Medio
1964305,0.3352245582077478,Medio
1970675,0.10339841531760988,Baixo
1840094,0.1469019176310755,Baixo
1967988,0.30092364442185887,Medio
1969147,0.49478027943114167,Alto
1970693,0.1867183953952666,Baixo
1970740,0.11577276581812126,Baixo
1970586,0.3584938700505563,Medio
1970747,0.2411237268884655,Medio
1956897,0.3136205772699207,Medio
1970329,0.3522602492127016,Medio
1970762,0.3033689302050626,Medio
1970760,0.23813860493441402,Medio
1970738,0.3692840550611746,Medio
1970773,0.2611169134210043,Medio
1969530,0.15033606505166527,Baixo
1952406,0.28597725849237304,Medio
1970777,0.1399136385616568,Baixo
1970795,0.05520156045105193,Baixo
1968470,0.2903671563874598,Medio
1969641,0.13484530624354654,Baixo
1970802,0.05801831614980362,Baixo
1970772,0.3985926820384532,Medio
1970796,0.1922661739264485,Baixo
1970804,0.16944734177219084,Baixo
1970816,0.26889249132934817,Medio
1968880,0.15275759420619206,Baixo
1970798,0.2870540735803398,Medio
1970784,0.06353336929443368,Baixo
1970812,0.33213371920325846,Medio
1970821,0.39949932357876317,Medio
1968930,0.253068857161481,Medio
1954663,0.2537365923343705,Medio
1970758,0.2798648930575729,Medio
1933124,0.19399540740993035,Baixo
1970142,0.20816254584869268,Medio
1970800,0.2914286886431525,Medio
1966405,0.584050825983844,Alto
1970854,0.09717414795098742,Baixo
1970845,0.22554611382426473,Medio
1970837,0.25050514483311104,Medio
1720187,0.17110993957932988,Baixo
1570875,0.43026261233000723,Medio
1970858,0.16746408067138824,Baixo
1970855,0.10733560285519668,Baixo
1970834,0.10699492240671904,Baixo
1968307,0.6177395193522421,Alto
1970835,0.26695057841524156,Medio
1961936,0.15295444834199784,Baixo
1970873,0.25867057230147283,Medio
1970425,0.29087275888247843,Medio
1970849,0.10122207593669115,Baixo
1970884,0.08387170225668876,Baixo
1970869,0.4474117715983962,Medio
1969833,0.4088893610216783,Medio
1968583,0.5722982023458204,Alto
1968478,0.11308023842323194,Baixo
1970859,0.15895670133609427,Baixo
1968162,0.22519498235154115,Medio
1967305,0.11403563462548086,Baixo
1968577,0.5469154213620188,Alto
1970889,0.05108368119124493,Baixo
1970903,0.011615833632203134,Baixo
1969550,0.5124576492371842,Alto
1970856,0.3386593591613642,Medio
1970805,0.18592818455120438,Baixo
1970899,0.11326711772117302,Baixo
1970910,0.303523919829119,Medio
1914315,0.049602133717515484,Baixo
1969815,0.09887789639851652,Baixo
1970201,0.14067916005829828,Baixo
1970907,0.013713033689778414,Baixo
1967910,0.18414252068523737,Baixo
1970233,0.15237746343130734,Baixo
1970922,0.19667052781630848,Baixo
1970927,0.10592007133565125,Baixo
1970928,0.1614073614757304,Baixo
1970926,0.11807174549015596,Baixo
1967156,0.22909903697131898,Medio
1970908,0.38003212598932556,Medio
1970941,0.2311486887223536,Medio
1958875,0.295199661097263,Medio
1970499,0.3856376330230304,Medio
1970935,0.25576533675708496,Medio
1970885,0.18003421574295514,Baixo
1969919,0.2875670608025612,Medio
1970932,0.24918487343474796,Medio
1970860,0.09698889288637026,Baixo
1968717,0.43276787418116164,Medio
1959459,0.29342559155005676,Medio
1970956,0.007746911715917203,Baixo
1966743,0.09753538153703242,Baixo
1970893,0.13691862961333143,Baixo
1970953,0.40460024729469324,Medio
1970957,0.09156541521761799,Baixo
1970951,0.14826984826121098,Baixo
1970940,0.24650078803172326,Medio
1970962,0.4032450034292002,Medio
1970699,0.3682163425605942,Medio
1970966,0.45905519296259384,Alto
1970972,0.13946275750361853,Baixo
1966314,0.2524119696545235,Medio
1967450,0.3208120157299114,Medio
1969594,0.1992205589178353,Baixo
1970984,0.23595217583333908,Medio
1969071,0.027186534947481664,Baixo
1970987,0.0845945285265458,Baixo
1970992,0.14864592390862794,Baixo
1969214,0.3394978456615499,Medio
1971002,0.13866700933796147,Baixo
1970752,0.48555863589746323,Alto
1971007,0.04596295235733842,Baixo
1971008,0.5759252328301464,Alto
1971011,0.1807676203754555,Baixo
1970672,0.15980139699946821,Baixo
1970857,0.137348195137023,Baixo
1971010,0.28819257890900474,Medio
1969180,0.16580366232313962,Baixo
1970292,0.4692433113068989,Alto
1970349,0.3705273733126447,Medio
1970904,0.07054758986299725,Baixo
1970669,0.3605786251330499,Medio
1971045,0.0524475355564689,Baixo
1971044,0.10799285172389775,Baixo
1971047,0.2692857881655978,Medio
1970599,0.4250273920490315,Medio
1971058,0.1698468840396466,Baixo
1971062,0.011659927465816898,Baixo
1971063,0.4374697706169314,Medio
1971078,0.2714918295426802,Medio
1971065,0.08785769409446009,Baixo
1971072,0.0784823835897777,Baixo
1971085,0.12188955264669465,Baixo
1960432,0.2570895884514811,Medio
1971056,0.4381658078701271,Medio
1971079,0.2084028371494752,Medio
1842648,0.405754451792128,Medio
1970550,0.18342697862919594,Baixo
1971105,0.2536663792017978,Medio
1969113,0.1545618346912074,Baixo
1971067,0.12232908792640593,Baixo
1969622,0.1484258719881891,Baixo
1970564,0.175595221303711,Baixo
1971089,0.5562445068657421,Alto
1969700,0.299373036070729,Medio
1971115,0.18622531188323982,Baixo
1971125,0.4434383325889445,Medio
1969880,0.277353137204131,Medio
1971133,0.16316250462162069,Baixo
1956333,0.21258085007622834,Medio
1971162,0.1038777983043088,Baixo
1971149,0.04654821799071342,Baixo
1971153,0.20072605665120605,Medio
1969309,0.523628849573265,Alto
1971143,0.34942121455450614,Medio
1966415,0.1336987968496856,Baixo
1971164,0.1877403964136897,Baixo
1963607,0.3562018425676748,Medio
1970780,0.25287265548388543,Medio
1970422,0.25906040034790945,Medio
1971172,0.2613654277874936,Medio
1969053,0.408760046886974,Medio
1967872,0.45020783390134705,Alto
1962737,0.5340540925413383,Alto
1949325,0.4096253056686423,Medio
1957469,0.21257830242847703,Medio
1971188,0.07147486914280868,Baixo
1971187,0.04953397026761569,Baixo
1971175,0.06800116968086053,Baixo
1969388,0.18134250202671545,Baixo
1971165,0.4764628505396824,Alto
1971215,0.23539982747372032,Medio
1971200,0.42986885033537947,Medio
1969724,0.08904514637019757,Baixo
1971199,0.007617208298992504,Baixo
1969192,0.5536006009327513,Alto
1970909,0.42854437941850493,Medio
1971167,0.49841775900856183,Alto
1971238,0.0728420966143243,Baixo
1970346,0.37490332168193974,Medio
1971226,0.1821974308502201,Baixo
1971206,0.2896662931884517,Medio
1971253,0.2310252053350308,Medio
1971236,0.3467381373203468,Medio
1971252,0.23524436930847287,Medio
1971243,0.11048106375934251,Baixo
1971283,0.1387632431885775,Baixo
1971240,0.4598842298468779,Alto
1971277,0.17096602113674833,Baixo
1971234,0.4510087177841538,Alto
1971280,0.0099732395944432,Baixo
1971038,0.16630834053610888,Baixo
1971186,0.2663990817628375,Medio
1971211,0.18662677352579557,Baixo
1971269,0.422741630385261,Medio
1970299,0.08870146848712901,Baixo
1970994,0.24982794471353909,Medio
1971285,0.15490492844920506,Baixo
1971304,0.12719209971418022,Baixo
1971306,0.10665307159650433,Baixo
1957010,0.06165074766944721,Baixo
1952754,0.50241212367189,Alto
1971270,0.29802330598054216,Medio
1971307,0.1935693860480713,Baixo
1971288,0.5196463058113363,Alto
1971341,0.06333045920322736,Baixo
1971340,0.42945529927061915,Medio
1944539,0.0675146537187632,Baixo
1971343,0.10208676883633332,Baixo
1971040,0.3083845898143281,Medio
1971229,0.26910905817989983,Medio
1969471,0.18970988583195242,Baixo
1971354,0.686757340572654,Alto
1970235,0.1746274307353685,Baixo
1971326,0.049249195487359815,Baixo
1971352,0.25082447564075006,Medio
1971349,0.01188074389932466,Baixo
1971353,0.2577039838741999,Medio
1968740,0.5911099835164036,Alto
1970701,0.3878349663418145,Medio
1970571,0.16456479878069508,Baixo
1971370,0.1980469305634678,Baixo
1970880,0.16917980262384655,Baixo
1971371,0.23082562635928788,Medio
1971389,0.3167464267243313,Medio
1971388,0.06684715617695192,Baixo
1967298,0.36676731983160704,Medio
1961090,0.4314688078031974,Medio
1971274,0.07950383188506036,Baixo
1971375,0.19258644750181553,Baixo
1971223,0.16624734471644984,Baixo
1959000,0.40511308897876,Medio
1971264,0.3021827194708318,Medio
1969169,0.3491901070003625,Medio
1970591,0.16418282379408894,Baixo
1971401,0.10708331973792545,Baixo
1971398,0.16321658140510284,Baixo
1920327,0.21757518347893143,Medio
1968144,0.29359502853034813,Medio
1969163,0.2879220274812732,Medio
1971318,0.08698409203029178,Baixo
1971404,0.22597424882350906,Medio
1969060,0.13754091323564782,Baixo
1970716,0.30187800835167283,Medio
1968692,0.11702788073273758,Baixo
1971320,0.17412407667280877,Baixo
1971346,0.09319585972692265,Baixo
1969443,0.17374066116862913,Baixo
1969434,0.25285688475589546,Medio
1966522,0.14529827032670856,Baixo
1971411,0.11018787351369909,Baixo
1971383,0.31116486141995864,Medio
1970028,0.32957846133549323,Medio
1813962,0.16820247463874272,Baixo
1971446,0.06548894169811574,Baixo
1971429,0.1097223749738246,Baixo
1971444,0.17683307755747918,Baixo
1971442,0.2611068670230487,Medio
1971422,0.21748858373022206,Medio
1971350,0.24266840521857921,Medio
1971330,0.38483720555280215,Medio
1969149,0.6180029969859753,Alto
1971449,0.22271507579532815,Medio
1971459,0.0935760586692536,Baixo
1971460,0.37584575291709355,Medio
1971469,0.2288802562293853,Medio
1971450,0.20169353101108348,Medio
1971465,0.21920864271425272,Medio
1957122,0.17389576600742657,Baixo
1971241,0.015996125296176524,Baixo
1971468,0.5356374243974047,Alto
1971055,0.26706033485408326,Medio
1967334,0.08552652789434893,Baixo
1958791,0.39202022439654644,Medio
1968252,0.07452258164755764,Baixo
1971528,0.010159208278381338,Baixo
1971477,0.13330829656540158,Baixo
1971520,0.3402664839612569,Medio
1968233,0.04523983980014871,Baixo
1971491,0.12554952834437158,Baixo
1970915,0.08631445573603867,Baixo
1971286,0.3986395107161439,Medio
1971534,0.5472609047912252,Alto
1970262,0.31326108694651056,Medio
1971516,0.2692261387696949,Medio
1971479,0.1678257030742245,Baixo
1971399,0.2721708061160075,Medio
1971506,0.1289346396988878,Baixo
1969895,0.2976007027407489,Medio
1971496,0.17554142947626036,Baixo
1971541,0.2321110674959073,Medio
1968527,0.1904147375539418,Baixo
1971552,0.15137397105121758,Baixo
1971544,0.41282484747035136,Medio
1970447,0.4450483461909651,Medio
1971554,0.2586956445243738,Medio
1971539,0.3207856426511465,Medio
1971524,0.13493525972319084,Baixo
1968359,0.24288191081795837,Medio
1967142,0.27467552826685604,Medio
1971551,0.1287685516331788,Baixo
1971560,0.39817436049445976,Medio
1971562,0.46180990411436573,Alto
1971582,0.20866790307678243,Medio
1971580,0.06978915409346409,Baixo
1968909,0.15010980024482404,Baixo
1971600,0.07704352285525776,Baixo
1971585,0.35614713984808016,Medio
1971108,0.23013396116347146,Medio
1970950,0.154518537982843,Baixo
1971603,0.0609400157890153,Baixo
1971609,0.2524334284048736,Medio
1971615,0.31082895486579054,Medio
1971618,0.4663747039202248,Alto
1970616,0.36862561420860196,Medio
1971616,0.08179261280479948,Baixo
1971292,0.14105160372912995,Baixo
1969310,0.28548084591612294,Medio
1970656,0.41606289699447285,Medio
1971626,0.09280115172813348,Baixo
1970847,0.26418977973144964,Medio
1969179,0.17310945765003755,Baixo
1967772,0.1266887466038894,Baixo
1971006,0.042976654804488895,Baixo
1971453,0.23798011321655715,Medio
1971470,0.22685189415597626,Medio
1967749,0.3232284315787153,Medio
1971632,0.02572866662315032,Baixo
1971641,0.41741109808929777,Medio
1971623,0.35460882241756847,Medio
1948251,0.07222913340550577,Baixo
1971651,0.15340973745543826,Baixo
1969187,0.1387503018405622,Baixo
1970506,0.17198492225418247,Baixo
1971645,0.41010641294113537,Medio
1971652,0.3102580068703809,Medio
1967690,0.414786248184325,Medio
1969805,0.317587297764923,Medio
1971648,0.18068924647953377,Baixo
1971664,0.1718559161112129,Baixo
1971597,0.3793933499459329,Medio
1970554,0.19673136222053478,Baixo
1971502,0.012475130382782496,Baixo
1969952,0.05491614815729848,Baixo
1971625,0.1955287630253078,Baixo
1971619,0.4277598803620505,Medio
1971684,0.02831249363781752,Baixo
1971680,0.2646965829382951,Medio
1971670,0.05161615834765252,Baixo
1954616,0.23446862693981516,Medio
1971679,0.3240019448707625,Medio
1971579,0.21118334795328556,Medio
1971705,0.45425409319296817,Alto
1971708,0.2271236782877134,Medio
1971683,0.2851073703541111,Medio
1971706,0.3319139701970999,Medio
1968118,0.3243093577650886,Medio
1915523,0.2567535343546816,Medio
1950729,0.23460256629861256,Medio
1971714,0.11542720063663538,Baixo
1971696,0.11026260385769533,Baixo
1971722,0.2096952086229429,Medio
1832734,0.38805900821727796,Medio
1971564,0.33238520989576686,Medio
1971589,0.45420956854988326,Alto
1971704,0.1767987283341983,Baixo
1970911,0.3387202357486985,Medio
1971608,0.42724735172077105,Medio
1767822,0.08088481433727743,Baixo
1970394,0.27881430180849953,Medio
1971699,0.22556733559689499,Medio
1956603,0.4478735119144687,Medio
1969969,0.0995546845893191,Baixo
1956618,0.1204875863723374,Baixo
1971497,0.34085675765108164,Medio
1971736,0.26081509708694633,Medio
1970879,0.14436944210192076,Baixo
1971754,0.16380068830296657,Baixo
1969224,0.2639796382385144,Medio
1970905,0.34917054925649754,Medio
1968413,0.3986939308516545,Medio
1971440,0.27075257005640224,Medio
1971759,0.15049547506802416,Baixo
1971748,0.26981867234541873,Medio
1971695,0.2206381329432022,Medio
1969705,0.28740971924728737,Medio
1971743,0.2561131313436278,Medio
1971563,0.38931310352990267,Medio
1971775,0.2663972187368325,Medio
1970353,0.35602724835426003,Medio
1971779,0.2180172390827213,Medio
1969450,0.11157522457286415,Baixo
1971752,0.19292815229158383,Baixo
1971773,0.22720838569325522,Medio
1971782,0.0687914371730121,Baixo
1970156,0.12612248751944152,Baixo
1971776,0.014852492929727266,Baixo
1971678,0.14993513121444474,Baixo
1971791,0.09584559394732343,Baixo
1971789,0.3716372993895182,Medio
1970257,0.23232822381072843,Medio
1971800,0.3786362250841236,Medio
1971799,0.1590924098876391,Baixo
1971709,0.4134653267114417,Medio
1971794,0.24352016781546543,Medio
1971771,0.09550778167094837,Baixo
1087159,0.42167484524879445,Medio
1971807,0.30270451030571066,Medio
1971810,0.5168620242055546,Alto
1970157,0.17087095931123397,Baixo
1971825,0.18754034681884746,Baixo
1971827,0.4490519973413911,Medio
1971841,0.10115060618723602,Baixo
1963649,0.5006401913284755,Alto
1970811,0.1719376029158853,Baixo
1971831,0.1422510127838406,Baixo
1971846,0.17629884508581864,Baixo
1971828,0.19078464783770127,Baixo
1971823,0.3426096331863723,Medio
1971845,0.1513697531294154,Baixo
1971854,0.12893106061215853,Baixo
1946517,0.12205111880724724,Baixo
1877412,0.06101806362236882,Baixo
1971853,0.46750298310818605,Alto
1971863,0.3208402907565679,Medio
1971861,0.3023784346088947,Medio
1971864,0.38436455325088176,Medio
1971871,0.19330023288649428,Baixo
1966133,0.5282792304049171,Alto
1971873,0.18485420892774618,Baixo
1968171,0.32830676398639574,Medio
1971868,0.06356596397267289,Baixo
1971867,0.08898438113314158,Baixo
1971869,0.2359050364477813,Medio
1971875,0.3790702349625327,Medio
1971862,0.37704431391645704,Medio
1970419,0.17650147447020506,Baixo
1437445,0.3202431704798493,Medio
1970529,0.14210983200650257,Baixo
1971882,0.241957445172448,Medio
1971886,0.25482486119525255,Medio
1949606,0.12249044719797733,Baixo
1971581,0.5906137560302668,Alto
1971586,0.04797121653869726,Baixo
1969099,0.46061043161460397,Alto
1971138,0.28450629896749596,Medio
1971753,0.28449681032160196,Medio
1971896,0.1086804232206808,Baixo
1968689,0.42864303211337446,Medio
1970064,0.07612348487767723,Baixo
1969339,0.31030490301183894,Medio
1971646,0.5173273969688507,Alto
1950343,0.466709649425549,Alto
1971777,0.15087555929016536,Baixo
1971897,0.10781490972059164,Baixo
1970717,0.17068045686076186,Baixo
1954209,0.2543252378488816,Medio
1971893,0.12412764834941038,Baixo
1971611,0.6162534242536112,Alto
1954869,0.41409646827626684,Medio
1971899,0.4747882033776823,Alto
1971790,0.23719517124987485,Medio
1971905,0.4189596528189686,Medio
1971365,0.11635799347815484,Baixo
1971909,0.29871007728419113,Medio
1971918,0.1597347110622253,Baixo
1971813,0.09530809290632143,Baixo
1966308,0.36839070258523243,Medio
1121268,0.0786415686971966,Baixo
1971906,0.37300655681926576,Medio
1971921,0.2840786356249293,Medio
1971924,0.2994996373504744,Medio
1971902,0.3642716783795708,Medio
1971622,0.21000114011810983,Medio
1971814,0.13686361830082555,Baixo
1953420,0.35441546014893394,Medio
1971940,0.25711677539796707,Medio
1971937,0.2951347206761132,Medio
1971946,0.2960945629644361,Medio
1971942,0.22873733962806062,Medio
1971207,0.21580564738679409,Medio
1969822,0.07278435323107367,Baixo
1971947,0.15648649555005487,Baixo
1969481,0.30862349915946247,Medio
1971923,0.19745631989906548,Baixo
1970193,0.04526577615215716,Baixo
1971881,0.12826643911442126,Baixo
1969435,0.3761142482716649,Medio
1971965,0.3523554401632032,Medio
1970546,0.18163934314656519,Baixo
1958166,0.42844189597291554,Medio
1968349,0.19133097690715561,Baixo
1971783,0.32270569399193477,Medio
1951871,0.22029404480291206,Medio
1968106,0.5170497681488303,Alto
1970398,0.017385031697606298,Baixo
1971954,0.19435183680333615,Baixo
1969620,0.33864846044401953,Medio
1971970,0.4082390167395524,Medio
1971977,0.18548035066842125,Baixo
1971976,0.4668549408961833,Alto
1971982,0.3842668042774809,Medio
1971972,0.02534393138697479,Baixo
1970690,0.3705692741771468,Medio
1971975,0.19983032732673947,Baixo
1967488,0.21786927978420312,Medio
1971990,0.14279107990401682,Baixo
1971992,0.1106227969299361,Baixo
1971163,0.27116786093296347,Medio
1971987,0.37851932446865616,Medio
1971993,0.25695279831062984,Medio
1971986,0.3009736545833959,Medio
1971983,0.03871456920309966,Baixo
1967455,0.12439870672600753,Baixo
1971974,0.2528079107838641,Medio
1971973,0.17660668393710496,Baixo
1971945,0.08776868708927457,Baixo
1971969,0.2549655898795548,Medio
1972003,0.04909236066411585,Baixo
1971707,0.18397526317579524,Baixo
1971290,0.2932381695703536,Medio
1971847,0.26893869059018805,Medio
1971576,0.2247032051796403,Medio
1972025,0.08723289015830303,Baixo
1972020,0.05826790844572624,Baixo
1944699,0.21420092881625266,Medio
1971998,0.0890969144584668,Baixo
1972024,0.4401172169586772,Medio
1972027,0.3155477971655415,Medio
1968752,0.053459690196470476,Baixo
1972031,0.21128629112413955,Medio
1961085,0.2537009970140855,Medio
1971374,0.3702745930296111,Medio
1971961,0.09419284950933189,Baixo
1971793,0.20675542590640747,Medio
1968807,0.347905069209061,Medio
1969945,0.1287393487551131,Baixo
1972045,0.3983100836248308,Medio
1972053,0.09251026733356349,Baixo
1970645,0.43055080048861155,Medio
1964847,0.14995412321676588,Baixo
1963100,0.37552478153301333,Medio
1968105,0.3179144475196197,Medio
1971796,0.07748897743781569,Baixo
1971935,0.6545104791722651,Alto
1972046,0.24374480135419485,Medio
1971723,0.15768297637120124,Baixo
1972041,0.39405316712723526,Medio
1972057,0.4486790921187078,Medio
1972054,0.3704186174350662,Medio
1972058,0.18146377879396428,Baixo
1968485,0.1876503471106057,Baixo
1972073,0.30683355173779125,Medio
1972069,0.0926971098088377,Baixo
1972083,0.4400763489890587,Medio
1972066,0.412488802595288,Medio
1964687,0.4064337485114723,Medio
1970757,0.18188686007050525,Baixo
1941530,0.6081788843587577,Alto
1972097,0.2928422225445565,Medio
1972100,0.34002953857341034,Medio
1972096,0.22721616590858945,Medio
1970819,0.3566761641175724,Medio
1966319,0.39519268754483844,Medio
1970934,0.005850239967421794,Baixo
1965234,0.10670268713994509,Baixo
1972109,0.20746769565792708,Medio
1972015,0.12756640588491747,Baixo
1972099,0.38006371182748716,Medio
1968368,0.17762990205864918,Baixo
1972084,0.40195544566675295,Medio
1942186,0.2988521494771609,Medio
1972115,0.12981220552777578,Baixo
1972118,0.29358918014396207,Medio
1967750,0.27977846185123534,Medio
1971675,0.12266040757296565,Baixo
1972120,0.10965752185820693,Baixo
1970640,0.3390399475525488,Medio
1972114,0.04523734908215925,Baixo
1972130,0.6019499704977523,Alto
1966850,0.3913230701532634,Medio
1968500,0.35443196202412847,Medio
1972127,0.3494122986532726,Medio
1972151,0.4017263307308904,Medio
1972134,0.31584258262703185,Medio
1972135,0.07984739587108809,Baixo
1972157,0.23484800624085395,Medio
1972186,0.10610507374668852,Baixo
1972191,0.25339427991286323,Medio
1969475,0.17739657341168397,Baixo
1964607,0.4644564902970123,Alto
1972199,0.0752406748166478,Baixo
1972080,0.35718444345289346,Medio
1972208,0.0516216217581544,Baixo
1972221,0.11387737770959135,Baixo
1969153,0.08143298415972387,Baixo
1972172,0.4508901610714054,Alto
1972223,0.10435815637667942,Baixo
1972218,0.17406026532419702,Baixo
1972232,0.10255527096088084,Baixo
1972235,0.49408037275499656,Alto
1972213,0.5432029686971337,Alto
1970705,0.3773023787730433,Medio
1970341,0.22509871678021762,Medio
1953076,0.3010770614969391,Medio
1970525,0.17023565812071176,Baixo
1972262,0.1203665457723103,Baixo
1972201,0.2388285185514817,Medio
1972230,0.07171021171435385,Baixo
1965534,0.16978240631829905,Baixo
1972265,0.2512533270860271,Medio
1972222,0.43914243615318865,Medio
1972260,0.20678969850932655,Medio
1972271,0.17092452119295176,Baixo
1971533,0.20898853211366056,Medio
1971911,0.3641828415174138,Medio
1972268,0.08798563633948978,Baixo
1972273,0.3428950999929658,Medio
1970076,0.21085317306516035,Medio
1972229,0.3000362628284837,Medio
1970532,0.17022241938884897,Baixo
1971244,0.339127575959918,Medio
1972108,0.22912550285097305,Medio
1971693,0.3489138777040346,Medio
1972250,0.15833950520565168,Baixo
1972285,0.42566068766251397,Medio
1970212,0.3746526248027513,Medio
1971176,0.23382606215700558,Medio
1966808,0.2888521672622956,Medio
1972111,0.3880209787194535,Medio
1972195,0.1763394627847921,Baixo
1972298,0.37403199651753055,Medio
1972184,0.6856149584147101,Alto
1972312,0.01732279115350982,Baixo
1972299,0.5726632866862751,Alto
1971927,0.2598512128037771,Medio
1968220,0.5125727225066982,Alto
1972306,0.30551746523185364,Medio
1971955,0.49401248165311235,Alto
1969415,0.31270122095662045,Medio
1961181,0.41201415860077856,Medio
1972338,0.13623379303072888,Baixo
1966104,0.6709060769368496,Alto
1972316,0.4400514747676006,Medio
1969781,0.385497504307564,Medio
1969782,0.14940803041947445,Baixo
1972356,0.14413958619215303,Baixo
1961757,0.48112684678960344,Alto
1972363,0.12218000472515149,Baixo
1972021,0.4116437809781173,Medio
1972362,0.05391779399125207,Baixo
1971721,0.37684859677799826,Medio
1972371,0.27503581906132407,Medio
1972301,0.12428051651085592,Baixo
1972383,0.35461714210558165,Medio
1972378,0.4440575017130448,Medio
1970078,0.23495337376002542,Medio
1972379,0.2760040774051716,Medio
1972347,0.4782868969581281,Alto
1971183,0.29853028696903244,Medio
1972210,0.17684032251451387,Baixo
1954836,0.003832251703211607,Baixo
1972404,0.05063020957009034,Baixo
1972211,0.1443326365352645,Baixo
1947803,0.2800483286209663,Medio
1972142,0.06555179668654874,Baixo
1972252,0.40663462851308446,Medio
1969629,0.39705152143653993,Medio
1972206,0.27223867996789963,Medio
1970844,0.23487127348951498,Medio
1972382,0.2199699000946974,Medio
1971039,0.11375203111712061,Baixo
1972381,0.05517568885597717,Baixo
1972391,0.23252164787324037,Medio
1972384,0.11633179664638699,Baixo
1972310,0.30177039783619114,Medio
1972409,0.0761505867883376,Baixo
1972322,0.21092254655453066,Medio
1972372,0.10545608299506362,Baixo
1972410,0.3181714458838808,Medio
1972307,0.370196271419913,Medio
1972421,0.12731293413631475,Baixo
1972396,0.19727306024415017,Baixo
1972438,0.4345807205858056,Medio
1972400,0.36841322003609733,Medio
1972440,0.10944331303416693,Baixo
1972374,0.02421818899928692,Baixo
1885918,0.5221935319868588,Alto
1972456,0.3818432899748262,Medio
1972464,0.16725168138416327,Baixo
1972365,0.4096442713209469,Medio
1972441,0.21000909720153543,Medio
1972452,0.3961022406454114,Medio
1972413,0.3136319795163763,Medio
1972458,0.16539310511562572,Baixo
1972444,0.31759754046479277,Medio
1972468,0.5536481626561999,Alto
1972467,0.27982741411292367,Medio
1972446,0.19956345619852758,Baixo
1970783,0.6522555749347613,Alto
1972399,0.21536390982980544,Medio
1972431,0.05598502837951037,Baixo
1972293,0.3431711114715519,Medio
1964762,0.007131237883300481,Baixo
1972433,0.09228630586103946,Baixo
1972498,0.12755619832311738,Baixo
1972463,0.12521166138213402,Baixo
1963095,0.08060358031156442,Baixo
1972488,0.2125893852531593,Medio
1972495,0.23727005752158425,Medio
1972492,0.049079721697266945,Baixo
1972453,0.42435008583188816,Medio
1972416,0.23203992909763205,Medio
1972392,0.1374948416660558,Baixo
1972508,0.250466574751992,Medio
1972455,0.6850091133822703,Alto
1972415,0.201600809541079,Medio
1951276,0.2922403924337944,Medio
1972408,0.3111922402868344,Medio
1972535,0.07058045765234096,Baixo
1972466,0.2017189042689346,Medio
1964481,0.10633993973232914,Baixo
1972544,0.5246650947634817,Alto
1972539,0.1566803268526528,Baixo
1972555,0.39708204091252003,Medio
1972541,0.14106842582818374,Baixo
1972557,0.16273796729851614,Baixo
1972560,0.034099131025713936,Baixo
1972584,0.17377078085174485,Baixo
1972525,0.44398965001078794,Medio
1900374,0.14245304341130122,Baixo
1972552,0.18817910675887534,Baixo
1972565,0.09907596144011777,Baixo
1972582,0.3964647230704647,Medio
1972577,0.23102537912486973,Medio
1972048,0.09809584750576138,Baixo
1972548,0.15623513414501042,Baixo
1972490,0.21059050751216554,Medio
1972617,0.13145702335000264,Baixo
1972520,0.2148184982623441,Medio
1972610,0.19156468259141762,Baixo
1972602,0.2929455430790651,Medio
1972547,0.25351127688021663,Medio
1972585,0.20101610449680096,Medio
1972588,0.09075269491887271,Baixo
1972625,0.19006934681055554,Baixo
1972537,0.28729460860849976,Medio
1972551,0.09702495045502799,Baixo
1972638,0.1679065944187464,Baixo
1972595,0.5068224629916918,Alto
1972628,0.12175264673855878,Baixo
1972575,0.12699018841558044,Baixo
1972355,0.4240118783284252,Medio
1972283,0.18067719150837852,Baixo
1972561,0.31325511477412465,Medio
1972183,0.17866625221300406,Baixo
1972624,0.1150843216654774,Baixo
1972652,0.31875888412866415,Medio
1972665,0.08081211823389785,Baixo
1972564,0.36204865526714486,Medio
1972631,0.2601006151865741,Medio
1972627,0.18532403414425216,Baixo
1972645,0.13662924745211344,Baixo
1972470,0.32215341247477786,Medio
1972605,0.1567438983957256,Baixo
1972696,0.37079358975763754,Medio
1972635,0.21474208423543298,Medio
1972673,0.19920946455254776,Baixo
1972611,0.13578316433206863,Baixo
1972614,0.3367729670256195,Medio
1972570,0.32353761399024983,Medio
1972679,0.21763917732002538,Medio
1972646,0.08378262749471722,Baixo
1972667,0.27032790173086346,Medio
1972641,0.2191893339707762,Medio
1972581,0.21295504980837615,Medio
1972688,0.29067206787311295,Medio
1972654,0.15925772259472723,Baixo
1972680,0.3930786296067564,Medio
1972442,0.2015667324416556,Medio
1972637,0.14140632537738343,Baixo
1972706,0.11519798531205458,Baixo
1972613,0.2521685323782377,Medio
1972022,0.1606431835103154,Baixo
1972721,0.144237617325292,Baixo
1972609,0.37143044590973856,Medio
1972730,0.06239108121008919,Baixo
1972742,0.3775455290486733,Medio
1972593,0.19403613002284928,Baixo
1972745,0.12204452057200102,Baixo
1972569,0.27553541146201427,Medio
1972683,0.1623282059812661,Baixo
1972698,0.4313734117637456,Medio
1972746,0.2748510977283728,Medio
1970943,0.10675413020874644,Baixo
1972676,0.15943171832293937,Baixo
1972689,0.15928810722736944,Baixo
1972737,0.07026466229089721,Baixo
1972747,0.2261276073664809,Medio
1972777,0.1803573351871883,Baixo
1972598,0.24719425161431277,Medio
1972775,0.24898130333100782,Medio
1972740,0.355141017060084,Medio
1972760,0.4588319127624668,Alto
1972704,0.23029824728788292,Medio
1972743,0.11902543201664954,Baixo
1972660,0.29387236874325123,Medio
1972755,0.34118178339660776,Medio
1972701,0.12712217332524203,Baixo
1972563,0.23965100354416735,Medio
1972794,0.32822542813804867,Medio
1972811,0.2571544984488585,Medio
1972772,0.2004115612601596,Medio
1972799,0.20683223468333678,Medio
1972788,0.09443109747240395,Baixo
1972690,0.3427409415152463,Medio
1969644,0.1611714026755008,Baixo
1972797,0.4182165395197338,Medio
1972784,0.6481935359214662,Alto
1972825,0.0739628015790724,Baixo
1972608,0.28933645986667045,Medio
1972138,0.3212640959809142,Medio
1972834,0.17445136637682093,Baixo
1972814,0.20506609619892016,Medio
1972867,0.40759869421045386,Medio
1972884,0.1007022768982053,Baixo
1972839,0.6209655073403367,Alto
1972840,0.18014245014691654,Baixo
1972878,0.21111831492458938,Medio
1972830,0.18493712515897417,Baixo
1972766,0.2453188241253794,Medio
1972875,0.1918555015925494,Baixo
1972903,0.2285061900295014,Medio
1972820,0.3960438561638176,Medio
1972831,0.19200293276856498,Baixo
1972713,0.08529879349821885,Baixo
1972886,0.3119767884611616,Medio
1967624,0.21381336292904538,Medio
1972924,0.25936598080566386,Medio
1972907,0.23720914330930007,Medio
1972482,0.28571835139006135,Medio
1897861,0.29120287126159045,Medio
1972967,0.180709702195439,Baixo
1972962,0.10410943749061594,Baixo
1972949,0.2389676573565585,Medio
1972976,0.11318802206198564,Baixo
1972929,0.13583702574470888,Baixo
1972968,0.10018826594812576,Baixo
1972974,0.3917486878431217,Medio
1972856,0.2319520794628876,Medio
1970655,0.3082420068841891,Medio
1966051,0.041690512058833354,Baixo
1966515,0.1909804080417066,Baixo
1972996,0.20982474330914958,Medio
1972950,0.14573290046271073,Baixo
1973004,0.5035826401919385,Alto
1972815,0.2060031378983362,Medio
1972927,0.10864304452468389,Baixo
1972992,0.0975427949819454,Baixo
1973017,0.3487568789265973,Medio
1972955,0.2030392233613952,Medio
1963520,0.5260315390973818,Alto
1973011,0.0472581663782897,Baixo
1972979,0.17432445841846955,Baixo
1973026,0.16815405069697478,Baixo
1971834,0.2180962233898891,Medio
1973023,0.43805096657538606,Medio
1973027,0.05905918421068158,Baixo
1973002,0.35534001641553015,Medio
1973024,0.17272051867697893,Baixo
1709220,0.3262237558418147,Medio
1973008,0.15410685657512826,Baixo
1972435,0.18293188152635972,Baixo
1973034,0.2381630115366019,Medio
1973076,0.3996573686059921,Medio
1973091,0.0396667676099292,Baixo
1973078,0.19020930564449848,Baixo
1973063,0.16107826461545002,Baixo
1973049,0.3269719051459773,Medio
1973099,0.3556191047606813,Medio
1973098,0.31660149052705244,Medio
1973142,0.12080158050471178,Baixo
1973138,0.14414066679131587,Baixo
1973151,0.2802244747078485,Medio
1972516,0.43731114762313983,Medio
1973167,0.07269724830633408,Baixo
1973166,0.06169715600985793,Baixo
1973174,0.18872587992725579,Baixo
1973173,0.3396570364133472,Medio
1973164,0.1019478608481893,Baixo
1973150,0.17149461773559296,Baixo
1972942,0.04710813170267277,Baixo
1973093,0.05887908171074807,Baixo
1973055,0.16006779469587895,Baixo
1973204,0.08144543707946056,Baixo
1973201,0.04493029800295212,Baixo
1973202,0.28648802767518544,Medio
1973210,0.06492963882175379,Baixo
1973214,0.16838826736851537,Baixo
1973203,0.0634580354266313,Baixo
1972412,0.3594272058388418,Medio
1970502,0.23517031643136652,Medio
1972483,0.09059349252552334,Baixo
1971325,0.2026767371914585,Medio
1973254,0.18640606053008643,Baixo
1973260,0.1010411978402459,Baixo
1973216,0.2695620071690645,Medio
1973256,0.05929561888333857,Baixo
1973281,0.1495863350962733,Baixo
1973258,0.07320036244354501,Baixo
1973176,0.24908453292548907,Medio
1973162,0.12083380352490511,Baixo
1972966,0.42280184787593805,Medio
1973277,0.1417800895729464,Baixo
1973283,0.05994344237463504,Baixo
1972543,0.12741121953542597,Baixo
1973285,0.11062441866637104,Baixo
1973255,0.22166298861407588,Medio
1973301,0.2959755867815177,Medio
1973269,0.17493417046138512,Baixo
1973328,0.26152616908346293,Medio
1973327,0.2798468679757145,Medio
1973334,0.36850628210940256,Medio
1973215,0.0802845546660119,Baixo
1973326,0.14877893563919065,Baixo
1973339,0.3629357402588223,Medio
1973325,0.2167608552739487,Medio
1087627,0.18471820872795877,Baixo
1973338,0.07284976772376778,Baixo
1973343,0.44762064090549075,Medio
1973319,0.12340890116828522,Baixo
1973361,0.19772248666120587,Baixo
1973447,0.08483321900083701,Baixo
1973378,0.0627108657337774,Baixo
1972451,0.12719050947140628,Baixo
1973433,0.3407124690889912,Medio
1973379,0.16749888707528024,Baixo
1973384,0.17892249031725813,Baixo
1973389,0.15027091049101415,Baixo
1973396,0.3779315853740635,Medio
1973492,0.2517508767807475,Medio
1973494,0.32777777001162556,Medio
1973437,0.45954989777781374,Alto
1973421,0.49026030306981244,Alto
1973409,0.3269041835289351,Medio
1973428,0.21235348487141154,Medio
1973376,0.5460567841223447,Alto
1973464,0.2498532184421598,Medio
1973375,0.25079951493204455,Medio
1973426,0.25927150504501245,Medio
1973544,0.06343396358687141,Baixo
1973475,0.11644653390153396,Baixo
1973348,0.4032505758927018,Medio
1973517,0.049167961329949585,Baixo
1973429,0.1246428889332912,Baixo
1973406,0.16637380842259547,Baixo
1973488,0.14299255688222504,Baixo
1973577,0.5371037471883932,Alto
1973598,0.18861420553768268,Baixo
1973455,0.20613501172649434,Medio
1973481,0.49181580570186306,Alto
1973498,0.3791577637651265,Medio
1973454,0.26149051382999855,Medio
1973599,0.14470671798983772,Baixo
1973547,0.27436739907639407,Medio
1973503,0.18828772071190178,Baixo
1973535,0.07573843808572275,Baixo
1973501,0.27832129758018836,Medio
1973425,0.466712731799336,Alto
1973377,0.2366882307907698,Medio
1973441,0.28773648700480264,Medio
1973442,0.3753462182600583,Medio
1973403,0.3047743819444921,Medio
1973430,0.2580226642950998,Medio
1973382,0.4457766293161606,Medio
1973394,0.22547229048970602,Medio
1973418,0.17933009924415944,Baixo
1973562,0.40393331296452756,Medio
1973549,0.500073246044985,Alto
1973508,0.3281798051919321,Medio
1973400,0.22064937642907229,Medio
1973646,0.3196090234828149,Medio
1973602,0.42407974429824963,Medio
1973460,0.08349673398429053,Baixo
1973462,0.2577871132840823,Medio
1973619,0.25686638356843405,Medio
1973452,0.43891986646120434,Medio
1973527,0.44737289492905036,Medio
1972994,0.16695371099575254,Baixo
1973358,0.07684266622192967,Baixo
1973629,0.15377008028009698,Baixo
1973401,0.22510144002959886,Medio
1973392,0.34696875874813876,Medio
1973385,0.17975403518890057,Baixo
1973557,0.16929305977305903,Baixo
1973538,0.4424209866655605,Medio
1973694,0.09898104384475892,Baixo
1973459,0.2966265384315696,Medio
1973438,0.3346097752344732,Medio
1973413,0.15457170596994063,Baixo
1973510,0.29094964602218226,Medio
1973666,0.09268549407057035,Baixo
1973564,0.22874871893556759,Medio
1973551,0.5538288400064538,Alto
1973443,0.22555947687780856,Medio
1973640,0.10923956660395757,Baixo
1973710,0.6055120912072479,Alto
1973388,0.24879232744962795,Medio
1973586,0.1204336486347281,Baixo
1973559,0.25403336134340615,Medio
1973624,0.17326044337493046,Baixo
1972964,0.29556654423953294,Medio
1973605,0.11259877218484753,Baixo
1973506,0.41389151540058733,Medio
1973515,0.10426811698872746,Baixo
1973448,0.5211730624525748,Alto
1973561,0.2121270340565203,Medio
1973458,0.1293193741540068,Baixo
1973434,0.2709511789091585,Medio
1973468,0.06419745967120635,Baixo
1973696,0.23864853249188345,Medio
1973589,0.15155347598892724,Baixo
1973374,0.2465984419392232,Medio
1973518,0.2697271123660226,Medio
1973513,0.39754154112895435,Medio
1973499,0.3329230212264989,Medio
1973511,0.40624944670596563,Medio
1973744,0.45450072947317804,Alto
1973661,0.5919338048588176,Alto
1973663,0.231304456539368,Medio
1973588,0.3829171728783779,Medio
1973758,0.15720740482059428,Baixo
1973672,0.36251111502926725,Medio
1973439,0.34450878001220153,Medio
1973773,0.2950880972412436,Medio
1973560,0.4148028410709501,Medio
1973540,0.08700298018685593,Baixo
1973346,0.18054872970057007,Baixo
1973039,0.1699993091722979,Baixo
1973423,0.13698149141669272,Baixo
1973466,0.2593690208513761,Medio
1973490,0.13618158225070487,Baixo
1973534,0.2727592503348656,Medio
1973732,0.44144846709429253,Medio
1973352,0.11703401029676887,Baixo
1973766,0.09428688773154319,Baixo
1973767,0.44274097215719005,Medio
1973721,0.4931003518524812,Alto
1973679,0.13354069432460589,Baixo
1973731,0.27105279615347005,Medio
1973801,0.41251222611141475,Medio
1973420,0.26938445698137853,Medio
1973786,0.24583590504053263,Medio
1973774,0.2732193060157401,Medio
1973548,0.15651694134974092,Baixo
1973436,0.3824076495057353,Medio
1973522,0.0526401654064813,Baixo
1973595,0.37177680678773034,Medio
1973616,0.1437014923621671,Baixo
1243634,0.5297562544804598,Alto
1973820,0.16213211288379728,Baixo
1973727,0.07805245997789664,Baixo
1973575,0.2816120129865313,Medio
1973533,0.5054560544211488,Alto
1973789,0.20929496966769348,Medio
1973571,0.4955325544266104,Alto
1973592,0.4217791908755189,Medio
1973742,0.39430491622961394,Medio
1973752,0.4316103470335865,Medio
1973782,0.22369977318750445,Medio
1973746,0.22823416831797444,Medio
1973330,0.15808722630890212,Baixo
1973373,0.3908089200890012,Medio
1973827,0.34235186768154335,Medio
1973724,0.08026599638745904,Baixo
1973796,0.4500833525574754,Alto
1973689,0.25274762082952873,Medio
1973815,0.3395223542750547,Medio
1973824,0.33758458246697326,Medio
1973614,0.4475264129479305,Medio
1973542,0.0813153222483736,Baixo
1973670,0.453884666376598,Alto
1973641,0.3247430318544226,Medio
1973580,0.31255527794660665,Medio
1973869,0.12528141807695073,Baixo
1973877,0.08498216631162389,Baixo
1973371,0.31379210242605327,Medio
1973819,0.2262717586063565,Medio
1973828,0.12416406232687421,Baixo
1973504,0.30985044600925943,Medio
1973303,0.11337751139467948,Baixo
1973862,0.2320998009874162,Medio
1973839,0.058317202085801254,Baixo
1973736,0.4832657066667007,Alto
1973410,0.4096225356253082,Medio
1973622,0.38308001086822635,Medio
1973697,0.5057754848615634,Alto
1973300,0.45369959553269723,Alto
1973903,0.211108442259785,Medio
1973656,0.10302826525734261,Baixo
1973404,0.23670491202653243,Medio
1973783,0.138598957840552,Baixo
1973671,0.1294446516018938,Baixo
1973858,0.06111829343715687,Baixo
1973738,0.3593358734260704,Medio
1973759,0.2914112938203574,Medio
1973473,0.3808467328383695,Medio
1973863,0.27018076816229747,Medio
1973889,0.5379219650810155,Alto
1973627,0.336437891276469,Medio
1973912,0.08236439608401362,Baixo
1971999,0.47584783387566965,Alto
1973897,0.07487580926228701,Baixo
1973807,0.28732516511992434,Medio
1973482,0.24927715303364348,Medio
1973958,0.2753748726281988,Medio
1973620,0.20722851838251394,Medio
1973507,0.16601140545552434,Baixo
1973794,0.20149449510334158,Medio
1966752,0.11514256331716058,Baixo
1971092,0.09967516143134944,Baixo
1973929,0.057515555137688947,Baixo
1973856,0.3000621017161118,Medio
1973669,0.41592021255348965,Medio
1973836,0.2037573115384751,Medio
1973945,0.37771008084525076,Medio
1973908,0.19195581290166644,Baixo
1973502,0.5068858479592937,Alto
1973884,0.21507138256216604,Medio
1973324,0.31776519725135594,Medio
1973232,0.1701063938086505,Baixo
1973770,0.2896808967731961,Medio
1973973,0.15999969121584084,Baixo
1973966,0.21991317513891703,Medio
1973594,0.5244170946240061,Alto
1974026,0.16468487306986504,Baixo
1973581,0.17683918013680086,Baixo
1974065,0.4235775505493327,Medio
1973479,0.5328128487227081,Alto
1974045,0.07531848055477315,Baixo
1971575,0.15997135544973443,Baixo
1971416,0.3322708070924606,Medio
1972720,0.20007271471055257,Medio
1973881,0.26844824823788194,Medio
1974054,0.4262567133662949,Medio
1973980,0.1619959168908643,Baixo
1969342,0.35643626004838846,Medio
1973304,0.10482413485547327,Baixo
1973509,0.4207618603360459,Medio
1973536,0.29518420963714503,Medio
1973756,0.3603195934838523,Medio
1974093,0.3082553919604639,Medio
1973383,0.41369680864245806,Medio
1973857,0.5558102851044026,Alto
1974033,0.13573923520170134,Baixo
1973928,0.17580177927175308,Baixo
1973726,0.17908826565439,Baixo
1973066,0.22758031805806342,Medio
1973907,0.5284172988631581,Alto
1974003,0.27975526775835907,Medio
1973440,0.2082482353157446,Medio
1974006,0.09827278120098248,Baixo
1973939,0.1906346751122328,Baixo
1973968,0.1470851334531278,Baixo
1974008,0.2088019309024907,Medio
1973469,0.44541135229383166,Medio
1974108,0.07888319609638586,Baixo
1974043,0.09161983823750249,Baixo
1973962,0.20108074647422491,Medio
1974058,0.26338575225754535,Medio
1974084,0.18162534877659817,Baixo
1973541,0.1872825788111177,Baixo
1973997,0.08821271002692849,Baixo
1973999,0.13806281631998768,Baixo
1974123,0.20648916011853014,Medio
1973631,0.26404805663942066,Medio
1974106,0.12319901737194158,Baixo
1974078,0.2907855832950213,Medio
1972943,0.13835538467394942,Baixo
1974114,0.14043853098334302,Baixo
1974063,0.5637890429649929,Alto
1974131,0.29179454762910023,Medio
1974032,0.3903729345971665,Medio
1974094,0.24074384002418323,Medio
1974137,0.25696451958256866,Medio
1974136,0.21575812258950108,Medio
1974140,0.14687496071716882,Baixo
1974199,0.49645758085959424,Alto
1973808,0.24609205576442483,Medio
1974013,0.33862567756031015,Medio
1973946,0.23032937912700716,Medio
1817394,0.06272335686352716,Baixo
1973706,0.18617716138285523,Baixo
1971421,0.5201064814078037,Alto
1974071,0.20255748175547927,Medio
1974120,0.049182788754347395,Baixo
1974162,0.08266300663510756,Baixo
1973530,0.2876624283092964,Medio
1974046,0.15212577897537946,Baixo
1973514,0.1875188195876792,Baixo
1974169,0.17731592527433165,Baixo
1973979,0.08134858073673874,Baixo
1973445,0.43168306701687365,Medio
1973965,0.18221873688428342,Baixo
1973585,0.4122534952339112,Medio
1974204,0.2995133126276293,Medio
1974195,0.02442563100446078,Baixo
1974181,0.19290990363967073,Baixo
1974170,0.2572592626225415,Medio
1973160,0.17762471778604896,Baixo
1973930,0.1195512599896021,Baixo
1974133,0.5234185965647861,Alto
1974112,0.3083855538628294,Medio
1969807,0.1783287856436394,Baixo
1974187,0.10462698415420885,Baixo
1974249,0.282784753563773,Medio
1974155,0.24065723835189373,Medio
1973990,0.12415411292838986,Baixo
1973033,0.33330355325073774,Medio
1974263,0.4470655434832576,Medio
1973848,0.11311993708261917,Baixo
1974161,0.11982800055808925,Baixo
1974265,0.4281190525189438,Medio
1973673,0.1988715227575581,Baixo
1974234,0.1768780158757172,Baixo
1974138,0.40039612700663035,Medio
1973520,0.11719408977682581,Baixo
703518,0.34228596599971955,Medio
1974241,0.2925035588313609,Medio
1974319,0.3197977395130232,Medio
1947995,0.34421479974244523,Medio
1974217,0.435971115757344,Medio
1974266,0.28886873772633026,Medio
1974342,0.040877126773873486,Baixo
1973936,0.11678412527742785,Baixo
1973408,0.4465625472055439,Medio
1974208,0.3830122826368973,Medio
1974226,0.24259587482009487,Medio
1974311,0.5061777312633788,Alto
1974298,0.11904540943629233,Baixo
1974293,0.08112111417723165,Baixo
1974324,0.061272898249115484,Baixo
1974286,0.09993142862953051,Baixo
1973699,0.17822319325865232,Baixo
1972953,0.13412299961368018,Baixo
1974297,0.11338097471444304,Baixo
1973975,0.16479959586762039,Baixo
1974126,0.14862146670529422,Baixo
1974284,0.693610893859914,Alto
1973825,0.21543771144337706,Medio
1974326,0.42861850674328195,Medio
1974111,0.2901808370783251,Medio
1972012,0.1359997580917057,Baixo
1971857,0.4617407577191017,Alto
1672278,0.22931077353774595,Medio
1974454,0.1675338995132422,Baixo
1974351,0.529261773904195,Alto
1974349,0.6919939103283781,Alto
1973700,0.22985587013810377,Medio
1974422,0.16544784082113287,Baixo
1974424,0.5280965196829103,Alto
1066495,0.26828478540785017,Medio
1972486,0.39563331865173923,Medio
1974475,0.3998807182830709,Medio
1974315,0.1772017268436679,Baixo
1974440,0.32721926842817584,Medio
1974438,0.3539392822036662,Medio
1974442,0.1813318607143937,Baixo
1974444,0.040806306956797614,Baixo
1974518,0.18689944530321526,Baixo
1974488,0.2937950187311813,Medio
1974476,0.11787639449755491,Baixo
1974482,0.28090122170228066,Medio
1974307,0.26237933475490594,Medio
1974507,0.3750427060855465,Medio
1974402,0.35338169355369536,Medio
1972447,0.3381384422056284,Medio
1972556,0.5487080088270109,Alto
1974483,0.32769814259563385,Medio
1974510,0.07783989444768914,Baixo
1974412,0.0939833367757379,Baixo
1974313,0.5573602945330007,Alto
1974356,0.14883427762174703,Baixo
1973785,0.1524697799314634,Baixo
1974540,0.30932767389509896,Medio
1974535,0.1866305274979933,Baixo
1974467,0.03610053256963331,Baixo
1974555,0.0824457129056624,Baixo
1972932,0.646375339095181,Alto
1970827,0.10223859087395655,Baixo
1974392,0.0348749530640771,Baixo
1973307,0.34352782415185373,Medio
1973944,0.2411715852597624,Medio
1974499,0.18622553788877222,Baixo
1971394,0.2478038664546489,Medio
1591052,0.25079079309113606,Medio
1974599,0.21383699477514767,Medio
1973866,0.3515978195055839,Medio
1974372,0.20215906944909467,Medio
1974486,0.056804603886699875,Baixo
1974534,0.35719613677826395,Medio
1974527,0.05228907106069858,Baixo
1974390,0.22234124336569797,Medio
1974495,0.12722969645692705,Baixo
1973695,0.07885676251309795,Baixo
1973799,0.243030568559035,Medio
1972596,0.10192506928786098,Baixo
1974377,0.27995806079865637,Medio
1972039,0.21966818337471805,Medio
1974579,0.23694531755920303,Medio
1974616,0.09157596413635168,Baixo
1974612,0.048206555615315116,Baixo
1974606,0.13614499313323794,Baixo
1974633,0.32650223376125526,Medio
1961792,0.46727872488145666,Alto
1974548,0.045720660619817395,Baixo
1969261,0.4389466131421403,Medio
1973853,0.2915646555473217,Medio
1973161,0.09748241312759791,Baixo
1973711,0.1411685705747374,Baixo
1973686,0.062087590958482194,Baixo
1972938,0.05436215430505666,Baixo
1973451,0.48605869007682273,Alto
1973465,0.3988709720757074,Medio
1972920,0.1656773968895769,Baixo
1973342,0.21733144602786866,Medio
1081697,0.6112987576875226,Alto
1973642,0.19737191486658504,Baixo
1974015,0.171751426051141,Baixo
1974132,0.12831471697218497,Baixo
1974085,0.1893006324275822,Baixo
1973583,0.08526726387405087,Baixo
1973524,0.27067893430039613,Medio
1974028,0.08783109962748988,Baixo
1973603,0.15427318696354833,Baixo
1970594,0.07953183027089639,Baixo
1973537,0.4503528806312762,Alto
1973554,0.11479847485689568,Baixo
1973432,0.1941363069419764,Baixo
1973634,0.08103198680516245,Baixo
1973888,0.23988717236626025,Medio
1974214,0.32529776010505934,Medio
1973474,0.2461111916687045,Medio
1973667,0.07901010151647091,Baixo
1969176,0.5350724400856843,Alto
1973926,0.0960535947125161,Baixo
1973573,0.08880920474379041,Baixo
1973556,0.30535350873238915,Medio
1972748,0.12759751997316,Baixo
1973493,0.5592660333460354,Alto
1974713,0.28857059690019615,Medio
1974689,0.05393777939850666,Baixo
1074161,0.19661837835787904,Baixo
1974250,0.47861072522162623,Alto
1943961,0.27013300258139905,Medio
1974190,0.21314011171174654,Medio
1973053,0.22545286414188478,Medio
1974730,0.18355540168828455,Baixo
1974709,0.14019397490578825,Baixo
1974669,0.1900654769912599,Baixo
1974526,0.3051075817827949,Medio
1974626,0.1405909237241576,Baixo
1974658,0.09381698163321808,Baixo
1974657,0.24032215151360742,Medio
1974710,0.2541767885280391,Medio
1974697,0.10203757120465565,Baixo
1973909,0.09726962450155496,Baixo
1973187,0.18171041732209997,Baixo
1974761,0.20576656143225372,Medio
1974701,0.09697653198385668,Baixo
1691619,0.26743695276604534,Medio
1973137,0.24830047872344038,Medio
1973612,0.12898897941334503,Baixo
1974196,0.1440058693333744,Baixo
1974757,0.21492677547834288,Medio
1973110,0.34019206046279454,Medio
1939127,0.3066362436345096,Medio
1974648,0.2228108003033507,Medio
1974815,0.14204035772296292,Baixo
1974770,0.13263112698940607,Baixo
1974791,0.10554408120936133,Baixo
1972900,0.19002250036827104,Baixo
1974824,0.10172785177152766,Baixo
1974793,0.16984365943517835,Baixo
1972618,0.2386393466148137,Medio
1973972,0.1584080905117561,Baixo
1974565,0.10205269582338221,Baixo
1974492,0.10046520488795996,Baixo
1972302,0.38773861755609723,Medio
1974833,0.31556313363827504,Medio
1974698,0.2089050556784607,Medio
1974724,0.1108048854241042,Baixo
1974839,0.17120666952063704,Baixo
1974819,0.4358333881079567,Medio
1974742,0.3819336092632451,Medio
1970682,0.1726577692255118,Baixo
1974787,0.10928734202590823,Baixo
1972403,0.1928839255680358,Baixo
1973830,0.24430552862016963,Medio
1974840,0.37488500649740036,Medio
1974411,0.21355825587510513,Medio
1974794,0.06446671034292124,Baixo
1974817,0.056017697329930574,Baixo
1974809,0.1498637728916563,Baixo
1972957,0.24233361584816768,Medio
1974898,0.06550549771648112,Baixo
1972597,0.3856801282239145,Medio
1974637,0.3071118892963588,Medio
1974751,0.1564190253167395,Baixo
1974814,0.1275624069408202,Baixo
1974820,0.18912389076494684,Baixo
1974875,0.26040726078663384,Medio
1974399,0.2246798374488758,Medio
1974870,0.2551029187691465,Medio
1972512,0.4940262168769929,Alto
1974927,0.36143080939074307,Medio
1974866,0.23253548589580614,Medio
1972880,0.15276467816205977,Baixo
1974932,0.4554852985080515,Alto
1974908,0.1739308783623245,Baixo
1974667,0.17445758288954735,Baixo
1974354,0.09562528865199636,Baixo
1967310,0.29041574009439414,Medio
1974617,0.41355992917346,Medio
1973130,0.13362666523219047,Baixo
1974949,0.11658827315541277,Baixo
1974948,0.0558646243035224,Baixo
1974542,0.12629096249051724,Baixo
1974795,0.23288956575685174,Medio
1974922,0.2740713963737046,Medio
1974968,0.2681413209231921,Medio
1974940,0.3211294441017236,Medio
1974990,0.2065809816045505,Medio
1973118,0.13055447877378745,Baixo
1974950,0.24009581669869556,Medio
1974991,0.13377848723742095,Baixo
1974941,0.3767568833831817,Medio
1974962,0.12057870430973895,Baixo
1974986,0.09449944787539959,Baixo
1973065,0.11361281409826167,Baixo
1971205,0.200062949390073,Medio
1975017,0.3608534742631102,Medio
1973832,0.0847726332769131,Baixo
1972963,0.5978553498288129,Alto
1975048,0.039448774638164055,Baixo
1975024,0.38700524694283395,Medio
1975052,0.5460583813403361,Alto
1972567,0.24638872829332492,Medio
1975016,0.20650248489878015,Medio
1972023,0.08204772296075138,Baixo
1974255,0.119377193141745,Baixo
1975073,0.2350686213306317,Medio
1975059,0.36624860405053644,Medio
1714214,0.0886678014814064,Baixo
1975047,0.13132642719973636,Baixo
1974982,0.1153786861306273,Baixo
1973654,0.011250749983870469,Baixo
1973565,0.3928337665888967,Medio
1974021,0.09518290177526827,Baixo
1973772,0.23020955430248624,Medio
1975038,0.12006415479213169,Baixo
1974176,0.3544324388845949,Medio
1974274,0.1207902303318882,Baixo
1974999,0.10609878370410226,Baixo
1974530,0.07242861744496375,Baixo
1974572,0.2233651643824574,Medio
1974668,0.11763215064845847,Baixo
1975049,0.28246226686427744,Medio
1973444,0.19051364684203018,Baixo
1973449,0.322277918179952,Medio
1972913,0.19347408594352505,Baixo
1975079,0.38821806753389815,Medio
1974333,0.13749998274166503,Baixo
1974977,0.6145041090926785,Alto
1972659,0.5613656359160593,Alto
1973568,0.4744649796767126,Alto
1972419,0.3509741952179767,Medio
1971968,0.26255831239368316,Medio
1974107,0.07332520767781975,Baixo
1975100,0.28059381131179395,Medio
1974580,0.20204017482126474,Medio
1974396,0.13522339415969484,Baixo
1973718,0.14885399591224643,Baixo
1975097,0.2644003579557446,Medio
1975004,0.24311162682998105,Medio
1974954,0.3028086462912215,Medio
1974546,0.08417364706658721,Baixo
1968601,0.30134998814695246,Medio
1975090,0.061646368452376185,Baixo
1973743,0.30242433530751595,Medio
1975128,0.23197941508111844,Medio
1975101,0.2640334489145846,Medio
1975040,0.3432690191639383,Medio
1974357,0.20863680068182075,Medio
1975111,0.33496864905337875,Medio
1975126,0.03662765450250735,Baixo
1973757,0.4199019172687312,Medio
1975071,0.0738276581982037,Baixo
1975159,0.311754185568153,Medio
1975146,0.05110330142318869,Baixo
1974413,0.28786304162411974,Medio
1975127,0.2570870648249074,Medio
1975051,0.07583668668924069,Baixo
1972951,0.1044512735422666,Baixo
1975026,0.5128603650539274,Alto
1973812,0.4876676065639314,Alto
1975177,0.14174584979097155,Baixo
1975125,0.5373182615787274,Alto
1973322,0.2007495869808525,Medio
1974914,0.26079815378683874,Medio
1968920,0.27403740175205077,Medio
1975142,0.14039338522045391,Baixo
712933,0.45267621232472594,Alto
1975022,0.26358102135329775,Medio
1975204,0.1964565841074699,Baixo
1974853,0.3870355674709748,Medio
1975195,0.08904299595295476,Baixo
1975213,0.15855595027695787,Baixo
1975039,0.2506441941182893,Medio
1975095,0.20976282713389424,Medio
1968469,0.5660895466281494,Alto
1972769,0.16210024716463522,Baixo
1974521,0.1945809187115394,Baixo
1975139,0.06707224166286628,Baixo
1969222,0.29487461901728457,Medio
1974850,0.08964985192853943,Baixo
1975234,0.348292518843637,Medio
1975225,0.21236852833209455,Medio
1975200,0.34826516854770595,Medio
1974957,0.24265362181534322,Medio
1974759,0.21194902571051766,Medio
1975260,0.24231775810891099,Medio
1975233,0.12972835071406943,Baixo
1975250,0.5402833536213536,Alto
1975257,0.43667967862421886,Medio
1971148,0.489375064648448,Alto
1975196,0.30825662967554507,Medio
1975270,0.03922213415046689,Baixo
1974812,0.11042945225337718,Baixo
1974994,0.045716171105842585,Baixo
1972978,0.15232062616452832,Baixo
1975191,0.36218969950355706,Medio
1975296,0.1970999593601113,Baixo
1974892,0.009828159784817728,Baixo
1975229,0.1954306347824105,Baixo
1975197,0.08584963562310675,Baixo
1949984,0.3985452204956791,Medio
1975307,0.081634607049783,Baixo
1973949,0.4442602261469781,Medio
1975240,0.2013764796298248,Medio
1975335,0.18425807827412416,Baixo
1975263,0.09142784696311926,Baixo
1973058,0.19381636997273471,Baixo
1973991,0.24761434332022247,Medio
1975336,0.3840962596351066,Medio
1975123,0.15991186587785203,Baixo
1974897,0.362886852035483,Medio
1975302,0.2539995748678066,Medio
1975326,0.5438426263093779,Alto
1975355,0.46182417905527823,Alto
1975342,0.06691348962687897,Baixo
1975165,0.16596891803568473,Baixo
1975192,0.2905783142178093,Medio
1974037,0.12119458426690684,Baixo
1975344,0.15579954475361157,Baixo
1974672,0.5070197591428239,Alto
1975309,0.24459523701999392,Medio
1975293,0.12821447422949153,Baixo
1975321,0.05561615558549152,Baixo
1975340,0.26440910902060394,Medio
1975278,0.229001014071172,Medio
1975376,0.055707973554304166,Baixo
1975353,0.30454752289916587,Medio
1975264,0.26912363140620865,Medio
1975347,0.4614770402441992,Alto
1975329,0.40530686004226113,Medio
1975393,0.08711145188973973,Baixo
1973397,0.5040290970927364,Alto
1974702,0.3602966615526672,Medio
1975310,0.09759222756644421,Baixo
1975404,0.17312846190247047,Baixo
1975433,0.4661096217582888,Alto
1975423,0.16298953496902338,Baixo
1968081,0.34691085016495465,Medio
1974135,0.20909653055053684,Medio
1975451,0.15686934333680577,Baixo
692831,0.1682527323170384,Baixo
1975467,0.1596633478410281,Baixo
1975432,0.05679938502508646,Baixo
1975441,0.23077256912272465,Medio
1973947,0.42157176336375035,Medio
1975244,0.22221851783480917,Medio
1975378,0.2833616332109174,Medio
1975478,0.26508555728843974,Medio
1975439,0.16024497037673713,Baixo
1974466,0.3983912082962866,Medio
1975176,0.1586165595732617,Baixo
1973035,0.08409748662432757,Baixo
1964353,0.22858914839167518,Medio
1975140,0.03075798729302588,Baixo
1975456,0.3463652119098945,Medio
1974571,0.13341306807516404,Baixo
1975065,0.534416869595275,Alto
1512579,0.17005726492414483,Baixo
1974904,0.2052058837994003,Medio
1973491,0.48610861159161534,Alto
1975395,0.14010942916935334,Baixo
1971900,0.32470591886978195,Medio
1973677,0.33931114842990984,Medio
1974237,0.19263701788527487,Baixo
1974930,0.1933568203405125,Baixo
1973235,0.2961962535295903,Medio
1974788,0.12196483478722833,Baixo
1966920,0.3391140620348188,Medio
1975068,0.07886326948491948,Baixo
1972848,0.06647462413524659,Baixo
1974952,0.08991553457268876,Baixo
1975008,0.17187090181824027,Baixo
1975466,0.07064261121395539,Baixo
1975075,0.27948598234835736,Medio
1974522,0.41067295440648666,Medio
1975454,0.31177437103870687,Medio
1975493,0.10854025168951814,Baixo
1975470,0.4759442993692992,Alto
1975507,0.20059099253619728,Medio
1969678,0.26323548372351246,Medio
1972837,0.27924151909972306,Medio
1724394,0.29342193678797746,Medio
1972649,0.12384709242040853,Baixo
1975532,0.13114180705232642,Baixo
1971784,0.06913068818452106,Baixo
1973414,0.1939770104954016,Baixo
1975558,0.1030648495148227,Baixo
1975510,0.12225614074047758,Baixo
1975516,0.3886568577756965,Medio
1975577,0.07840152731929184,Baixo
1972622,0.10010864380593308,Baixo
1974296,0.2801049462048696,Medio
1975391,0.5759096569855426,Alto
1967134,0.4288706778424367,Medio
1975352,0.32931596584233974,Medio
1975230,0.1727601587649916,Baixo
1975483,0.3338841577319206,Medio
1975587,0.20395681310166217,Medio
1975597,0.06147149277214559,Baixo
1975581,0.07343874993583373,Baixo
1974651,0.3364800694750879,Medio
1975503,0.36026835255148465,Medio
1974652,0.1440605312087658,Baixo
1975594,0.15174614734140784,Baixo
1975628,0.25998293311822446,Medio
1975181,0.1593311112536366,Baixo
1967837,0.3034386732691804,Medio
1975427,0.09052934122403739,Baixo
1974577,0.512550257567604,Alto
1975010,0.3975235764905186,Medio
1975589,0.2912569603663678,Medio
1973347,0.1568549701017494,Baixo
1965550,0.38002599959516825,Medio
1975596,0.38315022693306366,Medio
1975544,0.3629797433363612,Medio
1975368,0.3345710490963989,Medio
1975652,0.30740028141384834,Medio
1975615,0.34690348517965247,Medio
1975572,0.09407829692801645,Baixo
734754,0.21712515591256604,Medio
1975046,0.15230495911275407,Baixo
1975653,0.11538481047596469,Baixo
1975388,0.13460875408753326,Baixo
1975610,0.1558894247971624,Baixo
1974741,0.2071040468243226,Medio
1974714,0.33017843259569735,Medio
1970597,0.6452671991720101,Alto
1975690,0.18057180909546777,Baixo
1975686,0.13940720638128737,Baixo
1975697,0.18788886267131316,Baixo
1975700,0.11641692843230904,Baixo
1973196,0.14151050938109877,Baixo
1975730,0.163740600909555,Baixo
633779,0.36647014407782347,Medio
1973873,0.0981441448878218,Baixo
1973678,0.2671543879225103,Medio
1975712,0.30179203221941997,Medio
1975717,0.5362689918242199,Alto
1972434,0.21875333879262676,Medio
1975673,0.3494515966134184,Medio
1975644,0.2868025446186807,Medio
1975705,0.24517464911010967,Medio
1975747,0.3467373045069005,Medio
1974703,0.012825261784270292,Baixo
1975748,0.15249862619655685,Baixo
1975541,0.14800934799299129,Baixo
1975788,0.15038542038457878,Baixo
1973282,0.3860939489624982,Medio
1975413,0.2509147589140494,Medio
1974110,0.3998292831869039,Medio
1974923,0.08899668605081903,Baixo
1972632,0.2885224399706596,Medio
1975752,0.3833079422133302,Medio
1973259,0.20624922555092426,Medio
1975765,0.2560356284051502,Medio
1975801,0.2195672326266736,Medio
1975567,0.45493206190049695,Alto
1974393,0.32379096004963887,Medio
1975422,0.05099234765158601,Baixo
1975806,0.18355251905246073,Baixo
1975849,0.14182221627492603,Baixo
1975844,0.1407991146895606,Baixo
1975795,0.08051247127558532,Baixo
1975536,0.059082800073941025,Baixo
1975824,0.1476851380543065,Baixo
1975665,0.0787123759560999,Baixo
1975492,0.20735489377267863,Medio
1975740,0.35426946865910214,Medio
1968027,0.13853429355446703,Baixo
1975851,0.050439929211784244,Baixo
1975411,0.2899997075032884,Medio
1975491,0.42899894390617843,Medio
1975410,0.10280606861288122,Baixo
1974069,0.31768994853817323,Medio
1975798,0.07372040481036447,Baixo
1975855,0.46574193016255067,Alto
1975827,0.16307098739318696,Baixo
1975400,0.05560507137149358,Baixo
1972752,0.12695667612584832,Baixo
1975149,0.4341514279123713,Medio
1975791,0.16915866611626837,Baixo
1975180,0.1712987517151115,Baixo
1975183,0.06000644449125874,Baixo
1972791,0.06341731082296496,Baixo
1975069,0.27029409079063466,Medio
1975366,0.3691242536565245,Medio
1975561,0.22355692330182853,Medio
1972842,0.07333264824705939,Baixo
1975825,0.44074894090038585,Medio
1973486,0.26748880263771857,Medio
1973056,0.15491602497548784,Baixo
1975406,0.0335514844487967,Baixo
1973657,0.10639719223518918,Baixo
1975853,0.13156048459687547,Baixo
1975612,0.1507229072665746,Baixo
1968679,0.09276006176397636,Baixo
1973823,0.11504716577358234,Baixo
1671070,0.35518947692492203,Medio
1971395,0.052726403269131604,Baixo
1974802,0.23990802414122037,Medio
1975707,0.13465504342263881,Baixo
1973986,0.10204050343889615,Baixo
1975756,0.22800435365016355,Medio
1975878,0.23972194495920426,Medio
1975731,0.23467946435443687,Medio
1765687,0.2759929734399921,Medio
1975861,0.23159061594350902,Medio
1975830,0.17989082007795668,Baixo
1975944,0.1972739999602915,Baixo
1975876,0.1957323292496582,Baixo
1975874,0.38316335652915545,Medio
1975901,0.2031110808379972,Medio
1975892,0.3050787343875177,Medio
1973068,0.4266225977977453,Medio
1975884,0.0985596767025622,Baixo
1975937,0.19041073606634024,Baixo
1975948,0.1393753180374299,Baixo
1972702,0.1523796685418757,Baixo
1893999,0.444423164765073,Medio
1975833,0.12981336436895682,Baixo
1975928,0.17141226849060878,Baixo
1975969,0.2921393365733683,Medio
1973775,0.3753633016271395,Medio
1975988,0.25663683129788695,Medio
1975995,0.4084335804441486,Medio
1975880,0.39235586400110234,Medio
1975346,0.29487432147761483,Medio
1817676,0.31277380333029736,Medio
1975923,0.1659616986971103,Baixo
1975975,0.23800863099288758,Medio
1975979,0.316400408104598,Medio
1975785,0.09414253947906996,Baixo
1974935,0.35879896972789405,Medio
1975537,0.26797537598319454,Medio
1975805,0.38798473834888336,Medio
1975951,0.39945389379755375,Medio
1975864,0.40682625692673957,Medio
1975053,0.14790739360718028,Baixo
1972604,0.11230079644933452,Baixo
1975737,0.24514019631860026,Medio
1973337,0.316624556277429,Medio
1976000,0.37908176308205355,Medio
1975382,0.1499648658108514,Baixo
1972603,0.3460029245826932,Medio
1972931,0.2373335461025825,Medio
1972657,0.06782072901402168,Baixo
1976034,0.4222557562350528,Medio
1976021,0.3664806910428486,Medio
1973064,0.3379246677199422,Medio
1975684,0.74886144303329,Critico
1975913,0.1079521423560083,Baixo
1976033,0.10537628762807225,Baixo
1975773,0.4058530355597734,Medio
1975226,0.35486207067821307,Medio
1976045,0.18971312562851914,Baixo
1975241,0.12340980636319991,Baixo
1975953,0.34696193020485067,Medio
1975424,0.2975466728284933,Medio
1971966,0.13135951570558133,Baixo
1975860,0.1500619178313775,Baixo
1976072,0.3532706451337941,Medio
1964954,0.40123948266836956,Medio
1976046,0.37078415515099233,Medio
1976073,0.06016863700123415,Baixo
1975593,0.21095359708567565,Medio
1976106,0.20809755861214851,Medio
1975682,0.27125179220889006,Medio
1972940,0.4280313187136715,Medio
1976053,0.10204572825387488,Baixo
1976139,0.5543754568702404,Alto
1976126,0.3302824574116711,Medio
1976079,0.38048233421067434,Medio
1976135,0.4578353868587546,Alto
1976113,0.2564264799729959,Medio
1975122,0.27477615523086735,Medio
1976151,0.48849377623229967,Alto
1975964,0.3436457027137064,Medio
1971447,0.1376254773550995,Baixo
1976003,0.06400209028114202,Baixo
1976152,0.11070811437568731,Baixo
1972357,0.1771355024522465,Baixo
1976023,0.19567644438496423,Baixo
1975497,0.4887281536682531,Alto
1556101,0.07363163178927283,Baixo
1975631,0.11464870798114826,Baixo
1970555,0.5699566486094688,Alto
1973424,0.19298556576691253,Baixo
1975674,0.3865082157571413,Medio
1972896,0.1983401845100684,Baixo
1971050,0.19253531021655673,Baixo
1972644,0.23868914217732606,Medio
1975642,0.11008060162513993,Baixo
1974142,0.5842842141783534,Alto
1975796,0.21838752094361072,Medio
1971811,0.23819887615971472,Medio
1975527,0.06769151855845029,Baixo
1972832,0.21521848520951095,Medio
1972574,0.35556018784023624,Medio
1975020,0.09133333177623426,Baixo
1975611,0.06875880028033199,Baixo
1975675,0.39066713040619,Medio
1974987,0.0342015777643335,Baixo
1972888,0.11891872286323758,Baixo
1976162,0.6277726168962203,Alto
1976036,0.18472212021964368,Baixo
1973771,0.23244232908838763,Medio
1976186,0.17277645394119368,Baixo
1975284,0.31807048106693225,Medio
1976189,0.3175810744534905,Medio
1976207,0.344450995314888,Medio
1976165,0.17912139595987314,Baixo
1976084,0.40027659494123496,Medio
1973100,0.38076085383328934,Medio
1975212,0.37185995111880477,Medio
1976203,0.27551771618641,Medio
1976083,0.06834691111590518,Baixo
1974153,0.27376923163224054,Medio
1976212,0.17822528250606334,Baixo
1976213,0.47561086329927266,Alto
1976217,0.2008789469617465,Medio
1972697,0.3613456449459829,Medio
1976132,0.23275592350382987,Medio
1972550,0.15906824326016566,Baixo
1976209,0.46167114503915097,Alto
1976170,0.07269806794241085,Baixo
1976202,0.10091609325131468,Baixo
1974975,0.07434602030404673,Baixo
1976075,0.06941505366934479,Baixo
1976239,0.26314007372485787,Medio
1976118,0.42112086991103953,Medio
1976219,0.31350782661551646,Medio
1953815,0.2231172125790136,Medio
1975889,0.07020499328420847,Baixo
1976201,0.14540689515706234,Baixo
1976226,0.014134267288785488,Baixo
1736716,0.53912289457878,Alto
1976221,0.30503109691848185,Medio
1976242,0.4435576368414329,Medio
1883323,0.23413861620795123,Medio
1976220,0.1416914591262394,Baixo
1975186,0.3162452332823573,Medio
1976230,0.39939321079236134,Medio
1971988,0.4615471928430654,Alto
1975297,0.3079918564059612,Medio
1976266,0.21191524291980424,Medio
1972036,0.13635628155465107,Baixo
1976062,0.35653474095955745,Medio
1975460,0.06317770720020746,Baixo
1976016,0.36614330561361175,Medio
1976268,0.5084820849771936,Alto
1976313,0.1258025164268982,Baixo
1976057,0.177452664638665,Baixo
1972327,0.36983216105911526,Medio
1976175,0.11384285443418177,Baixo
1975672,0.1499888007054758,Baixo
1973112,0.41613760264451344,Medio
1975001,0.28284957601922617,Medio
1976315,0.0681827866419099,Baixo
1964657,0.1997545067660572,Baixo
1976307,0.7842521675867519,Critico
1976318,0.12420625269632651,Baixo
1976316,0.039740607097267754,Baixo
1974192,0.05470177593923268,Baixo
1969748,0.05317044534314217,Baixo
1976090,0.22165345305100106,Medio
1976314,0.31112643606216256,Medio
1976190,0.3174670638421328,Medio
1970384,0.03476878178874093,Baixo
1973398,0.4897944305403581,Alto
1976205,0.3112473407709445,Medio
1976215,0.07646074906692059,Baixo
1975625,0.14071976729713953,Baixo
1976354,0.10164985912910877,Baixo
1975965,0.106125106977055,Baixo
1976341,0.3795500537232612,Medio
1973262,0.11694329013819967,Baixo
1976355,0.41366974869334555,Medio
1974197,0.22649427502413452,Medio
1969896,0.2940851624787012,Medio
1976329,0.24194494832221417,Medio
1976369,0.06537966705109065,Baixo
1976327,0.0799804518488746,Baixo
1976112,0.1654927426814485,Baixo
1925134,0.3399612167546008,Medio
1976278,0.04691119273229102,Baixo
1974309,0.4122846616992143,Medio
1976393,0.1608291710852862,Baixo
1976409,0.18367869964517797,Baixo
1972369,0.28157738823343764,Medio
1976284,0.012162323668372194,Baixo
1976373,0.07132268850922643,Baixo
1975657,0.23616609460892862,Medio
1957333,0.3332093506091979,Medio
1973308,0.06278282184415095,Baixo
1976420,0.14317326076833017,Baixo
1976429,0.3089049713763601,Medio
1976262,0.09320190320948303,Baixo
1976372,0.24139092118287053,Medio
1976360,0.22383827116271274,Medio
1976124,0.30069182574889675,Medio
1976424,0.051456930014101884,Baixo
1976437,0.3454913097318352,Medio
1976433,0.05951823203533416,Baixo
1974441,0.2666761733362264,Medio
1976376,0.38801900299028047,Medio
1975656,0.2220665225650881,Medio
1971501,0.49406780342740814,Alto
1974159,0.30793369266364595,Medio
1976392,0.22171854030391877,Medio
1973293,0.351860414253164,Medio
1975416,0.15215564844489382,Baixo
1976447,0.15972077674224242,Baixo
1976459,0.12284296948712835,Baixo
1976345,0.2585927425032111,Medio
1970010,0.34311907903500405,Medio
1976460,0.06330356902222725,Baixo
1976419,0.20562387043241023,Medio
1973638,0.1336475331555008,Baixo
1614772,0.20659854412451606,Medio
1976454,0.241970814540627,Medio
1970662,0.23873922988614332,Medio
1976416,0.28236786335202435,Medio
1976356,0.14802279650155034,Baixo
1972465,0.3178084220309794,Medio
1976474,0.16567330837182306,Baixo
1976344,0.2552294995163083,Medio
1975614,0.38066844730015126,Medio
1976074,0.19783633467561318,Baixo
1976367,0.520643375730146,Alto
1976492,0.16060994683393717,Baixo
1973495,0.45861350491133795,Alto
1974408,0.12269300187601641,Baixo
1975074,0.2035730621329601,Medio
1976054,0.3191166804669945,Medio
1970997,0.09369901293113231,Baixo
1972751,0.1813970768482368,Baixo
1972883,0.46496770715493113,Alto
1972724,0.35053506676718516,Medio
1975929,0.2810418279020719,Medio
1976462,0.08670972875364599,Baixo
1953394,0.20149457114053967,Medio
1976494,0.05987970646161912,Baixo
1976478,0.4266224920440643,Medio
1976508,0.035011304088811604,Baixo
1976484,0.1470851334531278,Baixo
1974971,0.04907697293515828,Baixo
1969673,0.15382869688498446,Baixo
1975920,0.033497857394879885,Baixo
1972647,0.14369080242023363,Baixo
1976526,0.3676900471958757,Medio
1976511,0.21381620984138877,Medio
1976286,0.43063604266468586,Medio
1976471,0.2537042647917354,Medio
1976490,0.1605158256867417,Baixo
1976535,0.349974628114161,Medio
1947694,0.17647803917302535,Baixo
1976501,0.20714770115318237,Medio
1974976,0.15153088215918362,Baixo
1970052,0.2541808549987915,Medio
1976544,0.10749019426443164,Baixo
1976541,0.22210346672170253,Medio
1962121,0.14977109416766074,Baixo
1976136,0.39711038169865187,Medio
1972493,0.3789095551091971,Medio
1976401,0.20039675266929538,Medio
1976103,0.4767627038427608,Alto
1975816,0.21497634640406468,Medio
1976512,0.10343878757676728,Baixo
1976476,0.16196775347919048,Baixo
1973018,0.2643306579031493,Medio
1976455,0.08667505472570318,Baixo
1975994,0.13609234546970692,Baixo
1306050,0.18098867466605892,Baixo
1975461,0.33456025975197334,Medio
1976572,0.1753012759288592,Baixo
1976293,0.3095342801359979,Medio
1976517,0.08310782292938819,Baixo
1976553,0.2403112350637155,Medio
1976550,0.25490166141788334,Medio
1976522,0.3560444515094701,Medio
1971761,0.08356551039417558,Baixo
1976432,0.251872137484167,Medio
1976590,0.09714888978658251,Baixo
1976561,0.2933078886952405,Medio
1976600,0.1131617321646441,Baixo
1976577,0.1373190403094209,Baixo
1975539,0.15458249196362642,Baixo
1973921,0.15485423670171708,Baixo
1971456,0.1952147210822718,Baixo
1972546,0.5472732383578301,Alto
1976498,0.12677407379561004,Baixo
1976415,0.16607743791568744,Baixo
1976597,0.25724639306112906,Medio
1967810,0.29008388191866,Medio
1976547,0.14703242471420358,Baixo
1976631,0.3037296835364097,Medio
1976588,0.0764298502360733,Baixo
1976579,0.39949141530070736,Medio
1939152,0.12062176714170132,Baixo
1976573,0.4727644755681338,Alto
1976632,0.1460689032650302,Baixo
1976164,0.19472827326322703,Baixo
1976598,0.11893167742893827,Baixo
1976633,0.37711675791294685,Medio
1976188,0.3140099637405622,Medio
1976375,0.3094594247342684,Medio
1976613,0.1379569485425667,Baixo
1976660,0.31940988770535167,Medio
1966194,0.3010260210972199,Medio
1976574,0.4059571777983245,Medio
1976332,0.21509863640351548,Medio
1972977,0.15477587271149393,Baixo
1976012,0.34707995054341223,Medio
1976642,0.08767864351761534,Baixo
1976651,0.07155062024801567,Baixo
1976662,0.24672474407024017,Medio
1974766,0.18147672436137494,Baixo
1976618,0.12955018638930776,Baixo
1976668,0.4353028126988022,Medio
1975959,0.40711466109868943,Medio
1976319,0.10478512448689695,Baixo
1976568,0.25264810584531405,Medio
1976659,0.08727737022557609,Baixo
1976583,0.2795633978503693,Medio
1976687,0.21985722377277414,Medio
1976548,0.099292775248314,Baixo
1975459,0.11203266133480663,Baixo
1976671,0.31414637873804474,Medio
1965504,0.29500871803800444,Medio
1976265,0.20546197850985906,Medio
1976701,0.15992091084342291,Baixo
1976560,0.4533018259196943,Alto
1973140,0.16110160326439504,Baixo
1975443,0.16490054684209898,Baixo
1976663,0.26137805631566763,Medio
1976639,0.2521179730727032,Medio
1976698,0.16102607117677264,Baixo
1976675,0.2734617673043611,Medio
1976569,0.28044477736971235,Medio
1976539,0.2877958078688336,Medio
1976712,0.1313903435563049,Baixo
1976719,0.10031350030974295,Baixo
1976725,0.12200035286593502,Baixo
1971818,0.2586678229289469,Medio
1976609,0.1827856444630402,Baixo
1976483,0.4040906163040523,Medio
1976706,0.46829880111076316,Alto
1722043,0.10042723421999467,Baixo
1976676,0.5963438041309923,Alto
1976738,0.2670471706194465,Medio
1976713,0.04742673620589618,Baixo
1975255,0.22348128426176675,Medio
1976669,0.3781962629813154,Medio
1976513,0.11889455137158858,Baixo
1967962,0.14359931194773773,Baixo
1972188,0.4453593138501319,Medio
1976742,0.24449071467424635,Medio
1976721,0.1359647076752137,Baixo
1976519,0.1863964560477421,Baixo
1976716,0.2522508981969474,Medio
1976754,0.11215395329255264,Baixo
1975318,0.0682204868156,Baixo
1974712,0.05697806431446762,Baixo
1966245,0.42005935396835764,Medio
1720205,0.08404162563295077,Baixo
1976751,0.1521516751144638,Baixo
558363,0.3520020234926381,Medio
1976711,0.07677831428526763,Baixo
1976643,0.14946539008544243,Baixo
1976718,0.3145861872448431,Medio
1976771,0.13907836318925235,Baixo
1974746,0.29816399883632355,Medio
1975469,0.20464688377423826,Medio
1976758,0.06173986995994764,Baixo
1974175,0.16460205608641826,Baixo
1976783,0.35848152744512507,Medio
1976726,0.3182501716815423,Medio
1976693,0.1830138084660072,Baixo
1976724,0.055194807328207134,Baixo
1920768,0.3235850058892881,Medio
1976776,0.11845948643415107,Baixo
1976799,0.44449120092685634,Medio
1976731,0.20700136797241794,Medio
1976781,0.2568817663957372,Medio
1976734,0.13409606857168027,Baixo
1971860,0.2679638977601368,Medio
1976801,0.1617559696707123,Baixo
1976792,0.36821291455804406,Medio
1976181,0.14411060130129597,Baixo
1976774,0.27141085300882106,Medio
1976812,0.04507090108690892,Baixo
1975116,0.17585185697500794,Baixo
1976685,0.29018712847675315,Medio
1976832,0.46245124571961693,Alto
1971407,0.084153060872687,Baixo
1976820,0.4020656118496312,Medio
1976204,0.20300370336498683,Medio
1971858,0.2847247730197771,Medio
1976784,0.17739958377362805,Baixo
1976619,0.10368880143072541,Baixo
1975238,0.13885464044228146,Baixo
1976686,0.05826582327825997,Baixo
1976825,0.18375447319622856,Baixo
1976847,0.29534705852149135,Medio
1970274,0.2590153112365573,Medio
1976705,0.417632340623898,Medio
1976828,0.29211316604608806,Medio
1968169,0.49485900674861644,Alto
1976876,0.08419312562833464,Baixo
1976881,0.07065438600924108,Baixo
1976806,0.2277821917521114,Medio
1976794,0.25495336645535754,Medio
1976857,0.5008240513343866,Alto
1974718,0.18031414114172775,Baixo
1975668,0.23274117054115692,Medio
1973025,0.28594874599228387,Medio
1976870,0.15342603702761096,Baixo
1972946,0.23396646041144417,Medio
1976491,0.1694564190866938,Baixo
1975258,0.09042244215524944,Baixo
1973868,0.2616315561503467,Medio
1976835,0.04934563897150105,Baixo
1976932,0.39774567993569404,Medio
1976887,0.2326554291550956,Medio
1976911,0.0945210583817605,Baixo
1976967,0.26880671085443497,Medio
1976933,0.10047210838237366,Baixo
1976936,0.23658064051480912,Medio
1976924,0.5623447203535986,Alto
1971933,0.36335594119710923,Medio
1976874,0.10916380494751232,Baixo
1976954,0.17326116940771558,Baixo
1974728,0.3675545423516843,Medio
1975220,0.12568762014020676,Baixo
1976816,0.19166371179062786,Baixo
1972042,0.6184711994204698,Alto
1976989,0.26187624680833066,Medio
1976974,0.25733357721087613,Medio
1976937,0.10863834221607946,Baixo
1975719,0.4626161508829512,Alto
1974764,0.22979597897541099,Medio
1965069,0.3475694562781462,Medio
1976996,0.049119568085085774,Baixo
1898402,0.190818771403853,Baixo
1976005,0.08898580102378874,Baixo
1976947,0.3782612298459414,Medio
1972626,0.46405675812966796,Alto
1969462,0.2749233700823983,Medio
1973351,0.0706300406350377,Baixo
1976944,0.28754417276082456,Medio
1974874,0.47188926984963686,Alto
1973061,0.4008103946785105,Medio
1975221,0.2847410776711688,Medio
1976439,0.1569854001081697,Baixo
1975640,0.30105763529630786,Medio
1976235,0.18068172106716987,Baixo
1976080,0.3197467338935661,Medio
1972960,0.10527223399388826,Baixo
1975012,0.3735935532138617,Medio
1964618,0.21465504176045433,Medio
1806273,0.1495296300290695,Baixo
1976271,0.2717751206950864,Medio
1976987,0.08464935455191652,Baixo
1976592,0.2614262472226171,Medio
1974166,0.24272501215358908,Medio
1976630,0.2647660949242207,Medio
1975362,0.14477582119935825,Baixo
1976923,0.19804497650644856,Baixo
1971483,0.3705279150433941,Medio
1971488,0.2328626582228658,Medio
1975643,0.39484065375184246,Medio
1974758,0.4146574365854742,Medio
1976428,0.16154625317619364,Baixo
1976554,0.06053011530276115,Baixo
1975916,0.08852715181049976,Baixo
1240845,0.17931636129429898,Baixo
1976915,0.06978601362909381,Baixo
1975088,0.15718252379561598,Baixo
1967057,0.2041232572810847,Medio
1972236,0.181074992375206,Baixo
1975766,0.22702533563070923,Medio
1976140,0.05325935213914428,Baixo
1951961,0.37770297141822984,Medio
1946705,0.19947420608524605,Baixo
1976957,0.2208234719857164,Medio
1976968,0.2401504838379653,Medio
1974818,0.33021811416838304,Medio
1976981,0.292912919316004,Medio
1976921,0.35764300623240447,Medio
1976791,0.3846496333268138,Medio
1972143,0.6575416850228264,Alto
1976963,0.13800426008301697,Baixo
1972648,0.09130566232051197,Baixo
1976955,0.21891111743396796,Medio
1977000,0.1735692241673478,Baixo
1975526,0.19731456291832722,Baixo
1977008,0.25710029521944433,Medio
1977031,0.2931293793258556,Medio
1976976,0.2848147962230859,Medio
1977046,0.32681462227689895,Medio
1977039,0.26489575138653276,Medio
1975792,0.43133640981749066,Medio
1976795,0.15475016852036533,Baixo
1976894,0.26034706305536076,Medio
855095,0.3120365387431069,Medio
1956403,0.282792731479182,Medio
1976040,0.39921592413086726,Medio
1977051,0.13952197181600515,Baixo
1977040,0.09444193090865,Baixo
694131,0.21503197279714367,Medio
1973953,0.39541604327030555,Medio
1977052,0.07687327946806788,Baixo
1977081,0.3998352821893087,Medio
1974227,0.2130370491850635,Medio
1976381,0.427248096793886,Medio
1970814,0.03790921532791554,Baixo
1976966,0.2983607422633544,Medio
854043,0.149660069807235,Baixo
1977076,0.4241854609628923,Medio
1933541,0.06514185934487172,Baixo
1977098,0.29797245310894654,Medio
1977061,0.38581833747337685,Medio
1976945,0.22671776367785745,Medio
1966225,0.3221606557892917,Medio
1976975,0.16545154144046248,Baixo
1965969,0.06733768641602564,Baixo
1976267,0.4392525240605592,Medio
1965725,0.18895917879788043,Baixo
1977097,0.2511063629184385,Medio
1974798,0.24912578770072802,Medio
1965675,0.25820147955115286,Medio
1976736,0.262435263924892,Medio
1977043,0.3615776068365949,Medio
1977111,0.12830026667345373,Baixo
1974614,0.0551370982568518,Baixo
1977092,0.23806620519290214,Medio
1976901,0.5140493855091719,Alto
1977134,0.17666419850253925,Baixo
1977118,0.10507760794314362,Baixo
1977128,0.13795571375802304,Baixo
1975617,0.06533078301835438,Baixo
1975763,0.48095127442394975,Alto
1977131,0.0855931683787026,Baixo
1976807,0.36596399060081936,Medio
1977033,0.4215171129914289,Medio
1976599,0.15130590692388124,Baixo
1977148,0.122884480892659,Baixo
1974860,0.21193036823229797,Medio
1977056,0.22737855761867048,Medio
1977129,0.2150414348343551,Medio
1976469,0.22235233776253854,Medio
1974781,0.0943261457346472,Baixo
1977160,0.39693820088553744,Medio
1969555,0.3587287939963432,Medio
1977180,0.1463197026914257,Baixo
1977149,0.06575545255943292,Baixo
1976463,0.7045480343927729,Critico
1977200,0.28250713004891803,Medio
1977170,0.1720791012929871,Baixo
1581751,0.5464711335721704,Alto
1977139,0.1854459321625655,Baixo
1977195,0.2020224316368142,Medio
1977197,0.4826191384635185,Alto
1977116,0.41934843423391543,Medio
1974185,0.4655030992487114,Alto
1977219,0.3481691492007252,Medio
1977171,0.08512908931890112,Baixo
1971717,0.20478798541546409,Medio
1976440,0.10172791399065313,Baixo
1977184,0.28817390867287845,Medio
1975290,0.22400453749534052,Medio
1976100,0.2729191433217828,Medio
1976506,0.3694544826099841,Medio
1976994,0.4748528419230612,Alto
1976908,0.06640774091050453,Baixo
1976320,0.2160107806315046,Medio
1973662,0.2032873678424448,Medio
1976025,0.3297271605974924,Medio
1974737,0.08976268498010694,Baixo
1975735,0.1984494194960086,Baixo
1974825,0.2647540190934597,Medio
1977049,0.2166505904077544,Medio
1974102,0.4044043167725136,Medio
1974453,0.1604183129922522,Baixo
1976740,0.10644401165791824,Baixo
1976798,0.08398520873776302,Baixo
1974559,0.22170541158999982,Medio
1973497,0.3194932794546654,Medio
1977225,0.2853070774012872,Medio
1977238,0.271581145670793,Medio
1972670,0.2465604191905264,Medio
1976958,0.08451749898417096,Baixo
1976458,0.24124444306257528,Medio
1977230,0.2895690642334008,Medio
1763445,0.0820958009706991,Baixo
1976603,0.4050563390635721,Medio
1972534,0.1785164980325306,Baixo
1977181,0.29262232750148354,Medio
1977254,0.19370073884851485,Baixo
1977014,0.250317189344806,Medio
1977229,0.18204860967257658,Baixo
1977057,0.1922040523842537,Baixo
1977248,0.15558146427871292,Baixo
1977165,0.09285222322786099,Baixo
1972835,0.3105637359989359,Medio
1977257,0.5751719356323032,Alto
1977273,0.12470012064818016,Baixo
1944604,0.17373683216271327,Baixo
1951621,0.22292202529306898,Medio
1966167,0.4164703427747511,Medio
1977287,0.2001847314087722,Medio
1977264,0.17997039973516252,Baixo
1776344,0.3611633824989956,Medio
1971434,0.5592790031270447,Alto
1976666,0.2582299282079234,Medio
1976128,0.3459352721492833,Medio
1970944,0.21645552500072668,Medio
1977268,0.48003204817156714,Alto
1977189,0.23342133397768738,Medio
1974586,0.2001484337824549,Medio
1977187,0.0482016234046972,Baixo
1977218,0.3534358462666432,Medio
1977290,0.06266739325469366,Baixo
1974716,0.08318048945178191,Baixo
1938101,0.24800079484914261,Medio
1972621,0.4839640928374337,Alto
1956314,0.3073217796724864,Medio
1973225,0.18733126583538598,Baixo
1977054,0.38099095668616584,Medio
1974220,0.38070179385655284,Medio
1975394,0.2221764249695222,Medio
1977308,0.1867794566713067,Baixo
1973261,0.1275354632604067,Baixo
1971710,0.062134117641037476,Baixo
1976166,0.45447165203796286,Alto
1977298,0.12726697425245276,Baixo
1975037,0.17245136699644695,Baixo
1977239,0.14568908042498568,Baixo
1977322,0.17667898053905495,Baixo
1977321,0.1070299820939749,Baixo
1977327,0.16157346165634673,Baixo
1973739,0.188977646283549,Baixo
1976496,0.2816099793560788,Medio
1977301,0.30522781500364843,Medio
1977244,0.04081506252064831,Baixo
1977267,0.06811764504600384,Baixo
1977053,0.11321527966191763,Baixo
1976101,0.4070643862406207,Medio
1977335,0.2046548233051279,Medio
1972921,0.27125603271921583,Medio
1977270,0.1579159812364347,Baixo
1973779,0.2248318610647606,Medio
1974177,0.3900916039197143,Medio
1977360,0.24922649467387623,Medio
1975743,0.29164009994825296,Medio
1976762,0.05618891301438035,Baixo
1977106,0.09315611536089588,Baixo
1976530,0.2538767369870538,Medio
1964758,0.27902318127551884,Medio
1976379,0.11225860563349385,Baixo
1972578,0.2180259240033631,Medio
1977231,0.17827092232217953,Baixo
1977203,0.30785350638029657,Medio
1977325,0.37851666230558967,Medio
1977351,0.13467784178854744,Baixo
1977362,0.08125552601754812,Baixo
1977390,0.11298752273596935,Baixo
1975556,0.34157358558088935,Medio
1977365,0.24029275334195715,Medio
1975201,0.2173397493158474,Medio
1977376,0.15916500320527946,Baixo
1977348,0.16798507356923542,Baixo
1976109,0.14146568467679502,Baixo
1977347,0.2418792893426992,Medio
1977078,0.0445630761016816,Baixo
1977356,0.1032320698701377,Baixo
1977252,0.32087838468454477,Medio
1976836,0.2860019922027396,Medio
1977392,0.250165705885069,Medio
1977406,0.16408729428974805,Baixo
1977370,0.06933626049268994,Baixo
1976752,0.25816127228160757,Medio
1977409,0.36092669741683314,Medio
1975341,0.6385428672551186,Alto
1967842,0.19576462118971186,Baixo
1968282,0.09770122751669759,Baixo
1976406,0.31238472773414794,Medio
1971150,0.3111246875724485,Medio
1977242,0.05105979530191151,Baixo
1977087,0.25918686117119577,Medio
1977015,0.34238285944385466,Medio
1972549,0.3773899266783821,Medio
1977028,0.07659284411462546,Baixo
1977164,0.3119827615368087,Medio
1973702,0.4544943156486426,Alto
1973597,0.44406279559183676,Medio
1974224,0.07909194852313779,Baixo
1976405,0.15116789950667028,Baixo
1977415,0.3904451281640386,Medio
1977003,0.12407643344170967,Baixo
1974202,0.13424113209319788,Baixo
1977359,0.21139913661127646,Medio
1977442,0.2560192130568614,Medio
1977434,0.6036611800857796,Alto
1977369,0.0541851088854724,Baixo
1976108,0.11205801360061034,Baixo
1977363,0.09128292101943612,Baixo
1977459,0.5217820459209465,Alto
1974496,0.19009034023332977,Baixo
1977396,0.10712755606864348,Baixo
1977418,0.1132351617603426,Baixo
1977464,0.1313905727707598,Baixo
1977438,0.11588135922280415,Baixo
1973074,0.34842976149685456,Medio
1975092,0.2019859049551311,Medio
1976310,0.4794141798404906,Alto
1972716,0.1588641785968496,Baixo
1977469,0.14183006991619862,Baixo
1972669,0.13988756681130418,Baixo
1976246,0.30046430429982235,Medio
1977497,0.20694298476263967,Medio
1977484,0.0537467893689994,Baixo
1974569,0.24739558860677202,Medio
1977481,0.11010571173566959,Baixo
1977492,0.13347184560034922,Baixo
1977305,0.12807673117874385,Baixo
1973563,0.15766502993203377,Baixo
1977498,0.07423288532161751,Baixo
1973372,0.37545837667967463,Medio
1977477,0.6039357901485042,Alto
1977514,0.1997134522459713,Baixo
1973545,0.2852687218891452,Medio
1977501,0.0436150591977661,Baixo
1977474,0.05261385553326064,Baixo
1977518,0.3027673862766581,Medio
1971018,0.32166620660407286,Medio
1977531,0.12912447995078596,Baixo
1975808,0.16973836413614737,Baixo
1977538,0.1807393795570979,Baixo
1977493,0.16033256803379414,Baixo
1977368,0.08022984242438015,Baixo
1899238,0.27370806480980886,Medio
1965828,0.36095662682614865,Medio
1976753,0.15868996067770072,Baixo
1977553,0.16120978915515172,Baixo
1977546,0.1198123663368719,Baixo
1960885,0.5029689588737631,Alto
1977545,0.2595115601292106,Medio
1973496,0.4190504944321813,Medio
1977382,0.419064709909152,Medio
1977505,0.49226179157527433,Alto
1977554,0.2520906659230983,Medio
1974670,0.17951852756004727,Baixo
1977585,0.500226765833914,Alto
1977579,0.22832385943255662,Medio
1973693,0.26622904717729484,Medio
1976683,0.2015918507613886,Medio
1951064,0.5820833996358835,Alto
1977320,0.5475006838386497,Alto
980484,0.2640818241477271,Medio
1977591,0.333861235337315,Medio
1972664,0.18160180442799784,Baixo
1977595,0.3102306003616867,Medio
1977185,0.13824881741619546,Baixo
1977584,0.23891943044909006,Medio
1976627,0.15515060428893868,Baixo
1977589,0.05431704085278964,Baixo
1977571,0.18318369697858053,Baixo
1977603,0.4741656185384431,Alto
1973350,0.4055940004032093,Medio
1977621,0.12065134639540545,Baixo
1977282,0.12024648373274885,Baixo
1974783,0.2623990675536191,Medio
1975506,0.1632890283167434,Baixo
1977452,0.12864554637302686,Baixo
1977012,0.45060340988043485,Alto
1973543,0.1977918915863748,Baixo
1977281,0.19542048270401932,Baixo
1976422,0.2254685191618422,Medio
1976089,0.10487164499722718,Baixo
1976602,0.20890341364996817,Medio
1953475,0.20711402767705808,Medio
1977311,0.23691796281310126,Medio
1971173,0.42192309266614114,Medio
1966075,0.16021443788551448,Baixo
1974493,0.10585961021278743,Baixo
1973850,0.12021865895708266,Baixo
1972185,0.14923137778400514,Baixo
1977632,0.08602496109638179,Baixo
1977540,0.4434529547627744,Medio
1977271,0.14429817405454345,Baixo
1976860,0.4957273832480622,Alto
1977634,0.15945758194173587,Baixo
1977614,0.3512546579786449,Medio
1977630,0.1395227396666089,Baixo
1977120,0.22323853534261567,Medio
1977565,0.22015759996245515,Medio
1977560,0.2946868044492796,Medio
1977600,0.07321324292978046,Baixo
1977590,0.34620131495256223,Medio
1977650,0.18940713346307309,Baixo
1943970,0.22971281811833832,Medio
1977413,0.09263235540501424,Baixo
1972776,0.23348981119252216,Medio
1977660,0.03338263120532341,Baixo
1972749,0.47106809400592703,Alto
1977667,0.18685868414255397,Baixo
1976305,0.16177950836557162,Baixo
1894046,0.23450153238403487,Medio
1977289,0.3839598760433139,Medio
1977422,0.405461119909041,Medio
1976051,0.6056719816261424,Alto
1976222,0.24677416331520466,Medio
1974943,0.5765893890699259,Alto
1970234,0.17939614582156208,Baixo
1977192,0.16617200429273618,Baixo
1977624,0.2005151673081544,Medio
1977670,0.23603529211836985,Medio
1973776,0.326764190004046,Medio
1975962,0.06743212856930039,Baixo
1977038,0.3764227230325144,Medio
1977666,0.37520370636761624,Medio
1974219,0.21042640374719937,Medio
1977692,0.08760000425802265,Baixo
1977539,0.12478234828303297,Baixo
1972655,0.3566997565351465,Medio
1977050,0.30350645048128594,Medio
1976129,0.3797161480943745,Medio
1977686,0.22328655991368349,Medio
1977558,0.3077473282988757,Medio
1977551,0.15015714799600102,Baixo
1976745,0.3266983661470953,Medio
1977718,0.22392531460246368,Medio
1972427,0.1949587381147947,Baixo
1977709,0.5650043198493917,Alto
1967911,0.23505981455016828,Medio
1977668,0.3753223867287595,Medio
1977704,0.11659900289778508,Baixo
1977734,0.22980396533503236,Medio
1977724,0.5112958849564953,Alto
1977741,0.17925482930368355,Baixo
1977778,0.18861119876999968,Baixo
1975455,0.08620803764981158,Baixo
1977725,0.17024546299828786,Baixo
1977760,0.1533538375421134,Baixo
1977774,0.14657225370520993,Baixo
1977751,0.29702168328739254,Medio
1977763,0.20554785207503176,Medio
1977756,0.1707797724288305,Baixo
1977875,0.4043173710025053,Medio
1977916,0.3207338525726519,Medio
1977810,0.25533954637192435,Medio
1977867,0.17062653058266103,Baixo
1977781,0.22379217742479143,Medio
1977812,0.23186694059498675,Medio
1977783,0.46000948592679985,Alto
1977927,0.15858635395583182,Baixo
1978029,0.4336742001598603,Medio
1978063,0.1561580745970158,Baixo
1977815,0.10003069248549117,Baixo
1977955,0.14934730590024792,Baixo
1977894,0.29797359231758896,Medio
1977878,0.2663854560230673,Medio
1977856,0.14919760797416798,Baixo
1977768,0.12166661780471928,Baixo
1978148,0.2904271533089461,Medio
1977886,0.28375855420036,Medio
1977837,0.33025982851587854,Medio
1977543,0.19296002931130105,Baixo
1977829,0.28725897066823347,Medio
1977809,0.21586775259915622,Medio
1978102,0.38792556062505745,Medio
1977755,0.04286401559453543,Baixo
1977775,0.408111153213499,Medio
1977861,0.39215964859786395,Medio
1977761,0.23744768778658948,Medio
1978072,0.28037642409148245,Medio
1977762,0.13098976160329562,Baixo
1978071,0.24282616757532438,Medio
1977888,0.19388481900040416,Baixo
1978089,0.2142831989044288,Medio
1977807,0.08383645359873426,Baixo
1977808,0.09562297411025131,Baixo
1977987,0.22927000557627975,Medio
1977906,0.33177530780790765,Medio
1978030,0.15392555254680612,Baixo
1977931,0.1477768467626681,Baixo
1977769,0.19987120779851505,Baixo
1977805,0.11875849397544012,Baixo
1978065,0.09616918445475675,Baixo
1977766,0.16930957755789422,Baixo
1978182,0.2959120600214003,Medio
1977744,0.30548141738243656,Medio
1978017,0.23178078571861502,Medio
1977845,0.1387360677548549,Baixo
1978093,0.20063038237681322,Medio
1978081,0.11831089337710378,Baixo
1977785,0.16563005116708382,Baixo
1977935,0.19489916659888398,Baixo
1977828,0.23798584016318902,Medio
1977974,0.23563505889725447,Medio
1977885,0.1659037567416619,Baixo
1977821,0.24213577371256959,Medio
1977985,0.03137358086415137,Baixo
1977908,0.5039355916162885,Alto
1977844,0.25822754002584364,Medio
1977813,0.15053146645996476,Baixo
1977870,0.3921100568506736,Medio
1978126,0.34708593031750984,Medio
1978216,0.3054192679063927,Medio
1977851,0.08151117995018083,Baixo
1977992,0.32982748755227925,Medio
1977991,0.12756868976053307,Baixo
1978045,0.1054501960041445,Baixo
1977881,0.5907514863969985,Alto
1978200,0.0985678782124977,Baixo
1977795,0.24510334787311713,Medio
1978064,0.17848732847348947,Baixo
1977923,0.2154685000182164,Medio
1978001,0.35091615002553755,Medio
1978243,0.3386995260559621,Medio
1977915,0.16955581391428814,Baixo
1978155,0.10616272939605921,Baixo
1977900,0.31570440572289826,Medio
1977950,0.12136906500993913,Baixo
1134431,0.12133643096534814,Baixo
1978018,0.23659290629484686,Medio
1978203,0.12046106542310887,Baixo
1978040,0.38869762695305676,Medio
1977868,0.1343293124175256,Baixo
1977839,0.2509755829006424,Medio
1978020,0.3945830860704871,Medio
1978049,0.1279181775295274,Baixo
1978186,0.15441483936544362,Baixo
1977824,0.09321092010466285,Baixo
1977820,0.12588944859151266,Baixo
1977956,0.11678416585355611,Baixo
1977879,0.13545815714146456,Baixo
1977948,0.09684113288837513,Baixo
1977838,0.15803421386040659,Baixo
1978139,0.17942769275043896,Baixo
1978003,0.14045694739666334,Baixo
1973703,0.29647052736028157,Medio
1978122,0.11172086125770671,Baixo
1978268,0.23376444113400746,Medio
1977739,0.5516745059967882,Alto
1978066,0.36114908015342445,Medio
1978033,0.40012391685604926,Medio
1978192,0.13884905579026866,Baixo
1977847,0.10157074448724243,Baixo
1977989,0.1611505340029719,Baixo
1978117,0.36813003673968536,Medio
1978080,0.1093365170222374,Baixo
1977938,0.2953006724107422,Medio
1978167,0.2828085076166142,Medio
1978257,0.09868440158529232,Baixo
1977427,0.37340488930619004,Medio
1978223,0.130336413711904,Baixo
1977905,0.06630685538875336,Baixo
1978300,0.27723791332632136,Medio
1977939,0.2956636781024589,Medio
1978183,0.22320514041980422,Medio
1978121,0.17209853663171637,Baixo
1977826,0.5112113644824344,Alto
1978251,0.09080238541491577,Baixo
1977976,0.22469344822695708,Medio
1977983,0.34950312008488654,Medio
1978010,0.19753766411353252,Baixo
1977799,0.2661292947844049,Medio
1977864,0.36149233844401296,Medio
1978096,0.12627739725282958,Baixo
1978077,0.13863345914142478,Baixo
1977776,0.1793397559844861,Baixo
1978289,0.3324767820618908,Medio
1685941,0.13141808169000377,Baixo
1977786,0.17252524165328012,Baixo
1978238,0.235361797063872,Medio
1977971,0.13090766244253194,Baixo
1978242,0.19523058662787268,Baixo
1977903,0.20383930743261175,Medio
1977887,0.16973743666769084,Baixo
1977949,0.369672464790637,Medio
1978171,0.36279062078728863,Medio
1978207,0.1320799387787999,Baixo
1977814,0.32489342097121965,Medio
1977963,0.20677070067804185,Medio
1978248,0.16238493083031375,Baixo
1978227,0.3905940879364613,Medio
1977862,0.14340679098600256,Baixo
1978042,0.09116959538164883,Baixo
1978260,0.4081317735870997,Medio
1947855,0.07667944293166476,Baixo
1978316,0.1453291323723061,Baixo
1978177,0.260762948861683,Medio
1978371,0.057220301648125596,Baixo
1978110,0.1286623485077295,Baixo
1977747,0.07964550081009808,Baixo
1978067,0.2242873803068636,Medio
1978341,0.2062772139210129,Medio
1978025,0.3155744215402072,Medio
1977907,0.2514470666934732,Medio
1978087,0.2742720521999075,Medio
1978237,0.3739887350068518,Medio
1978312,0.23306531847158216,Medio
1978174,0.0985018245461816,Baixo
1977806,0.17221147318110444,Baixo
1978256,0.17178787736641116,Baixo
1977951,0.11953253438251543,Baixo
1978327,0.33093946864547646,Medio
1978044,0.16821399538414544,Baixo
1978221,0.12150800425317257,Baixo
1978222,0.4393875629516993,Medio
1977836,0.2286295688160379,Medio
1977986,0.22467442503905216,Medio
1978002,0.17381229272552515,Baixo
1978109,0.2447836419394749,Medio
1978430,0.057181527392577244,Baixo
1978036,0.3054474254287592,Medio
1978106,0.1634167113664547,Baixo
1978039,0.10537173186483012,Baixo
1978156,0.3681263856248471,Medio
1978303,0.11903521103171699,Baixo
1978305,0.5356315128183147,Alto
1978440,0.15087739848684323,Baixo
1978485,0.08602746328889539,Baixo
1978334,0.1960046289117697,Baixo
1977840,0.26708260229672054,Medio
1978170,0.2805218677364191,Medio
1976114,0.25266381973911545,Medio
1978328,0.16784579847745187,Baixo
1978247,0.2877717424651134,Medio
1978154,0.2179488228398126,Medio
1973955,0.35203433798430184,Medio
1978297,0.3523720461102004,Medio
1978218,0.1693737205264854,Baixo
1978263,0.12126553142584102,Baixo
1978118,0.32201807392163284,Medio
1978565,0.1632125763682887,Baixo
1978069,0.23119014587665937,Medio
1978060,0.1686228670952533,Baixo
1978125,0.21741079391767965,Medio
1978208,0.12680109088356234,Baixo
1977740,0.2793329709512416,Medio
1977759,0.31470704842796837,Medio
1978011,0.15674544521427006,Baixo
1978204,0.1600885696842761,Baixo
1978456,0.1674941566314401,Baixo
1978434,0.11088853084479801,Baixo
1978271,0.21040798178028408,Medio
1978474,0.2059980942659692,Medio
1978307,0.09626961238618076,Baixo
1978387,0.19829486057827722,Baixo
1978092,0.21857435139045533,Medio
1978373,0.1252193008737132,Baixo
1978590,0.06283847862956744,Baixo
1978255,0.04536737193280403,Baixo
1978058,0.30294129714681817,Medio
1978132,0.17316141389011608,Baixo
1978484,0.10293979913065511,Baixo
1978267,0.07215341614019927,Baixo
1978048,0.17512234237179733,Baixo
1978038,0.1327585993497269,Baixo
1978431,0.35165455381947586,Medio
1978504,0.16157979586747015,Baixo
1978317,0.30314931905766246,Medio
1978611,0.11559476945987197,Baixo
1978294,0.12394046080049277,Baixo
1978084,0.3325786177371776,Medio
1978264,0.40635201836989265,Medio
1977804,0.37615572388857,Medio
1978503,0.2379361376025406,Medio
1978462,0.4082479855102247,Medio
1978594,0.3987553803351889,Medio
1978233,0.40607648194409107,Medio
1977921,0.18828191973067196,Baixo
1978054,0.17490673772787724,Baixo
1978055,0.16941824307413944,Baixo
1977899,0.3687136552640168,Medio
1978052,0.1824229928754103,Baixo
1978245,0.1305443330981811,Baixo
1978517,0.19907593654484879,Baixo
1978535,0.18322399360904812,Baixo
1978099,0.12596631863344068,Baixo
1978418,0.14126367900992656,Baixo
1978421,0.16251321821335507,Baixo
1978225,0.2665016553808915,Medio
1978457,0.14241465256115096,Baixo
1976159,0.35806757353536145,Medio
1978313,0.13840015119488888,Baixo
1978368,0.2232348722512668,Medio
1978632,0.5537600459357723,Alto
1977917,0.3191997000684375,Medio
1978542,0.31466763551720633,Medio
1978637,0.04159645300488659,Baixo
1978528,0.16173510529517904,Baixo
1978283,0.34234519186416323,Medio
1978379,0.2356778235821782,Medio
1978024,0.3735570311049638,Medio
1977853,0.3304159343697405,Medio
1977920,0.4707376430140257,Alto
1978034,0.12932401942678828,Baixo
1976324,0.1569469868152683,Baixo
1978378,0.19678182094161187,Baixo
1978571,0.4447012750614681,Medio
1978498,0.1387536993824849,Baixo
1978198,0.28402165507927646,Medio
1978502,0.28716518793679335,Medio
1978443,0.32825571337218284,Medio
1978413,0.3870937161975151,Medio
1974238,0.2335344770422629,Medio
1978441,0.2761990224522481,Medio
1978321,0.11938677165635672,Baixo
1972789,0.26898437774460493,Medio
1978239,0.09072468814953136,Baixo
1978432,0.25825469102685233,Medio
1978545,0.3720312247162787,Medio
1978043,0.48819667225862556,Alto
1978119,0.320281088745561,Medio
1977943,0.19769951745071343,Baixo
1978229,0.16344404408735944,Baixo
1978453,0.2136528567964332,Medio
1977893,0.13668541545757748,Baixo
1978452,0.0943672901026563,Baixo
1978159,0.3802715852629605,Medio
1978472,0.2165830341122632,Medio
1978164,0.3687819388898138,Medio
1978290,0.14118925084469802,Baixo
1978650,0.523173971357006,Alto
1978460,0.279823594513248,Medio
1978389,0.22555594234013376,Medio
1978627,0.2475642510398343,Medio
1978147,0.17350445631412506,Baixo
1978046,0.4271383268995995,Medio
1978347,0.1319591345263706,Baixo
1978343,0.36153798101841267,Medio
1978581,0.2575565039171849,Medio
1978626,0.16948212742155097,Baixo
1978136,0.44031663537396853,Medio
1978423,0.21158879364200467,Medio
1978623,0.5791270044294738,Alto
1978335,0.22732898132567922,Medio
1977816,0.29329274274498646,Medio
1978108,0.12020637301092099,Baixo
1973472,0.1494438332424441,Baixo
1972993,0.5752856083369983,Alto
1978330,0.15589489020149794,Baixo
1978449,0.3582721604878817,Medio
1978173,0.14708674010778702,Baixo
1975736,0.27385550661820124,Medio
1978671,0.24086660897562745,Medio
1978652,0.1797440872449628,Baixo
1978083,0.1583894977380982,Baixo
1973723,0.2569965736820211,Medio
1977412,0.1903944634056134,Baixo
1977735,0.295963812884095,Medio
1978551,0.3342992967289208,Medio
1978385,0.3954809234801909,Medio
1978359,0.13608060441496367,Baixo
1977613,0.13207873325766642,Baixo
1978633,0.5069706684109392,Alto
1978041,0.36228776161702286,Medio
1978674,0.21133513958472577,Medio
1978506,0.29246515841124543,Medio
1976426,0.1291098433423412,Baixo
1973290,0.2498800737964272,Medio
1978694,0.0834430948144817,Baixo
1978673,0.2517809964667071,Medio
1978465,0.15813700444147327,Baixo
1978628,0.19776417266212504,Baixo
1969921,0.15339792585037665,Baixo
1978288,0.33957163644237975,Medio
1977566,0.0706252298051406,Baixo
1977933,0.1531572930725058,Baixo
1976211,0.1374047640804737,Baixo
1978438,0.19946235791754582,Baixo
1973665,0.4897353339589909,Alto
1978187,0.47027502145286004,Alto
1978580,0.11452164244470577,Baixo
1978369,0.11224271166091698,Baixo
1977788,0.27090318914306377,Medio
1978682,0.15699664083906345,Baixo
1978455,0.43789082816411407,Medio
1978698,0.13219893061414095,Baixo
1978486,0.4291098213757001,Medio
1978477,0.24369374233938018,Medio
1978533,0.2699847323542972,Medio
1978419,0.1599939263590841,Baixo
1978697,0.10559282295665937,Baixo
1978609,0.32831088209056225,Medio
1978713,0.17795184416758572,Baixo
1978429,0.26013161751853475,Medio
1978442,0.3130512430954515,Medio
1978356,0.13757486806374386,Baixo
1978635,0.21361688220958763,Medio
1978478,0.15551052365528387,Baixo
1978274,0.3853533727241292,Medio
1978676,0.1762313011030634,Baixo
1977997,0.3886917488355695,Medio
1978408,0.19018965956887013,Baixo
1978094,0.46894036918324833,Alto
1978492,0.1810223436522022,Baixo
1978615,0.16664131900766063,Baixo
1978399,0.4148126287348923,Medio
1978521,0.14028358843004335,Baixo
1978743,0.33333736230922834,Medio
1978153,0.37689292098749694,Medio
1978510,0.0920497313539584,Baixo
1978234,0.21202620809752745,Medio
1978232,0.23379591549885215,Medio
1977146,0.3223690523339548,Medio
1978691,0.3136461205157452,Medio
1945997,0.16049935195153675,Baixo
1978180,0.27695866855351037,Medio
1977914,0.19004542198171231,Baixo
1978428,0.604705189180933,Alto
1978372,0.3450813810196778,Medio
1842326,0.44440369533411433,Medio
1978791,0.06957708796515748,Baixo
1978765,0.3097772012709227,Medio
1978772,0.0997356445469912,Baixo
1977925,0.3414033166838288,Medio
1978680,0.20241944322105962,Medio
1976853,0.07301407924638556,Baixo
1977737,0.19518722450354786,Baixo
1978728,0.4128890603861296,Medio
1978600,0.29811453057705345,Medio
1977869,0.23384233709008573,Medio
1978754,0.4121802240378346,Medio
1978668,0.3854309954015185,Medio
1978624,0.23243908170000083,Medio
1978027,0.1488389461306252,Baixo
1978792,0.15168760782687207,Baixo
1969026,0.35433115375963664,Medio
1978240,0.18902135636239323,Baixo
1975372,0.20097855925319558,Medio
1949946,0.40746212053940606,Medio
1978086,0.219754684607927,Medio
1978815,0.3193510211118738,Medio
1978734,0.21724585329751578,Medio
1978622,0.3120377433246953,Medio
1978746,0.08994538171794485,Baixo
1978730,0.1664236527158773,Baixo
1978166,0.3110749538843128,Medio
1978801,0.3182954046692541,Medio
1978386,0.19505495345959853,Baixo
1978768,0.1967457680928252,Baixo
1978302,0.15975427273802287,Baixo
1978789,0.276930020909377,Medio
1978364,0.5482195040185197,Alto
1975560,0.2863123225602378,Medio
1977445,0.26707963967026926,Medio
1978827,0.37790435526429883,Medio
1978219,0.11489667765177014,Baixo
711945,0.2774681120353477,Medio
1978659,0.15263306048327477,Baixo
1975442,0.02574845086871049,Baixo
1978531,0.25082734435425086,Medio
1978384,0.14280029770665592,Baixo
1978857,0.17843620569485844,Baixo
1978620,0.3448018843723739,Medio
1978829,0.05300532923131771,Baixo
1977970,0.1938723959496986,Baixo
1978292,0.10279636533991922,Baixo
1974834,0.13851952883213212,Baixo
562709,0.07762652937180488,Baixo
1978781,0.32542940378183155,Medio
1973079,0.12542478038071847,Baixo
1978853,0.06047171191204634,Baixo
1978820,0.20917283312280238,Medio
1975254,0.1385129327092641,Baixo
1978723,0.1483458349680073,Baixo
1978837,0.3122877484365032,Medio
1971740,0.19859083739668484,Baixo
1978822,0.17589996925015286,Baixo
1977672,0.05385679561905009,Baixo
1978700,0.1312978075208168,Baixo
1978745,0.08388758583882375,Baixo
1977013,0.11021060590437083,Baixo
1977843,0.19455644098811875,Baixo
1977201,0.5365490442099441,Alto
1978568,0.15551467761312915,Baixo
1978903,0.11783648113799593,Baixo
1977977,0.07630331806759674,Baixo
1975914,0.4767721497744864,Alto
1978749,0.2790838639224735,Medio
1978917,0.2689777211700184,Medio
1978873,0.2968428693865322,Medio
1978866,0.4765097281802516,Alto
1976993,0.4108115126335012,Medio
1977954,0.20885422008046003,Medio
1978835,0.4791266706711119,Alto
1978859,0.11121362403013324,Baixo
1782409,0.2218038224454826,Medio
1974034,0.26350261478219106,Medio
1966915,0.323013716988193,Medio
1978436,0.1251479116118397,Baixo
1978855,0.09523167853502988,Baixo
1973894,0.3820262113596708,Medio
1978161,0.17999939788062363,Baixo
1977865,0.6864957982036679,Alto
1965901,0.2906739610895659,Medio
1978889,0.24509029214988903,Medio
1978921,0.12354347864960931,Baixo
1978913,0.14872623495181067,Baixo
1978774,0.19608936096131957,Baixo
1737760,0.07384028255120324,Baixo
1978939,0.17996432863192674,Baixo
1978013,0.11492564475608823,Baixo
1978613,0.2083593684209609,Medio
1965833,0.3137549588441476,Medio
1977913,0.3124453195731268,Medio
1978748,0.2952562834127332,Medio
1978949,0.4625981761000755,Alto
1978916,0.24956018574672492,Medio
1978407,0.29679188914861443,Medio
1978929,0.10412966971568195,Baixo
1978529,0.4833666574139571,Alto
1978935,0.12065832275296857,Baixo
1974082,0.2853309936432527,Medio
1974549,0.39893559838535514,Medio
1978942,0.13849454050806284,Baixo
1977437,0.26391062362216616,Medio
1978890,0.14850442672354458,Baixo
1975034,0.06329306650525252,Baixo
1974368,0.15433150799707238,Baixo
1978914,0.13753157307762381,Baixo
1978887,0.5059368896003551,Alto
1978936,0.30744654684809813,Medio
1977500,0.29727491804210554,Medio
1974993,0.23034364117664186,Medio
1978450,0.44788706943989615,Medio
1978319,0.37072514645212423,Medio
1978952,0.09461608378952094,Baixo
1978892,0.12296130110766157,Baixo
1977468,0.1944932508330006,Baixo
1978988,0.33032428814159637,Medio
1978964,0.13025364985080626,Baixo
1978907,0.31710116221187173,Medio
1978596,0.14210760228288838,Baixo
1978966,0.20079258475849882,Medio
1978924,0.5290774318897562,Alto
1978960,0.0758392989551341,Baixo
1977966,0.18156948108568305,Baixo
1975645,0.3200179481753961,Medio
1978403,0.48071008726999664,Alto
1978755,0.25286970264667624,Medio
1978980,0.09370640593601635,Baixo
1978028,0.1759252512386062,Baixo
1973841,0.45107310876938267,Alto
1978669,0.4006614137515236,Medio
1978900,0.12772269810350897,Baixo
1978948,0.11242372566666775,Baixo
1978133,0.17851144307438174,Baixo
1978078,0.19236017230400643,Baixo
1536687,0.10482556656058543,Baixo
1978800,0.28390898812097204,Medio
1978897,0.2077229484612133,Medio
1978996,0.08970636206806563,Baixo
1978831,0.49375627584718323,Alto
1978847,0.12471202227163464,Baixo
1970572,0.5080170095969424,Alto
1979035,0.387088996110003,Medio
1979034,0.1504295037507257,Baixo
1972708,0.17188390786926458,Baixo
1978961,0.16985875525239408,Baixo
1978707,0.1056913493636707,Baixo
1900776,0.03676500671147422,Baixo
1979045,0.23320164991538953,Medio
1972568,0.13075145463735888,Baixo
1979063,0.5995435899076257,Alto
1978967,0.47083177837179013,Alto
1979080,0.1640595451035174,Baixo
1978982,0.11926752469191347,Baixo
1978992,0.23615775349622528,Medio
1978570,0.21044884468406383,Medio
1978586,0.015318664454613839,Baixo
1978750,0.2642210033439894,Medio
1978677,0.1900046716656003,Baixo
1978990,0.05751519302494429,Baixo
1978974,0.18790279479978733,Baixo
1977665,0.2976242006481066,Medio
1979003,0.21594941670986387,Medio
1978716,0.25946891629819624,Medio
1978904,0.4021263705005988,Medio
1979071,0.35056522225805764,Medio
1979074,0.07393319803855086,Baixo
1979096,0.22346995696241811,Medio
1971420,0.1094187070974619,Baixo
1978116,0.26465457963062317,Medio
1978539,0.19491948943128024,Baixo
1979059,0.11829377388544135,Baixo
1977910,0.31826262317792675,Medio
1978520,0.18609197782069406,Baixo
1979128,0.22759400953940653,Medio
1978710,0.09697843116256581,Baixo
1979135,0.16887530265691364,Baixo
1979146,0.23179812540641698,Medio
1974690,0.37847763997848155,Medio
1977980,0.0904503043654897,Baixo
1979107,0.27324298218945975,Medio
1977780,0.3235750587783426,Medio
1978057,0.0846136732805466,Baixo
1977981,0.29266658823628333,Medio
1978358,0.24626029829849125,Medio
1977771,0.20650109911856293,Medio
1979110,0.088090468090319,Baixo
1978176,0.23814858945559267,Medio
1979147,0.2866669835175189,Medio
1978114,0.05581636250722228,Baixo
1979155,0.24444650340842788,Medio
1978999,0.21821683020696606,Medio
1978113,0.25140638184272945,Medio
1978111,0.07636922325435577,Baixo
1977849,0.13012387337121403,Baixo
1978140,0.1897443027418266,Baixo
1978585,0.32489342097121965,Medio
1978146,0.20314131106703795,Medio
1978404,0.30502373610338274,Medio
1978845,0.2983730132384837,Medio
1977794,0.2537360834477019,Medio
1979137,0.22539590394297354,Medio
1978721,0.40521483958152,Medio
1977877,0.04658863959282285,Baixo
1979018,0.13180376567018992,Baixo
1977932,0.33472542587194154,Medio
1978272,0.1393651148020954,Baixo
1978323,0.25821092951674046,Medio
1978382,0.31815834033264623,Medio
1978258,0.1276911226681346,Baixo
1978665,0.043667509665648904,Baixo
1978201,0.33448342939922754,Medio
1979094,0.09715917680570801,Baixo
1978810,0.4267334791043863,Medio
1977764,0.3268795853075033,Medio
1977942,0.20005733319841182,Medio
1977872,0.3015941255346108,Medio
1977860,0.27191964288505294,Medio
1978337,0.3965502801584954,Medio
1977902,0.27366992359968784,Medio
1978144,0.49456441156891634,Alto
1978329,0.11139505814018061,Baixo
1979151,0.1524126216460293,Baixo
1979148,0.16989257052151802,Baixo
1979134,0.3896394751402053,Medio
1978558,0.1480597839868289,Baixo
1979130,0.10815197163862958,Baixo
1978993,0.23864208365158956,Medio
1978483,0.24650933178625395,Medio
1979175,0.0956714323632325,Baixo
1978199,0.40064896568148745,Medio
1978986,0.5070579665929855,Alto
1979204,0.2181469426904421,Medio
1979117,0.42702487721154264,Medio
1978304,0.1265502337249054,Baixo
1978767,0.12587158898837686,Baixo
1979208,0.01186261820537243,Baixo
1979256,0.3988085649017986,Medio
1977373,0.05843921607689046,Baixo
1971094,0.30269325723204316,Medio
1979189,0.10837099285944382,Baixo
1971414,0.5703585140000944,Alto
1817890,0.1767514823181546,Baixo
1978476,0.6391812383714792,Alto
1969872,0.23683761543431534,Medio
1978437,0.2728488698931521,Medio
1979222,0.21615238182267393,Medio
1973713,0.38467933404467025,Medio
1979150,0.31866779817142826,Medio
1979239,0.32698592967937273,Medio
1978687,0.11720704990186649,Baixo
1979263,0.02177848428278782,Baixo
1978391,0.24519639429912884,Medio
1979289,0.4913784076663847,Alto
1979305,0.350354561601856,Medio
1977586,0.1718566506757002,Baixo
1979237,0.1809098176814633,Baixo
1978648,0.21463409818598328,Medio
1979037,0.37434921008326566,Medio
1976173,0.10831946427586386,Baixo
1979118,0.20131497783397623,Medio
1979209,0.3257653130487979,Medio
1979214,0.10765815157729555,Baixo
1979121,0.23677118401704825,Medio
1965844,0.18783949673647898,Baixo
1979167,0.4010204935109363,Medio
1979288,0.1333153081771491,Baixo
1974388,0.09850545005121986,Baixo
1972912,0.18215754127434988,Baixo
1971123,0.41213214092305944,Medio
1773537,0.13809999297541414,Baixo
1979255,0.22133669474977796,Medio
1978752,0.06800552744126873,Baixo
1979199,0.33075155318790805,Medio
1975807,0.2170494043053805,Medio
1979087,0.04018080412450984,Baixo
1972342,0.05127563408823983,Baixo
1979192,0.15803739964268704,Baixo
1972800,0.0876290283885206,Baixo
1979215,0.4087163175447217,Medio
1976150,0.2533300245135097,Medio
1979341,0.1249423282253908,Baixo
1979336,0.27904381096575925,Medio
1978742,0.16896651555541403,Baixo
1978035,0.3389166599681953,Medio
1979334,0.3250889185380142,Medio
1979356,0.07553303371876036,Baixo
1459687,0.33174305005500665,Medio
1979144,0.3222406192465303,Medio
1979296,0.38900902965377226,Medio
1979358,0.5133769465473215,Alto
1979338,0.16121213298043222,Baixo
1974016,0.4553226174513045,Alto
1979371,0.35999512259655286,Medio
1646400,0.1424994585124946,Baixo
1978776,0.1843318598908959,Baixo
1979406,0.07644299506561839,Baixo
1978224,0.22684943600816856,Medio
1978655,0.301679703084149,Medio
1979422,0.18446931722401613,Baixo
1978825,0.34115878909593644,Medio
1979317,0.1397200984267908,Baixo
678122,0.27075494394528693,Medio
1979378,0.359979440894231,Medio
1976620,0.33115300810926457,Medio
1979404,0.3062667007709,Medio
1979437,0.15262955132165987,Baixo
1972401,0.08693392251877001,Baixo
1974299,0.142315343267091,Baixo
1979391,0.13471121896000968,Baixo
1979252,0.2919906027245845,Medio
1979421,0.23428811643810327,Medio
1979281,0.16775062861845608,Baixo
1979072,0.01090928184607494,Baixo
1979424,0.2837363981213032,Medio
1976893,0.12357421045789732,Baixo
1971744,0.23231272877002787,Medio
1977284,0.2559650877584523,Medio
1977089,0.2898307823406098,Medio
1979419,0.4293724596619001,Medio
1979271,0.012707000087949578,Baixo
1979447,0.0764466987229164,Baixo
1979025,0.3381160627993653,Medio
1979418,0.181286595218902,Baixo
1978861,0.1471521603794155,Baixo
1976905,0.09805440828767172,Baixo
1979486,0.19004194447119904,Baixo
1979161,0.10844268979952364,Baixo
1979460,0.12001887927110248,Baixo
1978736,0.18220981931690688,Baixo
1978351,0.17975566262716816,Baixo
1979171,0.12762194294263526,Baixo
1972043,0.133012967316186,Baixo
1963290,0.1690360634325287,Baixo
1979463,0.3218819781801441,Medio
1973086,0.18527104649878812,Baixo
1979440,0.1453847035038967,Baixo
1979325,0.28427782262087714,Medio
1979191,0.2126803582102007,Medio
1977607,0.15422719554322298,Baixo
1973314,0.41586682195558367,Medio
1977911,0.2885882983596797,Medio
1976027,0.07224069592179945,Baixo
1979243,0.26539210646701517,Medio
1978617,0.0888631662561191,Baixo
1978661,0.15304063376100976,Baixo
1978299,0.39075330747301606,Medio
1972898,0.15926232208792712,Baixo
1938841,0.1981558006309123,Baixo
1977680,0.10163622196744236,Baixo
1974280,0.12164330674639358,Baixo
1978883,0.06952326133242231,Baixo
1974767,0.08021884314170552,Baixo
1979038,0.34113945543769686,Medio
1979015,0.44877782838637503,Medio
1978439,0.37331409045615777,Medio
1979079,0.07791683624917552,Baixo
1978451,0.18077038872758255,Baixo
1973664,0.09737801037710028,Baixo
1979510,0.5060097505020359,Alto
1978862,0.18755313860339254,Baixo
1978970,0.17880878051777957,Baixo
1978951,0.08175206065045752,Baixo
1978388,0.5363665969459934,Alto
1974039,0.12878700590661818,Baixo
1975064,0.19291405752127266,Baixo
1971005,0.49348259610461614,Alto
1978019,0.42486175508829344,Medio
1979481,0.16360841795997633,Baixo
1979008,0.2377969062032286,Medio
1978006,0.14860664902610624,Baixo
1979254,0.08660032882632748,Baixo
1974784,0.019879322547684715,Baixo
1971660,0.10276387589020898,Baixo
1979476,0.19563865345862963,Baixo
1979538,0.3771016788105376,Medio
1979543,0.12778401448205934,Baixo
1901089,0.17572037868941354,Baixo
1978339,0.13939532604299945,Baixo
1977819,0.49580734283601147,Alto
1979524,0.22199958361670985,Medio
1976859,0.2916036910039184,Medio
1973288,0.1655522278557197,Baixo
1979561,0.21558520958438984,Medio
1979574,0.2851216743208649,Medio
1971658,0.26370512971090343,Medio
1979484,0.15716701676641967,Baixo
1979537,0.29690788760824577,Medio
1979532,0.10560937103207041,Baixo
1979544,0.08590149595286684,Baixo
1979536,0.5000945610157606,Alto
1976048,0.24196425945194994,Medio
1979571,0.19758003997393556,Baixo
1979428,0.10989032843265402,Baixo
1979528,0.14213225843419916,Baixo
1979572,0.2974464812612111,Medio
1979468,0.10715403338737117,Baixo
1979525,0.4274050271866944,Medio
1979556,0.20030537197510564,Medio
1979588,0.07023915063595279,Baixo
1977823,0.2345643619692613,Medio
1963403,0.27949790000764446,Medio
1973834,0.3007153987556516,Medio
1979570,0.21317534328246315,Medio
1976714,0.1252253688984164,Baixo
1979602,0.7652735160032088,Critico
1969765,0.2577514926262254,Medio
1979596,0.0997582737873271,Baixo
1979605,0.17244290462743672,Baixo
1979600,0.3735812881650631,Medio
1979611,0.37445160589869886,Medio
1979569,0.09495648048368013,Baixo
1974215,0.13144667833537366,Baixo
1974173,0.2498475218722351,Medio
1979617,0.06446803238841002,Baixo
1979597,0.05791520573098267,Baixo
1979609,0.3336273701490276,Medio
1977276,0.2718637640799738,Medio
1978969,0.11666978097913307,Baixo
1979513,0.22005403892382433,Medio
1977162,0.10620808825470579,Baixo
1972296,0.4251212056567306,Medio
1979630,0.22737981198249008,Medio
1979582,0.10035942286041946,Baixo
1979650,0.14162502484172498,Baixo
1977096,0.12717539119361998,Baixo
1978244,0.39961367328091396,Medio
1979156,0.19230923569619268,Baixo
1979212,0.24587594881113045,Medio
1979259,0.37871830217145785,Medio
1973090,0.2933712188419372,Medio
1979321,0.16933918599075745,Baixo
1979639,0.5488018402147191,Alto
1977047,0.35478519363092054,Medio
1942168,0.31058249667080146,Medio
1976499,0.1629805182280488,Baixo
1977023,0.32156305456600437,Medio
1979676,0.06532709232281486,Baixo
1978493,0.17484440527339462,Baixo
1979109,0.2517185939725048,Medio
1979185,0.2262717079733656,Medio
1971147,0.2117140015070698,Medio
1974747,0.15553226516615548,Baixo
1977784,0.19652137795865285,Baixo
1976298,0.15649445805204695,Baixo
1973900,0.2419808262076606,Medio
1979684,0.24648041872784138,Medio
1979099,0.17315887015118894,Baixo
1975472,0.41990301829446836,Medio
1979690,0.14047752134475877,Baixo
1971891,0.22479068424136756,Medio
1888248,0.4380105991205594,Medio
1979708,0.1506855635909975,Baixo
1979705,0.20747748875052818,Medio
1979651,0.15173547976652854,Baixo
1979696,0.2888723833492088,Medio
1979712,0.18771188988829104,Baixo
1979716,0.22173546391546475,Medio
1979464,0.2553272365252954,Medio
1978719,0.3507929214642616,Medio
1741421,0.6832068180502404,Alto
1979732,0.14791108813502732,Baixo
1972139,0.3182437785687533,Medio
1979740,0.18167315279324348,Baixo
1979741,0.09347280120944132,Baixo
1976763,0.24981741633240523,Medio
1979757,0.41979466128634946,Medio
1979758,0.1665703140454938,Baixo
1974750,0.19680860440852196,Baixo
1979760,0.2085018759522625,Medio
1977156,0.41817555569465475,Medio
1979773,0.18876515163473492,Baixo
1974775,0.08981454221859084,Baixo
1979778,0.21735352550163725,Medio
1973630,0.3919961693438928,Medio
1979790,0.14286652425768004,Baixo
1979793,0.22439787535243902,Medio
1979803,0.10510241886094632,Baixo
1979697,0.13841894581657846,Baixo
1975938,0.16944365247099488,Baixo
1979797,0.17374375771398948,Baixo
1973880,0.07426674001754309,Baixo
1978908,0.14947543232775443,Baixo
1979806,0.10609047095167283,Baixo
1979788,0.18791835897802822,Baixo
1978885,0.3144089331701583,Medio
1979812,0.3179739646482239,Medio
1979810,0.14254054997482024,Baixo
1979780,0.17715022799217336,Baixo
1978729,0.1129306096855381,Baixo
1952080,0.24527358221785137,Medio
1724968,0.22649165117278397,Medio
1979836,0.06621651406503037,Baixo
1977576,0.16195265694859426,Baixo
1977859,0.4218602664321081,Medio
1972304,0.48957243674262896,Alto
1972398,0.11306851588451312,Baixo
1973184,0.17402694099962943,Baixo
1974449,0.14545138844520605,Baixo
1978380,0.3946313542899239,Medio
1979807,0.2286490870643932,Medio
1966293,0.3007361480742167,Medio
1977904,0.16546277200220266,Baixo
1972616,0.11625661508830977,Baixo
1979867,0.34560825878158125,Medio
1975118,0.21074424021299462,Medio
1979786,0.1951724624072803,Baixo
1979743,0.30573083020809216,Medio
1973252,0.384905270465933,Medio
1975905,0.17147351684335085,Baixo
1979849,0.3388245441672685,Medio
1973969,0.3375832144187948,Medio
1979888,0.06686148136364711,Baixo
1979883,0.24802747319212504,Medio
1978424,0.17033290644585516,Baixo
1976653,0.09872110161481859,Baixo
1979848,0.2748042191237149,Medio
1976644,0.2350180153774567,Medio
1977530,0.06550647109693479,Baixo
1977803,0.3524314583024444,Medio
1972908,0.184705110848742,Baixo
1978509,0.34244548598093816,Medio
1979904,0.24791184844975248,Medio
1979906,0.23131203587033422,Medio
1978074,0.4141822698741577,Medio
1979913,0.10252656731399026,Baixo
1979919,0.012373221839335298,Baixo
1965559,0.20536205673973415,Medio
1978158,0.19665016193855067,Baixo
1977827,0.2377112868842796,Medio
1975789,0.06926591281098331,Baixo
1977707,0.21668428022505704,Medio
1979228,0.146865088271187,Baixo
1979954,0.13007853604634734,Baixo
1973790,0.3976311019868022,Medio
1973362,0.3161521545153387,Medio
1972167,0.22545405577626598,Medio
1979958,0.1761571353621506,Baixo
1979950,0.16849660505820419,Baixo
1973816,0.4781872944151819,Alto
1979938,0.2476656746192953,Medio
1980017,0.2688184072840129,Medio
1979990,0.2389731197467151,Medio
1977846,0.416457119029962,Medio
1977058,0.1769278792121543,Baixo
1973212,0.17809285639167022,Baixo
1980041,0.1531795109783246,Baixo
1979694,0.18257955975880752,Baixo
1974608,0.48782498199579566,Alto
1979903,0.46112597091227336,Alto
1980062,0.1651301225864569,Baixo
1980045,0.1695758026011756,Baixo
1978311,0.43148370778541195,Medio
1980068,0.09049326675992182,Baixo
1980082,0.1255121934825005,Baixo
1980075,0.4456754468662664,Medio
1975548,0.44540756222457334,Medio
1980102,0.22384934601577172,Medio
1980001,0.07025146435313293,Baixo
1975818,0.1598348717314604,Baixo
1980122,0.07927155634844153,Baixo
1980016,0.2574675079584741,Medio
1980137,0.07102709120670007,Baixo
688740,0.23557359526225355,Medio
1977237,0.07483111801745224,Baixo
1980029,0.10570724036158229,Baixo
1971296,0.6127602463107679,Alto
1979915,0.12573400722393765,Baixo
1979491,0.37409156198597593,Medio
1980184,0.21100802121032178,Medio
1968568,0.10482701994822974,Baixo
1977433,0.21350087249632568,Medio
1961917,0.3708584703500925,Medio
1976249,0.09236093712558217,Baixo
1980191,0.05379178421611629,Baixo
1974439,0.3442911359299257,Medio
1979846,0.17274588292701734,Baixo
1974650,0.20706250292282188,Medio
1973719,0.11728700957451998,Baixo
1978210,0.3833278440763213,Medio
1974827,0.29678006330629003,Medio
1949263,0.3089522261718919,Medio
1980011,0.5261707665420237,Alto
1979176,0.3045964297955344,Medio
1980223,0.1593940911193893,Baixo
1980225,0.41925471324429003,Medio
1944438,0.24737038155384156,Medio
1980085,0.2347025600275152,Medio
1980144,0.27382572785503684,Medio
1980222,0.15001159795781982,Baixo
1980230,0.43011514959814207,Medio
1978306,0.22436523939497513,Medio
1972323,0.526326458777747,Alto
1976248,0.08509724713211574,Baixo
1980251,0.323919178800902,Medio
1980260,0.09145354932565333,Baixo
1980264,0.046531396601400106,Baixo
1972261,0.474008873015208,Alto
1980141,0.18990684817446513,Baixo
1970589,0.3379906178530886,Medio
1976085,0.09082653515568627,Baixo
1957838,0.7273211877121082,Critico
1980268,0.16883834742783355,Baixo
1980247,0.1903725464396626,Baixo
1976813,0.1973076216321115,Baixo
1975042,0.3791711881804001,Medio
1980259,0.1536609062395883,Baixo
1979102,0.2795652114841033,Medio
1972948,0.45238338860672883,Alto
1980295,0.2978447468757443,Medio
1980302,0.05724820545986735,Baixo
1980238,0.3650010457929417,Medio
1980312,0.3210658070705713,Medio
1980175,0.16319637534743325,Baixo
1980311,0.07680643574578347,Baixo
1980308,0.10863229592710814,Baixo
1980284,0.17549815210908223,Baixo
1974846,0.2900882825119749,Medio
1980305,0.03459886861229471,Baixo
1976451,0.4400940892577921,Medio
1980338,0.4601319243224607,Alto
1979813,0.12245716247461269,Baixo
1974907,0.13491506036040007,Baixo
1979417,0.16991596126109137,Baixo
1973083,0.1965554789809434,Baixo
1980304,0.26253026195545015,Medio
1974154,0.2632245234592945,Medio
1980044,0.2782589697041164,Medio
1978480,0.3812640584421203,Medio
1977678,0.066834700327871,Baixo
1980317,0.14768190554985744,Baixo
1970620,0.12722262796324307,Baixo
1976567,0.413697272408635,Medio
1980372,0.13699097387834316,Baixo
1974938,0.3158990020058354,Medio
1980332,0.12135441603365289,Baixo
1980392,0.18794661704981228,Baixo
1973088,0.07633030892503422,Baixo
1980289,0.1630637338661357,Baixo
1974210,0.12933113845762892,Baixo
1980375,0.189100821616274,Baixo
1980409,0.03073913499190325,Baixo
1980327,0.18706514457668527,Baixo
1980391,0.2558249101854263,Medio
1979642,0.07570933779342771,Baixo
1980404,0.21830653186139026,Medio
1975535,0.11020107185546775,Baixo
1980410,0.41452957504174315,Medio
1974145,0.2972625947422491,Medio
1980412,0.18888651215582147,Baixo
1980297,0.2900109433031101,Medio
1973648,0.20656847671774742,Medio
1980383,0.18212490722303992,Baixo
1980104,0.06083104000381738,Baixo
1933584,0.18934996726050554,Baixo
1980342,0.17589594560196475,Baixo
1980430,0.23891048152846242,Medio
1980369,0.12644897165111132,Baixo
1980276,0.3111380427189202,Medio
1976770,0.3389616186515833,Medio
1974379,0.11723011037759909,Baixo
1980399,0.2622935742966354,Medio
1980433,0.16860106217705817,Baixo
1951471,0.05323688280994144,Baixo
1978185,0.30815445694617055,Medio
1977779,0.5775506118597231,Alto
1974341,0.3101656006325112,Medio
1977729,0.4783356965342814,Alto
1978647,0.17341072195937293,Baixo
1975584,0.18935120523294816,Baixo
1979643,0.060225134632152344,Baixo
1973579,0.34218987401008044,Medio
1980047,0.13199739835824062,Baixo
1977990,0.3143177152564241,Medio
1980456,0.08892885777419703,Baixo
1980157,0.1709596642136566,Baixo
1971334,0.17935682293378227,Baixo
1980468,0.41023657062469315,Medio
1980425,0.08429073360817244,Baixo
1979551,0.2864503183047488,Medio
1946149,0.23882589332232834,Medio
1973712,0.24192145647690713,Medio
1980467,0.15491321530067215,Baixo
1980423,0.1141178442488384,Baixo
1946325,0.19563718393224186,Baixo
1980206,0.18675722448095375,Baixo
1977628,0.3319705889024514,Medio
1979331,0.18654693004110864,Baixo
1980439,0.21812901898789164,Medio
1980485,0.04807198354744343,Baixo
1980459,0.3288094112326814,Medio
1324057,0.26572566789534285,Medio
1980470,0.1476523978708456,Baixo
1980486,0.07565455939312601,Baixo
1980483,0.5653636113147875,Alto
1973904,0.18106210085768365,Baixo
1614695,0.17783431457047721,Baixo
1980407,0.11464519950781253,Baixo
1979894,0.09164858269248939,Baixo
1980493,0.20510190027126793,Medio
1980159,0.2098959409994697,Medio
1978977,0.3806401635483102,Medio
1980360,0.2478636818804212,Medio
1980507,0.1934831966005559,Baixo
1980335,0.32063565200672933,Medio
1980511,0.13594746463124305,Baixo
1980403,0.22566505315201799,Medio
1980503,0.14476740836508642,Baixo
1980531,0.23238756781124742,Medio
1975091,0.24820110876621335,Medio
1980505,0.16935306320835578,Baixo
1980424,0.3336377125714468,Medio
1980413,0.1896555833646538,Baixo
1980522,0.06545867756041696,Baixo
1980351,0.17119619802257924,Baixo
1980190,0.12705397876854888,Baixo
1979878,0.2936289588483211,Medio
1980506,0.13483418265598007,Baixo
1971584,0.6264670403233452,Alto
1980529,0.6216605728434442,Alto
1974113,0.25520174065221596,Medio
1979866,0.08420108470888062,Baixo
1969324,0.14929831335682123,Baixo
1980535,0.2969735792799477,Medio
1980490,0.10627639070263606,Baixo
1977715,0.15975110548628452,Baixo
1979828,0.17946761715186021,Baixo
1980553,0.12837419723396812,Baixo
1977654,0.24664198751014163,Medio
1980560,0.5986560342892043,Alto
1979075,0.07202733015880519,Baixo
1978672,0.4083035058772869,Medio
1980035,0.1273110787500546,Baixo
1980482,0.3207800131317025,Medio
1973435,0.2247379943825979,Medio
1980510,0.2135525615539629,Medio
1976942,0.11756807553102476,Baixo
1975553,0.5178131740698684,Alto
1975102,0.602023762870374,Alto
1979626,0.45000787131214687,Alto
1980546,0.43087744723902877,Medio
1975850,0.2847757874741156,Medio
1980555,0.10524109519312458,Baixo
1980598,0.4682827597828797,Alto
1980589,0.08350881377983915,Baixo
1974221,0.14275577957707763,Baixo
1980565,0.09027731014830767,Baixo
1980480,0.20059672854802604,Medio
1980597,0.16184580608504995,Baixo
1975219,0.16090864586830242,Baixo
1974655,0.16762590642885072,Baixo
1972879,0.2124723342883926,Medio
1980610,0.15691903387141495,Baixo
1980616,0.12631819535963593,Baixo
1980583,0.24713154081536573,Medio
1980615,0.4368727239502795,Medio
1973822,0.1644915731912262,Baixo
1980588,0.1680873218723038,Baixo
1980491,0.32294168442349513,Medio
1974207,0.28259697215573387,Medio
1980607,0.41527195456916954,Medio
1980249,0.24376629249214699,Medio
1967448,0.28608120636399864,Medio
1973275,0.4873154853505825,Alto
1980573,0.3419088803242134,Medio
1980631,0.25249399623239,Medio
1980367,0.15714759223394337,Baixo
1980644,0.20933934351169486,Medio
1980576,0.05154874785898558,Baixo
1980645,0.2672889770547636,Medio
1980473,0.10617996548765807,Baixo
1979989,0.08748462137767592,Baixo
1977880,0.32954499194442105,Medio
1980036,0.06433803657129836,Baixo
1980648,0.3992709270222996,Medio
1980627,0.1677460601514055,Baixo
1980647,0.09139977447468961,Baixo
1978735,0.23622387355394348,Medio
1980669,0.2481683681596468,Medio
1980663,0.08509711767011083,Baixo
1980547,0.396294264824143,Medio
1980628,0.36986011688677983,Medio
1980673,0.0721587593911241,Baixo
1980617,0.3693886804525546,Medio
1979066,0.007332923460402099,Baixo
1980642,0.11088651975689483,Baixo
1976309,0.4241293345857927,Medio
1979693,0.43386326898490873,Medio
1980143,0.1363131877650966,Baixo
1978068,0.12132277300393692,Baixo
1846318,0.4344314354730956,Medio
1980365,0.2190943306149147,Medio
1978572,0.2422496606496592,Medio
1976193,0.31905916197605033,Medio
1980474,0.10576386483394519,Baixo
1973539,0.13738408215398099,Baixo
1967360,0.3825492051280501,Medio
1975398,0.1417006908426954,Baixo
1980667,0.12695830589617235,Baixo
1972004,0.22866318401338237,Medio
1972685,0.21491945732556578,Medio
1978598,0.48691804801008975,Alto
1980633,0.2124654564439154,Medio
1980581,0.1007349140834256,Baixo
1978103,0.6662867127648567,Alto
1980674,0.524420662923305,Alto
1968826,0.35094934401565075,Medio
1980569,0.3353490587567873,Medio
1979685,0.09470057292646647,Baixo
1973525,0.11273788854159128,Baixo
1980620,0.11519703420882353,Baixo
1974631,0.15953980171439602,Baixo
1979898,0.15831394652668712,Baixo
1979593,0.284993629588331,Medio
1445068,0.20536286846278537,Medio
1980723,0.20529115190701272,Medio
1090650,0.542358519670397,Alto
1980621,0.31906276693264096,Medio
1980707,0.4223430533944033,Medio
1980187,0.1163373413412582,Baixo
1980715,0.16891793719660564,Baixo
1980688,0.342657727653885,Medio
1980701,0.36263377994045876,Medio
1430145,0.1929121864695895,Baixo
1980719,0.2562803415227549,Medio
1980698,0.16121482407988288,Baixo
1980514,0.22144669414400117,Medio
1980377,0.2641562059237382,Medio
1978573,0.12656409005169808,Baixo
1975380,0.14943521801129087,Baixo
1980718,0.15418410734665183,Baixo
1979785,0.3913807479922801,Medio
1980743,0.11572184373281784,Baixo
1980087,0.24205562417502752,Medio
1977323,0.22887606570467203,Medio
1979580,0.5470904088061893,Alto
1980738,0.06748580820821574,Baixo
1968927,0.15116808502820628,Baixo
1973037,0.06132954185420986,Baixo
1980774,0.34099567468047026,Medio
1977387,0.10421607647520197,Baixo
1980766,0.17125238997520437,Baixo
1977791,0.35987321445207854,Medio
1980058,0.24790942093471707,Medio
1980797,0.08874385684816229,Baixo
1954013,0.17100615326392726,Baixo
1980795,0.06511765237423497,Baixo
1975753,0.4402220568222433,Medio
1979320,0.26012168668529545,Medio
1980798,0.06151374395756898,Baixo
1972790,0.4216534632565911,Medio
1980782,0.08835217809584946,Baixo
1977622,0.4418491910613192,Medio
1972193,0.20867535672292079,Medio
1973959,0.18151677966897947,Baixo
1980804,0.17824378729565502,Baixo
1980815,0.25149113980619336,Medio
1980834,0.009790245194704015,Baixo
1980813,0.07214451311149819,Baixo
1972829,0.012320095422787489,Baixo
1980671,0.29393175511059644,Medio
1980843,0.13375076697253171,Baixo
1980722,0.16039952045115347,Baixo
1978298,0.36638504511927067,Medio
1972095,0.10016435110201394,Baixo
1979024,0.2804742081873475,Medio
1979567,0.4083190482670256,Medio
1944441,0.41028163053949723,Medio
1980876,0.09262956616907524,Baixo
1980850,0.045793478125009605,Baixo
1980846,0.2121811610906729,Medio
1980851,0.2098191021828642,Medio
1969878,0.16605630701654434,Baixo
1980869,0.34498104303875765,Medio
1977697,0.10894697088540223,Baixo
1971345,0.18674799895071345,Baixo
1980849,0.14846572243212314,Baixo
1980900,0.2065685511271399,Medio
1980840,0.2724169192792904,Medio
1975132,0.3256848973858558,Medio
1980602,0.14206864619644788,Baixo
1980887,0.15071394457115467,Baixo
1980525,0.029120199523384932,Baixo
1980809,0.0725675282364513,Baixo
1980810,0.155580428497111,Baixo
1974343,0.22524190555378582,Medio
1974671,0.05905226779767853,Baixo
1980570,0.17601754702445277,Baixo
1980853,0.16463715080056124,Baixo
1974359,0.10989215434203298,Baixo
1980676,0.4485770119556983,Medio
1980871,0.13167464943043997,Baixo
1956860,0.19932773254009342,Baixo
1976641,0.25288244942495064,Medio
1977717,0.23401612183279125,Medio
1980799,0.24171424037181938,Medio
1974961,0.31445897173316517,Medio
1980888,0.36952462229419236,Medio
1980915,0.29053633853125765,Medio
1980759,0.33701008457861936,Medio
1975154,0.25657574823880097,Medio
1976161,0.3035548224270075,Medio
1944477,0.12288122983918584,Baixo
1980814,0.03562713015756863,Baixo
1980816,0.10188270069945705,Baixo
1980765,0.15125193759830316,Baixo
1979952,0.3512100818913914,Medio
1980918,0.3191827395956794,Medio
1980884,0.09064407075093543,Baixo
1980904,0.08351737532230614,Baixo
1949156,0.27154324715636136,Medio
1980940,0.18556925297548388,Baixo
1980896,0.1405259179059883,Baixo
1980907,0.25738981722647336,Medio
1980805,0.06491848995190022,Baixo
1980239,0.14924765993737651,Baixo
1980941,0.1833980446792663,Baixo
1980929,0.13207968395171754,Baixo
1980868,0.49815792931966973,Alto
1943645,0.0914883616717963,Baixo
1980953,0.18516156621824464,Baixo
1978325,0.0977017274389937,Baixo
1980944,0.2503633086994437,Medio
1980951,0.04914634372782478,Baixo
1978957,0.23150117234448717,Medio
1980950,0.09833531594183821,Baixo
1976872,0.4394620842266897,Medio
1980973,0.36939245642725055,Medio
1980716,0.41872783572037714,Medio
1980634,0.07186424534332103,Baixo
1973229,0.34503703501716004,Medio
1979188,0.4199901790936175,Medio
1977401,0.4665382103887344,Alto
1980966,0.0826473205092508,Baixo
1980956,0.1776001747071393,Baixo
1978308,0.1697461502588993,Baixo
1980957,0.4002532948297045,Medio
1980983,0.5203570523329506,Alto
1980508,0.4097566382717399,Medio
1951716,0.39119523387538796,Medio
1975915,0.5936267656828916,Alto
1975997,0.6250976043456155,Alto
1980769,0.1923758922072121,Baixo
1975569,0.3616228746803877,Medio
1973887,0.21959908254814262,Medio
1980975,0.16785472759479317,Baixo
1980450,0.3023333217954921,Medio
1980764,0.3159880382555626,Medio
1976236,0.3787598258862853,Medio
1974152,0.2667748086672651,Medio
1980895,0.3560140666049545,Medio
1980749,0.1054164444532095,Baixo
1980635,0.11842774251829212,Baixo
1980540,0.18690903996643635,Baixo
1977010,0.4486449575342679,Medio
1978101,0.12806443774275517,Baixo
1973895,0.1397551207804686,Baixo
1978397,0.10337694995779215,Baixo
1981054,0.1345875767350637,Baixo
1979407,0.2896105243129841,Medio
1981052,0.28895802317203,Medio
1980034,0.0905683643043416,Baixo
1978838,0.23789631755563947,Medio
1977777,0.311122684985282,Medio
1271464,0.36507851596220836,Medio
1981077,0.16975529254604801,Baixo
1975603,0.07052468353273991,Baixo
1981005,0.5414459120452256,Alto
1981092,0.22894036416620797,Medio
1981075,0.356897133949038,Medio
1980649,0.06897938669441733,Baixo
1251394,0.1853375751829334,Baixo
1981082,0.10277465917482925,Baixo
1980690,0.11261158346901672,Baixo
1975306,0.24572707487421977,Medio
1981071,0.14063430084704576,Baixo
1980863,0.06277543536046108,Baixo
1980477,0.14552673236007954,Baixo
1980577,0.17881552698697112,Baixo
1980196,0.10378581459527272,Baixo
1981059,0.2594573640942518,Medio
1981081,0.5293772423516949,Alto
1981105,0.18488175283133165,Baixo
1981104,0.18981566802177213,Baixo
1981096,0.2905222447843944,Medio
1981095,0.09566619645108976,Baixo
1966992,0.1829849711778243,Baixo
1976468,0.14441869622974685,Baixo
1981121,0.13344968757605027,Baixo
1981078,0.23624387650055167,Medio
1977714,0.1480532470785448,Baixo
1981083,0.3338759679165841,Medio
1979142,0.3615841865551896,Medio
1981125,0.21324115151779427,Medio
661976,0.19137024756081286,Baixo
1977616,0.13309044104253942,Baixo
1978365,0.3553391274360835,Medio
1981106,0.4716154510065242,Alto
1974888,0.4186508528575999,Medio
1979666,0.3994725034321609,Medio
1981120,0.2440596671264673,Medio
1981131,0.0722612576951249,Baixo
1980475,0.40625035036544777,Medio
1981046,0.18001363787898922,Baixo
1981111,0.22185674521370982,Medio
1979754,0.27515494573960525,Medio
1981156,0.12663960009264916,Baixo
1980444,0.15314394649083482,Baixo
1964682,0.2903497275724701,Medio
1981133,0.17907330277923417,Baixo
1981166,0.2230545059508579,Medio
1977961,0.14391847951166534,Baixo
1973077,0.37373626236772245,Medio
1981134,0.48574175394957014,Alto
1968576,0.14647937970265662,Baixo
1981172,0.1337664448910226,Baixo
1981176,0.12454461899931477,Baixo
978140,0.14110699444188618,Baixo
1981033,0.07708410156127302,Baixo
1974436,0.41789221497799467,Medio
1973707,0.20696770988871074,Medio
1981153,0.15435437754747222,Baixo
1981170,0.3533438122925551,Medio
1973407,0.27479057599793566,Medio
1972291,0.08342541137776117,Baixo
1981144,0.056021621869080024,Baixo
1980819,0.1512790862280349,Baixo
1981117,0.14791360170745083,Baixo
1974515,0.23404145540320312,Medio
1976273,0.5006667559613245,Alto
1981174,0.4593535386317551,Alto
1981184,0.12454934664442027,Baixo
1980186,0.11222371410156451,Baixo
1975096,0.22456808243090523,Medio
1973500,0.11855751420680703,Baixo
1973264,0.12330275804835648,Baixo
1974088,0.28979546028715875,Medio
1971820,0.23190360749463154,Medio
1980998,0.30760055530092745,Medio
1973652,0.11553347211042013,Baixo
1981151,0.18019262093938762,Baixo
1977432,0.21449780916890818,Medio
1981150,0.2150533588617173,Medio
1975863,0.19910976346124998,Baixo
1974325,0.21449559686425804,Medio
1980226,0.06151686549895583,Baixo
1973675,0.26903624935016823,Medio
1974924,0.3049654935603191,Medio
1979671,0.22353178006038146,Medio
1981029,0.2532311457865212,Medio
1962145,0.4634515456683689,Alto
1981233,0.4291419854202844,Medio
1981218,0.08842706189609938,Baixo
1951441,0.16709026838373814,Baixo
1981229,0.21443956948224488,Medio
1981241,0.3076090389595753,Medio
1981239,0.3244900797698644,Medio
1981243,0.06544794194008859,Baixo
1981226,0.44769481771159114,Medio
1952202,0.3338187148129438,Medio
1968567,0.28350079893180186,Medio
1980917,0.1233434106287359,Baixo
1972047,0.057298127778455846,Baixo
1981258,0.041487460775872786,Baixo
1981261,0.16025000429501188,Baixo
1981248,0.1796050636274091,Baixo
1979578,0.3284227849180289,Medio
1981211,0.5587358631765543,Alto
1980982,0.1411693245274486,Baixo
1981263,0.321310015664514,Medio
1981235,0.0724968805618588,Baixo
1981207,0.09243102438058955,Baixo
1981276,0.1718254265283344,Baixo
1981289,0.15560760045787936,Baixo
1978276,0.40246155508101567,Medio
1981179,0.248628305289615,Medio
1974755,0.32426558505073344,Medio
1976295,0.26949183677683364,Medio
1976518,0.2351777838377614,Medio
1981284,0.20340876549428547,Medio
1975228,0.44997363841089477,Medio
1981272,0.14041537376757465,Baixo
1973273,0.29030583249992264,Medio
1980932,0.18572190439226344,Baixo
1596304,0.268809245175714,Medio
1972642,0.044143809111830495,Baixo
1981138,0.26604127671398475,Medio
1981314,0.059557079616448245,Baixo
1981252,0.06999663359277222,Baixo
1957184,0.26255681922908136,Medio
1972989,0.21763809815127594,Medio
1981318,0.36845463260514544,Medio
1980112,0.4903036753791654,Alto
1981155,0.03652585577291387,Baixo
1981322,0.26096319450953126,Medio
1981225,0.07216146966980266,Baixo
1981004,0.3016454325159003,Medio
1979702,0.04024635124304855,Baixo
1981326,0.30382327812440146,Medio
1979868,0.2833033307765473,Medio
1979333,0.23125433347554894,Medio
1727417,0.5220183132159087,Alto
1981349,0.1432860700979416,Baixo
1981313,0.05497648581820377,Baixo
1981316,0.1843223717204078,Baixo
1980880,0.34344978944445853,Medio
1981245,0.13886461125288954,Baixo
1981332,0.1882249372115991,Baixo
1981260,0.12757860303646357,Baixo
1981325,0.2897677887635556,Medio
1981364,0.21099746106949496,Medio
1981353,0.2877725889427518,Medio
1929535,0.09613475078669945,Baixo
1898282,0.11442008820824491,Baixo
1979007,0.09627173162620935,Baixo
1981343,0.43784798424983357,Medio
1976240,0.3907831170240642,Medio
1981107,0.5701094299096912,Alto
1981365,0.35260752061121775,Medio
1981308,0.3577029416167992,Medio
1967867,0.20838362823355155,Medio
1981340,0.11933546088086619,Baixo
1981328,0.1771874540186697,Baixo
1981368,0.14589010408515496,Baixo
1981389,0.29284911659609386,Medio
1978564,0.292829524887701,Medio
1981390,0.27818050374806313,Medio
1981387,0.1348700510553114,Baixo
1978794,0.18300686723123005,Baixo
1981336,0.12898324098538694,Baixo
1973876,0.23001577947154458,Medio
1980147,0.2353647593410169,Medio
1981338,0.15801547926123777,Baixo
1981253,0.1843030923804321,Baixo
1981399,0.15750588426458542,Baixo
1981375,0.23283547815769623,Medio
1981410,0.626451488838326,Alto
1981403,0.15112936762291462,Baixo
1981422,0.20119508340440076,Medio
1981347,0.26588118540904704,Medio
1981418,0.2892767096826097,Medio
1981254,0.24708264702590538,Medio
1981380,0.1432783663297005,Baixo
1970062,0.5545015829370988,Alto
1973050,0.2879441468724968,Medio
1981415,0.14056372275002232,Baixo
1981405,0.09542637881099791,Baixo
1981430,0.06187104173681513,Baixo
1979504,0.12639900446692026,Baixo
1981417,0.25864550586475527,Medio
1977312,0.1798599324021499,Baixo
1980683,0.3638957021215538,Medio
1972700,0.2915897821053487,Medio
1979658,0.20069880558751604,Medio
1981423,0.4164816337912892,Medio
1980828,0.13632992805261018,Baixo
1976814,0.17146803667229524,Baixo
1981450,0.2114230401540598,Medio
1981437,0.12906873246376374,Baixo
1981425,0.37109225067555507,Medio
1981443,0.46905090848991016,Alto
1979550,0.13812949198850444,Baixo
1980515,0.37662325109338884,Medio
1981453,0.45706276736376433,Alto
1980655,0.18380517684052114,Baixo
1972844,0.09983965595695145,Baixo
1981452,0.30966546579916954,Medio
1981428,0.22833924617966886,Medio
1981473,0.2409851466831178,Medio
1981476,0.1547395591153278,Baixo
1981431,0.17920465891140722,Baixo
1978543,0.4010946134396576,Medio
1975562,0.07089246032364124,Baixo
1973918,0.46683752013538393,Alto
1981469,0.1083387533788959,Baixo
1978841,0.1467235526202492,Baixo
1968332,0.400465248856919,Medio
1981465,0.05705922747801066,Baixo
1981486,0.2573273762133558,Medio
1981480,0.04158230104647993,Baixo
1979555,0.21505088748805604,Medio
1981459,0.12886473406348592,Baixo
1981457,0.2747589447290323,Medio
1981494,0.2091098421868663,Medio
1945445,0.4184714214773622,Medio
1981514,0.17635090666170694,Baixo
1955982,0.4342495663666962,Medio
1981463,0.09019651407151541,Baixo
1974151,0.1335563224196768,Baixo
1981503,0.09915239700220296,Baixo
1975253,0.27900733711630143,Medio
1980156,0.14119808674286372,Baixo
1944810,0.12229847007790502,Baixo
1981202,0.12405230998651677,Baixo
1981495,0.3375779475881522,Medio
1978741,0.15605870531214583,Baixo
1980899,0.21413813425453482,Medio
1981215,0.005711948054504353,Baixo
1979655,0.3437633845222455,Medio
1978519,0.25208828046711496,Medio
1974589,0.5262298794224892,Alto
1976594,0.3267472000432252,Medio
1981163,0.2146288138344736,Medio
1981066,0.27881552658473263,Medio
1972876,0.09143468398425553,Baixo
1981032,0.020615365936368923,Baixo
1981265,0.534767120753635,Alto
1980534,0.15198409590286358,Baixo
1981031,0.10750156347081971,Baixo
584936,0.17565659862358451,Baixo
1981200,0.12195180207121824,Baixo
1981366,0.26513885771805346,Medio
1975099,0.3173594849244675,Medio
1979624,0.05628560779714241,Baixo
1980385,0.08752155684493486,Baixo
1981192,0.18759183345155514,Baixo
1980333,0.14541775359785492,Baixo
1977403,0.17436027979574104,Baixo
1981145,0.15810060289412944,Baixo
1978261,0.2635988776484888,Medio
1978918,0.17766916031208563,Baixo
1978398,0.13609137896027856,Baixo
1981026,0.2351366467164068,Medio
1977752,0.28409183283650524,Medio
1980708,0.15347742135277084,Baixo
1981477,0.10803097455875285,Baixo
1973047,0.14183570694219758,Baixo
1981491,0.24821713464990341,Medio
1973910,0.1933679561314321,Baixo
1977471,0.16933167521743614,Baixo
1981527,0.4283327590458674,Medio
1981544,0.4747733584145318,Alto
1981550,0.13853052134397548,Baixo
1976385,0.26739953307880643,Medio
1975055,0.25221176112095156,Medio
1977004,0.2604321185908299,Medio
1977223,0.11821556442438794,Baixo
1981464,0.09555914582033281,Baixo
1973649,0.48137518186548,Alto
1981543,0.11784990700851648,Baixo
1981402,0.4028611567864084,Medio
1981562,0.1507536826224531,Baixo
1981085,0.24279590300663198,Medio
1978037,0.045179979479502336,Baixo
1981154,0.39304427866094505,Medio
1981569,0.1963380705625411,Baixo
1981548,0.21854157121820372,Medio
1981553,0.3904276167360231,Medio
1981566,0.3555344405228224,Medio
1981484,0.16722133641706385,Baixo
1981529,0.05516537360301043,Baixo
1979564,0.34521803580061067,Medio
1975392,0.36774995714855285,Medio
1979554,0.1605866491562373,Baixo
1981585,0.2273023202752432,Medio
1979902,0.37195661137421465,Medio
1977132,0.4324871990546694,Medio
1981582,0.44796217918934833,Medio
1981568,0.07395404934305984,Baixo
1978813,0.24724771501038822,Medio
1981591,0.3697104285171905,Medio
1980105,0.23144210328355108,Medio
1981581,0.2707835599527442,Medio
1979201,0.25064100869444683,Medio
1981559,0.15458366140381624,Baixo
1981573,0.10883464350784754,Baixo
1981180,0.3938168526970747,Medio
1981610,0.28740198912445586,Medio
1678788,0.33299641269351493,Medio
1981611,0.037507688510828134,Baixo
1981091,0.16011993428485916,Baixo
1981354,0.3937509066579673,Medio
1981504,0.133948152176703,Baixo
1979595,0.14919989702420552,Baixo
1981605,0.08049956274404148,Baixo
1979613,0.3072447064524566,Medio
1981447,0.15953589111955982,Baixo
1972909,0.4350121318940929,Medio
1726404,0.305899650028768,Medio
1979837,0.2533526709425572,Medio
1973628,0.2880875994775177,Medio
1950840,0.20985257471889177,Medio
1977924,0.4519142422868576,Alto
1979023,0.18115399988331332,Baixo
1981587,0.19216218901651075,Baixo
1975783,0.182043917773109,Baixo
1981628,0.2450115844598142,Medio
1965738,0.22498364453010045,Medio
1971583,0.1303293159238976,Baixo
1981627,0.048870190977527865,Baixo
1981620,0.3023881387105329,Medio
1981538,0.09109726491513483,Baixo
1981633,0.10903027136481329,Baixo
1976680,0.32708480410152724,Medio
1972623,0.15793607225783013,Baixo
1981664,0.2737590700814289,Medio
1981649,0.10094939330756782,Baixo
1981660,0.23599550287885576,Medio
1978684,0.40879891597339985,Medio
1973705,0.3623659603796135,Medio
1981307,0.316483489867751,Medio
1981653,0.06822331579752296,Baixo
1978357,0.2664805917293349,Medio
1981327,0.3563242149792994,Medio
1981606,0.13592330815439205,Baixo
1981679,0.17331626494624228,Baixo
1981675,0.4105111470722807,Medio
1981251,0.336802664934026,Medio
1981657,0.24465128451749157,Medio
1981676,0.1160556443412284,Baixo
1981334,0.13736991359107595,Baixo
1976919,0.08068051162257513,Baixo
1978309,0.5038763706211893,Alto
1976708,0.17243350085925752,Baixo
1981671,0.3442908272631704,Medio
1981683,0.2757265244058993,Medio
1981545,0.24647982799366627,Medio
1979436,0.23854764160392603,Medio
1981705,0.41851940955326594,Medio
1981680,0.11462126530003083,Baixo
1981080,0.16839542482518988,Baixo
1981682,0.16908381059686775,Baixo
1981678,0.3418287437285435,Medio
1981686,0.13805623408731912,Baixo
1978608,0.1472666369627225,Baixo
1977629,0.3894679419308175,Medio
1981460,0.28868434912476204,Medio
1976621,0.4168344997280987,Medio
1974369,0.16204470273312796,Baixo
1980931,0.18443829939888992,Baixo
1981376,0.08116232524851887,Baixo
1981222,0.24630167645561699,Medio
1977926,0.10053144656289553,Baixo
1981451,0.29572288837647787,Medio
1978912,0.08428248133159234,Baixo
1981177,0.1875227227716696,Baixo
1973964,0.2672496642925109,Medio
1979644,0.3201753439333631,Medio
691531,0.40023206317491034,Medio
1975209,0.2771626346738602,Medio
1977260,0.2891593867740572,Medio
1981661,0.13074891910396996,Baixo
1972919,0.14803633143638095,Baixo
1981704,0.3432049645517827,Medio
1981102,0.29710457407235347,Medio
1981498,0.2277220048626185,Medio
1981703,0.729731852807139,Critico
1979912,0.14651566141819508,Baixo
1940477,0.10102951097186964,Baixo
1981710,0.3258571857326738,Medio
1972911,0.4873543664835724,Alto
1980019,0.036965104550642405,Baixo
1977993,0.37266570751344424,Medio
1978753,0.17102419869741883,Baixo
1981681,0.20155142552721816,Medio
1958580,0.27077941802913147,Medio
1978764,0.5139721565190675,Alto
1980682,0.4117818276527684,Medio
1974806,0.297037839512589,Medio
1981723,0.08820366841913828,Baixo
1981607,0.19581098071922257,Baixo
1981249,0.18077152231257465,Baixo
1973457,0.3508765785245238,Medio
1981696,0.3044073970736981,Medio
1981537,0.13748044818815403,Baixo
1981700,0.27706641567736406,Medio
1981743,0.13041281161126048,Baixo
1980032,0.2705117183568217,Medio
1981337,0.3244659770822543,Medio
1981751,0.008864763804846007,Baixo
1975331,0.4061689667340511,Medio
1981708,0.1962583629321124,Baixo
1979329,0.34360022671904694,Medio
1981749,0.213207867446282,Medio
1980903,0.1703501053927472,Baixo
1966863,0.40542597588433144,Medio
1981736,0.08677764330075849,Baixo
1981768,0.20566397287158728,Medio
1979196,0.09977792716489418,Baixo
1981757,0.26151431582892726,Medio
1980629,0.05590931963340949,Baixo
1981616,0.41123905702563074,Medio
1981770,0.07680108750717389,Baixo
1981755,0.5150025187481503,Alto
1981771,0.19598387619772256,Baixo
1981747,0.07221581656429547,Baixo
1981534,0.3984703974050658,Medio
1974786,0.2746805461354248,Medio
1980858,0.14043853098334302,Baixo
1974810,0.1865954488450705,Baixo
1981765,0.22577340158293904,Medio
1981641,0.5156628451115611,Alto
1975543,0.07692406196101914,Baixo
1981773,0.41048644971347775,Medio
1973046,0.4706824372872518,Alto
1977135,0.047548786833574316,Baixo
1981789,0.29108282237482225,Medio
1978363,0.26512511774651976,Medio
1981586,0.09701500354378256,Baixo
1981786,0.6645961410959814,Alto
1981701,0.00943106422578011,Baixo
1980905,0.09548953697571955,Baixo
1968596,0.44822890113653197,Medio
1974387,0.4983768238535691,Alto
1981798,0.24093211356977337,Medio
1981801,0.13456615957725332,Baixo
1975031,0.09798582495491495,Baixo
1981036,0.13749765030102623,Baixo
1981825,0.4230091842183155,Medio
1981829,0.37455034131751497,Medio
1976591,0.07755316331374837,Baixo
1981808,0.19916535294172436,Baixo
1981444,0.20090666310859967,Medio
1981820,0.21452464149019607,Medio
1981638,0.3352602576530982,Medio
1981835,0.1786567921182821,Baixo
1981837,0.25028052133903106,Medio
1972228,0.19537050249030039,Baixo
1975530,0.06849362489384948,Baixo
1981823,0.22625265355969656,Medio
1975858,0.0971200149826929,Baixo
1980352,0.18714853547508978,Baixo
1971948,0.08695923965511139,Baixo
1981479,0.18696120160697763,Baixo
1979166,0.12528053739341488,Baixo
1979542,0.11875295774312708,Baixo
1974200,0.2319656845637389,Medio
1981828,0.3405866120170197,Medio
1976940,0.24143474502118084,Medio
1979360,0.2986488788968356,Medio
1975552,0.14548695790443544,Baixo
1981640,0.38235481074927746,Medio
1978137,0.3608405245103266,Medio
1975174,0.1908754819098846,Baixo
1981822,0.11587406923149834,Baixo
1981571,0.33170304215734786,Medio
1981735,0.44882471910775457,Medio
1978409,0.11725454276202721,Baixo
1981309,0.42453548165905797,Medio
1981488,0.3367573559135168,Medio
1980242,0.23090127128119958,Medio
1973052,0.10736449463460809,Baixo
1974653,0.16855414183843945,Baixo
1981860,0.4545803632723493,Alto
1981674,0.1875703426585525,Baixo
1981861,0.1266722624791398,Baixo
1981867,0.0931803211921633,Baixo
1980252,0.10237817720087612,Baixo
1981865,0.2223250672036154,Medio
1981868,0.27250568342467146,Medio
1973984,0.1096878031665876,Baixo
1981842,0.35917202659098996,Medio
1981878,0.13116587814966346,Baixo
1981086,0.23756381515863403,Medio
1981792,0.11814842447900434,Baixo
1970134,0.21242401506471845,Medio
1981870,0.10027284514626357,Baixo
1981826,0.29209830486137117,Medio
1979490,0.18262134700473837,Baixo
1979145,0.31138382797976655,Medio
1972726,0.19620822924540052,Baixo
1977074,0.28502657753613075,Medio
1979586,0.13092153966511788,Baixo
1980340,0.03837148315062342,Baixo
1981894,0.09031904049604036,Baixo
1981345,0.3122391468293721,Medio
1978787,0.14949719851325727,Baixo
1981897,0.1261415563505394,Baixo
1981295,0.08682507286171715,Baixo
1981905,0.40659820032941707,Medio
1981617,0.2273110642597294,Medio
1966148,0.26716020802395724,Medio
1968157,0.47892071646080203,Alto
1981927,0.26217547174219136,Medio
1976148,0.1349073608514244,Baixo
1981920,0.18081461577591112,Baixo
1981926,0.3206794851311179,Medio
1981944,0.3062079786772856,Medio
1981933,0.33637624773132724,Medio
1980579,0.39791900024699234,Medio
1977790,0.23024172142296084,Medio
1981791,0.3261496962095418,Medio
1981924,0.06441995090344736,Baixo
1981928,0.09880376222099681,Baixo
1981565,0.3219416538427894,Medio
1980593,0.13508957353241358,Baixo
1980128,0.1416189113064134,Baixo
1978796,0.21081953886437868,Medio
1981919,0.08723911857145775,Baixo
1977152,0.3409565297061422,Medio
1976998,0.514926017104457,Alto
1981652,0.1861835007253755,Baixo
1980864,0.11906072668274442,Baixo
1981948,0.013748388617809276,Baixo
1980758,0.12693186938521706,Baixo
1978578,0.1838487306449954,Baixo
1975632,0.3936554356123556,Medio
1973957,0.11828520963962605,Baixo
1981939,0.1321294783759742,Baixo
1981887,0.5058761147234673,Alto
1981556,0.2871460114397988,Medio
1981961,0.17760374585386857,Baixo
1981953,0.32038987141758873,Medio
1981955,0.21207369274607588,Medio
1981969,0.08247960840968492,Baixo
1981964,0.2616473229175618,Medio
1975847,0.2537740075967475,Medio
1967437,0.27346522056441463,Medio
1981967,0.005990082544774468,Baixo
1981802,0.1696601467871462,Baixo
1981311,0.10000305229345968,Baixo
1971950,0.4902237504995062,Alto
1981838,0.4189763107301998,Medio
1973387,0.25565089661072726,Medio
1973230,0.442339237037236,Medio
1981980,0.48195851681298735,Alto
1981971,0.18827700619853066,Baixo
1982003,0.2532120544701411,Medio
1981760,0.1457306161107944,Baixo
1978644,0.16595134211468085,Baixo
1973526,0.39286358822767925,Medio
1976411,0.2623133018131962,Medio
1975774,0.4128853240629446,Medio
1981693,0.3828224928540874,Medio
1973175,0.16842789476910172,Baixo
1980889,0.0864521134752296,Baixo
1981982,0.23237276520993186,Medio
1981752,0.13344789170117702,Baixo
1975886,0.3070354379364263,Medio
1978761,0.10894379391930849,Baixo
1981088,0.10566133271367648,Baixo
1964663,0.31040738536231416,Medio
1981991,0.1130631385846772,Baixo
1974899,0.3685949131357804,Medio
1981881,0.6169050127274416,Alto
1981986,0.10938577247699206,Baixo
1981857,0.08767768697010185,Baixo
1978026,0.17373524341341334,Baixo
1981972,0.10173941109838622,Baixo
1980026,0.2570272692447905,Medio
1817774,0.23201051229602201,Medio
1981438,0.5383152718084151,Alto
1981978,0.31906179030520665,Medio
1981487,0.20661754799396095,Medio
1982028,0.07951665240913104,Baixo
1980354,0.10312180584482178,Baixo
1982000,0.2872857627420172,Medio
1982017,0.27134932679806806,Medio
1982014,0.35436508651394344,Medio
1978850,0.17324854717327018,Baixo
1947464,0.3781148354846989,Medio
1982005,0.2482864259125776,Medio
1982051,0.44116501822712,Medio
1977682,0.35542087182805393,Medio
1972805,0.2114053001341556,Medio
1982052,0.3182952665869161,Medio
1972658,0.17421472175533426,Baixo
1982057,0.06127507862966674,Baixo
1973073,0.5811257333217099,Alto
1982066,0.2432801697672913,Medio
1974998,0.2365154225198709,Medio
1981994,0.24614598492816198,Medio
1982079,0.5020252803808158,Alto
1968707,0.22856996339610614,Medio
1975957,0.33291893116973187,Medio
1976831,0.3882891877479825,Medio
1982073,0.3067258953848719,Medio
1980906,0.1578354475478332,Baixo
1978489,0.2587497658501488,Medio
1978143,0.3129207030068273,Medio
1982091,0.14285650920325654,Baixo
1970861,0.45184232359067655,Alto
1982053,0.1927905716150993,Baixo
1979172,0.3214165316091919,Medio
1981020,0.44947441453666526,Medio
1982103,0.07959941172608749,Baixo
1982049,0.05486845039783982,Baixo
1576367,0.08729735244050743,Baixo
1975409,0.04497481922489978,Baixo
1977030,0.4448875961100298,Medio
1975887,0.05890622034277054,Baixo
1979921,0.19173424933334382,Baixo
1977597,0.2081834766298575,Medio
1982114,0.08769608664402842,Baixo
1982104,0.11322908570154881,Baixo
1982107,0.41443933853577974,Medio
1982116,0.1312690393502137,Baixo
1976078,0.16812795961936366,Baixo
1975418,0.0381283082451738,Baixo
1982125,0.238017833889166,Medio
1972251,0.273323366016234,Medio
1978318,0.3266936657005778,Medio
1978202,0.2669478227130283,Medio
1977060,0.0754878765032385,Baixo
1979964,0.1208759349353155,Baixo
1975810,0.11285372896915445,Baixo
1979081,0.38793133333049223,Medio
1975831,0.3930579822608299,Medio
1981957,0.1897602854742525,Baixo
1974739,0.20713358041239482,Medio
1980650,0.3653190593786763,Medio
1975646,0.19055997860517257,Baixo
1975619,0.24000145277833715,Medio
1982151,0.2041821406955982,Medio
1982154,0.10009030218673286,Baixo
1981734,0.4732889293019189,Alto
1980873,0.13713273650988111,Baixo
1980825,0.19234793636844333,Baixo
1982159,0.096093234733973,Baixo
1974127,0.10649694511243529,Baixo
1982117,0.3955977442829984,Medio
1978332,0.3365251817180748,Medio
1974837,0.4008992791459045,Medio
1982158,0.05452374749262921,Baixo
1979162,0.15909506931031608,Baixo
1982137,0.5013984199335216,Alto
1979871,0.19323683464867553,Baixo
1981067,0.4202658430197599,Medio
1982136,0.0643751991278092,Baixo
1980776,0.2443580178599006,Medio
1982146,0.565371272951667,Alto
1972719,0.06350071375577802,Baixo
1982139,0.136918275701849,Baixo
1979847,0.5258645059293534,Alto
1975148,0.254977678889886,Medio
1981540,0.5308012015731719,Alto
1982121,0.24494302169736376,Medio
1982188,0.12599580414211864,Baixo
1968940,0.3353509222699012,Medio
1981970,0.18897153087797017,Baixo
1982203,0.5607200045072459,Alto
1975021,0.060478791336032366,Baixo
1982211,0.3857411754291468,Medio
1976852,0.37204248786463406,Medio
1977647,0.14686042835504173,Baixo
1974878,0.4665775020587991,Alto
1982213,0.13940127369385638,Baixo
1981946,0.17802285797378414,Baixo
1981690,0.11865757724594261,Baixo
1978956,0.12188175059033637,Baixo
1975033,0.18215561764905228,Baixo
1982113,0.16937928394762142,Baixo
1982183,0.07221073898316703,Baixo
1976122,0.07274871974361688,Baixo
1980210,0.1488359544800128,Baixo
1979173,0.19888476399615257,Baixo
1789290,0.2147309863334474,Medio
1981501,0.060668199791010693,Baixo
1934410,0.20811342115084946,Medio
1982245,0.605494536512401,Alto
1981788,0.2904029385382238,Medio
1981213,0.3783300852375539,Medio
1982020,0.19545258533857798,Baixo
1974338,0.2514853239668095,Medio
1971053,0.3741059814403073,Medio
1982258,0.19205664013483495,Baixo
1982268,0.1842214552952312,Baixo
1981992,0.19621402421947395,Baixo
1960874,0.42398639936574933,Medio
1982277,0.13327319442974872,Baixo
1982267,0.12829455055151398,Baixo
1982264,0.26246545338032723,Medio
1977246,0.24597369723952672,Medio
1982273,0.21562339827959282,Medio
1973270,0.18340481496447317,Baixo
1982195,0.24415437712339913,Medio
1981552,0.3337386898652545,Medio
1982288,0.15743483679082337,Baixo
1982295,0.1673683847098019,Baixo
1982278,0.33160456676043876,Medio
1974149,0.34141382881695714,Medio
1973223,0.4629252437083989,Alto
1974967,0.06264133105197907,Baixo
1981785,0.18172009895221294,Baixo
1982152,0.24718563841523225,Medio
1981629,0.4013429498069865,Medio
1977338,0.008568356250430025,Baixo
1980178,0.25364037302331294,Medio
1981539,0.15123827714496718,Baixo
1982186,0.2721017530904757,Medio
1982281,0.31450517903399694,Medio
1981917,0.15935498059235603,Baixo
1982297,0.16978034737620198,Baixo
1392000,0.2715236437654582,Medio
1969055,0.2203827282413564,Medio
1982301,0.4394883503836231,Medio
1977999,0.3022618273526067,Medio
1975199,0.11565964970977673,Baixo
1982129,0.13230136127902198,Baixo
1981714,0.12014424574017277,Baixo
1981995,0.1911634995720566,Baixo
1978589,0.11138461729361267,Baixo
1982300,0.19518614939877815,Baixo
1982323,0.09528070888864479,Baixo
1982275,0.29807609489373493,Medio
1975056,0.32792381841408613,Medio
1982224,0.06820374888320357,Baixo
1982219,0.03608888980952911,Baixo
1982324,0.15365752008367836,Baixo
1974057,0.12313982373121507,Baixo
1982335,0.23782087235429702,Medio
1980705,0.2121662091249627,Medio
1981817,0.13763723615876008,Baixo
1982315,0.4696323282740942,Alto
1982337,0.1185022824476065,Baixo
1980704,0.3419088803242134,Medio
1982290,0.10971050280908211,Baixo
1972910,0.09590979492488091,Baixo
1982343,0.12694074225593058,Baixo
1982339,0.16724101395320537,Baixo
1982356,0.2413841809036641,Medio
1982247,0.47592323935969383,Alto
1972828,0.23503007922899144,Medio
1982102,0.40417723971422115,Medio
1982230,0.3326856810128743,Medio
1982355,0.21104016065689665,Medio
1974641,0.13863059432687666,Baixo
1971540,0.4282677563114534,Medio
1974068,0.29783372783688866,Medio
1980585,0.30284997823656823,Medio
1977482,0.3580468973965962,Medio
1970013,0.4784172909026524,Alto
1982333,0.6007028466261509,Alto
1976503,0.1188898057835766,Baixo
1979993,0.31129914265425507,Medio
1971997,0.35158366816984815,Medio
1683345,0.41666974181568733,Medio
1979616,0.19601652660088076,Baixo
1982369,0.09097626761403169,Baixo
1982386,0.16059944098755066,Baixo
1982225,0.2500385031413365,Medio
1982228,0.29216419560671497,Medio
1982370,0.26793556025337184,Medio
1982380,0.24572329965187698,Medio
1982336,0.16228159235479875,Baixo
1982352,0.27716749143611236,Medio
1979392,0.503366956733101,Alto
1961427,0.08433605591586792,Baixo
1975305,0.3380319378204654,Medio
1982392,0.13508433792166344,Baixo
1975794,0.16480380607097345,Baixo
1982391,0.1771891383470152,Baixo
1982376,0.06316588447532719,Baixo
1982378,0.2007697820924901,Medio
1980595,0.4152914644358044,Medio
1976300,0.2831625561523167,Medio
1973246,0.5042654898568848,Alto
1939002,0.14753460917167957,Baixo
1982226,0.09015015790464184,Baixo
1982243,0.33487417186514296,Medio
1979387,0.07840615680239907,Baixo
1978348,0.38806082698613836,Medio
1982402,0.05286093006928293,Baixo
1982289,0.18703733442905351,Baixo
1982276,0.22472684109366525,Medio
1950850,0.32571171894087475,Medio
1977133,0.1422648571332072,Baixo
1979737,0.13668690411196763,Baixo
1981973,0.1399680370238663,Baixo
1979068,0.09598149110007237,Baixo
1981985,0.1944997751717298,Baixo
1976657,0.2538962125814355,Medio
1975922,0.21628777252670278,Medio
1979292,0.11307480571084794,Baixo
857807,0.31891847005553603,Medio
1982435,0.07034006928138943,Baixo
1978603,0.12507597932983366,Baixo
1982429,0.3909274406513995,Medio
1982433,0.07067163116693251,Baixo
1982436,0.17845739687660725,Baixo
1976850,0.4235256286117028,Medio
1982418,0.19331996999929335,Baixo
1982231,0.2495285843866966,Medio
1978070,0.191415170657341,Baixo
1982394,0.2897502372581206,Medio
1978567,0.2899361679216819,Medio
1564426,0.19399821753270702,Baixo
1979755,0.4037973644072561,Medio
1956545,0.3110116787440821,Medio
1969775,0.1410570908943357,Baixo
1982452,0.21807110110321318,Medio
1980115,0.3157242658407718,Medio
1982458,0.11237798831064912,Baixo
1982439,0.13410734911913733,Baixo
1982282,0.31345760020918734,Medio
1982441,0.3361742461120282,Medio
1982455,0.17757392779983186,Baixo
1982469,0.13292336420893436,Baixo
1970727,0.04158107443732003,Baixo
1982467,0.08699655066606257,Baixo
1979403,0.17967688066178467,Baixo
1981908,0.2861632950154302,Medio
1982478,0.5011294694649442,Alto
1982255,0.12139973365433722,Baixo
1966340,0.5249804179068203,Alto
1982432,0.10018277572567279,Baixo
1982479,0.09931378552787981,Baixo
848375,0.224114079390316,Medio
1981362,0.21051122820663867,Medio
1976941,0.05112328336597451,Baixo
1982440,0.3785368448193179,Medio
1982468,0.31453576866288313,Medio
1976214,0.1347606876458891,Baixo
1981089,0.2187587026360704,Medio
1982483,0.1710029429451323,Baixo
1979673,0.09603718705031097,Baixo
1979379,0.14727928066753343,Baixo
1982372,0.12429574644928146,Baixo
1977094,0.2522440828300603,Medio
1982377,0.2843464535609965,Medio
1982397,0.16396128571707777,Baixo
1982459,0.12757934016566408,Baixo
1970881,0.09736882630281002,Baixo
1979751,0.17645285809223818,Baixo
1898131,0.23428879944633413,Medio
1982481,0.06826479177027758,Baixo
1982477,0.16045162850001574,Baixo
1976061,0.3834017542764158,Medio
1982407,0.5076060732473653,Alto
1980283,0.12134530128784753,Baixo
1979083,0.3693926093842752,Medio
1982471,0.3530897668081257,Medio
1982464,0.1441066352086081,Baixo
1980632,0.1101361372014212,Baixo
1967468,0.2589981746907584,Medio
1981043,0.526203154925546,Alto
1982510,0.33370979046323657,Medio
1972849,0.3421682240057477,Medio
1982509,0.05956092604505068,Baixo
1982498,0.11624197091209368,Baixo
1982508,0.12548833762766837,Baixo
1974780,0.2499473209553329,Medio
1982517,0.23902577410763073,Medio
1976867,0.20279261404504734,Medio
1981648,0.27920434841579667,Medio
1982521,0.3509475898891751,Medio
1982501,0.019541444982593182,Baixo
1982522,0.20736939140711386,Medio
1982516,0.16890646426553496,Baixo
1982399,0.11918587012786384,Baixo
1982520,0.12196529936651783,Baixo
1977643,0.35529714638732807,Medio
1982511,0.30378799844128335,Medio
1974978,0.31577099748663745,Medio
1982530,0.19379494314196988,Baixo
1982528,0.42735909988179493,Medio
1982546,0.23083464591140812,Medio
1980859,0.38810280827193405,Medio
1982555,0.06347766991696195,Baixo
1982556,0.5069929938943382,Alto
1979722,0.29938919313196094,Medio
1981614,0.42886677798998346,Medio
1982566,0.11502827722858794,Baixo
1980665,0.4013642387801615,Medio
1982568,0.14782493189183002,Baixo
1981759,0.03630718762279875,Baixo
1982588,0.12738182013927327,Baixo
1980961,0.37298957734104193,Medio
1980613,0.1496684173013542,Baixo
1974421,0.174884027984327,Baixo
1980176,0.1756216493741542,Baixo
1982592,0.15703757681196778,Baixo
1982594,0.21577643257588078,Medio
1974198,0.5173320492197917,Alto
1751530,0.36049810148563816,Medio
1982597,0.33060691422763444,Medio
1981603,0.4051169081018731,Medio
1982609,0.13265852708115206,Baixo
1968249,0.19303018426126084,Baixo
1982612,0.08578532961469909,Baixo
1844177,0.3476489653485031,Medio
1980894,0.10791499229512826,Baixo
1961905,0.2188935009125607,Medio
1323222,0.12128064886829283,Baixo
1979859,0.15894337358800942,Baixo
1974678,0.19632542132937575,Baixo
1982619,0.20499984223252055,Medio
1982628,0.19166436491327749,Baixo
1981455,0.04749475130655601,Baixo
1971856,0.5558065149860272,Alto
1981065,0.4462519480243514,Medio
1970218,0.32390540080212615,Medio
1982631,0.291277639776106,Medio
1981363,0.12681820580134615,Baixo
1976514,0.21113344249876592,Medio
1980784,0.24304739535339379,Medio
1982632,0.29033883895205276,Medio
1982643,0.15719797039600455,Baixo
1982729,0.17643914695166807,Baixo
1982712,0.10977508577460021,Baixo
1982676,0.09544029600063297,Baixo
1982711,0.10830758826447086,Baixo
1982700,0.21609044448487444,Medio
1982681,0.07137901367146737,Baixo
1982679,0.14535779725746883,Baixo
1980142,0.4617291824754866,Alto
1982682,0.09085488361932488,Baixo
1982674,0.03127354734531401,Baixo
1982716,0.1994163197450315,Baixo
1982735,0.10143791688488508,Baixo
1982678,0.22027148121183351,Medio
1982760,0.24329992602511574,Medio
1982768,0.08264033448888125,Baixo
1982705,0.18253329966753,Baixo
1982701,0.07200579324461444,Baixo
1979363,0.34995361447563444,Medio
1982677,0.24344136643387132,Medio
1982687,0.18444014077082818,Baixo
1982750,0.11627194432547257,Baixo
1982720,0.1684175630005815,Baixo
1982737,0.24265732194425085,Medio
1982659,0.276180178205297,Medio
1982828,0.12751443366303647,Baixo
1982834,0.07790052115219787,Baixo
1982755,0.08256917706526477,Baixo
1982696,0.21843091144078242,Medio
828025,0.14063288435416807,Baixo
1966681,0.1250531538824778,Baixo
1982740,0.05716387946848891,Baixo
1982758,0.08492427362083856,Baixo
1982792,0.01835340425579397,Baixo
1982743,0.2267522916690187,Medio
1982827,0.1437242858778242,Baixo
1982878,0.06654477959005263,Baixo
1981990,0.3714002408908428,Medio
1982838,0.06382232563071195,Baixo
1981762,0.07087634485918425,Baixo
1957452,0.26479984436555515,Medio
1982726,0.31709480809949037,Medio
1971109,0.2013415150649974,Medio
1982706,0.09563754508566623,Baixo
1982861,0.0512195780694662,Baixo
1982903,0.5409316045079162,Alto
1982928,0.1385518835797713,Baixo
1982870,0.3208846072425248,Medio
1982438,0.40748484153971654,Medio
1982120,0.03777844596338288,Baixo
1982941,0.5176454045406574,Alto
1982946,0.2897593607088854,Medio
1982894,0.2549045228201695,Medio
1982862,0.46467211403329106,Alto
1982899,0.04368465310872971,Baixo
1972606,0.38405505439426973,Medio
1982694,0.13743896778762804,Baixo
1982931,0.6893408594348945,Alto
1982815,0.2834528490806947,Medio
1982717,0.26304450807348034,Medio
1982979,0.16539544652069746,Baixo
1982950,0.1649235394057398,Baixo
1978927,0.1681128632403206,Baixo
1982765,0.2568543683944686,Medio
1978532,0.15166876178497843,Baixo
1982992,0.06002983558710989,Baixo
1982968,0.07564352638062834,Baixo
1982904,0.290434719622318,Medio
1983008,0.2373163264010521,Medio
1983001,0.10725768308511965,Baixo
1982314,0.20744593626114258,Medio
1981019,0.34249468811576667,Medio
1982772,0.007639187110554549,Baixo
1983012,0.05414937572280378,Baixo
1982956,0.12400131818156408,Baixo
1983009,0.26530099388552375,Medio
1982986,0.2738508243209023,Medio
1977306,0.06834915894632215,Baixo
1983049,0.12168106252091117,Baixo
1983066,0.06497124269724572,Baixo
1982852,0.14459123704969928,Baixo
1983037,0.0718327355535404,Baixo
1983076,0.16793904870863363,Baixo
1983082,0.07496846135770648,Baixo
1983050,0.15901876965168807,Baixo
1983063,0.10140905027524381,Baixo
1983098,0.33557928030175055,Medio
1981551,0.47544531943150936,Alto
1981440,0.5069600174311641,Alto
1983085,0.3855271623155925,Medio
1610633,0.09052418541575913,Baixo
1980891,0.3183012255300181,Medio
1979628,0.38923401302732397,Medio
1983101,0.3639943983220067,Medio
1983111,0.16338801029797437,Baixo
1982598,0.31221669152426346,Medio
1983090,0.18710703888921915,Baixo
1983096,0.0683288370190566,Baixo
1983150,0.1757985914982846,Baixo
1983129,0.22272576786705345,Medio
1957248,0.6289519330697342,Alto
1982699,0.21722586691545542,Medio
1982756,0.1485238875271819,Baixo
1442393,0.1732131846773892,Baixo
1983145,0.3570921913378976,Medio
1982584,0.11860931344396591,Baixo
1983132,0.05333735954196418,Baixo
1982456,0.07986729614364402,Baixo
1983157,0.21216790704739433,Medio
1983155,0.08855733613486992,Baixo
1983113,0.08911616770061044,Baixo
1979159,0.34715809970999656,Medio
1981764,0.11580044443943803,Baixo
1817699,0.2166962191718496,Medio
1983168,0.06355701866186912,Baixo
1983189,0.10188800913323008,Baixo
1982739,0.1488213794309513,Baixo
1983199,0.1363761254449029,Baixo
1983184,0.12775504429320678,Baixo
1983188,0.20114826730836385,Medio
1983209,0.16941376690212112,Baixo
1982430,0.18697119293765585,Baixo
1979932,0.2849507860423157,Medio
1977247,0.15431219976179075,Baixo
1982199,0.2614345033398178,Medio
1983142,0.3595005747020266,Medio
1983228,0.1270690697351831,Baixo
1982330,0.1630059552322414,Baixo
1983218,0.2127298241236323,Medio
1973446,0.31255617773727334,Medio
1983239,0.04639356526589259,Baixo
1982274,0.27214731867116604,Medio
1979745,0.1303135608744175,Baixo
1980463,0.44024143768720597,Medio
1983250,0.11007004492156343,Baixo
1981022,0.13109364937757118,Baixo
1983181,0.12095640881512039,Baixo
1982780,0.05595911609831343,Baixo
1980733,0.10916706852448878,Baixo
1975272,0.1983255216267981,Baixo
1978471,0.1163926527192411,Baixo
1983269,0.3519907949175546,Medio
1983284,0.34788550624833203,Medio
1983287,0.30992017311089515,Medio
1978464,0.32815925713932903,Medio
1983068,0.1128127999738547,Baixo
1982412,0.1541550334706879,Baixo
1983286,0.12646588061460423,Baixo
1983290,0.04057117587090241,Baixo
1983275,0.0411937084428716,Baixo
1983314,0.30894065687103717,Medio
1983313,0.45317653925906237,Alto
1983266,0.22652002408206398,Medio
1983304,0.14377971149378888,Baixo
1983276,0.23236872626344604,Medio
1983322,0.3809019483384004,Medio
1983325,0.17446512291789196,Baixo
1983345,0.38690702738450494,Medio
1980272,0.13299827389397936,Baixo
1983347,0.2711527427033223,Medio
1977757,0.19737734452483105,Baixo
1952177,0.05744093544787879,Baixo
1983318,0.33667459918693515,Medio
1982033,0.14082446996074577,Baixo
1983306,0.1658154130136222,Baixo
1983282,0.18519014176980134,Baixo
1983363,0.14577751328114186,Baixo
1983367,0.2988084717582204,Medio
1983388,0.1601798241267129,Baixo
1983350,0.403151590227128,Medio
1982976,0.0524416150716368,Baixo
1971510,0.18514930839903776,Baixo
1979608,0.09836219922753058,Baixo
1978499,0.14044095491380107,Baixo
1983386,0.2111641472948116,Medio
1983371,0.2155416098223723,Medio
1983404,0.20735905063015575,Medio
1983246,0.3216478762423701,Medio
1977241,0.28203707471048906,Medio
1976030,0.5153116260734204,Alto
1958836,0.25317418449922335,Medio
1973306,0.17149862946151223,Baixo
1981072,0.2642461611530427,Medio
1983417,0.40413211972396607,Medio
1983429,0.3451370285674318,Medio
1978922,0.14147720717782147,Baixo
1981267,0.19847597761486852,Baixo
1980487,0.3919756133754616,Medio
1983431,0.2096992700611698,Medio
1983443,0.29097637724097963,Medio
1980205,0.19327489172981194,Baixo
1983444,0.328515262580446,Medio
1983353,0.12713114289195485,Baixo
1978864,0.24431542662739453,Medio
1983020,0.03751604469199574,Baixo
1983463,0.2940891179550066,Medio
1981037,0.09968028402395017,Baixo
1966229,0.10222714979342822,Baixo
1981800,0.44375565954668894,Medio
1983471,0.7059742722868063,Critico
1983495,0.14745241392290112,Baixo
1983458,0.17270486449898215,Baixo
1975166,0.13486920911933303,Baixo
1983485,0.3793103901069573,Medio
1983474,0.26868964715837074,Medio
1983507,0.1299259053554291,Baixo
1983505,0.14431868475272128,Baixo
1983528,0.40179716169345153,Medio
1954916,0.14951366656888468,Baixo
1983532,0.20497186797180234,Medio
1983537,0.3123985142365063,Medio
1983513,0.10561296723740984,Baixo
1983527,0.0447481828290559,Baixo
1981281,0.368467005940842,Medio
1983543,0.08463421384153551,Baixo
1983112,0.4120728109839637,Medio
1983433,0.2677576813466318,Medio
1982428,0.23501929029558968,Medio
1979152,0.33061030205568104,Medio
1982354,0.21683075462400098,Medio
1980063,0.07101846968269353,Baixo
1968424,0.2953991388973378,Medio
1983541,0.26585246435500665,Medio
1983570,0.46398987081582305,Alto
1980373,0.3741862511102926,Medio
1983589,0.1526187760275363,Baixo
1976670,0.3394130697906194,Medio
1982774,0.08374932740752285,Baixo
1977398,0.2070161012082316,Medio
1981597,0.38312084044728667,Medio
1983437,0.47231789715686906,Alto
1983568,0.1790117972988728,Baixo
1983594,0.13303984792341494,Baixo
1983575,0.05194923427549596,Baixo
1979833,0.09359839218477278,Baixo
1983592,0.15772371130946364,Baixo
1982239,0.11103459819263801,Baixo
1976224,0.0804928897581128,Baixo
1983583,0.25798786042434624,Medio
1972117,0.10115642266010641,Baixo
1983596,0.14741495290812215,Baixo
1983604,0.18968107884839655,Baixo
1983603,0.4575642849250494,Alto
1983620,0.05484042500487768,Baixo
1982794,0.09144770123722454,Baixo
1973071,0.3666558686725149,Medio
1983611,0.1605265460411298,Baixo
1983577,0.10903458869286806,Baixo
1983605,0.5174662262180991,Alto
1983619,0.3843489527026138,Medio
1982913,0.08488749170839599,Baixo
1965420,0.4109844437743371,Medio
1977833,0.13095406435453158,Baixo
1979450,0.12802510531401423,Baixo
1983613,0.30423663868877304,Medio
1819825,0.03917232706683068,Baixo
1983660,0.1719144710149047,Baixo
1968953,0.05274961394461857,Baixo
1975030,0.2051260754786968,Medio
1982453,0.146138065198493,Baixo
1983656,0.14624645672497005,Baixo
1983674,0.11377199808239835,Baixo
1899642,0.16812214144531765,Baixo
1983670,0.11458979976376721,Baixo
1975775,0.1858312294902335,Baixo
1981713,0.16234270053781086,Baixo
1983673,0.42548847771415127,Medio
1982149,0.22670116115430503,Medio
1981396,0.19552097191270906,Baixo
1975954,0.2523829225334904,Medio
1978566,0.1904935195298551,Baixo
1967038,0.32443216205314407,Medio
1982565,0.16913070700413416,Baixo
1983691,0.5321996632742186,Alto
1983509,0.23834645697060947,Medio
1983214,0.44721613427344964,Medio
1983694,0.20354437350495957,Medio
1983700,0.35091667404906296,Medio
1983707,0.31245043935525485,Medio
1980030,0.08638061248159787,Baixo
1981923,0.15496977863607297,Baixo
1983709,0.3291663475859941,Medio
1977448,0.19986227850563404,Baixo
1983698,0.10916004316107011,Baixo
1983467,0.00531611044931834,Baixo
1983720,0.27878851106019203,Medio
1983730,0.21702472728875416,Medio
1975239,0.11637918602639777,Baixo
1983717,0.36068361658635756,Medio
1983649,0.285858215461475,Medio
1983738,0.13345809666548372,Baixo
1983741,0.43699583536523645,Medio
1983743,0.1085944525196672,Baixo
1983618,0.04691481577691553,Baixo
1969265,0.2282395292523135,Medio
1983734,0.10519660938131015,Baixo
1980117,0.412551805405687,Medio
1975822,0.07408052926329398,Baixo
1983662,0.11280403301739637,Baixo
1983740,0.18686239738922686,Baixo
1983750,0.25926432669031435,Medio
1982845,0.034265009366961495,Baixo
1983775,0.29584120584838,Medio
1983773,0.19566911361477815,Baixo
1983774,0.3147990461469048,Medio
1983784,0.07442261607130563,Baixo
1983497,0.18214787930942405,Baixo
1980263,0.2418679595471375,Medio
1966413,0.3401969292833949,Medio
1983788,0.0930076659976729,Baixo
1975635,0.27643620271391917,Medio
1931022,0.12889497122724106,Baixo
1981358,0.2681389326025472,Medio
1983440,0.24931257705142315,Medio
1983814,0.07545735428914192,Baixo
1982061,0.186754647537667,Baixo
1983816,0.1579450846607993,Baixo
1983802,0.27387454696039093,Medio
1983827,0.2790637233669251,Medio
1983791,0.029810921541404974,Baixo
1983792,0.29839760677066757,Medio
1983794,0.036824641629712204,Baixo
1978505,0.24846392167351955,Medio
1983852,0.1575979984917126,Baixo
1982012,0.14748039844373853,Baixo
1983861,0.2692224571987609,Medio
1983860,0.06946236623046918,Baixo
1983853,0.1087915237377265,Baixo
1983826,0.28157595525064666,Medio
1980996,0.15522043951058886,Baixo
1983805,0.39476037599529623,Medio
1983782,0.25479469005455063,Medio
1983621,0.14902825360661504,Baixo
1983870,0.2737390119170673,Medio
1983874,0.5410549181650272,Alto
1983545,0.27426154204160635,Medio
1983880,0.4514863143948646,Alto
1983011,0.15845112555451543,Baixo
1981639,0.0712974130212981,Baixo
1982570,0.06977680754610398,Baixo
1983888,0.0583042452956614,Baixo
958364,0.2859511953756767,Medio
1867754,0.321090949860332,Medio
1983868,0.25982670680383224,Medio
1983798,0.3775074583446943,Medio
1983909,0.25066202872097115,Medio
1983877,0.13887185166954252,Baixo
1983835,0.5130938271652734,Alto
1983905,0.08709013902313438,Baixo
1983686,0.09259468084623239,Baixo
1978540,0.12769947186505035,Baixo
1973268,0.17401423466481014,Baixo
1975751,0.26241786115764565,Medio
1977528,0.13111442645192922,Baixo
1977344,0.1856007840325037,Baixo
1983901,0.16293689197869898,Baixo
1983767,0.31968910770116843,Medio
1983920,0.4318326022533355,Medio
1983817,0.1359386629406129,Baixo
1983529,0.20176682422081485,Medio
1983648,0.5730525965998828,Alto
1983712,0.14684383875409796,Baixo
1983934,0.3955502112557247,Medio
1795861,0.049528476953267,Baixo
1982475,0.17918607353116564,Baixo
1982320,0.3150067404164447,Medio
1983183,0.259716459781067,Medio
1983939,0.07269952419647005,Baixo
1975834,0.1506282160857531,Baixo
1983942,0.1893261410654276,Baixo
1981015,0.5521744222335866,Alto
1983885,0.2551267175076589,Medio
1976404,0.34691759267982836,Medio
1983699,0.29474148438123193,Medio
1983950,0.07058563492233046,Baixo
1720534,0.16874649385908905,Baixo
1983754,0.07137053929181887,Baixo
1983966,0.136513928216689,Baixo
1983957,0.0890970001653133,Baixo
1983974,0.22504887314866762,Medio
1966016,0.04395733481109725,Baixo
1982329,0.4718866989505567,Alto
1983863,0.35004843839804184,Medio
1983894,0.05632991818554306,Baixo
1983948,0.10386030942284462,Baixo
1983965,0.03482356543226556,Baixo
1975179,0.4336302252297621,Medio
1983951,0.15698285092384226,Baixo
1983984,0.08911177188086142,Baixo
1983576,0.24011305373141603,Medio
1983830,0.317319605809598,Medio
1983961,0.22310478948282209,Medio
1983959,0.1471732234078172,Baixo
536323,0.37359979085850337,Medio
1983964,0.16427450601265503,Baixo
1982448,0.36218339872953087,Medio
1984012,0.12374524392820913,Baixo
1983445,0.014056713266604123,Baixo
1982821,0.1549261411095081,Baixo
1984001,0.11599658963468491,Baixo
1977342,0.13255200279145318,Baixo
1983971,0.18801326372448934,Baixo
1982602,0.17241591701912942,Baixo
1984003,0.2290592754581077,Medio
1981298,0.03442702190045404,Baixo
1984023,0.06601611606612252,Baixo
1984039,0.034079186101721566,Baixo
1974235,0.11489075300629753,Baixo
1977588,0.07196911645990813,Baixo
1965371,0.30906372583842767,Medio
1982068,0.2923905812325225,Medio
1984043,0.12594306538186978,Baixo
1982233,0.2827036567573043,Medio
1984047,0.10633385851247215,Baixo
1983976,0.15026269639485682,Baixo
1983890,0.20139279027897852,Medio
1984037,0.20954289350979463,Medio
1973320,0.23485009854180905,Medio
1984065,0.09960613803223646,Baixo
1930316,0.15791377646535038,Baixo
1983928,0.18819319609328164,Baixo
1983993,0.32573990757300003,Medio
1978511,0.18851031112751965,Baixo
1980258,0.24473891154063304,Medio
1984045,0.11813793341828417,Baixo
1979784,0.26928632677053793,Medio
1984076,0.4097613755893648,Medio
1973013,0.36113988275448905,Medio
1984007,0.27591374093190685,Medio
1984081,0.3994649834759856,Medio
1983912,0.1520763496012729,Baixo
1983997,0.15886225881127686,Baixo
1984066,0.04030299525496458,Baixo
1984082,0.0433329091203391,Baixo
1984022,0.2994188523305624,Medio
1979670,0.1895606883031517,Baixo
1984053,0.09548986922257058,Baixo
1984068,0.05950442712472944,Baixo
1984088,0.05965311319065594,Baixo
1984093,0.1311644318538617,Baixo
1984086,0.06918691254048615,Baixo
1977395,0.13153853556336007,Baixo
1984120,0.11988930914161751,Baixo
1984114,0.2018785270872239,Medio
1984101,0.1233465940676624,Baixo
1974879,0.08272658803354084,Baixo
1977631,0.36361870336769037,Medio
1984079,0.24500852543411453,Medio
1984095,0.22284214550172435,Medio
1984117,0.5846596579176557,Alto
1984100,0.12686720623898678,Baixo
1984112,0.1586768573897753,Baixo
1984020,0.13593304956475916,Baixo
1984107,0.25244345093212633,Medio
1984115,0.2257563739918128,Medio
1980097,0.19673324225691205,Baixo
1983866,0.00888875079998132,Baixo
1970275,0.11801389290920891,Baixo
1981896,0.22979903284614003,Medio
1984155,0.37481697691495497,Medio
1984148,0.15954421160312857,Baixo
1975501,0.1252136713539933,Baixo
1984144,0.31313414369907294,Medio
1984147,0.09800404468070005,Baixo
1984152,0.10929012533808091,Baixo
1984162,0.30524603610963846,Medio
1984011,0.2926180303959039,Medio
1984143,0.38070271361457175,Medio
1984166,0.14185798707769715,Baixo
1983973,0.27126805403859144,Medio
1984149,0.07705481372658247,Baixo
1982591,0.37384647171845004,Medio
1980435,0.09223083691095059,Baixo
1984156,0.32832162724599845,Medio
1983677,0.3581334576305313,Medio
1984175,0.09828811069636234,Baixo
1970294,0.36926264859809316,Medio
1984157,0.2094092815330238,Medio
1984132,0.16005126810555811,Baixo
1984161,0.1555699253808467,Baixo
1984050,0.34817258377229,Medio
1974239,0.2396077984080613,Medio
1983969,0.16904718973951724,Baixo
1984176,0.40443593681075657,Medio
1984130,0.11744214098990434,Baixo
1982692,0.2700139050911198,Medio
1984182,0.1353954329026699,Baixo
1983812,0.21872348021926857,Medio
1981715,0.0929169808197613,Baixo
1984190,0.08992476134473856,Baixo
1980772,0.40416793427879916,Medio
1984183,0.34301704495781754,Medio
1984211,0.11248195154820033,Baixo
1960986,0.23656217176823202,Medio
1984207,0.20558823011728752,Medio
475601,0.297765902650204,Medio
1984070,0.2769836308688607,Medio
1768199,0.2802415461532839,Medio
1981462,0.27518584121664413,Medio
1984218,0.03436954019245316,Baixo
1984169,0.6618583454832025,Alto
1984198,0.47845765382114935,Alto
1960018,0.08113952496213053,Baixo
1984230,0.2800088468762963,Medio
1984052,0.1081138465891265,Baixo
1984237,0.4595414945219524,Alto
1984234,0.20317434700042722,Medio
1981424,0.32161400302405696,Medio
1980411,0.2272351538951486,Medio
1984255,0.25517669775017326,Medio
1983534,0.3365481223995886,Medio
1983900,0.3857140608446346,Medio
1984248,0.47994720432961724,Alto
1984185,0.1025622393677747,Baixo
1982138,0.2855405076536393,Medio
1979748,0.30617751611078603,Medio
1984243,0.10915825294197597,Baixo
1968425,0.22740575825998782,Medio
1983837,0.06550011723709605,Baixo
1974782,0.17334491252663664,Baixo
1978651,0.14399426591575754,Baixo
1984275,0.06290818141677157,Baixo
1984278,0.3188433622513561,Medio
1979664,0.29796076618392503,Medio
1975540,0.35428221263363924,Medio
1983926,0.2581866931860914,Medio
1984269,0.3176686454191921,Medio
1984016,0.13505312653051446,Baixo
1984285,0.04791863832694134,Baixo
1976210,0.2504820490213033,Medio
1885347,0.5540098056796823,Alto
1984286,0.22537270662243025,Medio
1984272,0.1734746652942745,Baixo
1984233,0.13614899219812435,Baixo
1984284,0.10337930109250744,Baixo
1984287,0.14912565821705945,Baixo
1983915,0.2846107509782857,Medio
1980779,0.13929958293357372,Baixo
1984279,0.19583447766791348,Baixo
1984299,0.06392396901495132,Baixo
1984266,0.3779230827862941,Medio
1984131,0.38902404642685673,Medio
1984307,0.06336011127246209,Baixo
1973340,0.29624957859968,Medio
1984265,0.044715906959739066,Baixo
1981304,0.1999722661848484,Baixo
1984317,0.300024035268284,Medio
1984186,0.28321982535501306,Medio
561485,0.34454606328694565,Medio
1984340,0.14644043740681653,Baixo
1968914,0.21932123760587668,Medio
1984349,0.14451920996695408,Baixo
1981592,0.12465846548922978,Baixo
1982550,0.07438279887972583,Baixo
1984358,0.13021295175181144,Baixo
1984364,0.09292458629403737,Baixo
1984345,0.2635107022729242,Medio
1982536,0.05861986053610979,Baixo
1984347,0.5684454917422028,Alto
1329218,0.18016813555084898,Baixo
1984226,0.4933918082691924,Alto
1984371,0.52436213688023,Alto
1984343,0.06318712573076443,Baixo
1984335,0.08830782174930914,Baixo
1984383,0.14895030224367295,Baixo
1984360,0.05558986757372386,Baixo
1976339,0.15096656248919477,Baixo
1984369,0.7581418412518625,Critico
1984381,0.39895572755154957,Medio
1984392,0.3602698143126954,Medio
1984379,0.3286899748650896,Medio
1984396,0.15873924023415012,Baixo
1984387,0.009098852666019083,Baixo
1979456,0.10383187076966587,Baixo
1984399,0.0074026613927341695,Baixo
1984060,0.18647208274159305,Baixo
1969931,0.0409579643064104,Baixo
1984407,0.2696526090553026,Medio
1984408,0.24019565538779702,Medio
1982465,0.502454539271574,Alto
1984414,0.05489126022829795,Baixo
1983994,0.22942687180874435,Medio
1976604,0.06641950862189538,Baixo
1984413,0.3330732673078098,Medio
1984316,0.18854324891460952,Baixo
1972432,0.369993795897461,Medio
1562878,0.2704992195004903,Medio
1984217,0.32554319763550493,Medio
1984431,0.16831473237446548,Baixo
1981654,0.3557887766019166,Medio
1980587,0.17417598512252935,Baixo
1984447,0.23103839242431554,Medio
1983383,0.10939895315119753,Baixo
1981859,0.03421974620912967,Baixo
1984441,0.6270326236728342,Alto
1973070,0.164856352964318,Baixo
1953888,0.44544291103817807,Medio
1984464,0.13091445877183755,Baixo
1979459,0.12324328794423481,Baixo
1984455,0.09376604381843034,Baixo
1972678,0.1794250888705268,Baixo
1977578,0.3056039263996102,Medio
1984470,0.09317590549367297,Baixo
1984468,0.12392448876487093,Baixo
1984481,0.1000241499689706,Baixo
1984463,0.04051004098710008,Baixo
1984475,0.011771300610437182,Baixo
1984473,0.018649236049606274,Baixo
1984483,0.06539891546818723,Baixo
1984429,0.17985275642658455,Baixo
1984482,0.09488773131619355,Baixo
1984467,0.3539629566531254,Medio
1984502,0.2199200677947559,Medio
1984492,0.09017813708739843,Baixo
1978606,0.3118100654531041,Medio
1984484,0.07910750843384752,Baixo
1984325,0.2621310783935703,Medio
1984087,0.18390818752360313,Baixo
1970609,0.12675334888230716,Baixo
1979020,0.434156033404426,Medio
1982445,0.19312881722492412,Baixo
1984488,0.10236984097134487,Baixo
1984133,0.22586231132967302,Medio
1983227,0.11391018604339956,Baixo
1984509,0.44761218835561223,Medio
1984518,0.009013815503306452,Baixo
1984500,0.1022174869586374,Baixo
1962072,0.1664919069814647,Baixo
1984477,0.23151844812601174,Medio
1984229,0.2609560720030253,Medio
1984503,0.25784737838319655,Medio
1981732,0.07903865258350377,Baixo
1981360,0.2011053578764729,Medio
1984538,0.226792244748477,Medio
1968333,0.5704726535756844,Alto
1984541,0.3981327041666591,Medio
1983572,0.11174436558228437,Baixo
1984561,0.20907709589764037,Medio
1980679,0.3547262027818435,Medio
1984466,0.04786580075271413,Baixo
1984563,0.20946001684200735,Medio
1980946,0.031243190217815475,Baixo
1982868,0.2753808393729037,Medio
1982847,0.16620102713284443,Baixo
1982937,0.1883205765833615,Baixo
1980739,0.23481423192925371,Medio
1982697,0.0804218171740241,Baixo
1974894,0.20674429969216315,Medio
1984581,0.03910300301537974,Baixo
1984420,0.300432366006165,Medio
1982470,0.1691375139113715,Baixo
1418831,0.19287224821950197,Baixo
1984590,0.2070328207283942,Medio
1983580,0.3620654250426425,Medio
1984597,0.042067963132731964,Baixo
1984591,0.01308127559898176,Baixo
1984606,0.3137108520950968,Medio
1984609,0.054991005148406734,Baixo
1983032,0.057453676437289554,Baixo
1982806,0.4228563173489779,Medio
1978909,0.18582825909744421,Baixo
1979217,0.09585596414799223,Baixo
1973323,0.13765434689854852,Baixo
1984573,0.07800957286151017,Baixo
1984629,0.1944997139506124,Baixo
1966527,0.13795529510063959,Baixo
1980202,0.14835908387674593,Baixo
1974532,0.35249516347907706,Medio
1984633,0.10449078503706796,Baixo
1977337,0.345625185683869,Medio
1984118,0.31975556094094854,Medio
1984055,0.15648068563189846,Baixo
1984635,0.1521409683934878,Baixo
1980689,0.08680932487790834,Baixo
1984642,0.3757127301018271,Medio
1984599,0.18763034526135816,Baixo
1983119,0.033263977450097,Baixo
1954856,0.2532155178861585,Medio
1984647,0.11403122942095067,Baixo
1979874,0.3654899783684602,Medio
1984474,0.01122994421436472,Baixo
1980398,0.10861660233260743,Baixo
1984649,0.08254671924655518,Baixo
1984668,0.09846033231861658,Baixo
1983867,0.06944539805775023,Baixo
1984667,0.0666778942302381,Baixo
1984662,0.1492304331270773,Baixo
1983598,0.11758012189564451,Baixo
1984663,0.21380148325707193,Medio
1984671,0.35556462158301877,Medio
1981382,0.138895625752002,Baixo
1984664,0.5362070467273613,Alto
1978211,0.17369924296951256,Baixo
1984686,0.13225192709639824,Baixo
1984689,0.1351910712056247,Baixo
1950973,0.2504298235883867,Medio
1984695,0.07503405372622621,Baixo
1983906,0.25889930100181,Medio
1968387,0.3540408049336,Medio
1984264,0.1783607108169705,Baixo
1972207,0.24975029844360597,Medio
1982642,0.22151758926274795,Medio
1976331,0.4721961636269509,Alto
1973927,0.3849541586303961,Medio
1982321,0.1434107018440423,Baixo
1984685,0.5271773634148138,Alto
1984731,0.09912568334466401,Baixo
1984733,0.31879506656350126,Medio
1984739,0.11879078643645583,Baixo
686958,0.45188041997830536,Alto
1984740,0.3146076958439195,Medio
1984745,0.1783819455974413,Baixo
1974659,0.05243880631357363,Baixo
1984749,0.1556653891053378,Baixo
1976142,0.27975722500948697,Medio
1984748,0.2167150256189132,Medio
1984790,0.12241899768243876,Baixo
1982016,0.38015017954252006,Medio
1984734,0.32871674877497203,Medio
1984773,0.16845274374717564,Baixo
1984803,0.10930465847032365,Baixo
1975793,0.3089201345355111,Medio
1984460,0.24036788963797226,Medio
1976417,0.2313300302118298,Medio
1975145,0.13826962342695973,Baixo
1984380,0.2817315861896537,Medio
1984813,0.238522042363729,Medio
1984789,0.0626293423130313,Baixo
1984828,0.17411417142920985,Baixo
1978195,0.2798173753201143,Medio
1984833,0.0752672763047195,Baixo
1978715,0.5726799449564576,Alto
1972059,0.05009246488495639,Baixo
1984843,0.2961947793445349,Medio
1984850,0.3835400715094226,Medio
1984747,0.3026088611968316,Medio
1984860,0.19390398664632566,Baixo
1984862,0.2330886173350672,Medio
1966041,0.3773031290102626,Medio
1984880,0.12344151235554603,Baixo
1984855,0.2916014569750326,Medio
1984807,0.2680287291792852,Medio
1984893,0.021631462958244932,Baixo
1984861,0.10856024009523044,Baixo
1984598,0.28184728656248725,Medio
1969394,0.060259270296547866,Baixo
1984894,0.3088697984398516,Medio
1984902,0.20167736489646623,Medio
1984858,0.3270785011439438,Medio
1984920,0.12738990828316843,Baixo
1984903,0.39528411165721605,Medio
1984905,0.3366517214142522,Medio
1984928,0.22644283906017654,Medio
1984845,0.04804441165996332,Baixo
1974375,0.21388427769434953,Medio
1984810,0.06298491910167622,Baixo
1960894,0.34104559707180876,Medio
1984923,0.3258848395313802,Medio
1984933,0.2283725185297431,Medio
1984281,0.42448825844676774,Medio
1971767,0.029989688465670218,Baixo
1983956,0.3453115844364363,Medio
1984950,0.05339450229349326,Baixo
1968440,0.6349521284317109,Alto
1984835,0.024925257813403923,Baixo
1984955,0.4521081871225669,Alto
1984961,0.44342967329261074,Medio
1969410,0.31288935060943684,Medio
1984957,0.40335636736754504,Medio
1984964,0.09483791769926976,Baixo
1984963,0.20712778465399628,Medio
1984694,0.4949022694008725,Alto
1984917,0.10028756305028433,Baixo
1979527,0.3287016266028549,Medio
1984982,0.09952534509085142,Baixo
1982148,0.1993532760769545,Baixo
1984886,0.11616344084196245,Baixo
1981797,0.1289959978530908,Baixo
1984235,0.14747542182577283,Baixo
1984988,0.18302387646656226,Baixo
1984997,0.33567401106262645,Medio
1984998,0.3956155659248704,Medio
1984974,0.09040412057461462,Baixo
1985005,0.27787652237587235,Medio
1985002,0.08549860084040321,Baixo
1895462,0.07747650960288265,Baixo
1984995,0.17605312082239394,Baixo
1984805,0.21944844117373333,Medio
1984263,0.19354213663590106,Baixo
1985004,0.38649430480128777,Medio
1985011,0.06734684243863073,Baixo
1985003,0.236328307863339,Medio
1982523,0.045794975026058865,Baixo
1983780,0.13276253240351335,Baixo
1985034,0.28397811307991166,Medio
1985035,0.233113409622788,Medio
1985036,0.18207700790557058,Baixo
1985038,0.46430859020388604,Alto
1985039,0.28496437219241155,Medio
1983756,0.03170899529076134,Baixo
1980672,0.3599774719059456,Medio
1981841,0.20323122527955603,Medio
1985040,0.37748719652336105,Medio
1980658,0.4050487746768557,Medio
1985046,0.24922051663973144,Medio
1985027,0.23735728904487988,Medio
1982460,0.06445302439995074,Baixo
1983324,0.10150774856564719,Baixo
1985050,0.3663398061794033,Medio
1982784,0.2673132686381614,Medio
1981361,0.18015792536549644,Baixo
1983277,0.2179845454582586,Medio
1985058,0.23841395280106323,Medio
1984937,0.3127223176245974,Medio
1977125,0.2920611771994015,Medio
1984763,0.46952160825089745,Alto
1985033,0.313075073449278,Medio
1985048,0.10119424435131015,Baixo
1985063,0.09411161015743999,Baixo
1979163,0.12426131025541405,Baixo
1983610,0.10909050841102856,Baixo
1897218,0.2112977165184933,Medio
1985080,0.2817186877222566,Medio
1985091,0.11229295317948043,Baixo
1985049,0.35678291801723677,Medio
1976338,0.03773629809636571,Baixo
1985107,0.36182830484574346,Medio
1985105,0.2670638131025804,Medio
1983725,0.1763680705519832,Baixo
1985115,0.20152118467552088,Medio
1749287,0.05973616158153789,Baixo
1983064,0.4019166446082848,Medio
1979197,0.16300190668214537,Baixo
1978004,0.19420730047190693,Baixo
1985120,0.43180348664663076,Medio
1985109,0.1831909153906367,Baixo
1311849,0.244744773771365,Medio
1985106,0.19600011214588867,Baixo
1985060,0.15957639154661443,Baixo
1985128,0.273915310662458,Medio
1985131,0.2437031155418634,Medio
1983824,0.08836351829313956,Baixo
1985116,0.18261766464648158,Baixo
1982341,0.25749061786446276,Medio
1983550,0.26905433272237617,Medio
1985139,0.41369384721875013,Medio
1985137,0.10790867496293428,Baixo
1974623,0.22099548224920038,Medio
1985140,0.3904242350027994,Medio
1985103,0.2727082589939585,Medio
1985149,0.20482373170137783,Medio
1985133,0.12689084658647007,Baixo
1985154,0.4824477963948035,Alto
1933530,0.15424565895479225,Baixo
1985151,0.4240968765084014,Medio
1985167,0.12092527963352782,Baixo
1985166,0.05176904816382405,Baixo
1985129,0.3923561171883333,Medio
1948537,0.27997003256042813,Medio
1985159,0.1685199031820752,Baixo
1985158,0.10137660064168198,Baixo
1985144,0.2853648821060846,Medio
1985171,0.22521433459013573,Medio
1985186,0.08143744449353399,Baixo
1985188,0.18173109724873057,Baixo
1985178,0.41676059981955926,Medio
1985146,0.21245172119896394,Medio
1985194,0.044611717762556485,Baixo
1985196,0.2615640560350204,Medio
1970155,0.08786774153594576,Baixo
1979182,0.2649910085371368,Medio
1985189,0.10093316621578774,Baixo
1985211,0.16199831376616283,Baixo
1984614,0.09143693313958849,Baixo
1985143,0.3398487363582237,Medio
1985226,0.7553721060469544,Critico
1985224,0.025497243835966955,Baixo
1974105,0.12719669863063102,Baixo
1985221,0.22237093680567296,Medio
1985220,0.11166795193405565,Baixo
1925548,0.08476061643383614,Baixo
1969525,0.09647196951433365,Baixo
1985239,0.18644034118981873,Baixo
1985237,0.08216166132019576,Baixo
1985238,0.31990478683700035,Medio
1985232,0.46445914426634816,Alto
1985240,0.10653025179356654,Baixo
1985241,0.3552829695476277,Medio
1985192,0.04450655173804916,Baixo
1971944,0.2912826095118431,Medio
1985225,0.2804929006053877,Medio
1983234,0.08072435620320628,Baixo
1985231,0.17896873665247723,Baixo
1975971,0.1742518066423365,Baixo
1985259,0.13343969695389796,Baixo
1985265,0.2327241801620584,Medio
1982059,0.12792521393767295,Baixo
1985250,0.11495358248092162,Baixo
1985258,0.3538227208945833,Medio
1985253,0.12642842559651443,Baixo
1985207,0.14701733618972418,Baixo
1985251,0.3235449857948581,Medio
1985269,0.14162349545206016,Baixo
1985248,0.20896250887367607,Medio
1985246,0.427948853193804,Medio
1985277,0.21874052580352005,Medio
1984524,0.2079267116761213,Medio
1975989,0.5265486697105045,Alto
1985276,0.11526189818244768,Baixo
1985283,0.15961979471758045,Baixo
1984611,0.15746434999953343,Baixo
1985264,0.15857910623394056,Baixo
1978760,0.26310381056652543,Medio
1970210,0.42133149980161066,Medio
1985132,0.3305749570547777,Medio
1984406,0.2767387722389383,Medio
1985299,0.23312469313414333,Medio
1985295,0.21406910734063092,Medio
1985305,0.22231755114162202,Medio
1984306,0.36898684016345557,Medio
1985308,0.13697385713356086,Baixo
1985279,0.219087796283722,Medio
1924011,0.194650149982223,Baixo
1985311,0.1916858740273193,Baixo
1985314,0.16032833603647362,Baixo
1983904,0.03661735566636125,Baixo
1985293,0.24966471968610765,Medio
1985324,0.1394192308529069,Baixo
1983018,0.23084657509248865,Medio
1985325,0.41760095932004104,Medio
1985327,0.1998809452635823,Baixo
1985340,0.19445933639854687,Baixo
1985337,0.34588247920293147,Medio
1985322,0.04623894406822697,Baixo
1985353,0.30646809629180183,Medio
1985330,0.3378177011527473,Medio
1985329,0.24656878089429765,Medio
1985326,0.1943847179592786,Baixo
1985271,0.2595930605626147,Medio
1985335,0.27505131677609185,Medio
1985304,0.158790834105724,Baixo
1985328,0.1245896419859212,Baixo
1985333,0.16285218773841048,Baixo
1967443,0.1451403892784545,Baixo
1985334,0.4218754803358783,Medio
1985348,0.5296804257410627,Alto
1985370,0.11870835692324308,Baixo
1985358,0.22560402670589025,Medio
1985359,0.21867078889389946,Medio
1985300,0.18011278437146425,Baixo
1985356,0.1844007387223442,Baixo
1985357,0.28257476583089586,Medio
1985371,0.2144705125996828,Medio
1985372,0.21250491467258792,Medio
1985346,0.38755930108494124,Medio
1985315,0.40782108528881417,Medio
1953576,0.3221457978139447,Medio
1985379,0.5037898701380338,Alto
1984993,0.05078982072149361,Baixo
1985210,0.4063896534162753,Medio
1984418,0.07160448729391415,Baixo
1985364,0.3253819005655173,Medio
1985205,0.19980712417010824,Baixo
1975906,0.25793050321031336,Medio
1985090,0.3264835956176266,Medio
1981937,0.32711382992568316,Medio
1984954,0.35602260178315426,Medio
1985362,0.17926420685406846,Baixo
1985354,0.4257651765368,Medio
1985382,0.15415583547998296,Baixo
1985301,0.1407527672430975,Baixo
1985384,0.4276262000020073,Medio
1985388,0.17100292290079655,Baixo
1983735,0.4129009154176302,Medio
1985373,0.5111673366865438,Alto
1985381,0.44548538005627236,Medio
1984106,0.3528473816174214,Medio
1985410,0.23052272768471774,Medio
1985399,0.17850425413280763,Baixo
1985355,0.48871291532355077,Alto
1985130,0.28256143183309496,Medio
1972587,0.13738591345664058,Baixo
1969656,0.18288123685087612,Baixo
1132613,0.17872134985693702,Baixo
1984778,0.18205510864407362,Baixo
737858,0.3203495500039303,Medio
1985008,0.07434894141435587,Baixo
1985417,0.44026522728190065,Medio
1985193,0.08635330965099174,Baixo
1985385,0.10782035011320282,Baixo
1980362,0.12277325070317051,Baixo
1985056,0.39682045110471836,Medio
1985425,0.14095946203394719,Baixo
1985411,0.02817941753099308,Baixo
1985436,0.22871230607233006,Medio
1670409,0.5319770522466162,Alto
1985369,0.3150134798504103,Medio
1985428,0.13623162164812974,Baixo
1985453,0.45635895249032954,Alto
1985440,0.12304844101329732,Baixo
1985446,0.04108786154096707,Baixo
1985456,0.07857130589628583,Baixo
1985387,0.11454132168434139,Baixo
1985447,0.25263351514071664,Medio
1985421,0.1863437614542421,Baixo
1985457,0.1690975947318082,Baixo
1978527,0.14679578411677519,Baixo
1981400,0.16994922850483837,Baixo
1972171,0.4843401563100806,Alto
1985449,0.2714821668229475,Medio
1985471,0.13647136655094277,Baixo
943560,0.38351612406329194,Medio
1985475,0.026527720231015878,Baixo
1985216,0.17494841159554772,Baixo
1985451,0.03327367816695835,Baixo
1985468,0.22222744325793828,Medio
1985485,0.2184020037550987,Medio
1978780,0.27082533489498745,Medio
1985070,0.07574726076260005,Baixo
1985491,0.26804031503443226,Medio
1985218,0.4567425290161653,Alto
1985412,0.05650588865491883,Baixo
1985494,0.16897116909566154,Baixo
1985492,0.07484821281024653,Baixo
1985313,0.10854860090191373,Baixo
1985501,0.3344187484291641,Medio
1975231,0.34402139865066034,Medio
1985511,0.4078306651929314,Medio
1985510,0.19516628298877794,Baixo
1985493,0.133713106765009,Baixo
1985516,0.2899187906524099,Medio
1967361,0.047758179725020104,Baixo
1985526,0.16573042120980858,Baixo
1984910,0.30863329194149675,Medio
1985525,0.2596638548029846,Medio
1981891,0.28621075745741364,Medio
1985527,0.1879731050279884,Baixo
1984785,0.2702547466470355,Medio
1985536,0.1542642634582996,Baixo
1985427,0.22443803298777443,Medio
1985174,0.3295574212023855,Medio
1985539,0.1533385170462284,Baixo
1985584,0.43471344535119816,Medio
1985532,0.026770142837722763,Baixo
1985541,0.18467165014199824,Baixo
1985555,0.21096231997946407,Medio
1985572,0.23312536051420862,Medio
1984869,0.042196122989282214,Baixo
1951464,0.44224229468232934,Medio
1985620,0.27674820328742167,Medio
1985616,0.08747236531355336,Baixo
1985580,0.11957263684790764,Baixo
1985618,0.19807946171217514,Baixo
1985624,0.1759685529173095,Baixo
1985219,0.23237121094761645,Medio
1985645,0.06379486178162487,Baixo
1985641,0.15834591575741083,Baixo
1985625,0.4169372166947941,Medio
1985646,0.12130175232542319,Baixo
1985652,0.02822017566801553,Baixo
1985659,0.13369922312723334,Baixo
1983135,0.19273314712464049,Baixo
1983681,0.2024087362795386,Medio
1985669,0.3300979475363425,Medio
1978833,0.26707602723616897,Medio
1985676,0.018619853615875172,Baixo
1979518,0.17241211903077605,Baixo
1984476,0.15777099620163298,Baixo
1985609,0.008865250513506158,Baixo
1985656,0.1090154284124748,Baixo
1969791,0.1822938976929412,Baixo
1982907,0.2517168328711122,Medio
1985696,0.11381438246057375,Baixo
1985702,0.16088272095988482,Baixo
1985610,0.075858138342716,Baixo
1985679,0.12831456091577387,Baixo
1975639,0.2086064362813428,Medio
1977661,0.2826112057478196,Medio
1985705,0.2479360113292712,Medio
1984959,0.0392220547277667,Baixo
1974660,0.527768598197105,Alto
1969926,0.11691978327364541,Baixo
1967940,0.37106424001121935,Medio
1985722,0.1490099988934268,Baixo
1985726,0.11582841511491115,Baixo
1985592,0.13230582387185258,Baixo
1981839,0.30139710456284546,Medio
1985611,0.5074212209734862,Alto
1984457,0.1211952724488712,Baixo
1985738,0.41775382581203857,Medio
1985745,0.24329656760319113,Medio
1985714,0.04308010500208469,Baixo
1985395,0.06206075675138722,Baixo
1985758,0.019502754609083944,Baixo
1977646,0.3265265240506035,Medio
1985658,0.3364650665206003,Medio
1985768,0.3362786708225003,Medio
1985135,0.23378771565420872,Medio
1975371,0.2397346593861617,Medio
1958578,0.39630105426940465,Medio
1984784,0.22720930300535427,Medio
1985752,0.15146598539493772,Baixo
1985523,0.15701130202504948,Baixo
1984567,0.2736111989274219,Medio
1985737,0.15132170423851007,Baixo
1985780,0.22369381709723563,Medio
1985790,0.10558871366603632,Baixo
1985681,0.2459883720008371,Medio
1984612,0.08080776928757263,Baixo
1970091,0.12554087151258458,Baixo
1985791,0.05249745104224044,Baixo
1985750,0.14638045248697523,Baixo
1985782,0.14037170063489707,Baixo
1985794,0.049147005629638855,Baixo
1985777,0.1276871372858553,Baixo
1985455,0.05332817857520399,Baixo
1985792,0.012643584020414959,Baixo
1985797,0.1375351113595903,Baixo
1985801,0.2724844913243814,Medio
1984302,0.12029903895581147,Baixo
1985811,0.14432279415036492,Baixo
1985821,0.2882190849082861,Medio
1985814,0.02680222015991504,Baixo
1985803,0.44327792423251766,Medio
1972129,0.23570061331035994,Medio
1985817,0.08033871147650876,Baixo
1985170,0.3267467184882711,Medio
1985826,0.022847138668818327,Baixo
1979111,0.36404812740390796,Medio
1985838,0.055027460552513466,Baixo
1985832,0.44731863440064373,Medio
1985839,0.273675914720192,Medio
1985828,0.09146298755348121,Baixo
1984900,0.14327593089296112,Baixo
1985830,0.31893968740942097,Medio
1983573,0.28581419681843256,Medio
1982886,0.306610696013055,Medio
1985856,0.1650654664319369,Baixo
1984419,0.425457074923951,Medio
1973309,0.20536044015510146,Medio
1984443,0.2442706537167211,Medio
1981697,0.4254550481501194,Medio
1985868,0.4018669622059821,Medio
1985573,0.1520178024157826,Baixo
1976160,0.3621954934895983,Medio
1985872,0.3397414668724496,Medio
1983556,0.37440421834996657,Medio
1985880,0.20655464536380067,Medio
1969858,0.15450355112003383,Baixo
1985893,0.2064821347407723,Medio
1981392,0.24517313797737905,Medio
1984707,0.13926803302663612,Baixo
1977858,0.3478861593013783,Medio
1982312,0.40651474404288945,Medio
1977480,0.16946263300356873,Baixo
1984952,0.16821351203645027,Baixo
1982633,0.16768088965068764,Baixo
1981502,0.3285028010287315,Medio
1983083,0.2704707346216762,Medio
1985706,0.30219354457742953,Medio
1983697,0.1850907960311862,Baixo
1983319,0.17645510839199638,Baixo
1980881,0.05492801965563264,Baixo
1981795,0.03809555492591585,Baixo
1980544,0.1591942648746334,Baixo
1984494,0.04815673187507796,Baixo
1972672,0.08268006428642773,Baixo
1981168,0.3720556391258631,Medio
1980454,0.22806075692292457,Medio
1984206,0.30243352207016083,Medio
1983092,0.10187844814416962,Baixo
1983154,0.08233237990313166,Baixo
1983016,0.2991436272106096,Medio
1983015,0.2567511961953985,Medio
1983922,0.4427683219697588,Medio
1985262,0.030101168752816463,Baixo
1983844,0.1586967855593284,Baixo
1984208,0.19039165563390284,Baixo
1984219,0.0314105749594501,Baixo
1982142,0.31055488564880146,Medio
1973278,0.33198937208688906,Medio
1982962,0.045502883995070464,Baixo
1985342,0.18793451548441523,Baixo
1980735,0.11626356472234531,Baixo
1972941,0.11111936781640026,Baixo
1984865,0.221230557027731,Medio
1984875,0.06631690659582368,Baixo
1979663,0.23884168137603773,Medio
1972284,0.42440619888233055,Medio
1985672,0.0458146705494113,Baixo
1975337,0.12003721064067373,Baixo
1391173,0.4738956711093625,Alto
1983772,0.11873673321560566,Baixo
1985352,0.6172236463960804,Alto
1979393,0.4454325068458687,Medio
1977224,0.20440337062833808,Medio
1974317,0.4043325808365907,Medio
1979975,0.10719512312733753,Baixo
1983061,0.030169408110445134,Baixo
1982048,0.041956724547164904,Baixo
1982911,0.012599313433031152,Baixo
1984844,0.025693667288661293,Baixo
1984028,0.08757061426421979,Baixo
1965250,0.3444917187000603,Medio
1983859,0.13975173791915174,Baixo
1983231,0.2535813529414901,Medio
1985024,0.3346188567284274,Medio
1983615,0.28250076398513496,Medio
1985680,0.19077608762686346,Baixo
1985694,0.12900112542865977,Baixo
1985019,0.1535190921572023,Baixo
1985535,0.15973653893436096,Baixo
1930311,0.39234332590226345,Medio
1985422,0.27402198214237383,Medio
1985376,0.24679393973710329,Medio
1985286,0.25822773353916306,Medio
1985010,0.19749887339309094,Baixo
1983420,0.11740666194705267,Baixo
1974330,0.16783948607466717,Baixo
1976041,0.12944749845153333,Baixo
1985715,0.10285385709846388,Baixo
1974970,0.16911579710731342,Baixo
1985853,0.2050995187419457,Medio
1985912,0.18727160872659698,Baixo
1985918,0.0634943425852285,Baixo
1973075,0.37636375451839976,Medio
1985507,0.42011355278117535,Medio
1983571,0.40408022482864553,Medio
1985477,0.18943313007739493,Baixo
1982915,0.4040881470507028,Medio
1983285,0.24851018183101126,Medio
1985852,0.27966519614995444,Medio
1984061,0.05703232067500526,Baixo
1985076,0.29031588999143043,Medio
1985908,0.4410006948635177,Medio
1982126,0.2860649017726468,Medio
1981702,0.3163796549946837,Medio
1983566,0.10969500271145861,Baixo
1983953,0.10461323610045213,Baixo
1983714,0.3150539525876921,Medio
1985416,0.14387720236153792,Baixo
1983695,0.1867003674326491,Baixo
1436481,0.2511131023383656,Medio
1982596,0.3026753514804888,Medio
1985933,0.20072555033607836,Medio
1977582,0.3494272514219204,Medio
1985936,0.03699365650152674,Baixo
1983684,0.12941413367776705,Baixo
1985943,0.17631363366022607,Baixo
1979225,0.2113908055301017,Medio
1978050,0.440715638479244,Medio
1985959,0.13791577985724476,Baixo
1985020,0.2146909500344862,Medio
1985413,0.37591271523542796,Medio
1985833,0.18716164775678995,Baixo
1985956,0.1687774386935355,Baixo
1983737,0.34446836246026236,Medio
1983281,0.2817377779116693,Medio
1985966,0.076155480796125,Baixo
1985173,0.16940942603020462,Baixo
1812127,0.24452972851958696,Medio
1977743,0.2631005577101077,Medio
1984374,0.11937267056427098,Baixo
1982291,0.30852226927181814,Medio
1985725,0.17021888575230712,Baixo
1982144,0.11595101447690423,Baixo
1982844,0.10711085114725741,Baixo
1980835,0.2137171430902172,Medio
1985255,0.57238415598228,Alto
1984800,0.3363335815595121,Medio
1978458,0.3452490088700215,Medio
1981519,0.18762661237760697,Baixo
1969838,0.31622785970092304,Medio
1985948,0.36034192239069585,Medio
1985977,0.40588753906053,Medio
1985419,0.16238562997540168,Baixo
1973604,0.5133186636818335,Alto
1973489,0.4454324851479467,Medio
1984008,0.15831250284626375,Baixo
1979309,0.2954671018080351,Medio
1951658,0.2626818247251666,Medio
1984212,0.1439900365622101,Baixo
1985993,0.22290800139242617,Medio
1983713,0.3089216983915283,Medio
1985515,0.4798104515884739,Alto
1985974,0.3242229994294784,Medio
1979926,0.3809222451286922,Medio
1974871,0.4896128093766973,Alto
1986010,0.35744322337795104,Medio
1984496,0.17453854192729243,Baixo
1986007,0.21435455906586037,Medio
1986006,0.4967575352406453,Alto
1972998,0.26026763840310163,Medio
1986014,0.048225672021747046,Baixo
1986017,0.38843189214478074,Medio
1986011,0.3125087426724599,Medio
1980054,0.4521480225680444,Alto
1984639,0.12958675463476083,Baixo
1985697,0.20151440415450841,Medio
1986000,0.409880849567689,Medio
1986009,0.1684552160782769,Baixo
1981278,0.11949315763175579,Baixo
1985179,0.15797531069884774,Baixo
1974288,0.2116252603142343,Medio
1978821,0.23176596232540977,Medio
1985415,0.07647946539986816,Baixo
1984032,0.2104604679106352,Medio
1978518,0.1451006287873715,Baixo
1984142,0.4572777041474962,Alto
1983097,0.12683545189741088,Baixo
1941405,0.18696264517742123,Baixo
1980420,0.17848852920196046,Baixo
1985368,0.5118328061208783,Alto
1981902,0.11526281572229981,Baixo
1979767,0.013014114998996264,Baixo
1968019,0.34900110642911575,Medio
1969042,0.15876230094196692,Baixo
1979581,0.06767400936955778,Baixo
1986028,0.11459815751243778,Baixo
1985753,0.1698314173031948,Baixo
1981572,0.11469045647999958,Baixo
1986034,0.3498868022015911,Medio
1986044,0.15584045940413335,Baixo
1975868,0.6624404427324994,Alto
1985717,0.11858272520924786,Baixo
1979818,0.48166428951013307,Alto
1986054,0.13230617132012745,Baixo
1972947,0.08217124040334502,Baixo
1984885,0.16240085154630993,Baixo
1969483,0.09460457020450418,Baixo
1986039,0.11307745729866385,Baixo
1986062,0.4770252622674392,Alto
1975109,0.21161051482623647,Medio
1975440,0.2905608409981259,Medio
1985866,0.11784808725698903,Baixo
1986069,0.30651254437803616,Medio
1986076,0.27310405401308824,Medio
1985565,0.2553576914500656,Medio
1983067,0.14047308136244682,Baixo
1983095,0.26489797364965684,Medio
1983408,0.27532663554216114,Medio
1981393,0.3552911250641616,Medio
1973123,0.34831790333938467,Medio
1979962,0.2277158588835156,Medio
1986087,0.283657279393976,Medio
1986058,0.12732996722902337,Baixo
1986077,0.12587534293154773,Baixo
1985111,0.23958967367475123,Medio
1986088,0.33092728889107864,Medio
1981259,0.07276627326932245,Baixo
1985390,0.12212722924927319,Baixo
1982223,0.10102395037251946,Baixo
1986093,0.12686070854432666,Baixo
1957210,0.6625183919034259,Alto
1985284,0.36337590645555096,Medio
1984757,0.16877163689655472,Baixo
1986101,0.5017073009431586,Alto
1982360,0.18539501404268896,Baixo
1985568,0.28857970499593366,Medio
1985660,0.23140150306926036,Medio
1986103,0.5472511381781725,Alto
1981862,0.4170699146127415,Medio
1977375,0.1005556343384805,Baixo
1985127,0.24362712174354903,Medio
1985278,0.2072466178456166,Medio
1982389,0.045054972679355675,Baixo
1984021,0.2852190744952302,Medio
1986074,0.1969971533784148,Baixo
1177042,0.10435428540648839,Baixo
1977258,0.2026656816592091,Medio
1986117,0.34090152670529833,Medio
1947975,0.5807453827403368,Alto
1986106,0.12602058860585238,Baixo
1943639,0.11538858315141386,Baixo
1970055,0.23093513836812032,Medio
1984947,0.06637831768692289,Baixo
1986120,0.21662306360529376,Medio
1986118,0.18682389835843588,Baixo
1976873,0.03756664089323341,Baixo
1986140,0.2475406466547281,Medio
1171225,0.2501036163943298,Medio
1923500,0.2570175755915352,Medio
1986104,0.37862062382000905,Medio
1983459,0.34586047136466674,Medio
1986152,0.2593777372087418,Medio
1986138,0.08907048579967283,Baixo
1980781,0.4905403384976541,Alto
1986166,0.16012889555599322,Baixo
1986129,0.21772337206910883,Medio
1986148,0.09625656342734028,Baixo
1974855,0.22438974346248203,Medio
1986178,0.30412693192183043,Medio
1986130,0.03205036325507549,Baixo
1986179,0.21278592808457694,Medio
1946589,0.3515936026327502,Medio
1986167,0.13170351969467387,Baixo
1983931,0.23190826519217905,Medio
1985622,0.13938916211309088,Baixo
1986128,0.13060149559544731,Baixo
1985252,0.1266782698265132,Baixo
1982201,0.0840617945731036,Baixo
1985312,0.07186638132052293,Baixo
1978599,0.433785883762946,Medio
1983726,0.38265263525654,Medio
1974663,0.11333819226641847,Baixo
1984832,0.41501978336240414,Medio
1984705,0.31307119411775314,Medio
1964068,0.5096344217945521,Alto
1981589,0.12846148035710786,Baixo
1982451,0.30555592850974633,Medio
1978762,0.1903178854549544,Baixo
1965393,0.5206805053113254,Alto
1986215,0.18672208616708416,Baixo
1986220,0.6974414499205621,Alto
1984786,0.08390234331718878,Baixo
1972367,0.27220921492123235,Medio
1986185,0.057197451393021896,Baixo
1986210,0.40531368755602215,Medio
1986214,0.2766054249528367,Medio
1986236,0.0837977336515465,Baixo
1986229,0.5948783756368479,Alto
1976004,0.4026758671286383,Medio
1986233,0.4548889701471075,Alto
1983206,0.11623836748691405,Baixo
1984127,0.5832203292059086,Alto
1986228,0.1487115135921264,Baixo
1986241,0.4390968298084387,Medio
1986221,0.2336550006877278,Medio
1986240,0.21349863310608075,Medio
1985180,0.3237496743177823,Medio
1982293,0.08528733237959844,Baixo
1974913,0.4191145666804715,Medio
1972173,0.3073409225306563,Medio
1973639,0.2600114050158326,Medio
1868575,0.5279764832337885,Alto
1986250,0.5599922771435132,Alto
1978595,0.19156277397700808,Baixo
1969675,0.15790164815624175,Baixo
1986272,0.25504959367952934,Medio
1986279,0.34369210941367173,Medio
1972705,0.19984537588172196,Baixo
1984353,0.35419968415406233,Medio
1960694,0.24308775388210782,Medio
1973974,0.4883357328076164,Alto
1986281,0.3373940118310453,Medio
1983176,0.08842969600408768,Baixo
1853459,0.1935415274439245,Baixo
1979210,0.3778061088479861,Medio
1986288,0.19309288845210812,Baixo
1983310,0.18721100682115832,Baixo
1977789,0.16895735326391223,Baixo
1984735,0.27346248110850613,Medio
1983254,0.48254622804173014,Alto
1983362,0.1901161739522153,Baixo
1986159,0.22629772374699142,Medio
1965812,0.15348296792890428,Baixo
1985795,0.18059413009028696,Baixo
1985420,0.19624449045744893,Baixo
1977890,0.30021137054134983,Medio
1977044,0.19757800831424974,Baixo
1986297,0.12935615846999318,Baixo
1975348,0.26703469465613755,Medio
1965527,0.4448870856296744,Medio
1976056,0.2720053657288647,Medio
1982880,0.15923990635376456,Baixo
1980790,0.26254815356596534,Medio
1986212,0.4324572489711788,Medio
1986303,0.11272427402023129,Baixo
1954843,0.17217898099365195,Baixo
1986301,0.33952727345775024,Medio
1985267,0.03878549948654766,Baixo
1440063,0.2946253808137338,Medio
1986190,0.08541267306956508,Baixo
1935068,0.21825894710467275,Medio
1981411,0.284899073646736,Medio
1986314,0.07022693404375097,Baixo
1954879,0.15048726696943232,Baixo
1986302,0.422357990285436,Medio
1986333,0.5760172316275167,Alto
1984273,0.15108595055147123,Baixo
1986347,0.21410120297511226,Medio
1986351,0.2820505565924092,Medio
1986336,0.1645307536852354,Baixo
1986354,0.24320956971063434,Medio
1986356,0.08201196031460206,Baixo
1986026,0.30497984505870585,Medio
1986371,0.2606334832544438,Medio
1986377,0.1857144659174375,Baixo
1982221,0.0831718478827738,Baixo
1985942,0.5169596397918651,Alto
1985955,0.10130655763849876,Baixo
1986369,0.11682060248454873,Baixo
1986198,0.16574625869928333,Baixo
1986278,0.21001572510710317,Medio
1983895,0.2194448717039194,Medio
1976466,0.1414604895850093,Baixo
1986329,0.3849503795580733,Medio
1980207,0.011226332236631059,Baixo
1980728,0.19665068452651083,Baixo
1986419,0.17206399614060205,Baixo
1986391,0.20143786845131545,Medio
1986389,0.18711132101400743,Baixo
1986143,0.5143163822207956,Alto
1973316,0.16875200688813471,Baixo
1468150,0.36344984397141994,Medio
1963871,0.08321321185081587,Baixo
1976505,0.5107084492940056,Alto
1986404,0.4102920551862413,Medio
1983727,0.10117094685913307,Baixo
1978888,0.13572424135379774,Baixo
1985013,0.34174147681972,Medio
1984440,0.38004965781413186,Medio
1968915,0.17999468113669276,Baixo
1986234,0.056207360222429885,Baixo
1983086,0.1407965338832033,Baixo
1984915,0.12792426536308152,Baixo
1982625,0.5273255881608877,Alto
1974942,0.31230436184534216,Medio
1986443,0.520511723932458,Alto
735472,0.42561946675490914,Medio
1950686,0.2907660354922205,Medio
1965510,0.16344706763163108,Baixo
1985288,0.056150631742372184,Baixo
1985772,0.43031621085899474,Medio
1985521,0.23956252919922713,Medio
1986292,0.17386161289131988,Baixo
1952459,0.2506918677982565,Medio
1971737,0.2659697727860123,Medio
1985769,0.33846272515294107,Medio
1985126,0.28991354812766784,Medio
1986307,0.19597527156800693,Baixo
1986309,0.08114298722900501,Baixo
1981910,0.20572831600280106,Medio
1984658,0.09029833754113706,Baixo
1986472,0.1712323077771672,Baixo
1986466,0.23673395094703575,Medio
1986470,0.10919897632243444,Baixo
1971293,0.3824809980254532,Medio
1972158,0.4064940173495078,Medio
1246663,0.18989157400203815,Baixo
1986415,0.12064522581677718,Baixo
1986482,0.2783504086223343,Medio
1986401,0.368888873482734,Medio
1986157,0.4436497539002241,Medio
1986430,0.16156037881852542,Baixo
1986495,0.4232510960381306,Medio
1986486,0.5718729789644815,Alto
1986498,0.23240717881385878,Medio
1986501,0.3334627782960811,Medio
1985695,0.48257787824566606,Alto
687278,0.17003896961208254,Baixo
1958222,0.13488010851679547,Baixo
1971439,0.1438368747711809,Baixo
1986380,0.16753602412661303,Baixo
1986513,0.22117473697499976,Medio
1986494,0.15187444038312134,Baixo
1978874,0.08877161811993664,Baixo
1986505,0.1412379709357638,Baixo
1981331,0.24648899884172534,Medio
1986516,0.2034210188408233,Medio
1972970,0.20099515603714263,Medio
1984604,0.2536274155567686,Medio
1986191,0.2070720954553113,Medio
1986525,0.1580073653721885,Baixo
1986524,0.45110372514648067,Alto
1986254,0.13957518994375984,Baixo
1986227,0.4431699418044693,Medio
1979104,0.20748911634006587,Medio
1986406,0.19691469281667404,Baixo
1986542,0.45475890131802144,Alto
1986540,0.43556438195800595,Medio
1986461,0.42517986689364756,Medio
1886683,0.11983720761585208,Baixo
1986546,0.0715625240162188,Baixo
1954358,0.2756852308983054,Medio
1986526,0.40080305056640264,Medio
1974662,0.18620999137642053,Baixo
1986183,0.24785240130017183,Medio
1983954,0.11106584133657783,Baixo
1985547,0.23454409378712102,Medio
1543513,0.31240746248975837,Medio
1986552,0.24158776718912633,Medio
1986553,0.24578328184631087,Medio
1986558,0.16907082796883774,Baixo
1986563,0.06581424836266499,Baixo
1986126,0.18100739645194489,Baixo
1986543,0.30329505826136677,Medio
1986458,0.2612102881819042,Medio
1986452,0.08439692465787377,Baixo
1986559,0.37533192897216155,Medio
1986459,0.1905943635452,Baixo
1972675,0.16768061764723427,Baixo
1980165,0.32850423550505475,Medio
1986562,0.05316318775959346,Baixo
1986576,0.3109802778945966,Medio
1986163,0.28174289423039034,Medio
1972987,0.1364534516714641,Baixo
1984840,0.061966244695477,Baixo
1983614,0.12104659811123734,Baixo
1979577,0.4570544618987767,Alto
1986595,0.2831794764830586,Medio
1986579,0.24287323386696133,Medio
1986023,0.11380992624500212,Baixo
1986594,0.08202429345432595,Baixo
1986520,0.32869755720892163,Medio
1986556,0.12762559767961468,Baixo
1986583,0.41004416783947395,Medio
1986601,0.13504399151538501,Baixo
1986610,0.37622326791137334,Medio
1977366,0.48702371833909164,Alto
1986548,0.14333473847178402,Baixo
1986599,0.368069874338887,Medio
1976412,0.19540250980478788,Baixo
1983369,0.3347630930173378,Medio
1986624,0.14349374532716344,Baixo
1986122,0.10867927929141875,Baixo
1982381,0.2353590067356788,Medio
1975345,0.11475441773088325,Baixo
1986604,0.43233052936800487,Medio
1985480,0.18389393132451357,Baixo
1978664,0.16274399041156953,Baixo
1986620,0.6862744901928302,Alto
1980516,0.22315868197803465,Medio
1986640,0.18634195057883934,Baixo
1986633,0.11413185845668489,Baixo
1986335,0.33835903782602356,Medio
1986041,0.36087545181813424,Medio
1986602,0.082001513781377,Baixo
1986635,0.11842621213046926,Baixo
1974346,0.17587171745859287,Baixo
1986652,0.06936797027736516,Baixo
1986649,0.05745342409951773,Baixo
1971455,0.44474545958915546,Medio
1980140,0.2203656988285737,Medio
1986656,0.25983468351164374,Medio
1986661,0.13830768314936395,Baixo
1986657,0.0922051733028957,Baixo
1986528,0.34090421391448844,Medio
1976029,0.4868825056116152,Alto
1975776,0.41698361082797797,Medio
1986648,0.0760393808753775,Baixo
1986685,0.3164472061784589,Medio
1974362,0.11800446011035677,Baixo
1986531,0.057529564842817335,Baixo
1967975,0.35726452171314504,Medio
1986660,0.3705062498794371,Medio
1986662,0.08671508477504354,Baixo
1986689,0.1606104983120623,Baixo
1986698,0.2317062272151625,Medio
1986598,0.2705693524389107,Medio
1983629,0.07342041678801287,Baixo
1986711,0.30980755790350817,Medio
1986675,0.5662202454806112,Alto
1986706,0.07137378236697686,Baixo
1986666,0.23495177199064113,Medio
984925,0.40973714930665506,Medio
1986668,0.312110994598258,Medio
1986682,0.202390711904365,Medio
1985051,0.3034440838904153,Medio
1986158,0.16390996530590934,Baixo
1985458,0.2832658600849247,Medio
1982912,0.2842056180886468,Medio
1986721,0.016698697028379995,Baixo
1986258,0.19862338512033514,Baixo
1986697,0.11991199410031614,Baixo
1986672,0.26875470216957764,Medio
1979474,0.10435668001092324,Baixo
1986725,0.03549086742014943,Baixo
1985533,0.47538406259456667,Alto
1983777,0.14517613949370375,Baixo
1981167,0.14273545261246146,Baixo
1966773,0.25833825022212104,Medio
1986650,0.5954564767332596,Alto
1986745,0.058712745220000855,Baixo
1836919,0.07462834250773884,Baixo
1986365,0.3313362830867963,Medio
1986763,0.14640097464273308,Baixo
1324875,0.16737408889292832,Baixo
1986755,0.4225151699840735,Medio
1985784,0.29202791889793717,Medio
1986752,0.33700175271160077,Medio
1986757,0.23687680965336488,Medio
1986743,0.11548803639802269,Baixo
1986769,0.18588693585357105,Baixo
1986776,0.16160678330055014,Baixo
1981310,0.4124220207085667,Medio
1978574,0.23959318416339276,Medio
1986738,0.5299106055351087,Alto
1986782,0.5255961938208791,Alto
1986759,0.2597758526463867,Medio
1986778,0.14399461958530954,Baixo
1976907,0.39868886281806637,Medio
1966663,0.16136211600434736,Baixo
1986589,0.15543844424794775,Baixo
1986636,0.3854224229073357,Medio
1976097,0.2090581619033581,Medio
1983801,0.11374761946809411,Baixo
1986793,0.09320714310276058,Baixo
1981846,0.17001087071308346,Baixo
1986397,0.2465999400393608,Medio
1967292,0.1947654605781788,Baixo
1986442,0.1692173858716974,Baixo
1986408,0.2655596286949276,Medio
1982807,0.16318708359283507,Baixo
1985169,0.3217381121487401,Medio
1986612,0.3378805993983196,Medio
1983559,0.2904815698926103,Medio
1975961,0.37230349869195983,Medio
1986200,0.3486323972771033,Medio
1972318,0.36337629758891604,Medio
1986787,0.42723215819409593,Medio
1975289,0.3258511569817763,Medio
1986098,0.1853372444785827,Baixo
1986422,0.4631840719561939,Alto
1976991,0.06371975658803769,Baixo
1986659,0.2035843936816243,Medio
1980368,0.36383300767863974,Medio
1986799,0.16195332139106736,Baixo
1972350,0.3394342792619773,Medio
1986777,0.26463384179790694,Medio
1642627,0.10843065143333033,Baixo
1986796,0.3689838293477857,Medio
1986753,0.011526650126843601,Baixo
1982162,0.28565571523133404,Medio
1986765,0.5130496087823979,Alto
1241107,0.23293370863693785,Medio
1986741,0.13121820909383045,Baixo
1981561,0.4189509973001,Medio
1981238,0.18072417152293196,Baixo
1984953,0.1841403095068634,Baixo
1986775,0.17741753358279783,Baixo
1977245,0.1035097079403333,Baixo
1984699,0.27816440953341354,Medio
1986783,0.17706457557715066,Baixo
1986823,0.06779309235479236,Baixo
1986839,0.383617701150975,Medio
1979674,0.322488042531619,Medio
1986454,0.35124723403951813,Medio
1986108,0.3445317956867048,Medio
1986846,0.19681759581509103,Baixo
1986836,0.25355348029739494,Medio
1985870,0.14475765978928684,Baixo
1974900,0.24048651711625177,Medio
1986817,0.10609262946692066,Baixo
1986868,0.1393646801726545,Baixo
1983768,0.30449010049411634,Medio
1986825,0.49740780631346754,Alto
1986866,0.20896885142879873,Medio
1986858,0.3325139346559252,Medio
1986850,0.20864967071453294,Medio
1986869,0.15614825578603445,Baixo
1983148,0.0673273977664824,Baixo
1986717,0.15543332558643932,Baixo
1986872,0.24737899598056806,Medio
1986880,0.10235564699859839,Baixo
1986890,0.20389402144563312,Medio
1984395,0.16974697747198705,Baixo
1986876,0.2410783928128697,Medio
1986888,0.2586468325933316,Medio
1985320,0.5440897019673109,Alto
1986517,0.2615837512393734,Medio
1986889,0.294489232696804,Medio
1986863,0.40325942298926454,Medio
1986901,0.4523832089835933,Alto
1984966,0.4371197040750064,Medio
1981367,0.16514208035953315,Baixo
1985851,0.2790904756560864,Medio
1984640,0.424381831511442,Medio
1945246,0.4282473870231947,Medio
1986895,0.22604446882744128,Medio
1986471,0.3326397073797432,Medio
1986822,0.2563971820848569,Medio
1986004,0.41459908563697995,Medio
1986784,0.2691094821819025,Medio
1986567,0.2575938078955832,Medio
1986723,0.1903991748625752,Baixo
1983000,0.08083152965064204,Baixo
1981904,0.08102571125905121,Baixo
1986286,0.20969781308507196,Medio
1986735,0.0517704112767297,Baixo
1986884,0.08171600167175548,Baixo
1986898,0.3102783599812706,Medio
1984556,0.47065188344009073,Alto
1986663,0.35535994577462166,Medio
1983402,0.13173303096863087,Baixo
1986861,0.056995850367761496,Baixo
1986900,0.25711934467101294,Medio
1961971,0.25481154363243325,Medio
1986902,0.31880754256461835,Medio
1986920,0.12314979638685601,Baixo
1986907,0.3234529491623949,Medio
1986357,0.2223773768793698,Medio
1986933,0.17161884612447825,Baixo
1985285,0.3789096750027849,Medio
1984341,0.24798538170832976,Medio
1986566,0.3702668217984123,Medio
1968642,0.018968396098914094,Baixo
1986253,0.21292170328157017,Medio
1977912,0.17405925243936438,Baixo
1976523,0.16491264414865742,Baixo
1986944,0.08021950562334672,Baixo
1974613,0.29549306896302435,Medio
1986949,0.15705191534180452,Baixo
1983781,0.2173282750496788,Medio
1986958,0.24478881828859428,Medio
1983998,0.17731952219235042,Baixo
1986966,0.23059833955148612,Medio
1986967,0.10813897955038064,Baixo
1986971,0.07793577358815781,Baixo
1986970,0.4231990613948285,Medio
1979482,0.2213338148441088,Medio
1986957,0.10462875096657791,Baixo
1978131,0.16051340231403166,Baixo
1986980,0.3808943530439319,Medio
1986950,0.17415659289533494,Baixo
1810363,0.2716051763936624,Medio
1986989,0.07969986493771236,Baixo
1986981,0.4645320588820617,Alto
1986959,0.46728346033987406,Alto
1986587,0.3867452472283656,Medio
1986954,0.47306403072400066,Alto
1986875,0.21862544517047722,Medio
1986964,0.04303445869606697,Baixo
1986987,0.05438129267057791,Baixo
1983947,0.3406574837747874,Medio
1975770,0.31225012069199876,Medio
1986993,0.2368745159903593,Medio
1986877,0.1371984153882292,Baixo
1984365,0.23294261487941198,Medio
1986909,0.1487276073692505,Baixo
1986758,0.3383882874859513,Medio
1986992,0.3663455441636696,Medio
1986996,0.3957286089930218,Medio
1986968,0.28850418146398904,Medio
1961270,0.1092981218195469,Baixo
734308,0.19922885957453715,Baixo
1977142,0.1800459473476033,Baixo
1987000,0.16507771460399526,Baixo
1983370,0.21899906708623262,Medio
1975222,0.27218780298425455,Medio
1987002,0.31685802840157745,Medio
1987004,0.06748504767964067,Baixo
1987009,0.11047163635410544,Baixo
1986998,0.6014601553303227,Alto
1987019,0.16019751892436407,Baixo
1987013,0.18233379073659559,Baixo
1987026,0.12283850888916668,Baixo
1986821,0.2276348828230204,Medio
1986570,0.08705666047054389,Baixo
1985088,0.15718710585863716,Baixo
1986549,0.23809857228174094,Medio
1987030,0.17309345483174893,Baixo
1987047,0.5339153405315582,Alto
1984173,0.2848748825437023,Medio
1987031,0.12330578406924735,Baixo
1986012,0.298267087977491,Medio
1951417,0.21185924900797076,Medio
1986438,0.29115227556069956,Medio
1987034,0.26047068178019483,Medio
1581340,0.3435880202557705,Medio
1987042,0.10819082553134161,Baixo
1679592,0.2914046298121824,Medio
1987048,0.044071983300159476,Baixo
1295815,0.16575801979321697,Baixo
1987059,0.619270743323243,Alto
1973107,0.19296955978484887,Baixo
1987053,0.03236631175996144,Baixo
1977036,0.21644107148310077,Medio
1984981,0.3088659520628893,Medio
1987044,0.3770846071797005,Medio
1983137,0.09494743800131165,Baixo
1986749,0.09190363966965165,Baixo
1973211,0.4837352028167297,Alto
1987076,0.16965872939212778,Baixo
1982363,0.21962080243651433,Medio
1978978,0.15948332837376564,Baixo
1987078,0.23352128281116116,Medio
1986840,0.12377780728208874,Baixo
1987074,0.1315638757423666,Baixo
1987032,0.0739021511033301,Baixo
1979852,0.15558007375487065,Baixo
1987090,0.09071310698890048,Baixo
1975269,0.2310996192873317,Medio
1987080,0.048983751789546066,Baixo
1987067,0.27366841162778077,Medio
1987073,0.14357570031942413,Baixo
1986881,0.2020374147687724,Medio
1976197,0.4853064589277381,Alto
1953880,0.21478845453370707,Medio
1975512,0.4586508823512315,Alto
1981547,0.40690097438899353,Medio
1986999,0.16899575862794772,Baixo
1982423,0.26534902826864337,Medio
1986791,0.21331647650433155,Medio
1980025,0.1987415578985171,Baixo
1973186,0.28585540514319324,Medio
1986935,0.1111795270346261,Baixo
1986988,0.1539843426460668,Baixo
1987111,0.13618681811749261,Baixo
1985774,0.21267769072680934,Medio
1987099,0.13734450932747191,Baixo
1987110,0.08371591579763332,Baixo
1972812,0.372510926812079,Medio
1981746,0.409814376760706,Medio
1987113,0.038539114017005445,Baixo
1987109,0.21485793979688345,Medio
1987103,0.44188287214758804,Medio
1987121,0.08391585130635816,Baixo
1977641,0.05789180699172552,Baixo
1987128,0.03877714713639034,Baixo
1987129,0.20667017166953425,Medio
1987135,0.2203944267518955,Medio
1976815,0.28221269848428615,Medio
1987092,0.11763452391326759,Baixo
1984587,0.1594557356114742,Baixo
1987138,0.09561580569098183,Baixo
1987140,0.1343598044308312,Baixo
1978576,0.23059160787310765,Medio
1981045,0.11737266707083763,Baixo
1092973,0.23380021695182163,Medio
1983548,0.31700323216155235,Medio
1987142,0.20103387503744372,Medio
1987146,0.07608980943702895,Baixo
1987107,0.007700322582169132,Baixo
974738,0.44629086613498037,Medio
1968160,0.3538301528770127,Medio
1986621,0.0326315270328078,Baixo
1987157,0.11276094993051727,Baixo
1986090,0.37416209825844127,Medio
1972653,0.19743400220493004,Baixo
1987169,0.1856980394252353,Baixo
1987162,0.4981226566939179,Alto
1987132,0.11576535639380751,Baixo
1987126,0.23428688957405222,Medio
1987156,0.16505764911127915,Baixo
1983914,0.19776495800470578,Baixo
1987119,0.19454589062373848,Baixo
1987149,0.2721390907066317,Medio
1987160,0.19228917447617289,Baixo
1947877,0.47351067541117386,Alto
1976500,0.4826814952188888,Alto
1987170,0.1371716638186512,Baixo
1987165,0.24419093357344246,Medio
1987164,0.48611977476713314,Alto
1985538,0.08081807503302493,Baixo
1987192,0.47380858545385823,Alto
1987173,0.44334726435347177,Medio
1987177,0.32479367282396876,Medio
1987131,0.1543209648306169,Baixo
1987150,0.12275619255785664,Baixo
1975086,0.13701358238148428,Baixo
1985716,0.11741036142132913,Baixo
1346264,0.13327750741401176,Baixo
1987190,0.48324640804178254,Alto
1980927,0.17881103054099698,Baixo
1987203,0.2285481086830123,Medio
1977143,0.10961996555403179,Baixo
1987139,0.14077185332621636,Baixo
1987187,0.3538232470312953,Medio
1987178,0.1149901869916246,Baixo
1987198,0.1616613858025526,Baixo
1986780,0.3043615293894789,Medio
1987017,0.19877187556006098,Baixo
1987147,0.05609029513074302,Baixo
1978235,0.4416837915230004,Medio
1987206,0.29085777669178026,Medio
1986925,0.06523526748267598,Baixo
1987220,0.4076356080112773,Medio
1977723,0.4148378260915093,Medio
1985502,0.3153319470838496,Medio
1987214,0.17020173220356566,Baixo
1987014,0.3274368772111756,Medio
1976044,0.1425722228107308,Baixo
1986716,0.25136859940823647,Medio
1985183,0.14964275008204597,Baixo
1897141,0.31609994401159597,Medio
1987105,0.0933721885141253,Baixo
1968308,0.2473667958042362,Medio
1987223,0.20653224319863514,Medio
1969488,0.26942461044848764,Medio
1982484,0.3739817551007292,Medio
1987230,0.0925147917534027,Baixo
1987189,0.061903468222228406,Baixo
1987233,0.11505810035384222,Baixo
1982279,0.39919933979550576,Medio
1987208,0.45745779659148306,Alto
1986833,0.1471554351254115,Baixo
1972806,0.19497479666508588,Baixo
1983354,0.22671005545774056,Medio
1985816,0.04602704292187569,Baixo
1987265,0.31850976664520353,Medio
1987256,0.18411615792293454,Baixo
1987254,0.22769102712536954,Medio
1984636,0.2895060661672968,Medio
1987215,0.15341620897085256,Baixo
1986815,0.08267567117613321,Baixo
1974316,0.40590655073600546,Medio
1987269,0.033165752699912676,Baixo
1985950,0.2457729076370582,Medio
1987159,0.1035016138858875,Baixo
1973081,0.19847212832201702,Baixo
1987293,0.0752276042803303,Baixo
1987184,0.20513939221354807,Medio
1987296,0.3571884586210843,Medio
1987196,0.13764651553251803,Baixo
1985142,0.43173145944159197,Medio
1975823,0.6884776321865688,Alto
1970575,0.5964507805787265,Alto
1987312,0.3826960949328472,Medio
1986936,0.6535686530651809,Alto
1987278,0.08438930171742792,Baixo
1987249,0.05618162349959467,Baixo
1987305,0.28916372210814617,Medio
1987281,0.2440705003093974,Medio
1979279,0.29546066904697643,Medio
1981321,0.17562834670125163,Baixo
1979055,0.41776830788265124,Medio
1987330,0.19632011953308118,Baixo
1987315,0.1657224974726278,Baixo
1987311,0.1552745559053541,Baixo
1973574,0.22439969019272776,Medio
1987319,0.11445260975705115,Baixo
1987355,0.18741054682920352,Baixo
1983815,0.42786023240806426,Medio
1972971,0.34413143017517667,Medio
1987277,0.24786297137367627,Medio
1987339,0.4288442459516722,Medio
1987272,0.1180013371837011,Baixo
1975565,0.5200053713653836,Alto
1987379,0.22701017523489217,Medio
1987341,0.3727489891600151,Medio
1982058,0.08391669312435746,Baixo
1985287,0.49856133891433724,Alto
1985303,0.2293296070437534,Medio
1987264,0.09502408466223365,Baixo
1984184,0.3658033200234895,Medio
1987384,0.18431346356275918,Baixo
1987400,0.39618586576949155,Medio
1987386,0.08827222248022497,Baixo
1976435,0.3239834759487723,Medio
1987314,0.20250436299147165,Medio
1987350,0.43577143766985327,Medio
1987404,0.2287473589437789,Medio
1987411,0.37195963757292866,Medio
1987422,0.23847896095480525,Medio
1986737,0.1105875774951234,Baixo
1987325,0.11731438189711697,Baixo
1987287,0.2620145965123024,Medio
1981774,0.5039491510526548,Alto
1985383,0.5763982180263322,Alto
1963029,0.06112347186644762,Baixo
1865752,0.1375474880522515,Baixo
1984404,0.10366217337654067,Baixo
1986383,0.19815328880161337,Baixo
1984529,0.18030022334819695,Baixo
1981730,0.45666970399543855,Alto
1975429,0.2719208598277497,Medio
1977178,0.3296593610961713,Medio
1987435,0.13871417215521945,Baixo
1987426,0.3296855032525128,Medio
1987413,0.2524883957619121,Medio
1982615,0.18247615214822216,Baixo
1987348,0.21394787380696548,Medio
1987415,0.16034012209425746,Baixo
1987313,0.13454332473364858,Baixo
1986426,0.007837548816197701,Baixo
1987443,0.2386078352604289,Medio
1982595,0.18446403628405117,Baixo
1987434,0.0764652436589851,Baixo
1978082,0.11650289426328744,Baixo
1987460,0.5841433323256793,Alto
1987364,0.19735144982879155,Baixo
1985298,0.205591760312731,Medio
1987451,0.050083646673973914,Baixo
1986865,0.21826692741460205,Medio
1987390,0.10227855050365654,Baixo
1987385,0.152793851714746,Baixo
1972476,0.10874291042378972,Baixo
1987557,0.2705304573593975,Medio
1987596,0.16380969279214025,Baixo
1987403,0.21134044290044793,Medio
1987636,0.33341174917614874,Medio
1970374,0.08872429976642553,Baixo
1976082,0.27751894083283846,Medio
1987552,0.2005567544602837,Medio
1983907,0.37165856791963353,Medio
1987493,0.3313377272483817,Medio
1987496,0.37073340605274785,Medio
1987520,0.19326292271027032,Baixo
1987540,0.2055819777983838,Medio
1987655,0.16311579746498575,Baixo
1987541,0.12115820632539223,Baixo
1987463,0.12014625130175617,Baixo
1987500,0.14205002750254025,Baixo
1987533,0.32877364026661765,Medio
1987660,0.19753293752099346,Baixo
1987488,0.007366201396345668,Baixo
1987746,0.1581826021518159,Baixo
1987476,0.47654989105278295,Alto
1987610,0.0998161922734615,Baixo
1987498,0.08627186076303082,Baixo
1987703,0.16262033528806766,Baixo
1987593,0.20963699713486467,Medio
1987453,0.616866023133845,Alto
1987571,0.16569105040225038,Baixo
1987631,0.15873065472574144,Baixo
1987517,0.11264953674960891,Baixo
1987585,0.2827877298054429,Medio
1987736,0.1658813162967912,Baixo
1987652,0.13777284477761584,Baixo
1987565,0.24672833092376553,Medio
1987558,0.23518119437280197,Medio
1987553,0.0653257678777205,Baixo
1987549,0.3526109099299237,Medio
1987522,0.03528545562016006,Baixo
1689675,0.22454405793020904,Medio
1969704,0.26983162564854196,Medio
1987550,0.22976007181146665,Medio
1987634,0.28250810393186193,Medio
1987584,0.2112474376729231,Medio
1987492,0.38653397125306327,Medio
1987772,0.16617552203050176,Baixo
1987730,0.1859309310354867,Baixo
1987461,0.30608884891227994,Medio
1987638,0.34712444713212365,Medio
1987649,0.3380632156044712,Medio
1984755,0.16001628669902598,Baixo
1981034,0.41068364400967333,Medio
1987783,0.30407605438765034,Medio
1985529,0.06190096818601671,Baixo
1987519,0.12565212310139298,Baixo
1987583,0.05558133908421877,Baixo
1987683,0.09201845689943723,Baixo
1987691,0.06929273296446563,Baixo
1987802,0.18401801164694537,Baixo
1987645,0.3880404621503002,Medio
1987514,0.29603887679628405,Medio
1984311,0.5292086523410444,Alto
1987734,0.3441049370489388,Medio
1987751,0.2206855306838067,Medio
1987790,0.1638187688453585,Baixo
1978394,0.24121109659099035,Medio
1987743,0.09531852100862585,Baixo
1987768,0.29111280766038916,Medio
1987642,0.29403751398795325,Medio
1987714,0.3193918611686759,Medio
1987455,0.10467176209509824,Baixo
1987559,0.3452817832665704,Medio
1987793,0.23881466047798489,Medio
1987481,0.132566060686628,Baixo
1987669,0.24283109472232942,Medio
1987712,0.20398260252283992,Medio
1987835,0.1632960093386885,Baixo
1987821,0.10079385963927659,Baixo
1987732,0.20558186518169694,Medio
1987334,0.2870790584744027,Medio
1987704,0.18831973005808064,Baixo
1987850,0.14280621231540042,Baixo
1987847,0.1604453453177883,Baixo
1987721,0.301351772250093,Medio
1987654,0.30404795062197104,Medio
1987864,0.22828214618456313,Medio
1987548,0.1579263820991791,Baixo
1973450,0.7455101337077108,Critico
1972983,0.2656281295536126,Medio
1987858,0.30486903397497916,Medio
1987855,0.30306019800048006,Medio
1987867,0.020124938585501354,Baixo
1987845,0.3327545044943877,Medio
1987072,0.3471193132858648,Medio
1985083,0.33424788261701527,Medio
1987774,0.16989554365303433,Baixo
1987884,0.14918578674550614,Baixo
1986547,0.09249946649128132,Baixo
1987750,0.2369916960922897,Medio
1986521,0.21358499146791235,Medio
1987792,0.16547344260283617,Baixo
1986440,0.120097927643043,Baixo
1987804,0.07881617160980278,Baixo
1987888,0.23164341817753512,Medio
1987900,0.09366732299711326,Baixo
1987894,0.20700744237489188,Medio
1987477,0.17214833161149107,Baixo
1987898,0.1814155499429805,Baixo
1987337,0.06645847238116752,Baixo
1987346,0.385704472896188,Medio
1972785,0.27770674504962806,Medio
1985522,0.23229535813191549,Medio
1987279,0.5022327625884558,Alto
1987749,0.21911104471209508,Medio
1982317,0.6182986244279853,Alto
1987414,0.15580503734448956,Baixo
1987765,0.33640718338905584,Medio
1987913,0.2720099363210818,Medio
1987902,0.2757120804099977,Medio
1987919,0.3193159106932407,Medio
1986724,0.27767448442612586,Medio
1987844,0.10163168174769638,Baixo
1987914,0.44323547337501684,Medio
1973967,0.28839829822316315,Medio
1987166,0.4999511005388128,Alto
1987924,0.22864252723119616,Medio
1984884,0.24793400382885095,Medio
1987356,0.3661305346538822,Medio
1987298,0.11987106591196849,Baixo
1987949,0.09048796593026798,Baixo
1976917,0.43533949716327136,Medio
1987616,0.0746892125677181,Baixo
1986448,0.346633147881532,Medio
1987934,0.22517318952611742,Medio
1987941,0.15916412117327375,Baixo
1977177,0.21772652705328385,Medio
1987953,0.08320687610635318,Baixo
1987925,0.10260289104982444,Baixo
1987535,0.20988001141066714,Medio
1972871,0.21264269425340096,Medio
1987954,0.03895587985645679,Baixo
1974517,0.37888469021478993,Medio
1984405,0.18817578703294932,Baixo
1987972,0.3718804698851593,Medio
1983630,0.1975887072474641,Baixo
1807874,0.30310193030097077,Medio
1987969,0.4288529284152614,Medio
1607075,0.1991133316251788,Baixo
1987986,0.11898299369119424,Baixo
1987690,0.2524587252727101,Medio
1986492,0.13073988305780718,Baixo
1987985,0.25300672205277036,Medio
1983279,0.22287829853640506,Medio
1987950,0.34849643630383526,Medio
1975167,0.16618675468068578,Baixo
1987992,0.3250908634618804,Medio
1987698,0.17060340345710534,Baixo
1987930,0.06979216375106577,Baixo
1987929,0.22099008868415018,Medio
1987613,0.1696850591892912,Baixo
1987999,0.47605398559620593,Alto
1987982,0.1322783284204702,Baixo
1973132,0.3729928988027373,Medio
1987456,0.29485397258523866,Medio
1433405,0.11654253054857872,Baixo
1987788,0.2102563748664342,Medio
1922804,0.05011129682431372,Baixo
1987317,0.10061025589706647,Baixo
1988006,0.12613516061375477,Baixo
1988015,0.3107099677475416,Medio
1988012,0.3423198480256316,Medio
1987979,0.3047542065720687,Medio
1988021,0.21491146780521445,Medio
1988019,0.093385279834941,Baixo
1972817,0.4587068479714191,Alto
1988025,0.06025763273280417,Baixo
1988027,0.43893208821043483,Medio
1984104,0.24165867243581177,Medio
1981767,0.38157184458281396,Medio
1988040,0.21470056905297522,Medio
1988042,0.2597178623039699,Medio
1981250,0.23624144396151203,Medio
1970583,0.1708260700683993,Baixo
1988047,0.21478250168632668,Medio
1988051,0.23227921334921614,Medio
1987367,0.31036285732716373,Medio
1988063,0.10182219849884101,Baixo
1974164,0.2916012953238528,Medio
1986134,0.3704154156245588,Medio
1976363,0.171243930670639,Baixo
1988065,0.1637023237822377,Baixo
1953272,0.16058860864680377,Baixo
1985208,0.13305486167516206,Baixo
1987430,0.04911629315938185,Baixo
1986703,0.20085066705000357,Medio
1987327,0.19397217684603688,Baixo
1985995,0.4299889478826458,Medio
1985988,0.20279750180890896,Medio
1986832,0.22891128362848168,Medio
1985564,0.22610471328213694,Medio
1987068,0.17267415916126455,Baixo
1980209,0.11769645387336362,Baixo
1988088,0.14472183663244811,Baixo
1975894,0.34585917312369824,Medio
1263145,0.14073513858729197,Baixo
1986226,0.16677218269165603,Baixo
1983349,0.2173007294009731,Medio
1986294,0.2354300584499928,Medio
1983389,0.16614282774183306,Baixo
1985991,0.405466137276523,Medio
1673141,0.16897308024974467,Baixo
1981416,0.05791543708811972,Baixo
1981073,0.08963614304229094,Baixo
1988105,0.16230979978940974,Baixo
1972712,0.39969698768144934,Medio
1987439,0.37498905941027527,Medio
1981583,0.14743386503897224,Baixo
1986916,0.05090445456811873,Baixo
1988121,0.49120595016141333,Alto
1976047,0.4577880703026722,Alto
1988104,0.1118092485713902,Baixo
1970588,0.3661143205159441,Medio
1988124,0.36656915809623253,Medio
1986696,0.13059823515780897,Baixo
1988028,0.1251093663570228,Baixo
1987227,0.3177228451636044,Medio
1988115,0.3771263740568951,Medio
1986080,0.04164432117594613,Baixo
1962171,0.5448226463859631,Alto
1988129,0.10283514287282622,Baixo
1979960,0.3252096409534085,Medio
1988144,0.18223900555534694,Baixo
1988155,0.22632815581880594,Medio
1987235,0.23966455329592168,Medio
1988134,0.20680370570567908,Medio
1983854,0.6167415461642808,Alto
1988151,0.39243316257287464,Medio
1988140,0.09259371692677922,Baixo
1988158,0.19259167846765857,Baixo
1859918,0.26284027207507776,Medio
1988102,0.16034497362664646,Baixo
1987880,0.1780258683844914,Baixo
1982657,0.16309528596340186,Baixo
1971152,0.11098293878439922,Baixo
1835047,0.12028562771390507,Baixo
1986873,0.21222035624499253,Medio
1977443,0.08758230916766285,Baixo
1988192,0.07963086554213371,Baixo
1988201,0.27769098120313324,Medio
1956848,0.3342725286200726,Medio
1628655,0.2827988430848977,Medio
1983807,0.009813806973463877,Baixo
1966868,0.09127198044345182,Baixo
1975370,0.21937015979322552,Medio
1983806,0.41175448601219183,Medio
1971844,0.37717759646091664,Medio
1988215,0.45356279076409567,Alto
1972802,0.2800336997630646,Medio
1987328,0.05182425616538295,Baixo
1987243,0.33426271636537863,Medio
1972961,0.2092680703911491,Medio
1973778,0.3027107620435481,Medio
1988226,0.17426244226703513,Baixo
1978926,0.21882583901386202,Medio
1988208,0.09054483977790155,Baixo
1988231,0.20152001981312334,Medio
1984897,0.066536798633714,Baixo
1978688,0.34324322090051024,Medio
1986568,0.417698418614556,Medio
1986063,0.3675625051718108,Medio
1988240,0.3974090470646982,Medio
1988244,0.4288728299763419,Medio
1988230,0.13196580280395687,Baixo
1988236,0.3215257502574569,Medio
1783126,0.2571739477479411,Medio
1988245,0.5544421878209731,Alto
1988257,0.11878565295559951,Baixo
1988259,0.08013403520661479,Baixo
1988247,0.10797878900008928,Baixo
1978315,0.12201180027819039,Baixo
1977009,0.17585935327960175,Baixo
1988256,0.20541070516483492,Medio
1790000,0.11593391806626502,Baixo
1986487,0.15614735884766795,Baixo
1972959,0.3116261770692989,Medio
1955015,0.11999213672700432,Baixo
1988277,0.05418716002143793,Baixo
1954648,0.17593031892951266,Baixo
1988272,0.01745748840806978,Baixo
1819250,0.10872450894489892,Baixo
1988291,0.1937504322107487,Baixo
1988293,0.32494970777937954,Medio
1988280,0.1318228612118663,Baixo
1988251,0.29612378328713135,Medio
1988276,0.12003780652620423,Baixo
1968103,0.06438856579364384,Baixo
1987432,0.1848038092584861,Baixo
1988322,0.5648769710982452,Alto
1988287,0.1394581624559156,Baixo
1973219,0.17360716782649066,Baixo
1983963,0.15893104117790668,Baixo
1988333,0.05667967278236617,Baixo
1978469,0.241468182318177,Medio
1988296,0.18055801511383401,Baixo
1988329,0.07432454052624211,Baixo
1988355,0.11309064590004948,Baixo
1988321,0.20149076302645508,Medio
664235,0.2017472178722069,Medio
1986541,0.13041270769810998,Baixo
1081671,0.4242226382092002,Medio
1983828,0.5086092989160848,Alto
1988313,0.31904668972264955,Medio
1988341,0.2608269397262867,Medio
1987815,0.27852324897282815,Medio
1975784,0.42707850247501095,Medio
1988362,0.23700559253158002,Medio
1987041,0.38331000386725084,Medio
1987580,0.11095015581736224,Baixo
1988390,0.14523721455572547,Baixo
1988397,0.5242753760894858,Alto
1987167,0.3150428015189526,Medio
1988398,0.3988601789975305,Medio
1972164,0.11478108129861243,Baixo
1987387,0.04062640566854189,Baixo
1986972,0.08320409263428057,Baixo
1972315,0.46014052325550653,Alto
1988414,0.15074453029063486,Baixo
1981852,0.2940406986528516,Medio
1988378,0.20486965503104632,Medio
1988435,0.24163286095570516,Medio
1670871,0.4115675578290403,Medio
1988300,0.25523265676318735,Medio
1978205,0.2817554374384025,Medio
1988210,0.027682460716682778,Baixo
1988391,0.3010564992396007,Medio
1988396,0.3176295178029887,Medio
1988443,0.2686870444409951,Medio
1988380,0.0075729998666710565,Baixo
1988445,0.3164747377906016,Medio
1988468,0.2846443957265272,Medio
1988472,0.11426567479272312,Baixo
1988439,0.17079347861142383,Baixo
1983488,0.2751251420778942,Medio
1988463,0.34158019834388487,Medio
1988478,0.1238290356426712,Baixo
1988485,0.07032519959484099,Baixo
1988359,0.20273581168335394,Medio
1986732,0.29794123592156574,Medio
1986042,0.21684459135169523,Medio
1980865,0.3135008066399458,Medio
1988212,0.21202718693237615,Medio
1979779,0.12419080368662609,Baixo
1988347,0.2053283903456647,Medio
1988479,0.16137847241412343,Baixo
1988490,0.24438136479451814,Medio
1980727,0.1490305454022497,Baixo
1988508,0.005205501561654501,Baixo
1988501,0.04869306798378938,Baixo
1988518,0.28096261861090116,Medio
1986519,0.6040095742849799,Alto
1985682,0.22674510520608646,Medio
1969758,0.3821236545571081,Medio
1969692,0.2963450393986942,Medio
1988504,0.08992063856836352,Baixo
1987707,0.25607511356905954,Medio
1988497,0.38107205459122423,Medio
1976434,0.3144128701597738,Medio
1988538,0.008445945340678584,Baixo
1988548,0.25733804411408945,Medio
1974790,0.15656873409773883,Baixo
1987428,0.348785471809386,Medio
1988557,0.20185967834455648,Medio
1988442,0.08925395610663113,Baixo
1979973,0.06129245710468174,Baixo
1988177,0.34012997271867446,Medio
1988413,0.4714597760737145,Alto
1988570,0.2362872426441069,Medio
1988560,0.19981129389756397,Baixo
1988579,0.22243892968004222,Medio
1987210,0.12477794501891992,Baixo
1988429,0.07371946493844453,Baixo
1984205,0.13011144446100928,Baixo
1986467,0.52823015491848,Alto
1988585,0.2936351597219814,Medio
1988024,0.09170970854570826,Baixo
1988599,0.29666174866619593,Medio
1887386,0.24971009525017213,Medio
1988587,0.2963872571207554,Medio
1988565,0.17123239024505457,Baixo
1980395,0.13471144206672417,Baixo
1988616,0.5023614987800333,Alto
1988608,0.130618997890875,Baixo
1988612,0.08234182320189533,Baixo
1988617,0.32902935772536507,Medio
1987810,0.06261228644160474,Baixo
1974461,0.3400850464551624,Medio
1976834,0.1676505887007287,Baixo
1986550,0.2314049273754121,Medio
1986628,0.1417838383490061,Baixo
1987064,0.19044042891970966,Baixo
1988369,0.28508293530987977,Medio
1988339,0.007531964900182324,Baixo
1988622,0.33142754820503884,Medio
1988606,0.08529778791437984,Baixo
1986125,0.2088431842632968,Medio
1988626,0.3699809499975111,Medio
1987431,0.06281383511006212,Baixo
1988653,0.31166484863866445,Medio
1963236,0.16637703117564892,Baixo
1988648,0.30521793266939534,Medio
1764222,0.19266170105679506,Baixo
1986772,0.2818581169140139,Medio
1988660,0.19277568728114797,Baixo
1983034,0.20493754503046724,Medio
1988658,0.10598990352605774,Baixo
1968150,0.3374644371457582,Medio
1988620,0.23367545194980097,Medio
1988663,0.17427531249388853,Baixo
1986646,0.125056630759131,Baixo
1988406,0.23747800809213201,Medio
1988316,0.4907594826529969,Alto
1987859,0.23924071095475813,Medio
1986475,0.10367040234720326,Baixo
1988666,0.1624169307196505,Baixo
1988627,0.3089444608058332,Medio
1988665,0.567575250038765,Alto
1988519,0.31041524744936455,Medio
1987970,0.09265184316361116,Baixo
1988682,0.26347128439308015,Medio
1987916,0.4366240056110014,Medio
1987829,0.04802728562755342,Baixo
1979434,0.33416661588860436,Medio
1988053,0.34181452872354967,Medio
1988677,0.0804842209611029,Baixo
1941071,0.15889928661244354,Baixo
1988697,0.09633107019753034,Baixo
1988180,0.27056877017359515,Medio
1988701,0.011973552997746228,Baixo
1980228,0.17971206240686044,Baixo
1988668,0.31873029957949656,Medio
1988690,0.47181871246065604,Alto
1988523,0.09017233724650338,Baixo
1988709,0.29460945244298575,Medio
1988642,0.14137373632009945,Baixo
1982309,0.36506585086770366,Medio
1988713,0.13143622406631833,Baixo
1988707,0.2562989369486496,Medio
1988728,0.3688715945909448,Medio
1988705,0.21729169786410793,Medio
1988698,0.24610717837275126,Medio
1988716,0.06742454372363373,Baixo
1988706,0.3422289520613069,Medio
1987425,0.20024965587103125,Medio
1964721,0.23410339476468767,Medio
1981496,0.30229854841296344,Medio
1968852,0.07077979328848383,Baixo
1987112,0.45750088716447745,Alto
1988710,0.2051395578038137,Medio
1988715,0.26197310689047415,Medio
1988555,0.14343435322118825,Baixo
1988729,0.1756542114665245,Baixo
1988712,0.15203838762565644,Baixo
1988723,0.1996651107491672,Baixo
1985222,0.20917508518144878,Medio
1988733,0.3462978463624824,Medio
1988739,0.16101560804311146,Baixo
1988751,0.20989265688805972,Medio
1987058,0.3334727293186548,Medio
1988702,0.1656412538236566,Baixo
1968170,0.11466717079556214,Baixo
1976899,0.3681289449693606,Medio
1988270,0.10605690460223714,Baixo
1988747,0.1671934368612717,Baixo
1988762,0.28182941823690505,Medio
1988737,0.12833537294509823,Baixo
1986398,0.31233491762335774,Medio
1988767,0.052006623174018836,Baixo
1988772,0.16523281120575656,Baixo
1988765,0.4752408416515028,Alto
1988795,0.3569018946845705,Medio
1988787,0.036754937734327475,Baixo
1988695,0.07422336000515906,Baixo
1988806,0.39576636916177566,Medio
1986824,0.12665800896249615,Baixo
1988803,0.14875854231510305,Baixo
1988217,0.1412120793729222,Baixo
564493,0.27061772855049704,Medio
1970115,0.27621971474552,Medio
1978236,0.29832405696430014,Medio
1988558,0.1723203176422846,Baixo
1988817,0.350124951218234,Medio
1988515,0.35332748396769736,Medio
1988821,0.1785891473100758,Baixo
1988681,0.0952551359464911,Baixo
1988807,0.2931409818627309,Medio
1987809,0.17163273606194934,Baixo
1988838,0.6910015843812197,Alto
1986116,0.18656579322592529,Baixo
1988678,0.2080994013256241,Medio
1988842,0.2923722050323106,Medio
1987885,0.1320915535153582,Baixo
1986730,0.4990244908267484,Alto
1988830,0.11670077828383293,Baixo
1988825,0.1569772533879207,Baixo
1988848,0.38532095019557644,Medio
1988451,0.3961314471461592,Medio
1988786,0.11920795257895606,Baixo
1988840,0.2558704329108805,Medio
1988853,0.07131393181135472,Baixo
1988793,0.1523477796816901,Baixo
1988863,0.27433456080555274,Medio
1988858,0.12040239255931845,Baixo
1986201,0.4722724976603759,Alto
1988864,0.17397157969919,Baixo
1988850,0.09613971654334515,Baixo
1988243,0.2264836305244009,Medio
1988855,0.4729215358164812,Alto
1988870,0.44813748626409494,Medio
1987082,0.12062662626988047,Baixo
1981042,0.22414584379502092,Medio
1988869,0.19416146661911438,Baixo
1987458,0.17122369357970874,Baixo
1988866,0.15647721768088585,Baixo
1987033,0.12949646589813182,Baixo
1988875,0.48280934568901684,Alto
1988911,0.31708365403884076,Medio
1979354,0.44077101363412513,Medio
1988893,0.0568101894216669,Baixo
1988148,0.19935784847031585,Baixo
1988937,0.3864863770953446,Medio
1988921,0.28970654594983847,Medio
1988822,0.6133072593549608,Alto
1986627,0.32967086264224277,Medio
1983818,0.31359476013399623,Medio
1988927,0.23868579801761092,Medio
1988930,0.09815063078228056,Baixo
1988629,0.05607721060555812,Baixo
1988824,0.4273315476020231,Medio
1988961,0.29565782827752957,Medio
1971995,0.277691011028754,Medio
1981040,0.23945040393662592,Medio
1988949,0.12409627298694424,Baixo
1988951,0.31778770334129075,Medio
1984452,0.0847513811361415,Baixo
1988967,0.27171497516778925,Medio
1988908,0.38080971505501304,Medio
1988919,0.0949489354040202,Baixo
1988932,0.2800897571388222,Medio
1988033,0.09914527795929615,Baixo
1988936,0.18633735524071512,Baixo
1981301,0.40863071777898535,Medio
1988968,0.28953512454225383,Medio
1988966,0.06892775996932599,Baixo
1978805,0.10702312445195482,Baixo
1988985,0.17232917554641317,Baixo
1988976,0.2897124994348274,Medio
1988854,0.138342537673105,Baixo
1988916,0.16916746449029404,Baixo
1988989,0.38722462327290214,Medio
1986499,0.2690647826575245,Medio
1987651,0.33466118970090175,Medio
1973146,0.3791502473358071,Medio
1988994,0.12366365664921039,Baixo
1988964,0.22835061312520052,Medio
1971665,0.65771155383635,Alto
1988982,0.31374711325146853,Medio
1969905,0.13263419903934126,Baixo
1988820,0.3967963262385076,Medio
1987193,0.11636786374961398,Baixo
1970967,0.12648381004597792,Baixo
1989013,0.24437039780484662,Medio
1985630,0.06659789469902909,Baixo
1981093,0.2779586793430103,Medio
1988676,0.32176320393602453,Medio
1964629,0.11791485674823957,Baixo
1988860,0.05384012364694055,Baixo
1986686,0.42149821530647247,Medio
1989026,0.041086671247606885,Baixo
1988990,0.1354076830201205,Baixo
1947032,0.5046050593516569,Alto
1971492,0.3315291195717845,Medio
1987834,0.13726198106579746,Baixo
1989021,0.49359565346542833,Alto
1988999,0.36098023802322377,Medio
1989031,0.30585650126556163,Medio
1989027,0.18643351271589426,Baixo
1939906,0.1740317552961587,Baixo
1989052,0.4276838826514886,Medio
1989041,0.15011333986030198,Baixo
1988343,0.3145218481376296,Medio
1989040,0.07751154746197789,Baixo
1989032,0.3438734268067488,Medio
1981796,0.2224179269389173,Medio
1988894,0.2018375196066989,Medio
1988810,0.28459634083976126,Medio
1987373,0.3890885022490318,Medio
1984565,0.16175027556701005,Baixo
1988913,0.3877316378861518,Medio
1989043,0.08375731805963085,Baixo
1989068,0.17731912752203746,Baixo
1989057,0.08062851166313532,Baixo
1989059,0.21521960552333153,Medio
1988566,0.15145987377683592,Baixo
1987362,0.3559475581751545,Medio
1989085,0.07263461990594622,Baixo
1975445,0.1890345866453806,Baixo
1985973,0.06488264057674469,Baixo
1989098,0.25505898182201375,Medio
1989073,0.5277592202827832,Alto
1989035,0.5288467389664562,Alto
1989089,0.07533764088007829,Baixo
1989091,0.20046326643416293,Medio
1989005,0.2699333472200375,Medio
1989069,0.1895425392453156,Baixo
1988754,0.2727735385863924,Medio
1989097,0.15261613821447975,Baixo
1989011,0.219595313202628,Medio
1988998,0.3521397643567097,Medio
1988889,0.41576051857113216,Medio
1988906,0.33418476582354545,Medio
1988314,0.42273121765529437,Medio
1918064,0.3142789577122652,Medio
1988841,0.4313437275403936,Medio
1988965,0.33780573772233496,Medio
1989099,0.1169725493605476,Baixo
1989100,0.08762602547632582,Baixo
1989107,0.2340770781876117,Medio
1980543,0.2256871213459834,Medio
1988948,0.18486071669327836,Baixo
1988720,0.31737216832293613,Medio
1986658,0.14141696358949904,Baixo
1988971,0.042224562182531095,Baixo
1988254,0.14899734251411537,Baixo
1987673,0.12326763949680393,Baixo
1981575,0.14064564374900582,Baixo
1989087,0.13641993366900965,Baixo
1988934,0.2230889271870473,Medio
1987326,0.2111167966757105,Medio
1982879,0.48324174112325446,Alto
1989126,0.09553802652323445,Baixo
1982388,0.3194007834140593,Medio
700002,0.2731099589004197,Medio
1984180,0.08579003480982013,Baixo
1977705,0.4416531928023151,Medio
1987789,0.29166803913476863,Medio
1989015,0.5344287801757587,Alto
1989034,0.1867190732859192,Baixo
1989133,0.1644990135837818,Baixo
1988996,0.24293387793794244,Medio
1988959,0.08744876817564633,Baixo
1988941,0.024926555363256418,Baixo
1988956,0.18429413229399477,Baixo
1989131,0.11266931585396057,Baixo
1989135,0.13150914760905616,Baixo
1971317,0.20696286256648821,Medio
1986046,0.3711048367447082,Medio
1988433,0.313476453576662,Medio
1989140,0.4387280045661462,Medio
1989144,0.5434641802325165,Alto
1975431,0.3740629459269536,Medio
1989149,0.1864759086472838,Baixo
1988568,0.04673117399989856,Baixo
1989156,0.23124897852762932,Medio
1989174,0.41670467298354263,Medio
1989124,0.12688206606582564,Baixo
1989148,0.19954908989291562,Baixo
1989141,0.06846574434764272,Baixo
1976624,0.3150333318078176,Medio
1984595,0.14459761928029458,Baixo
1988691,0.27397314868042877,Medio
1986262,0.30475231908268147,Medio
1987392,0.2676616826037898,Medio
1986399,0.06822870166467723,Baixo
1989197,0.15211884355588445,Baixo
1989064,0.20981227726072837,Medio
1974592,0.26840589033780926,Medio
1988857,0.19347323698387342,Baixo
1986762,0.413220150898141,Medio
1986841,0.1218853562398394,Baixo
1989136,0.24311991207967457,Medio
1989142,0.13658274341201054,Baixo
1989168,0.28608662222747105,Medio
1989202,0.21820701683688756,Medio
1978653,0.3604000990829823,Medio
1989181,0.2291736507495029,Medio
1989082,0.1968448595871209,Baixo
1986177,0.23531027572654017,Medio
1989189,0.17205944945884138,Baixo
1989182,0.1820112836365599,Baixo
1989178,0.4571354690260798,Alto
1989175,0.23475446869267003,Medio
1989163,0.14760434013717788,Baixo
1989155,0.14245055278967714,Baixo
1989153,0.2953489228760885,Medio
1975236,0.2436523008233442,Medio
1989146,0.11995875560689516,Baixo
1988512,0.2208149123793115,Medio
1984711,0.24492597250862239,Medio
1989216,0.33140171018325143,Medio
1989213,0.10272095990077273,Baixo
1989056,0.2173661237172985,Medio
1989198,0.1123284866321838,Baixo
1976431,0.13628910460257262,Baixo
1989207,0.2581885374540373,Medio
1978783,0.3109970894614924,Medio
1989214,0.32248039947081913,Medio
1989208,0.18583658890552956,Baixo
1989221,0.39268378208383714,Medio
1988475,0.13900300516665814,Baixo
1989219,0.15765942320485846,Baixo
1989193,0.10094701494764281,Baixo
1989051,0.36048910678397333,Medio
1980990,0.14211042359664888,Baixo
1986370,0.14677564732827433,Baixo
1981536,0.050685260785347006,Baixo
1989200,0.4619227192619806,Alto
1989236,0.1317432474509607,Baixo
1989137,0.11577486233731435,Baixo
1970215,0.19537920591356317,Baixo
1989246,0.44792118410487436,Medio
1986802,0.16607743791568744,Baixo
1985965,0.3322968383575434,Medio
1989247,0.17108468295028204,Baixo
1732499,0.17284614635868584,Baixo
1982118,0.4075925972876063,Medio
1972305,0.3045360797992342,Medio
1981983,0.03626405014616649,Baixo
1987958,0.2767459895730804,Medio
1985848,0.4228676245778012,Medio
1987323,0.32106244879160717,Medio
1988815,0.24926497274826204,Medio
1719658,0.2602749033097075,Medio
1834247,0.21891380745540967,Medio
1989251,0.10585766104409772,Baixo
1989159,0.08185544160236068,Baixo
1989253,0.35976190449299683,Medio
1989275,0.058414500954177766,Baixo
1974796,0.0960403784293625,Baixo
1987745,0.2893020788865811,Medio
1989288,0.20339703380797447,Medio
1988778,0.3028946362212999,Medio
1989220,0.011477756741121909,Baixo
1988186,0.018908113848425508,Baixo
1989272,0.10034039208938503,Baixo
1988735,0.27136569455255966,Medio
1987637,0.20361277623373059,Medio
1989273,0.11191088596548451,Baixo
1989315,0.12864086597455332,Baixo
1989092,0.2782303358310823,Medio
1975677,0.5027221855534014,Alto
1987423,0.2761840299589732,Medio
1988365,0.36263110289296646,Medio
1988536,0.1959300475661783,Baixo
1987101,0.21798955737092685,Medio
1989312,0.17016928802789621,Baixo
1989169,0.40061893646497027,Medio
1989324,0.361676959950358,Medio
1988218,0.17934574213472648,Baixo
1989166,0.21226619575021413,Medio
1978500,0.09512760583665826,Baixo
1987136,0.10271315292634282,Baixo
1989319,0.5646343093982981,Alto
1989132,0.22152495548251405,Medio
1974816,0.3664623140198152,Medio
1565423,0.12190443121405138,Baixo
1989327,0.17222723683556163,Baixo
1989339,0.07223614496652143,Baixo
1989338,0.07157062139092905,Baixo
1989307,0.2778426452879408,Medio
1989317,0.2658679174279833,Medio
1989262,0.06734240749453252,Baixo
1989284,0.12227930178153826,Baixo
1989350,0.4339398850281999,Medio
1989336,0.2100803696293091,Medio
1989326,0.4781078386539921,Alto
1982514,0.14912066817580918,Baixo
1989352,0.2699543515854968,Medio
1989353,0.0790818848209036,Baixo
1944297,0.16023020166180652,Baixo
1987144,0.14913183935794377,Baixo
1984708,0.45083399825285025,Alto
1989245,0.21703879877003454,Medio
1975160,0.34224549573902097,Medio
1971826,0.3028657296138972,Medio
1974378,0.3706025615647836,Medio
1989226,0.17229182069179236,Baixo
1981016,0.27592245833675305,Medio
1023937,0.25794885936556283,Medio
1951294,0.2532362675639792,Medio
1988246,0.3726314269901552,Medio
1989297,0.16537861663734033,Baixo
1989378,0.38183634161422386,Medio
1987118,0.1871614336254891,Baixo
1989075,0.2559863744181213,Medio
1954021,0.15026076252404638,Baixo
1984572,0.05819073094804406,Baixo
1989369,0.10254750407678494,Baixo
1989376,0.5356763364480506,Alto
1989227,0.22516918295084373,Medio
1979178,0.6580220886665192,Alto
1987259,0.3568245837948285,Medio
1985903,0.14368052157317512,Baixo
1989396,0.2828889764941744,Medio
1987349,0.1459020037068843,Baixo
1989414,0.2087927658605085,Medio
1989050,0.07551584779081888,Baixo
1988808,0.23533890235916613,Medio
1989373,0.5434893376333,Alto
1989405,0.5194542282102587,Alto
1980428,0.4191186237799814,Medio
1984653,0.12059511831157432,Baixo
1254205,0.32549186784583145,Medio
1979122,0.36631912083294943,Medio
1989417,0.11334016796057005,Baixo
1984522,0.3999476706106553,Medio
1989423,0.1808336944319332,Baixo
1985201,0.13098755018739458,Baixo
1989375,0.26874777672844313,Medio
1984669,0.19182085454332887,Baixo
1989429,0.05151945748793465,Baixo
1989295,0.13742428655520494,Baixo
1980659,0.23640507637643843,Medio
1924306,0.15303197208523492,Baixo
1987740,0.19976095809939806,Baixo
1975764,0.40857288869719266,Medio
1988473,0.34835583329638414,Medio
1951755,0.19332467354356347,Baixo
1989228,0.5105028540284852,Alto
1989444,0.20450371763491082,Medio
1989045,0.5097174697346933,Alto
1988895,0.59654289162442,Alto
1986789,0.5185367573624468,Alto
1987800,0.23187654322231438,Medio
1989440,0.2762832069716895,Medio
1989442,0.29999804513155065,Medio
1989420,0.19077667841775667,Baixo
1988607,0.28161703605696736,Medio
1972538,0.1699768859967314,Baixo
1989453,0.4230109931517631,Medio
1985904,0.4412963644441705,Medio
1989400,0.19778939469415782,Baixo
1989471,0.07582131561273324,Baixo
1979963,0.43833719620556444,Medio
1969824,0.3546368312786078,Medio
1989472,0.19843373388816105,Baixo
1978241,0.343866160069805,Medio
1982222,0.44009333935967543,Medio
1989437,0.14223669891168897,Baixo
1989479,0.12418861230027861,Baixo
1988741,0.4450611694638788,Medio
1987861,0.4476841114361142,Medio
1981706,0.325240483516819,Medio
1989464,0.10253282125149532,Baixo
1989473,0.38818909535673624,Medio
1989454,0.11228071671812719,Baixo
1988938,0.1823697145359254,Baixo
1989419,0.21682992742507523,Medio
1979127,0.154940877897868,Baixo
1989498,0.2208284087285373,Medio
1978703,0.31038762276891,Medio
1984432,0.27098056558544237,Medio
1989468,0.07025491860516236,Baixo
1980561,0.20534401610804418,Medio
1989466,0.07135032197420497,Baixo
1989192,0.49603040757574324,Alto
1989527,0.41158817047129775,Medio
1979667,0.20872735249130692,Medio
1989480,0.09520250286166033,Baixo
1989530,0.46092221029669844,Alto
1989106,0.18858387835924076,Baixo
1989507,0.3692784939294964,Medio
1989505,0.32958278869790153,Medio
1989493,0.31572335774261784,Medio
1989514,0.07424502774746046,Baixo
1986733,0.40147282959764785,Medio
1989511,0.302927962934662,Medio
1987819,0.1135006876879464,Baixo
1977835,0.3598997937183098,Medio
1988392,0.19098343693099473,Baixo
1983728,0.1774268055001231,Baixo
1989546,0.2128187624305678,Medio
1982306,0.21040273462714976,Medio
1989528,0.3814064483439923,Medio
1989508,0.1166724987545061,Baixo
1989460,0.4631586661096209,Alto
1989533,0.6213096091165412,Alto
1981449,0.09058336776994376,Baixo
1989183,0.4100580454967847,Medio
1978562,0.3300478771450265,Medio
1989554,0.5154761954316733,Alto
1989127,0.3332869916223354,Medio
1978473,0.164157781939257,Baixo
1987988,0.15334767415537556,Baixo
1989566,0.15133356590980662,Baixo
1989549,0.04274501598313852,Baixo
1989548,0.059583244841246885,Baixo
1989463,0.2748162786817229,Medio
1978683,0.24604925583162482,Medio
1988904,0.2829279245527139,Medio
1989541,0.13135634101917282,Baixo
1985917,0.1308238626983074,Baixo
1979294,0.3911694825388949,Medio
1989576,0.09324800788214152,Baixo
1987335,0.2047028869338728,Medio
1989569,0.15809020946484612,Baixo
1986350,0.3164056691053503,Medio
1989564,0.22835515752314753,Medio
1987263,0.3433528710352117,Medio
1979515,0.3584116623238344,Medio
1989565,0.23174034570714205,Medio
1989467,0.3519838128748922,Medio
1989613,0.17639597354221578,Baixo
1981499,0.10556100244872124,Baixo
1989592,0.10017618874883383,Baixo
1989615,0.16671178114898452,Baixo
1977897,0.14226513012607728,Baixo
1370223,0.212937611549811,Medio
1987767,0.1885730924018756,Baixo
1989614,0.2202341930308025,Medio
1989618,0.09216041683766964,Baixo
1966411,0.5193480591482987,Alto
1989365,0.15138766292908692,Baixo
1980382,0.21760422340819008,Medio
1986707,0.3113052198849574,Medio
1989555,0.10199164422694576,Baixo
1989491,0.36527884183081294,Medio
1989619,0.32898348209073214,Medio
1988258,0.34930037171138884,Medio
1989623,0.21237599425883819,Medio
1979891,0.1626350013740889,Baixo
1982634,0.3094911147986908,Medio
1989597,0.3588912591785405,Medio
1989422,0.13997622431872828,Baixo
1989415,0.13228774486514558,Baixo
1989523,0.08500907350508828,Baixo
1979942,0.25883676940270794,Medio
1982476,0.1955106935137057,Baixo
1989524,0.21642259087702503,Medio
1989660,0.1717597828687962,Baixo
1988220,0.250555870960129,Medio
1988050,0.22557403947292434,Medio
1989643,0.2775725143726198,Medio
1987554,0.21579252289913792,Medio
1989500,0.056753747530723035,Baixo
1989585,0.14028362716123008,Baixo
1989663,0.033671932205278345,Baixo
1989644,0.0942988143831869,Baixo
1989680,0.3076716498780982,Medio
1989645,0.17178299296198915,Baixo
1989610,0.10021315078289984,Baixo
1989655,0.05078197896115707,Baixo
1989675,0.07708719471394344,Baixo
1979713,0.32546984075384205,Medio
1989646,0.11082302739409759,Baixo
1980922,0.08078150943999964,Baixo
1989595,0.013060787927573562,Baixo
1989688,0.11582206135141483,Baixo
1989661,0.15525315643085014,Baixo
1989697,0.12322007592215325,Baixo
1989659,0.034423867987612246,Baixo
1989693,0.22447841452920883,Medio
1986805,0.16970189303766073,Baixo
1989689,0.12995648795657117,Baixo
1989699,0.24007877803691283,Medio
1989243,0.3892227984329578,Medio
1989599,0.30473139310668995,Medio
1989678,0.07561371910402682,Baixo
1989733,0.12721414571814008,Baixo
1989671,0.12226627298344608,Baixo
1989719,0.04949339804259631,Baixo
1989458,0.3884040110507595,Medio
1989668,0.23284408910262785,Medio
1989729,0.15570740650263554,Baixo
1989739,0.1314565446579827,Baixo
1509508,0.36598249953935297,Medio
1972586,0.07069396794331805,Baixo
1989605,0.06018913956914324,Baixo
1987662,0.2570032751921684,Medio
1986024,0.12220310094367486,Baixo
1989776,0.09578964743239743,Baixo
1989715,0.04518415889957757,Baixo
1989752,0.07888034082893242,Baixo
1978660,0.1807447975171581,Baixo
1989791,0.06840788337671846,Baixo
1988488,0.13122419744429548,Baixo
1989756,0.2823883326023788,Medio
1989742,0.12306445335160426,Baixo
1989743,0.06551940607596105,Baixo
1989439,0.12285875787033933,Baixo
1989757,0.07993618116162053,Baixo
1989748,0.07488348922109106,Baixo
1983330,0.08947129639796836,Baixo
1989769,0.09904117802344545,Baixo
1989686,0.35858329327582905,Medio
1989770,0.19621990572155898,Baixo
1989763,0.3560711166611986,Medio
1989793,0.07108890917839585,Baixo
1989786,0.09261996823998166,Baixo
1989787,0.12068125910774542,Baixo
1989815,0.20488461574326045,Medio
1989687,0.6041634175704257,Alto
1989735,0.1509115884052033,Baixo
1989745,0.25902272625360684,Medio
1989862,0.14140319276738264,Baixo
1989765,0.22540646003338596,Medio
1989721,0.06518551439175263,Baixo
1988954,0.3865499537857497,Medio
1989747,0.07318606812402043,Baixo
1989705,0.17211410542986996,Baixo
1989730,0.050968701002660884,Baixo
1989764,0.25827649725400803,Medio
1989820,0.23265670897178756,Medio
1979160,0.1327661014774859,Baixo
1989789,0.15358080999553578,Baixo
1989698,0.3646986376871295,Medio
1989727,0.07672104427730018,Baixo
1989829,0.0835618446137715,Baixo
1978454,0.2782043923116094,Medio
1982181,0.12046915363751957,Baixo
1989740,0.04877746000694864,Baixo
1989634,0.1432194009937749,Baixo
1986882,0.34720820216893555,Medio
1989861,0.11130428665359741,Baixo
1989830,0.2792122430042487,Medio
1978808,0.4487466670975946,Medio
1989891,0.07116336832901,Baixo
1989845,0.09399484903064188,Baixo
1989859,0.08517987820918911,Baixo
1787421,0.41358614947066114,Medio
1989009,0.15716655625342638,Baixo
1989563,0.16672060208113,Baixo
1989725,0.2901569226731296,Medio
1989886,0.22924605122018285,Medio
1989908,0.1994136113118546,Baixo
1978495,0.20237765185345583,Medio
1989844,0.3009720150279791,Medio
1989885,0.15223509861682274,Baixo
1989914,0.1331095522657791,Baixo
1989823,0.19127313583484867,Baixo
1989907,0.2755587921975089,Medio
1989924,0.09125652926054799,Baixo
1978152,0.3279225230573115,Medio
1977922,0.3468684087951926,Medio
1985952,0.24956361857122428,Medio
1989868,0.21816250803158044,Medio
1984872,0.3385616830247387,Medio
1979808,0.1556415426572526,Baixo
1985445,0.23686247751246797,Medio
1989684,0.07377810142428055,Baixo
1989858,0.053762320121061295,Baixo
1963210,0.214090212670568,Medio
1979480,0.13123316614458932,Baixo
1989798,0.05735372853272287,Baixo
1989933,0.12866740613586367,Baixo
1989932,0.19185047711066744,Baixo
1986947,0.2164735463055229,Medio
1989945,0.3009472910429739,Medio
1927535,0.4871013177778443,Alto
1985764,0.348314698504356,Medio
1987239,0.1788217562824087,Baixo
1989929,0.14528373712278816,Baixo
1989775,0.07812780645329731,Baixo
1989492,0.39260089026707684,Medio
1989882,0.08472996070866969,Baixo
1989965,0.12109996272333519,Baixo
1988805,0.42170250857154007,Medio
1989976,0.194158953202876,Baixo
1989906,0.07092640114963435,Baixo
1989957,0.2468889965780753,Medio
1989822,0.025602526045589796,Baixo
1989962,0.2152312887062366,Medio
1989963,0.17992946297124296,Baixo
1989980,0.34037608405049063,Medio
1989904,0.24069233945179588,Medio
1989572,0.025610568205680657,Baixo
1989758,0.04035039751829369,Baixo
1987174,0.1603856234651062,Baixo
1989968,0.31316608112795913,Medio
1989985,0.17268937529906553,Baixo
1977796,0.07122762812014072,Baixo
1989425,0.29418737038598136,Medio
1989392,0.1038632512038806,Baixo
1989979,0.08988727608405976,Baixo
1989987,0.16095655187181157,Baixo
1989956,0.6308512665371139,Alto
1988833,0.2942669298508449,Medio
1990030,0.12325700046026872,Baixo
1990000,0.05375219300373022,Baixo
1990008,0.28077434548846486,Medio
1983447,0.25895947382643986,Medio
1989927,0.12078238754866538,Baixo
1990015,0.22596006278144912,Medio
1990025,0.1355404576349718,Baixo
1990011,0.24440830538557876,Medio
1990032,0.17232716878795223,Baixo
1986586,0.18834236433712412,Baixo
1990060,0.1078461400766171,Baixo
1990039,0.04645595179387035,Baixo
1988458,0.1139622654372774,Baixo
1989941,0.2578783453996911,Medio
1990042,0.09565119450421665,Baixo
1990010,0.23181969568975036,Medio
1990019,0.3879938193698478,Medio
1990035,0.1002020117452257,Baixo
1989973,0.1305596986091782,Baixo
1989970,0.2150346345233074,Medio
1990054,0.21193489891539816,Medio
1989865,0.09718618008808352,Baixo
1981317,0.31979951665869233,Medio
1990081,0.10891248184952754,Baixo
1979725,0.19936643375046223,Baixo
1990018,0.5108082763206137,Alto
1039129,0.5128927539237242,Alto
1990076,0.07597941749993935,Baixo
1989681,0.08508000033560534,Baixo
1990057,0.14864086438423485,Baixo
1989993,0.3010564186278029,Medio
1990074,0.0653824906185732,Baixo
1990009,0.2053845112325975,Medio
1990068,0.3877348563449891,Medio
1990079,0.1429141107256687,Baixo
1990002,0.12648550845292408,Baixo
1990109,0.03655663648858072,Baixo
1989077,0.38359039465538375,Medio
1978228,0.2566417588793634,Medio
1990105,0.39605771221968794,Medio
1990106,0.1512524653935714,Baixo
1990078,0.17920529380312325,Baixo
1986892,0.19984284315777576,Baixo
1987452,0.07996813906749534,Baixo
1989913,0.11323552402140431,Baixo
1990021,0.3285914588513976,Medio
1985157,0.20426324097023807,Medio
1990064,0.16184982498438408,Baixo
1976292,0.19633515579011476,Baixo
1978882,0.11048875485788713,Baixo
1981744,0.11773882571175051,Baixo
1910002,0.3289220971495577,Medio
1990111,0.13234375736985943,Baixo
1990115,0.37574365618291966,Medio
1990093,0.19651227365505672,Baixo
1985708,0.17697139184309157,Baixo
1990113,0.29918919978336644,Medio
1990127,0.06112415073288009,Baixo
1987036,0.1558815342808402,Baixo
1989233,0.3187230823291712,Medio
1979774,0.2498782937635896,Medio
1990134,0.10535867816139964,Baixo
1990117,0.13218108493401928,Baixo
1990142,0.27948871098388134,Medio
1990108,0.07362486600518228,Baixo
1983473,0.2689707036009621,Medio
1990150,0.14472781614920177,Baixo
1990152,0.046456883152502015,Baixo
1990148,0.35410296853051165,Medio
1989774,0.06544231717583376,Baixo
1989518,0.1503827788139531,Baixo
1989790,0.1036021382292055,Baixo
1986712,0.09675591665293196,Baixo
1989889,0.2768564479565487,Medio
1989801,0.16526140019014868,Baixo
1989873,0.18526454795961741,Baixo
1989581,0.07362637024696905,Baixo
1987291,0.06689939525633039,Baixo
1989961,0.0770997177080409,Baixo
1978602,0.2213683264737263,Medio
1989939,0.11862114280164689,Baixo
1989807,0.1956770955026625,Baixo
1989780,0.07389877626582286,Baixo
1987115,0.36354026617344337,Medio
1990149,0.04410456881945553,Baixo
1989103,0.12076113206701398,Baixo
1990163,0.10238922345314817,Baixo
1990170,0.028351135955061224,Baixo
1990164,0.3928504111259363,Medio
1988431,0.2548509008340021,Medio
1990179,0.12821048805810553,Baixo
1990185,0.28954552447119475,Medio
1975583,0.22421391818742242,Medio
1987401,0.356940680404112,Medio
1990104,0.19192566867412814,Baixo
1986973,0.21982917904288848,Medio
1990180,0.3897251657470846,Medio
1990033,0.06289163602027054,Baixo
1989119,0.49547029323472025,Alto
1990186,0.29057887753635236,Medio
1983955,0.1796343825060564,Baixo
1990062,0.0491987368861369,Baixo
1990155,0.198013889582041,Baixo
1990088,0.05962217963780765,Baixo
1980590,0.23089461974582284,Medio
1990208,0.032537881695690184,Baixo
1980974,0.17934242081086144,Baixo
1990189,0.19346019026546513,Baixo
1990200,0.061144584662570084,Baixo
1990226,0.2098957689681579,Medio
1990237,0.08822222122264459,Baixo
1990225,0.26929570654251295,Medio
1944919,0.12901996506762634,Baixo
1978544,0.19388316673399375,Baixo
1990230,0.16919166987195405,Baixo
1990220,0.19753518693598976,Baixo
1985272,0.3241789092630855,Medio
1990239,0.10411305130216075,Baixo
1988418,0.28697013862491283,Medio
1989872,0.11244871327747787,Baixo
1990238,0.2012312828358099,Medio
1986740,0.32155969007603313,Medio
1990212,0.335155095816775,Medio
1990214,0.11035085735237884,Baixo
1985949,0.39722026952383277,Medio
1989920,0.058514682490178285,Baixo
1989928,0.06713864946780558,Baixo
1990166,0.1923385366526197,Baixo
1989833,0.10704567003212123,Baixo
1989191,0.17398500513854667,Baixo
1990229,0.03958444132547722,Baixo
1989724,0.10669725623681922,Baixo
1990050,0.14436074408734945,Baixo
1990087,0.14985552786486234,Baixo
1990258,0.23548926161454692,Medio
1990271,0.18693374096887694,Baixo
1990250,0.30756444144053446,Medio
1990277,0.17557147022819994,Baixo
1990282,0.3325775910561318,Medio
1990204,0.041973428682457896,Baixo
1989832,0.20016631597136067,Medio
1990242,0.18743311567720172,Baixo
1989587,0.7051327673035463,Critico
1989573,0.4255493232811423,Medio
1990281,0.049010045916369135,Baixo
1989436,0.32361953161334134,Medio
1989408,0.12280658179481589,Baixo
1989393,0.1797816300254208,Baixo
1990286,0.5194378062216629,Alto
1978537,0.11413391397262783,Baixo
1989381,0.061707186179170384,Baixo
1989372,0.277430860994108,Medio
1990283,0.16706737409481218,Baixo
1989367,0.11252083465429664,Baixo
1990288,0.2634777206625589,Medio
1989361,0.17203461631071104,Baixo
1990292,0.14262059687920922,Baixo
1989335,0.23429976470869546,Medio
1627456,0.11902596165678482,Baixo
1985989,0.12620678301063123,Baixo
1989330,0.6473948237169979,Alto
1989358,0.3191584150811121,Medio
1988837,0.548090198543477,Alto
1989357,0.43507774114454983,Medio
1989348,0.21778379518486904,Medio
1989347,0.14076146418919872,Baixo
1986695,0.4307556256239402,Medio
1989329,0.6233970451222055,Alto
1990280,0.2122875373743322,Medio
1989340,0.3256951543114117,Medio
1990297,0.15608524956103412,Baixo
1990287,0.16987618332670093,Baixo
1990310,0.0526098809789819,Baixo
1986449,0.19759259018739003,Baixo
1990307,0.24380760729462608,Medio
1990312,0.35009008055855595,Medio
1988987,0.3559249027887364,Medio
1989510,0.19386218844145975,Baixo
1989915,0.20270466148658442,Medio
1990324,0.18283619880714985,Baixo
1932748,0.3552028698663673,Medio
1990336,0.24464106724337759,Medio
1988912,0.22623961472857626,Medio
1985910,0.249981228741233,Medio
1985488,0.08189106987960885,Baixo
1986295,0.3653149704444454,Medio
1990356,0.09878926819176095,Baixo
1989875,0.03981210915679239,Baixo
1987060,0.18694936496458128,Baixo
1988931,0.2564622217168145,Medio
1990360,0.15027161396350527,Baixo
1990367,0.2795033745149186,Medio
1989911,0.270250924137487,Medio
1935557,0.4001252127674877,Medio
1990373,0.175782987886001,Baixo
1990279,0.28805669107944987,Medio
1989080,0.3447593951537833,Medio
1990309,0.03575686173307701,Baixo
1989867,0.15247047823778354,Baixo
1990377,0.3558736701403785,Medio
1990378,0.5513092393688119,Alto
1990400,0.2927442633885367,Medio
1990392,0.423416989119318,Medio
1989700,0.10224822049767972,Baixo
1990390,0.19757716528082275,Baixo
1975843,0.3858129534533509,Medio
1990398,0.15046205798107906,Baixo
1990145,0.10730339589079148,Baixo
1990051,0.2745128024452869,Medio
1990420,0.35134722280088004,Medio
1971715,0.2566155535862055,Medio
1990434,0.1739269494839531,Baixo
1987370,0.1899039502299982,Baixo
1986141,0.18016030323266605,Baixo
1990432,0.05896494465472117,Baixo
1990348,0.2599109279370884,Medio
1989800,0.08259926599667751,Baixo
1989925,0.21829340484663223,Medio
1990439,0.06123374255601239,Baixo
1990456,0.615544748741964,Alto
1989229,0.14757391706025907,Baixo
1990207,0.41324052080159446,Medio
1990196,0.1636852557730211,Baixo
1988686,0.4047065963290342,Medio
1990477,0.224818355588484,Medio
1970945,0.07231046720721807,Baixo
1989494,0.35255867670977764,Medio
1990460,0.29087271330392356,Medio
1990487,0.1639037778668544,Baixo
1987322,0.17229727882513748,Baixo
1990490,0.14165972413530062,Baixo
1990494,0.2431327151890315,Medio
1990496,0.3318243377900361,Medio
1989234,0.33007711622575636,Medio
1990515,0.09623630414707365,Baixo
1990497,0.18548883490495263,Baixo
1752787,0.33441271324773086,Medio
1971848,0.26372500764767826,Medio
1989497,0.1941805920300441,Baixo
1990510,0.18134284324201666,Baixo
1990531,0.12988105823633106,Baixo
1990483,0.06575727165259966,Baixo
1990545,0.36618645670774885,Medio
1990512,0.2958720777191948,Medio
1990567,0.25398137223233563,Medio
1990529,0.2446800332358435,Medio
1990569,0.1337323051364232,Baixo
1990559,0.4643921167677085,Alto
1990555,0.23702122154523494,Medio
1988386,0.18371368210517136,Baixo
1990505,0.07100489007454377,Baixo
1990598,0.1448880543997445,Baixo
1990553,0.11470274566773256,Baixo
1990607,0.13544144945007694,Baixo
1986977,0.31946537045049683,Medio
1990293,0.367262173541463,Medio
1990538,0.21539075355879886,Medio
1990514,0.04839363295046197,Baixo
1497575,0.2201307338908322,Medio
1743847,0.1212731021346867,Baixo
1990509,0.0931688326517701,Baixo
1990590,0.16661786072517631,Baixo
1990520,0.13959009048521898,Baixo
1977202,0.10786215236905056,Baixo
1989629,0.076388127174689,Baixo
1990638,0.33439344688668626,Medio
1990618,0.23012859661364435,Medio
1988621,0.28653415633149054,Medio
1990536,0.23290463274845946,Medio
1986771,0.05198522346041601,Baixo
1990359,0.1421620019378464,Baixo
1990633,0.07959965312162946,Baixo
1990568,0.27186952024025296,Medio
1990621,0.07635235206626083,Baixo
1990636,0.08936306593657067,Baixo
1990547,0.29966871252819677,Medio
1990643,0.06007106635562561,Baixo
1990586,0.126216113121069,Baixo
1990653,0.1538459674286499,Baixo
1990102,0.211165839821763,Medio
1989263,0.20275985866663904,Medio
1990696,0.46765208098929795,Alto
1990703,0.0828101089837095,Baixo
1990679,0.35402212848070286,Medio
1990699,0.2044891797482371,Medio
1990354,0.1425775025964865,Baixo
1990710,0.4780810629990612,Alto
1956331,0.13147959854887564,Baixo
1990701,0.13835997195641217,Baixo
1819900,0.3461996798128327,Medio
1990361,0.05768434185556603,Baixo
1990096,0.08106577225764035,Baixo
1990720,0.1590529417180253,Baixo
1990717,0.1735400389865474,Baixo
1982398,0.24849648158311843,Medio
1990716,0.27043592828199176,Medio
1990724,0.035341473788533334,Baixo
1990671,0.15382530358449628,Baixo
1989531,0.2280478268099966,Medio
1987347,0.33194830704026884,Medio
1990737,0.20926712690415267,Medio
1990736,0.07675877326195993,Baixo
1990745,0.2641738680260353,Medio
1990689,0.057650798101978436,Baixo
1990733,0.24430836690193802,Medio
1956865,0.4988603378894227,Alto
1990676,0.25360668193746944,Medio
1990768,0.36870756342242117,Medio
1990773,0.16159421839499652,Baixo
1986147,0.2149506174391573,Medio
1983783,0.21467306769727965,Medio
1990738,0.2557673568052464,Medio
1969848,0.11493680876749528,Baixo
1990777,0.2590052817367933,Medio
1990542,0.21628330383638847,Medio
1990740,0.2687905794735406,Medio
1989501,0.3097145879516195,Medio
1593017,0.28227077252181104,Medio
1974849,0.2899280832709415,Medio
1989841,0.13955378265967594,Baixo
1990387,0.19369049922080445,Baixo
1990789,0.5395139101022257,Alto
1969614,0.21655758849888218,Medio
1988117,0.1435879222513467,Baixo
1982145,0.23854500755444497,Medio
1990576,0.14915762701128252,Baixo
1989601,0.3521391451488564,Medio
1990072,0.11896348783228486,Baixo
1990478,0.09592372915744245,Baixo
1716602,0.3624323014754304,Medio
1990748,0.20610288694316656,Medio
1990765,0.38503666324873614,Medio
1990783,0.18901439186216448,Baixo
1988290,0.5098301553713542,Alto
1990818,0.20849217550116317,Medio
1989648,0.05225362890511165,Baixo
1990798,0.33302203655395735,Medio
1990797,0.08194417318300755,Baixo
1990753,0.21969797785379622,Medio
1990819,0.1442986482625636,Baixo
1990793,0.6390023933890977,Alto
1988802,0.14234765132903768,Baixo
1987910,0.09731705099223233,Baixo
1989707,0.03869232282647031,Baixo
1988852,0.24824850688728278,Medio
1988262,0.1745632328841136,Baixo
1990685,0.6468200004974266,Alto
1988103,0.17099433481090945,Baixo
1990830,0.14024334462738297,Baixo
1990682,0.21694837574639578,Medio
1990743,0.25083245809145316,Medio
1990820,0.2190409264846279,Medio
1989509,0.1792984381480503,Baixo
1989438,0.07318664299262971,Baixo
1990831,0.2844343061397079,Medio
1990782,0.1462065381694685,Baixo
1990868,0.3399502168304066,Medio
1990869,0.051806140067478884,Baixo
1990808,0.13520803948821333,Baixo
1990666,0.19648943281373898,Baixo
1990817,0.15332252649101227,Baixo
1990877,0.16905605408100158,Baixo
1988248,0.3165170925149994,Medio
1990840,0.20457807867661462,Medio
1954597,0.2818792987472135,Medio
1975973,0.11544520500074804,Baixo
1989289,0.47785107067736615,Alto
1990908,0.2982901748761029,Medio
1932007,0.26855296168880777,Medio
1987984,0.13450345707052686,Baixo
1990904,0.11134848466312071,Baixo
1990898,0.171011718207769,Baixo
1990905,0.25191562375566245,Medio
1990910,0.16057207915229482,Baixo
1990750,0.286122113266177,Medio
1989762,0.15666193958770291,Baixo
1990752,0.13167701400182452,Baixo
1990915,0.15009558804621606,Baixo
1990948,0.4794729059536695,Alto
1990920,0.29648669248514553,Medio
1990122,0.24112975132888564,Medio
1990345,0.27630685256600734,Medio
1983375,0.04468569518321664,Baixo
1990919,0.1430904830426704,Baixo
1990056,0.2647379005247377,Medio
1990943,0.2637413860765006,Medio
1989593,0.37845034046539167,Medio
1990947,0.1435931845466634,Baixo
1989550,0.08115913631452266,Baixo
1990963,0.3789435810258133,Medio
1990937,0.5376630957076556,Alto
1990881,0.16412124912334664,Baixo
1609128,0.16972278224657406,Baixo
1990795,0.1786127190501502,Baixo
1990988,0.03473513404800956,Baixo
1990895,0.1642440538272975,Baixo
1990100,0.17178376685213467,Baixo
1990578,0.3754610133794831,Medio
1990592,0.3181198846903176,Medio
1976747,0.33132362930155546,Medio
1990067,0.09868660994870607,Baixo
1990686,0.10515606339238365,Baixo
1990981,0.12037208543259967,Baixo
1957895,0.4094490085512901,Medio
1987420,0.06291546750597181,Baixo
1989461,0.3320029516514188,Medio
1990300,0.09899820919322193,Baixo
1984992,0.11886149715217177,Baixo
1978991,0.13008668203667104,Baixo
1990660,0.10359773920901985,Baixo
1990741,0.36981508298422283,Medio
1990223,0.07243698839966567,Baixo
1990841,0.34957411535716626,Medio
1991000,0.34841861450813905,Medio
1990977,0.11542040188860764,Baixo
1990976,0.11113638032666566,Baixo
1991019,0.21044602051124509,Medio
1991022,0.3238869146758004,Medio
1989540,0.19126036569658006,Baixo
1990930,0.1936953760333676,Baixo
1985086,0.1187801246149725,Baixo
1990968,0.19964722834040718,Baixo
1991011,0.20451860004318106,Medio
1991046,0.19139563280177926,Baixo
1991065,0.2504706179046986,Medio
1990990,0.7124816857127022,Critico
1765420,0.36022908636618195,Medio
1988483,0.47620280025100137,Alto
1978848,0.15234612978260104,Baixo
1990801,0.3474467963217099,Medio
1990347,0.30834726743970764,Medio
1991056,0.1185076338281683,Baixo
1990970,0.3552410191758687,Medio
1991029,0.3400723068630056,Medio
1991060,0.2628144154094158,Medio
1972264,0.03673908320847683,Baixo
1990771,0.23313963762993353,Medio
1991088,0.6083373911519289,Alto
1990708,0.054673696298230025,Baixo
1986298,0.24313153270143348,Medio
1990760,0.3802156143490013,Medio
1991127,0.07619921138175753,Baixo
1987191,0.16181757762641685,Baixo
1991041,0.04863430175560788,Baixo
1990965,0.1998465329655338,Baixo
1991123,0.10044017126707831,Baixo
1991125,0.35447268343287214,Medio
1991128,0.1741166504927624,Baixo
1991147,0.06857672887880051,Baixo
1990887,0.2249512451069769,Medio
1991101,0.48093286221454834,Alto
1991097,0.16195707744973542,Baixo
1990936,0.0875140006031464,Baixo
1988271,0.1409665574321381,Baixo
1989959,0.15962942610815675,Baixo
1990747,0.12175596017559623,Baixo
1991165,0.07886601919994979,Baixo
1990889,0.4431546017317952,Medio
1990158,0.06613623931363077,Baixo
1991138,0.14900932721775692,Baixo
1991151,0.054296706588646125,Baixo
1989761,0.11545788549901687,Baixo
1991170,0.19231929978578627,Baixo
1991176,0.13582995124725775,Baixo
1991030,0.19605656369367247,Baixo
1990996,0.558548339258079,Alto
1991168,0.31441688389737915,Medio
1976823,0.5218763601281816,Alto
1991012,0.19361885567426632,Baixo
1991177,0.1600590818036286,Baixo
1989732,0.05104477481161799,Baixo
1988509,0.19205762533767412,Baixo
1968890,0.06847834364231661,Baixo
1990802,0.32113886850525203,Medio
1991158,0.3346514512030705,Medio
1978763,0.24832704509019388,Medio
1989382,0.5529599244729623,Alto
1991195,0.20068070992149348,Medio
1991104,0.196551362289959,Baixo
1987043,0.339530363545173,Medio
1990121,0.03309248200251009,Baixo
1989459,0.07402259174912022,Baixo
1979466,0.196362011441046,Baixo
1991167,0.27750843116976,Medio
1991081,0.1710572739901521,Baixo
1989617,0.3130921332585541,Medio
1991105,0.11185671527270877,Baixo
1991203,0.16473060743766718,Baixo
1991225,0.23132140016190944,Medio
1990850,0.5198685001948989,Alto
1991196,0.420130628338004,Medio
1991152,0.06582908919362357,Baixo
1990640,0.19232850529697335,Baixo
1989270,0.49406653880288426,Alto
1976570,0.5085305484573335,Alto
1991248,0.1708241370149672,Baixo
1990518,0.055914391738842315,Baixo
1988142,0.2876864894419768,Medio
1991229,0.15304813585726432,Baixo
1991268,0.40238665077957536,Medio
1991274,0.1365141973496188,Baixo
1991232,0.24482113457703505,Medio
1990422,0.019153283352300418,Baixo
1991313,0.5625979579219488,Alto
1991302,0.132714397837542,Baixo
1988641,0.18826174024053374,Baixo
1978197,0.17418100980882645,Baixo
1991317,0.3139112568846377,Medio
1991184,0.5651587486713117,Alto
1991235,0.30407271111908213,Medio
1989044,0.0754767552557877,Baixo
1991182,0.27286120107181006,Medio
1991314,0.3443018117554428,Medio
1984422,0.1440536350879016,Baixo
1991335,0.2083078354232129,Medio
1988611,0.2510513808609398,Medio
1982100,0.29250949969921713,Medio
1991345,0.23588561622662663,Medio
1991240,0.14258090388604133,Baixo
1989383,0.08728209278949782,Baixo
1990451,0.11449796901307799,Baixo
1988816,0.16450014586013834,Baixo
1990599,0.24275856320543676,Medio
1991334,0.06911097325465482,Baixo
1990995,0.23292727270724722,Medio
1991074,0.1294248845713138,Baixo
1990757,0.3121245330591654,Medio
1987297,0.15129642035732851,Baixo
1990822,0.5577631642753328,Alto
1984289,0.3666176125165516,Medio
1991111,0.1241266491323248,Baixo
1991159,0.038063263208018554,Baixo
1991291,0.11156415787780516,Baixo
1989802,0.1698501958874449,Baixo
1987877,0.3552232623163107,Medio
1991359,0.09379159980742495,Baixo
1987475,0.17975349943181593,Baixo
1991364,0.16374437158909802,Baixo
1991245,0.10757919064361576,Baixo
1937188,0.5162489779137686,Alto
1646187,0.11986483557676382,Baixo
1986867,0.1398396633123658,Baixo
1991082,0.29087623873852314,Medio
1988407,0.14411631602355673,Baixo
1983752,0.21494858469935724,Medio
1985845,0.09155042482219758,Baixo
1991328,0.146239659404494,Baixo
1991387,0.22636507201308625,Medio
1990903,0.17548196960897755,Baixo
1991411,0.45844202736227907,Alto
1991272,0.3512915984123675,Medio
1986289,0.24176968227654244,Medio
1968051,0.15387263183356442,Baixo
1987271,0.6008785763555343,Alto
1991385,0.22497282913734662,Medio
1975135,0.1906508493491352,Baixo
1991413,0.394436511091055,Medio
1991429,0.4022917206099048,Medio
1991416,0.07063667319213461,Baixo
1991412,0.10140885928106552,Baixo
1991382,0.11272981042546687,Baixo
1988773,0.19116889708779802,Baixo
1991083,0.22411908852926726,Medio
1989720,0.04683499432599941,Baixo
1991408,0.07216853676897055,Baixo
1972571,0.24194897233642507,Medio
1991433,0.1382389884198657,Baixo
1991419,0.22035100098702382,Medio
1991445,0.38264944243161453,Medio
1991375,0.09439676392204786,Baixo
1991428,0.16063183422681476,Baixo
1991449,0.18460600893402782,Baixo
1991452,0.26886584646900885,Medio
1991438,0.11657634668835443,Baixo
1988403,0.21370887814153317,Medio
1991460,0.08905823660811683,Baixo
1991389,0.31087819489816204,Medio
1990294,0.15660056010466109,Baixo
1990095,0.21582820368325956,Medio
1991483,0.39342172377706375,Medio
1991468,0.05338528595390642,Baixo
1991436,0.4518144781194225,Alto
1989255,0.11149636600718893,Baixo
1991482,0.0703984019991987,Baixo
1989824,0.12811871887169193,Baixo
1990615,0.19993325381512433,Baixo
1991059,0.07497796505066738,Baixo
1968310,0.26001758691001614,Medio
1991517,0.3249930142593174,Medio
1988532,0.39146609785350406,Medio
1985945,0.3774861148689092,Medio
1988757,0.36737766257336707,Medio
1989711,0.1350493224546159,Baixo
1991519,0.117366346501885,Baixo
1991530,0.35555380906390394,Medio
1991499,0.27198553951908966,Medio
1991495,0.579244589503971,Alto
1991420,0.10871198439594733,Baixo
1991534,0.2614510342006249,Medio
1991513,0.5473425346739003,Alto
1988846,0.4040726045603885,Medio
1991515,0.04180248779727916,Baixo
1968251,0.41062607697746845,Medio
1988402,0.16611084364949896,Baixo
1991532,0.3164873307768623,Medio
1990549,0.1896361699521076,Baixo
1977288,0.10130666309010213,Baixo
1991547,0.20552493512039102,Medio
1991518,0.45106214921421467,Alto
1991545,0.23224133809550015,Medio
1991554,0.17752617769865495,Baixo
1991562,0.5297762978966957,Alto
1986067,0.1442352519454792,Baixo
1991289,0.06423597050653186,Baixo
1989809,0.09976599927810771,Baixo
1991572,0.24516108546534351,Medio
1991559,0.18527507094115972,Baixo
1991556,0.29666517103575735,Medio
1989983,0.3057833487030253,Medio
1991561,0.16480565550709736,Baixo
1991581,0.07997857929772098,Baixo
1991042,0.0901901484106682,Baixo
1991553,0.12804967471441717,Baixo
1989096,0.27219577677456924,Medio
1991577,0.33518802055758207,Medio
1991290,0.33481979018836705,Medio
1991454,0.20745998498236407,Medio
1991018,0.2938532424925326,Medio
1991330,0.3833535885419407,Medio
1990845,0.10713461750127347,Baixo
1991395,0.4463539763920366,Medio
1991605,0.22882017803502008,Medio
1991592,0.3408466847099649,Medio
1988441,0.059154702927784415,Baixo
1991615,0.20426381733461535,Medio
1964373,0.4227211053222866,Medio
1990143,0.23697509163117894,Medio
1991618,0.2720051402647895,Medio
1991593,0.1174886314196399,Baixo
1991590,0.047981446965696,Baixo
1982384,0.2535250240167829,Medio
1991455,0.3719185891144168,Medio
1991632,0.14196242154004962,Baixo
1980736,0.12245517539574995,Baixo
1991619,0.3232330849158937,Medio
1991640,0.3919024939169294,Medio
1991633,0.41396216246678774,Medio
1991646,0.13652167426343464,Baixo
1991651,0.27494266789008015,Medio
1991440,0.21687738189852046,Medio
1975108,0.1871215490521475,Baixo
1991675,0.1748666930495093,Baixo
1991588,0.10376527335390155,Baixo
1991461,0.06763083299574485,Baixo
1991622,0.08213349363888225,Baixo
1984618,0.2339835346983301,Medio
1991644,0.27963014332215363,Medio
1991671,0.04631079759249047,Baixo
1991616,0.34634620855134535,Medio
1989612,0.3683362407040288,Medio
1991691,0.3130827434725872,Medio
1991705,0.32709317442357816,Medio
1990221,0.45413548799151676,Alto
1991687,0.2014934974964151,Medio
1961895,0.26020538997991405,Medio
1990668,0.36966614927879393,Medio
1991733,0.2718152056756618,Medio
1986271,0.2631489243388783,Medio
1099449,0.17932925157183555,Baixo
1991718,0.10372239901831508,Baixo
1991714,0.047482735580708625,Baixo
1991715,0.0936451895861503,Baixo
1742756,0.1482864162925996,Baixo
1991414,0.43680570508235494,Medio
1991727,0.2506825946125415,Medio
1991695,0.2306389243280872,Medio
1991740,0.2574714274820231,Medio
1991576,0.36641340684948925,Medio
1989061,0.25483159022023694,Medio
1991728,0.25638219476219026,Medio
1989333,0.07636225922150977,Baixo
1991756,0.1022688861905202,Baixo
1991298,0.156360675729383,Baixo
1985386,0.11923692892555507,Baixo
1991751,0.14745730843191368,Baixo
1991627,0.32716637826891126,Medio
1991785,0.08625259546910403,Baixo
1991776,0.2951531302301168,Medio
1857330,0.25420797568917664,Medio
1991765,0.3264335477719075,Medio
1986203,0.06399510414734985,Baixo
1991696,0.22810490694845437,Medio
1991771,0.45169956144791,Alto
1991745,0.13350321123151676,Baixo
1991801,0.11079271079668407,Baixo
1991793,0.16274572353744574,Baixo
1986623,0.6300353417482679,Alto
1991804,0.2781411731937854,Medio
1991790,0.2375707942391474,Medio
1991795,0.06500628291943095,Baixo
1991796,0.09706962023385089,Baixo
1974256,0.17638380153398206,Baixo
1989129,0.2155125092271284,Medio
1989306,0.34761383286301994,Medio
1991724,0.12537032076748642,Baixo
1991816,0.23117429391460775,Medio
1991422,0.18590906060370627,Baixo
1991824,0.4126538340780078,Medio
1991840,0.18828509234659876,Baixo
1981775,0.1733629699136813,Baixo
1991346,0.2965800898042945,Medio
1991802,0.1611489218707678,Baixo
1991871,0.265851871732324,Medio
1991845,0.5653062522517408,Alto
1989535,0.17743181185219178,Baixo
1991886,0.16701039157595243,Baixo
1991877,0.20823191550056924,Medio
1990659,0.1991725678603662,Baixo
1991865,0.0783386062606006,Baixo
1991847,0.11854988376493815,Baixo
1991814,0.18465491485494212,Baixo
1991909,0.22401246233888175,Medio
1991536,0.0944297305098992,Baixo
1991473,0.34520420957306397,Medio
565749,0.08606993508862879,Baixo
1991725,0.2645074764981885,Medio
1986694,0.2515197953304935,Medio
1991888,0.2620793511839184,Medio
1991658,0.21141330776647735,Medio
1991707,0.26771149646627745,Medio
1991371,0.35092180192847944,Medio
1991332,0.09964764520293067,Baixo
1991558,0.1265412016880725,Baixo
1991555,0.28656537810023686,Medio
1991808,0.26094523548789317,Medio
1990759,0.12026229539652003,Baixo
1976091,0.15685714722113564,Baixo
1990709,0.05762896053094931,Baixo
1991500,0.21700039813601305,Medio
1991684,0.16107396395086718,Baixo
1983535,0.44795575763853834,Medio
1991907,0.3677790752078951,Medio
1991798,0.1546311356319409,Baixo
1974992,0.41596279990629925,Medio
1991923,0.12536211411857537,Baixo
1990389,0.19664491469112846,Baixo
1991731,0.23658694740875333,Medio
1991919,0.05248992628834704,Baixo
1978120,0.07421631801564608,Baixo
1991928,0.07669668221815912,Baixo
1991898,0.07221406852202221,Baixo
1987837,0.19051040057577207,Baixo
1922071,0.31944150939950705,Medio
1991939,0.3351890316142541,Medio
1989122,0.2334152426166598,Medio
1991908,0.07929598227600283,Baixo
1991942,0.5369860006159909,Alto
1991843,0.09294398590999639,Baixo
1963270,0.5720249592102595,Alto
1991937,0.34635246527614666,Medio
1991945,0.21018977932512772,Medio
1991343,0.09543969770487741,Baixo
1991990,0.10915114994525028,Baixo
1991373,0.14807574998664533,Baixo
1991589,0.26754145491499454,Medio
1991966,0.2858735471026757,Medio
1946063,0.05591626675969446,Baixo
1991774,0.3457024931366574,Medio
1989673,0.15340681915198257,Baixo
1991989,0.098645449348249,Baixo
1991991,0.22686197260512145,Medio
1991993,0.5166322592841727,Alto
1992010,0.4265467079923246,Medio
1992019,0.0834635519591961,Baixo
1992020,0.49348032504870876,Alto
1991978,0.18843675173325555,Baixo
1991997,0.7064294067841251,Critico
1990591,0.2776693499758099,Medio
1991925,0.2872635807125282,Medio
1979381,0.3327240444568784,Medio
1992027,0.35440170506419294,Medio
1990184,0.0805721981462118,Baixo
1992011,0.07690736083751291,Baixo
1975542,0.30078736502253556,Medio
1990713,0.27472091822547506,Medio
1991918,0.2647300607767741,Medio
1986424,0.10987629659654223,Baixo
1991827,0.16507262503345804,Baixo
1991680,0.42070344414959293,Medio
1992043,0.34229920860060803,Medio
1992045,0.09274540612458794,Baixo
1989279,0.2041808341525993,Medio
1992058,0.18524837942693473,Baixo
1980860,0.17651847939593154,Baixo
1986491,0.1779101863460233,Baixo
1992052,0.3075555781429771,Medio
1992056,0.28092570327132904,Medio
1992075,0.12436857850661041,Baixo
1992077,0.24052777940586223,Medio
1986946,0.3807779072773576,Medio
1991726,0.19522871547905613,Baixo
1992067,0.15276245830393617,Baixo
1987252,0.28205419147314587,Medio
1991931,0.44531669945159075,Medio
1991992,0.05720195249518284,Baixo
1988166,0.20191356620047698,Medio
1988662,0.06284445970393701,Baixo
1989568,0.19731911633354718,Baixo
1992006,0.17662865916768636,Baixo
1982887,0.13505718057791885,Baixo
1992092,0.3876875919997033,Medio
1991971,0.296593332948234,Medio
1989977,0.15965327144334868,Baixo
1989953,0.11567152353189576,Baixo
1990978,0.16340595613600178,Baixo
1992091,0.20210931020622716,Medio
1988651,0.2782030369637045,Medio
1992113,0.09602868333655365,Baixo
1972656,0.4256707931777027,Medio
1992116,0.15925049965885593,Baixo
1991998,0.2478178204484796,Medio
1449289,0.15139899507436383,Baixo
1992112,0.14168203780270774,Baixo
1991912,0.16403035114056141,Baixo
1992127,0.07820833576025023,Baixo
1992126,0.11179773292913317,Baixo
1992054,0.11766664838194275,Baixo
1992124,0.22642515646391678,Medio
1992135,0.14011783675387865,Baixo
1990944,0.24775522883602347,Medio
1989079,0.1308519715321168,Baixo
1986690,0.1257308238840745,Baixo
1975384,0.13716356845816413,Baixo
1991720,0.135920030657363,Baixo
1992144,0.22088571465356868,Medio
1992151,0.26847084529072385,Medio
1992143,0.19422610284163386,Baixo
1991431,0.1826434796498249,Baixo
1991563,0.19936104048468978,Baixo
1992130,0.009899473913136288,Baixo
1991496,0.2964957311378237,Medio
1991601,0.04529243034337759,Baixo
1992038,0.09224373295947569,Baixo
1985661,0.28566310897732405,Medio
1992165,0.27484901254487687,Medio
565365,0.1834057978543495,Baixo
1992158,0.09507917990110004,Baixo
1992147,0.14369933171933358,Baixo
1989411,0.2766046045294616,Medio
1992178,0.3218319122241778,Medio
1992161,0.12122494938063667,Baixo
1992100,0.13811563902104682,Baixo
1992182,0.08638230190978348,Baixo
1986894,0.1252577563890751,Baixo
1987005,0.3723301352996654,Medio
1992012,0.15175866673003288,Baixo
1992205,0.1726202686258221,Baixo
1992145,0.15199114787680992,Baixo
1992210,0.5616860869103243,Alto
1992081,0.5478833739537998,Alto
1992140,0.4046349108950567,Medio
1992204,0.12296130110766157,Baixo
1991930,0.08889671141498202,Baixo
1991243,0.060392522094852505,Baixo
1992193,0.25105556921135724,Medio
1991768,0.4320927827218197,Medio
1989701,0.2259939432268916,Medio
1992014,0.1678115004771911,Baixo
1992219,0.13028136382831404,Baixo
1992221,0.2566132441847059,Medio
1990864,0.3718909697888234,Medio
1955552,0.06036597870907532,Baixo
1992031,0.21685998785118224,Medio
1990264,0.0875118105247403,Baixo
1992022,0.136510808470179,Baixo
1991859,0.2824683352337157,Medio
1990859,0.3921077507933079,Medio
1990167,0.22765823237510943,Medio
1972991,0.4193777534107384,Medio
1990763,0.432125735951772,Medio
1992005,0.14420641459399708,Baixo
1989302,0.39721989980630634,Medio
1992230,0.3163439570691589,Medio
1980280,0.26904189358515845,Medio
1975066,0.2864587527473485,Medio
1989677,0.19606172394671192,Baixo
1992237,0.061043237819460326,Baixo
1981593,0.32999301084914634,Medio
1991857,0.19898076353380878,Baixo
1988184,0.26398149152664546,Medio
1992257,0.40641470092634796,Medio
1986891,0.297309801039188,Medio
1992247,0.39246263394427644,Medio
1975117,0.3598940235705591,Medio
1992173,0.06529066726844747,Baixo
1992268,0.6111008676686792,Alto
1988005,0.3216398778949704,Medio
1934059,0.06624938455052877,Baixo
1992255,0.3874746499177125,Medio
1946900,0.2728370057005565,Medio
1992280,0.20195335573332449,Medio
1988975,0.16599697863351678,Baixo
1989431,0.10991321641808033,Baixo
1991842,0.182533510217809,Baixo
1940571,0.10088971413727331,Baixo
1985041,0.33096969908278934,Medio
1992156,0.20138530702458982,Medio
1991161,0.09449287545579321,Baixo
1989487,0.3449414501971846,Medio
1991497,0.052558329433840624,Baixo
1992284,0.23368552483437321,Medio
1991283,0.39012914672319104,Medio
1992298,0.05819659435811008,Baixo
1992248,0.3343441202522358,Medio
1992329,0.2517104239062331,Medio
1992084,0.47516349029475424,Alto
1985294,0.533071932283253,Alto
1992203,0.13360515797490888,Baixo
1984140,0.17166848861743608,Baixo
1992323,0.24006584870917858,Medio
1972202,0.1330831223416652,Baixo
1991370,0.0932403660155995,Baixo
1982540,0.45014945353669683,Alto
1989130,0.39586796456903145,Medio
1991819,0.47277092432387874,Alto
1992311,0.13461731682528671,Baixo
1992032,0.19726462907553924,Baixo
1992353,0.2731435012979601,Medio
1992349,0.06722465758560356,Baixo
1992358,0.2572041604703508,Medio
1992348,0.38190617263387383,Medio
1992369,0.21515273119431974,Medio
1992362,0.4957105384883249,Alto
1992360,0.21649808047046434,Medio
1992380,0.007440101850114255,Baixo
1992374,0.722515066178683,Critico
1992384,0.1365921692866359,Baixo
1981181,0.2062141608334063,Medio
684928,0.38357563378129383,Medio
1989874,0.25136246635511117,Medio
1992371,0.07172375713989705,Baixo
1992222,0.3204762502683908,Medio
1987709,0.2201480326132928,Medio
1992103,0.10899961187051083,Baixo
1992188,0.2328683693826248,Medio
1992138,0.46711993822029374,Alto
1992287,0.34267519301642874,Medio
1990506,0.3391500370796374,Medio
1990504,0.1350876761991055,Baixo
1992142,0.43297470821660405,Medio
1966489,0.12638491716987804,Baixo
1991365,0.29745201428994844,Medio
1992354,0.09406929294114136,Baixo
1992334,0.1395334819575662,Baixo
1992393,0.14649058861274247,Baixo
1992414,0.07870769911621155,Baixo
1992412,0.3353421431027557,Medio
1980830,0.2561601880345914,Medio
1992415,0.2742643791201239,Medio
686880,0.434455268981942,Medio
1988264,0.13507511924432827,Baixo
1669047,0.384712508736562,Medio
1960397,0.3231120836182181,Medio
1989837,0.12173744570949696,Baixo
1992403,0.1892969983249487,Baixo
1992410,0.12101672023075376,Baixo
1992404,0.35589662060242855,Medio
1992131,0.6952438083816889,Alto
1992437,0.084692972455131,Baixo
1990447,0.12922274154606198,Baixo
1992429,0.11052946832304242,Baixo
1991112,0.2369337672917395,Medio
1984834,0.3577148512376,Medio
1992390,0.2623705976576004,Medio
1992291,0.1707771882311845,Baixo
1991367,0.24422697783402317,Medio
1992467,0.09046567208116613,Baixo
1992411,0.08298549345297003,Baixo
1992466,0.05457803429491513,Baixo
1992473,0.2930513566002592,Medio
1992450,0.6526647309192041,Alto
1992363,0.10687858652842672,Baixo
1992452,0.07449164117209753,Baixo
1983457,0.44031298742111247,Medio
1990013,0.3006064573457406,Medio
1987973,0.13569571254639817,Baixo
1992471,0.1662728197976023,Baixo
1992370,0.12412925092140589,Baixo
1992364,0.3463106768833449,Medio
1992212,0.012442499304666762,Baixo
1992472,0.1666035311483789,Baixo
1992481,0.06495976077221804,Baixo
1992499,0.1456266200439942,Baixo
1992392,0.17852503323278465,Baixo
1991038,0.5138358407440053,Alto
1992498,0.07617427584606626,Baixo
1992050,0.25042751840205646,Medio
1990906,0.21127980637035593,Medio
1946776,0.5655741738303175,Alto
1992505,0.10782023737373767,Baixo
1992510,0.6212884174904965,Alto
1992447,0.26289398818316206,Medio
1992509,0.07251215863368562,Baixo
1992455,0.3819960889234607,Medio
1990794,0.2865598585055043,Medio
1992497,0.17054765197849633,Baixo
1992407,0.09955174455071679,Baixo
1989332,0.28244320990515775,Medio
1991450,0.2663093190642937,Medio
1979364,0.26321007076630376,Medio
1992226,0.22541881392026356,Medio
1991960,0.2719727714837592,Medio
1987878,0.47251660440114174,Alto
1992419,0.17854217441320266,Baixo
1989783,0.3072991830353563,Medio
1991148,0.2057949373404259,Medio
1988137,0.13051646278501336,Baixo
1973014,0.5734953267572922,Alto
1989486,0.3364385544925144,Medio
1979691,0.06335160634733805,Baixo
1458943,0.2032517074664664,Medio
1992215,0.2694782894238967,Medio
1992564,0.3660322259919125,Medio
1992548,0.1283848960391784,Baixo
1990190,0.3152599171668111,Medio
1992553,0.13409043908434126,Baixo
1992568,0.14754497640365374,Baixo
1991883,0.5982390598361084,Alto
1992569,0.354151532615689,Medio
1985203,0.15039897579443715,Baixo
1713641,0.09892027043031089,Baixo
1992592,0.29680804500979735,Medio
1973842,0.339568500772985,Medio
1992581,0.4923551043344958,Alto
1992524,0.21727496960320267,Medio
1991750,0.17392306234938093,Baixo
1992562,0.0731368861873799,Baixo
1992605,0.2996757183078205,Medio
1947894,0.10538895885022286,Baixo
1992589,0.17606112055598444,Baixo
1992598,0.03642307173023163,Baixo
1992599,0.21693669390919013,Medio
1992613,0.24190849081594676,Medio
1986255,0.22823365450675584,Medio
1561193,0.18650131898467232,Baixo
1992579,0.10284424365557104,Baixo
1992615,0.05631604432001341,Baixo
1992522,0.12720184416638894,Baixo
1992628,0.4519849659335762,Alto
1992614,0.1167255628028331,Baixo
1992492,0.32947247909644367,Medio
1992359,0.258079377655869,Medio
1992633,0.12982519230296763,Baixo
1992621,0.19650767543586944,Baixo
1992630,0.3899787030232417,Medio
1992432,0.15063958139738756,Baixo
1992612,0.33421686358121194,Medio
1987221,0.1694637617175981,Baixo
1992421,0.053898526690469004,Baixo
1992217,0.23556653982416817,Medio
1992656,0.11215111779499488,Baixo
1992551,0.08315079781008514,Baixo
1992654,0.5759880955926984,Alto
1988095,0.31765491421038483,Medio
1992297,0.20817643965610605,Medio
1721570,0.2971834745882196,Medio
1972674,0.15338639774867302,Baixo
1991905,0.19688610257695452,Baixo
1984525,0.22504611818106796,Medio
1992677,0.07294379428206632,Baixo
1992057,0.2317959864278295,Medio
1992682,0.18921076552782223,Baixo
1992669,0.08466217296607868,Baixo
1989741,0.1511749463404392,Baixo
1991462,0.21240126272276244,Medio
1992454,0.10379048297106194,Baixo
1992685,0.14043466448655695,Baixo
1987457,0.2765479663567426,Medio
1987357,0.18248288465603263,Baixo
1992671,0.13111194012392213,Baixo
1991602,0.20899189670263643,Medio
1989692,0.34688207725184655,Medio
1992692,0.41320630796375185,Medio
1992722,0.45896239464617383,Alto
1979220,0.20472713465575906,Medio
1992707,0.27787316811117807,Medio
1991180,0.08297391844066902,Baixo
1720948,0.14540653339415172,Baixo
1990543,0.17690827967241138,Baixo
1992723,0.07503278996317542,Baixo
1992720,0.08663072951103205,Baixo
1975412,0.48208009076043784,Alto
1992761,0.2468133252736599,Medio
1992686,0.27972223241314775,Medio
1992664,0.2424713899344815,Medio
1990296,0.43094187671990714,Medio
1992750,0.24837279577786223,Medio
1992770,0.16682886751280435,Baixo
1992806,0.1109275361089873,Baixo
1992735,0.2781477157414823,Medio
1990746,0.2513327995337434,Medio
1992507,0.15463373408617398,Baixo
1989445,0.40096163098678744,Medio
1991835,0.11512729048532497,Baixo
1990651,0.25369034842046456,Medio
1981989,0.36336941144391377,Medio
1992663,0.22530471460456078,Medio
1992816,0.07237068639542632,Baixo
1985673,0.2685704418181644,Medio
1992840,0.24463368832604945,Medio
1988367,0.2604236100026142,Medio
1992732,0.1901385611835427,Baixo
1992729,0.16218190950890535,Baixo
1992788,0.25647487425448723,Medio
1980350,0.3403963718888491,Medio
1992690,0.21051070965363872,Medio
1989110,0.24880489452848778,Medio
1992861,0.12191936161018949,Baixo
1992132,0.08036794276867712,Baixo
1992773,0.3035856614922224,Medio
1990053,0.4700097751951229,Alto
1992887,0.3439377994947676,Medio
1992864,0.1009537080712922,Baixo
1992747,0.30916627981323336,Medio
1991061,0.1862855990884309,Baixo
1992855,0.39253069314244154,Medio
1992886,0.0584720366855784,Baixo
1979125,0.4721659390231457,Alto
1992570,0.07300801528284322,Baixo
1992251,0.09547923867290532,Baixo
1992758,0.09434742118632575,Baixo
1988601,0.1652498614236992,Baixo
1990276,0.23219431011545566,Medio
1992902,0.06088076404239187,Baixo
1973007,0.20561856629491498,Medio
1992475,0.4740083431877549,Alto
1991052,0.03179475611969065,Baixo
1992894,0.1336822833201136,Baixo
1992935,0.1963248613828653,Baixo
1992791,0.27416035303857555,Medio
1992836,0.5137088135283677,Alto
1951109,0.3266649265762597,Medio
1992930,0.5496137192394929,Alto
1980614,0.3816557987890429,Medio
1990156,0.3453832005111319,Medio
1992945,0.12279169370127409,Baixo
1988084,0.22861663485963418,Medio
1987833,0.10608410650156169,Baixo
1992951,0.08497012016625553,Baixo
1988073,0.19953034739879227,Baixo
1654138,0.2574487846501114,Medio
1992937,0.45065959213655415,Alto
1992978,0.1422392935890307,Baixo
1989877,0.15643088237292485,Baixo
1992805,0.09962453069082468,Baixo
1992922,0.33959468071566307,Medio
1992976,0.0935232928201489,Baixo
1992838,0.3620258467241607,Medio
1992994,0.25306567249645445,Medio
1992915,0.20130410885634303,Medio
1989856,0.12864173978957935,Baixo
1992772,0.09458765310637733,Baixo
1671551,0.25119223499657345,Medio
1992857,0.2074255134795105,Medio
1992763,0.22051034431687241,Medio
1992884,0.0570986176523712,Baixo
1993011,0.13395914810162823,Baixo
1989971,0.10385866128354214,Baixo
1992281,0.2751290033975582,Medio
1992149,0.19730555454929344,Baixo
1992187,0.3899275359520847,Medio
1992106,0.41402276458854104,Medio
1992021,0.06554868784449346,Baixo
1992998,0.18772021773024444,Baixo
1992989,0.1330027942688571,Baixo
1992967,0.27981754284920735,Medio
1993020,0.2064103113798491,Medio
1990723,0.11985805817105073,Baixo
1993027,0.3592828039756498,Medio
1993029,0.3495850804953921,Medio
1990241,0.38356675859570744,Medio
1990049,0.342243361947967,Medio
1975841,0.5632946321766387,Alto
1990534,0.19703192460978378,Baixo
1993016,0.11702896265420608,Baixo
1992908,0.32844863649626305,Medio
1993048,0.4401043048607135,Medio
1992601,0.14130665135953557,Baixo
1988200,0.3634244407467915,Medio
1985074,0.1125049007758407,Baixo
1993067,0.35966899207929437,Medio
1988680,0.32699363353645045,Medio
1993069,0.09757139896717573,Baixo
1993071,0.2235082223647027,Medio
1990396,0.260196237268187,Medio
1988281,0.2656312443609115,Medio
1993072,0.3157544226506009,Medio
1992422,0.24116263696166917,Medio
1993087,0.3108666206169632,Medio
1990811,0.3424616414816731,Medio
1988670,0.2361297890433292,Medio
1992139,0.09508983552802926,Baixo
1993098,0.3988245896237835,Medio
1993097,0.17626627951954918,Baixo
1993106,0.27271410008286473,Medio
1990433,0.16942024918535453,Baixo
1992547,0.46657256629520705,Alto
1993108,0.16707637782488982,Baixo
1991946,0.27881689546771077,Medio
1991480,0.2842683609198701,Medio
1670725,0.40505120851641463,Medio
1993096,0.20187801802302405,Medio
1990465,0.36018767578429584,Medio
1993125,0.18890154116074226,Baixo
1990459,0.2437593862707254,Medio
1992004,0.34592356360956017,Medio
1991951,0.4609461408002591,Alto
1990594,0.130370400891175,Baixo
1992155,0.2375593102439519,Medio
1989403,0.3495387271731133,Medio
1993132,0.5335853153827147,Alto
1992996,0.10783857037118295,Baixo
1992984,0.10107544896695723,Baixo
1991858,0.05931465575251114,Baixo
1990414,0.17717415580831256,Baixo
1993155,0.12000408584963203,Baixo
1993171,0.05287744703489169,Baixo
1991388,0.307087429667495,Medio
1993172,0.28988732179875426,Medio
1993180,0.1397921989112313,Baixo
1989125,0.18135141727746348,Baixo
1993185,0.2639241347047639,Medio
1993192,0.1758559768626902,Baixo
1992238,0.3314881938817332,Medio
1993191,0.08584745289040493,Baixo
1976678,0.2004141994304603,Medio
1993197,0.15317776812802728,Baixo
1993103,0.34475018008704184,Medio
1992264,0.38231667806968245,Medio
1944732,0.3306691790271726,Medio
1993178,0.1867986411223387,Baixo
1992829,0.45541983857191615,Alto
1993216,0.4293376893647026,Medio
1993033,0.23022025956277262,Medio
1993218,0.20582883632456905,Medio
1993224,0.08469816832189202,Baixo
1980059,0.7054155068743488,Critico
1993188,0.2373752527846945,Medio
1992988,0.07968691431305942,Baixo
1991663,0.289290681172911,Medio
1992565,0.2036334337750299,Medio
1992490,0.17359291355582396,Baixo
1992826,0.3455083214743744,Medio
1992071,0.5521324033360332,Alto
1989276,0.07446391697225958,Baixo
1980513,0.1195695432337499,Baixo
1988449,0.22020425205492142,Medio
1993239,0.1559405953182979,Baixo
1992629,0.275066682440835,Medio
1993247,0.11707875271720836,Baixo
1990900,0.14155357646021569,Baixo
1993258,0.08682103572796525,Baixo
1993254,0.24080996843400648,Medio
1993249,0.4034676076059435,Medio
1991539,0.3042225395721347,Medio
1993253,0.2927427233927125,Medio
1986976,0.24753660896462062,Medio
1993264,0.25710353431185873,Medio
1993269,0.268631336832353,Medio
1993277,0.2171773890493852,Medio
1862814,0.25794423862035387,Medio
1989469,0.5403472342018738,Alto
1992960,0.2106950628798244,Medio
1993261,0.2521849923741597,Medio
1986360,0.5148639935599714,Alto
1985512,0.23965681228716523,Medio
1993325,0.23994550213910554,Medio
1991786,0.056283019313583996,Baixo
1990810,0.09046405219919836,Baixo
1945954,0.24080426388734633,Medio
1993315,0.10780166034686069,Baixo
1993285,0.1674930824227455,Baixo
1991894,0.1474303649416175,Baixo
1993371,0.3022770912308414,Medio
1992245,0.3693694483745173,Medio
1993350,0.10646628255139189,Baixo
1993131,0.2583323925594123,Medio
1993199,0.6086572210349205,Alto
1991686,0.19611966905106962,Baixo
1990952,0.2156039780097303,Medio
1993221,0.3743938497969991,Medio
1978638,0.4975661981500177,Alto
1983540,0.3534144663327321,Medio
1993405,0.016124515929339136,Baixo
1993360,0.19703224396059665,Baixo
1993383,0.1880701399514644,Baixo
1993281,0.3585517888964058,Medio
1993408,0.09305326936020482,Baixo
1993417,0.4940098260736541,Alto
1992725,0.2783282447982252,Medio
1993423,0.05443310038018663,Baixo
1993432,0.30208957066272935,Medio
1990836,0.04599903989844013,Baixo
1993433,0.10546077063653465,Baixo
1993411,0.16494266391556928,Baixo
1992174,0.039335802482157435,Baixo
1993422,0.07760737318983396,Baixo
1993459,0.2738687513529854,Medio
1993462,0.052112088846926766,Baixo
1993409,0.281225855117225,Medio
1993385,0.4024787193860536,Medio
1971169,0.15454983652461682,Baixo
1991378,0.08784559901027096,Baixo
1989639,0.21615783885771278,Medio
1993476,0.2601250958756951,Medio
1992399,0.1858824744691943,Baixo
1990764,0.45051077097378656,Alto
1989452,0.1800664361894951,Baixo
1993505,0.09586293486180059,Baixo
1750434,0.20138289736972725,Medio
1986133,0.3936425025069326,Medio
1993501,0.17745163929217742,Baixo
1993450,0.20436123273475656,Medio
1991215,0.50756895333531,Alto
1978612,0.13933428181331117,Baixo
1988877,0.16134612271221352,Baixo
1993514,0.0974797553691493,Baixo
1993465,0.183220443705113,Baixo
1993468,0.42457512270651154,Medio
1987945,0.2701843935568407,Medio
1993506,0.18227438606144009,Baixo
1986687,0.16840924430785886,Baixo
1974350,0.16784677580470708,Baixo
1993461,0.1271750224362221,Baixo
1993511,0.2570814296719588,Medio
1993548,0.12314388944799706,Baixo
1993515,0.19195535398735547,Baixo
1992351,0.16944519724333376,Baixo
1992549,0.23190443913335185,Medio
1993307,0.2189357585084972,Medio
1989185,0.007961854433557408,Baixo
1993173,0.28616196677036687,Medio
1992591,0.26310842721995725,Medio
1992928,0.1260303949460483,Baixo
1993541,0.3636808318694689,Medio
1988873,0.48884935210318475,Alto
1993516,0.46848166812882636,Alto
1993496,0.09493918593641178,Baixo
1993491,0.16382020320136004,Baixo
1993529,0.14245319172545645,Baixo
1823330,0.44071091274249913,Medio
1992769,0.20133509089740476,Medio
1990694,0.09368624819599322,Baixo
1990721,0.22489566168734404,Medio
1993510,0.47991985648307417,Alto
1993336,0.3879638226318667,Medio
1993523,0.10788294582549664,Baixo
1993567,0.2385032218699907,Medio
1993420,0.21603059162000035,Medio
1993557,0.2675825477097888,Medio
1993570,0.6109646353349515,Alto
1993531,0.27644631553750676,Medio
1993562,0.4131465581835563,Medio
1992107,0.24205559710801464,Medio
1992717,0.22914314742945302,Medio
1993017,0.502618215417379,Alto
1827760,0.47158650699938776,Alto
1993590,0.09215372129525752,Baixo
1993369,0.3820507258830177,Medio
1993594,0.38432511055521834,Medio
1993537,0.10921392988302656,Baixo
1993609,0.16877934625117683,Baixo
1992962,0.08293094555184402,Baixo
1992198,0.11653500081827162,Baixo
1993618,0.056062208678325176,Baixo
1993573,0.11086371295465129,Baixo
1990502,0.19651597863008494,Baixo
1725989,0.2049117436384134,Medio
1991967,0.16323003661849791,Baixo
1993535,0.07551640732435662,Baixo
1993625,0.21128950694974827,Medio
1990884,0.41343351120032285,Medio
1993627,0.12313407182266016,Baixo
1993578,0.022129717386863458,Baixo
1993589,0.3762144301805886,Medio
1993633,0.29479021975794795,Medio
1993610,0.3770862657661947,Medio
1993615,0.0853002034785096,Baixo
1993631,0.1302406167616131,Baixo
1990882,0.19456847851491274,Baixo
1993659,0.4468946248194966,Medio
1993664,0.2082542461863422,Medio
1993612,0.28915831605614833,Medio
1982837,0.28008142638563266,Medio
1993683,0.20693220257332431,Medio
1993677,0.10448712291607293,Baixo
1993675,0.14396054465031485,Baixo
1993680,0.06462084853925402,Baixo
1992557,0.426533379259879,Medio
1979698,0.3915000105987129,Medio
1992846,0.4904024075100683,Alto
1992575,0.015365222227060752,Baixo
1993365,0.009731263873021126,Baixo
1993700,0.07402464415765099,Baixo
1993649,0.18536306319471269,Baixo
1993704,0.0374668763030517,Baixo
1993410,0.14019064314982752,Baixo
1992033,0.18447343128209678,Baixo
1993695,0.28936978578432726,Medio
1993719,0.1107934544922505,Baixo
1993714,0.11441698314012073,Baixo
1993628,0.4297800926658621,Medio
1993727,0.015121451266764546,Baixo
1993702,0.18864407882086467,Baixo
1993657,0.38758898288323573,Medio
1993730,0.17933768131874092,Baixo
1715775,0.012310631990634917,Baixo
1499533,0.24058919341160234,Medio
1993219,0.44832620406424345,Medio
1988279,0.0852934287685699,Baixo
1973271,0.2256609705109277,Medio
1993734,0.17785289052491046,Baixo
1992883,0.4066789821620067,Medio
1993346,0.2641494087462697,Medio
1993725,0.09936055097950455,Baixo
1993722,0.14413791909137624,Baixo
1993765,0.2195488511598557,Medio
1988149,0.05071543387285238,Baixo
1993760,0.2650798444939994,Medio
1993720,0.26346577986907876,Medio
1993782,0.2324511835459692,Medio
1992085,0.2910996448527608,Medio
1993787,0.3069196487677589,Medio
1992094,0.2773532948375187,Medio
1991660,0.15261189308922837,Baixo
1991656,0.2228276432391952,Medio
1993821,0.32865779485684127,Medio
1991197,0.4231106859539997,Medio
1992352,0.18275229688195052,Baixo
1993834,0.39401229912423663,Medio
1979106,0.18874401039394956,Baixo
1993827,0.37055987623696407,Medio
1993826,0.4904910349218062,Alto
1989265,0.4639882100462298,Alto
1978832,0.08652735912355604,Baixo
1991629,0.2633672067285499,Medio
1990614,0.11577198752543864,Baixo
1991263,0.044825721391165384,Baixo
1992273,0.21208309150699026,Medio
1991647,0.48187785437923425,Alto
1993855,0.35837569397482416,Medio
1993861,0.17416651247005058,Baixo
1993470,0.09853221289118938,Baixo
1993835,0.09330961044891391,Baixo
1948885,0.11726273939097699,Baixo
1794513,0.3063972990112556,Medio
1991643,0.4696142273040112,Alto
1989010,0.35477645202094293,Medio
1991139,0.045497639902919544,Baixo
1993832,0.08656171632427531,Baixo
1991586,0.28458074821281315,Medio
1993858,0.2847655141342411,Medio
1993841,0.37924456493333897,Medio
1991770,0.2593708613695023,Medio
1991549,0.3193570863452578,Medio
1993813,0.538385071429964,Alto
1993865,0.014192892883767563,Baixo
1991520,0.11090488926249423,Baixo
1993622,0.1272029844587837,Baixo
1991546,0.4032110560941816,Medio
1237214,0.12055907167011562,Baixo
1991432,0.06020077928402927,Baixo
1991310,0.45036312103102105,Alto
1993801,0.15068904857749266,Baixo
1993843,0.2431266639461698,Medio
1991026,0.38207243641102284,Medio
1972813,0.5658219747526719,Alto
1991527,0.08169014757175524,Baixo
1992734,0.09694382928697486,Baixo
1993891,0.017228382875939623,Baixo
1993747,0.3926420357845849,Medio
1993694,0.06391074907911323,Baixo
1992818,0.45747314537611294,Alto
1990579,0.2178057941855092,Medio
1991463,0.14546647673634983,Baixo
1993553,0.1260827150132632,Baixo
1991341,0.3286310662791283,Medio
1992716,0.31248623019893473,Medio
1993810,0.2182226189393562,Medio
1991339,0.4655159400887461,Alto
1991304,0.1481312115816239,Baixo
1991338,0.33091935665373934,Medio
1993899,0.16695839709378882,Baixo
1993907,0.1655542785131503,Baixo
1993895,0.41399975467814065,Medio
1965276,0.28516883879822347,Medio
1977067,0.21257778063070035,Medio
1971681,0.1984476646202089,Baixo
1990931,0.44714462981548436,Medio
1993897,0.42025432495781756,Medio
1993194,0.15735700871365582,Baixo
1993629,0.4951343279196898,Alto
1990566,0.11888668452510269,Baixo
1993890,0.2415980961606058,Medio
1989457,0.40042742817116644,Medio
1993512,0.12202615497363112,Baixo
1989416,0.43278603633411894,Medio
1993867,0.20212471499383866,Medio
1993931,0.15008398005310863,Baixo
1993941,0.526364816382897,Alto
1992882,0.23317647416537432,Medio
1993937,0.12861455371523098,Baixo
1993967,0.0844866218700092,Baixo
1989406,0.12682208265859143,Baixo
1989345,0.1203431059283542,Baixo
1989341,0.2507327121190767,Medio
1993955,0.09241991988901464,Baixo
1989316,0.09805786243264619,Baixo
1974222,0.22502300620906596,Medio
1992003,0.3466760399963446,Medio
1645175,0.4094471522405806,Medio
1993997,0.4826056938533482,Alto
1993799,0.06225490606511128,Baixo
1992927,0.10114373751119328,Baixo
1992168,0.44904818509601074,Medio
1993993,0.39808360804600573,Medio
1992282,0.47051337655350134,Alto
1991202,0.46902265902837353,Alto
1994004,0.12089552420866757,Baixo
1993688,0.3908929296803408,Medio
1994021,0.4240511134732915,Medio
1990844,0.22399780044622783,Medio
1987419,0.030238700434791647,Baixo
1994035,0.38849466667155147,Medio
1993753,0.06790018136127622,Baixo
1993994,0.07357476866091253,Baixo
1981508,0.33279101627602864,Medio
1945046,0.2932804520603828,Medio
1994031,0.23344880365183834,Medio
1993887,0.40156935463030374,Medio
1994037,0.12581553567687215,Baixo
1964210,0.3718214037149326,Medio
1994055,0.15678254852371687,Baixo
1985296,0.292180935711848,Medio
1993057,0.32231655389857816,Medio
1960726,0.48620751051888567,Alto
1993666,0.06184608274974949,Baixo
1994051,0.22631897628789718,Medio
1933730,0.24910642536000818,Medio
1968623,0.3424739700544791,Medio
1993920,0.13956945678980878,Baixo
1991255,0.07465588807469078,Baixo
1993981,0.2546801260115271,Medio
1973477,0.41202971291417384,Medio
1994048,0.09325874834772403,Baixo
1994078,0.34047017719410516,Medio
1994057,0.2877084575042993,Medio
1994072,0.22077824119566752,Medio
1994041,0.13059622392886633,Baixo
1994088,0.09556200852277669,Baixo
1994128,0.42450052945254096,Medio
1994140,0.2174889429292071,Medio
1994081,0.2532885312046615,Medio
1993081,0.1174332937290643,Baixo
1994152,0.10022026121156176,Baixo
1994145,0.07454272751967743,Baixo
1405223,0.20771550962311272,Medio
1993438,0.18944019000751897,Baixo
1994084,0.17261434438912143,Baixo
1994159,0.01038036219346549,Baixo
1994138,0.09536810221347192,Baixo
1994119,0.10188600582406791,Baixo
1994053,0.05233675473805518,Baixo
1994132,0.39336653467352495,Medio
1990953,0.10240630588532218,Baixo
1993317,0.06522118655062985,Baixo
1993651,0.3250420766309066,Medio
1994169,0.10766757001337812,Baixo
1986885,0.18615825663858057,Baixo
1994151,0.1007873223103941,Baixo
1994178,0.16675394593821985,Baixo
1965767,0.6434793163092883,Alto
1994171,0.43227552663965757,Medio
1994189,0.3380885796944818,Medio
1984601,0.27281924123464923,Medio
1986503,0.3234706628628306,Medio
1994183,0.2570180140290235,Medio
1994192,0.191954771579442,Baixo
1994129,0.1339574000360942,Baixo
1742386,0.19295253760363135,Baixo
1994207,0.1504244478567559,Baixo
1993235,0.2797605551795993,Medio
1994166,0.20199434152642723,Medio
1976902,0.2080604182549463,Medio
1992069,0.3475932138515312,Medio
1994202,0.22019833104469314,Medio
1993447,0.3598046260119145,Medio
1993874,0.10864495889841122,Baixo
1992910,0.11479202624657212,Baixo
1993977,0.274693344438371,Medio
1993979,0.42528395547336517,Medio
1993327,0.19533867004787236,Baixo
1994131,0.21336818937727062,Medio
1994218,0.01231086383185325,Baixo
1994201,0.46094367896989574,Alto
1994182,0.033488806023894736,Baixo
1994214,0.3824361443727283,Medio
1994209,0.18424512957980055,Baixo
1992799,0.3449235007556183,Medio
1994195,0.08490475978443571,Baixo
1993101,0.23072162645349423,Medio
1994227,0.08553157313319791,Baixo
1992658,0.2699498190346612,Medio
1994090,0.15899282181728333,Baixo
1994196,0.29378798873266293,Medio
1994215,0.3064757631339885,Medio
1994236,0.18635574118014744,Baixo
1978324,0.27939058744157874,Medio
1994197,0.17677520877672784,Baixo
1994212,0.31516389743526546,Medio
1991952,0.17289855215167377,Baixo
1994243,0.05205547912212761,Baixo
1989084,0.26272892086072336,Medio
1989447,0.31849893791460937,Medio
1982133,0.15431125578915092,Baixo
1994250,0.20459082399834597,Medio
1994210,0.13554700142876921,Baixo
1993689,0.1465986609828459,Baixo
1994223,0.12254921175321155,Baixo
1994262,0.4234700773827024,Medio
1994264,0.34381366669196495,Medio
1993338,0.2361416790006225,Medio
1993636,0.21917306660495978,Medio
1991394,0.4536017595899561,Alto
1992845,0.4492823902883872,Medio
1994121,0.08874649812950805,Baixo
1994271,0.0697139081973914,Baixo
1994273,0.29543838654825305,Medio
1994285,0.2547481833218611,Medio
1994266,0.06117897019305671,Baixo
1994267,0.41416057568129705,Medio
1991697,0.16281912680780344,Baixo
1994251,0.06183640481192362,Baixo
1992162,0.23124235209635324,Medio
1994282,0.17678266605472417,Baixo
1994295,0.10316052113008937,Baixo
1994269,0.009921164426931757,Baixo
1994292,0.25604868132420866,Medio
1994300,0.16078125133841625,Baixo
1990426,0.0732517639780116,Baixo
1971171,0.3398686510119904,Medio
1994280,0.16623035783404463,Baixo
1988437,0.5367287082769803,Alto
1994288,0.6017207705112949,Alto
1993934,0.32537388838485465,Medio
1994315,0.1253609556110529,Baixo
1993564,0.22229324660149136,Medio
1994335,0.1624064502415585,Baixo
1994317,0.2479801440061299,Medio
1994308,0.3402529053535085,Medio
1990639,0.4054858004982681,Medio
1994342,0.08598002772617858,Baixo
1991398,0.4526717388708464,Alto
1993701,0.5413691986946818,Alto
1994332,0.21730047584428774,Medio
1985742,0.252833496539927,Medio
1994355,0.17472904076358392,Baixo
1994314,0.37546288698051805,Medio
1989896,0.058314277518005386,Baixo
1991034,0.305255982578218,Medio
1992939,0.2916092538812334,Medio
1974473,0.39558139882591287,Medio
1994389,0.015833602633686692,Baixo
1994199,0.1398444286496383,Baixo
1946188,0.5171992233483673,Alto
1994373,0.05433891494499433,Baixo
1994367,0.3495933045261172,Medio
1993987,0.23846317756695992,Medio
1991199,0.038656144906558526,Baixo
1994411,0.060913910803464213,Baixo
1978641,0.10514428165388799,Baixo
1993806,0.0861953213713189,Baixo
1994414,0.03672974890759353,Baixo
1994413,0.5070570271064788,Alto
1994408,0.11782051907396772,Baixo
1992532,0.20663012477481033,Medio
1994424,0.12767678369766047,Baixo
1974277,0.4008694230356218,Medio
1994420,0.1630952932719481,Baixo
1994410,0.17529830309712136,Baixo
1993234,0.2680287229375032,Medio
1994442,0.1683501166957628,Baixo
1994432,0.1527519331721408,Baixo
571840,0.212733888821136,Medio
1994433,0.13594788321305673,Baixo
1994454,0.172659487010792,Baixo
1992819,0.22691860329878538,Medio
1986750,0.3177968277944481,Medio
1933548,0.19964978467589678,Baixo
1994241,0.09626826406397244,Baixo
1994443,0.23474626006944002,Medio
1994436,0.11595418408615409,Baixo
1994455,0.03885797744157742,Baixo
1992073,0.19959068573681246,Baixo
1994429,0.11429267819591754,Baixo
1948617,0.4394065322915008,Medio
1994472,0.04590671807601558,Baixo
1994396,0.2827731340741029,Medio
1989209,0.1951857185443188,Baixo
1989577,0.21228545501871593,Medio
1994467,0.11325536466075252,Baixo
1994402,0.07501300991343213,Baixo
1994482,0.3693927534692174,Medio
1994440,0.16561794574843358,Baixo
1968487,0.16927548654570485,Baixo
1994483,0.26443221375535253,Medio
1994485,0.2104007394347565,Medio
1985822,0.30879090804956366,Medio
1994496,0.2686847041938105,Medio
1994505,0.10483349916868852,Baixo
1994501,0.48965079130714817,Alto
1994510,0.07369851269366355,Baixo
1994446,0.12411012152382668,Baixo
1991823,0.20136178839720065,Medio
1994508,0.3069602175872943,Medio
1994523,0.22509306667772291,Medio
1966759,0.4699013277103174,Alto
1994444,0.33612244173608613,Medio
1994532,0.2253480641231166,Medio
1993053,0.3271940829532227,Medio
1994488,0.2095266762102004,Medio
1994471,0.1616591050223509,Baixo
1990430,0.13340323197721296,Baixo
1991106,0.18257451546293108,Baixo
1974098,0.13520978333307915,Baixo
1994517,0.23746876224180405,Medio
1990575,0.19184497727742533,Baixo
1994303,0.32663981740570613,Medio
1993930,0.1859704709666072,Baixo
1987961,0.5013769344697491,Alto
1966601,0.546957152244249,Alto
1990946,0.4736825171295746,Alto
1994476,0.08688566205924327,Baixo
1994504,0.22107256554497473,Medio
1994550,0.11077719036840712,Baixo
1994154,0.25140152722619535,Medio
1990734,0.11951918130241035,Baixo
1994141,0.09315615043646913,Baixo
1993086,0.41903754968407614,Medio
1993387,0.1608235635590312,Baixo
1994135,0.11925387203006174,Baixo
1990463,0.11470578813904679,Baixo
1994534,0.12575421827240146,Baixo
1988789,0.21682779579577444,Medio
1994535,0.20002123208354222,Medio
1992745,0.11462239996318531,Baixo
1994066,0.36916781647687114,Medio
1994544,0.2997922730598549,Medio
1994177,0.44640230864636854,Medio
1992529,0.3458693981003412,Medio
1994208,0.013024759096283268,Baixo
1985770,0.10584165681938948,Baixo
1993999,0.2872712243264375,Medio
1994462,0.1616217552862677,Baixo
1992294,0.4195580138987916,Medio
1994555,0.306161109950158,Medio
1994521,0.19983930968401878,Baixo
1994194,0.2892206093767877,Medio
1789867,0.6202939512505514,Alto
1994338,0.09199443097485549,Baixo
1994038,0.19011070987659917,Baixo
1993276,0.2711677431398217,Medio
1993237,0.45892608036235516,Alto
1994576,0.259703767097275,Medio
1994579,0.2671156438919433,Medio
1994587,0.02161208331884103,Baixo
1994540,0.2367294440315398,Medio
1986490,0.17305842624136505,Baixo
1994586,0.34332259593117287,Medio
1994589,0.14470633632799076,Baixo
1994596,0.13935568806470008,Baixo
1994541,0.18758808564456214,Baixo
1992848,0.31519409487308814,Medio
1979386,0.26302241114654196,Medio
1994558,0.26446227371783615,Medio
1986573,0.31879161576079684,Medio
1994516,0.1744661519272477,Baixo
1994600,0.14349755957694185,Baixo
1994607,0.09737978481688445,Baixo
1992309,0.23616074820494576,Medio
1980448,0.19813971287789076,Baixo
1994612,0.16917286347145877,Baixo
1946852,0.21555544820848963,Medio
1994637,0.3448401546820844,Medio
1994648,0.24960154554699765,Medio
1994669,0.1739581734079834,Baixo
1991670,0.1993476693193178,Baixo
1994602,0.06529966690815026,Baixo
1994649,0.46534141897463965,Alto
1973933,0.11601535441118314,Baixo
1994646,0.07345784356496898,Baixo
1994613,0.3287701828704194,Medio
1994536,0.12344746003243084,Baixo
1994655,0.06474386325112808,Baixo
1949451,0.28191473444350335,Medio
1994614,0.07809280389901964,Baixo
1992180,0.18713373155061888,Baixo
1975701,0.17695474411916434,Baixo
1992876,0.5192073781682199,Alto
1994599,0.08957816562611103,Baixo
1994509,0.2294736834340814,Medio
1992713,0.25187563527729007,Medio
1994677,0.30089749482944045,Medio
1992366,0.529388101632783,Alto
1994634,0.06337788531191409,Baixo
1981740,0.11015363924047791,Baixo
1994263,0.06971014488522721,Baixo
1993079,0.3433048183516052,Medio
1994578,0.2620363069435501,Medio
1994674,0.260312399461655,Medio
1994695,0.15005431627048263,Baixo
1990564,0.15199532001698168,Baixo
1991230,0.3983182446567664,Medio
1994666,0.12792116312745103,Baixo
1986630,0.29485740518490455,Medio
1992609,0.15424181171407508,Baixo
1989609,0.17678094184519244,Baixo
1984787,0.12367282109837338,Baixo
1756184,0.2914379742704867,Medio
1968475,0.23440011745401998,Medio
1991222,0.2493205175173551,Medio
1993533,0.18801512893254044,Baixo
1988687,0.24455872163697087,Medio
1994700,0.1536953344027834,Baixo
1993758,0.0973608768016398,Baixo
1972801,0.3369052469106693,Medio
1990383,0.1913124264275748,Baixo
1994687,0.2512618364654012,Medio
1994610,0.0644775019926367,Baixo
1748953,0.23285689435301093,Medio
1993984,0.27373579530774284,Medio
1994652,0.16427035433524442,Baixo
1994708,0.24367164355796567,Medio
1994651,0.37756129109219344,Medio
1993711,0.22569229806057342,Medio
1994711,0.4638862473689997,Alto
1963882,0.2117623636849098,Medio
1958024,0.5348777503651345,Alto
1992736,0.38910973245552916,Medio
1951189,0.10260620644000075,Baixo
1994726,0.3861336136750989,Medio
1994725,0.0690142706531561,Baixo
1979819,0.06761737489462452,Baixo
1976772,0.30001823155643925,Medio
1990375,0.16611888236197955,Baixo
1994738,0.6564251732925742,Alto
1992169,0.2624373452210249,Medio
1967067,0.5142892423595844,Alto
1991073,0.08620287124973067,Baixo
1994751,0.1263888158431903,Baixo
1973879,0.43242645921934036,Medio
1994451,0.16954063618263007,Baixo
1994740,0.26821105619964186,Medio
1994252,0.4151459600181985,Medio
1991192,0.30509601695660166,Medio
1994556,0.16964958102642366,Baixo
1994743,0.3252839952285586,Medio
1994762,0.3783555477176699,Medio
1994732,0.08518937273850428,Baixo
1639200,0.44425039739727706,Medio
1992792,0.050499796542115956,Baixo
1974211,0.4597166345124861,Alto
1936318,0.48001597928004486,Alto
1932411,0.5822548921826536,Alto
1932406,0.08841861791206605,Baixo
1942063,0.2362051884056842,Medio
1938942,0.2236291896814033,Medio
1935880,0.45516279310224655,Alto
1621732,0.32911982802313106,Medio
1936927,0.42375581443336635,Medio
1994770,0.32183441947166436,Medio
1932592,0.1941909936897404,Baixo
1930745,0.0730923174237578,Baixo
1935029,0.12133724408164295,Baixo
1936796,0.34831613500212144,Medio
1928851,0.12608452498729303,Baixo
1936710,0.3050255515680363,Medio
1918351,0.2512251120847038,Medio
1807526,0.1204342371159064,Baixo
1962373,0.1685474625020893,Baixo
1616807,0.2694588710000264,Medio
1945350,0.25573569525692574,Medio
1994766,0.24038927204129962,Medio
1994767,0.10873761761824566,Baixo
1994774,0.32056709051064564,Medio
1994458,0.4607100190462933,Alto
1991186,0.2035849512795165,Medio
1992274,0.3745131390945758,Medio
1992341,0.11998112658826246,Baixo
1994682,0.21793328993527092,Medio
1992991,0.3268576324001245,Medio
1992146,0.3517512366312166,Medio
1992197,0.13464916544551442,Baixo
1988922,0.13865233463372287,Baixo
1993165,0.04442492501356438,Baixo
1976366,0.45174941808935665,Alto
1994580,0.01054366959926166,Baixo
1992521,0.06378064371120458,Baixo
1991852,0.06386670628627869,Baixo
1994654,0.3454892371208834,Medio
1994759,0.21845531458378767,Medio
1963119,0.3643835021800762,Medio
1994552,0.36877713791447014,Medio
1991791,0.09644046465343707,Baixo
1985289,0.6090092260603698,Alto
1747130,0.21135276534067807,Medio
1994815,0.056262010003275346,Baixo
1990907,0.2386805850657436,Medio
1972982,0.32338074463110345,Medio
1994818,0.05541982981704236,Baixo
1985392,0.366258669106676,Medio
1991600,0.49822030685802815,Alto
1994761,0.24001991020677887,Medio
1994842,0.12969735607513333,Baixo
1989620,0.061802840374313106,Baixo
1989296,0.12835307862926618,Baixo
1994843,0.13076906262920734,Baixo
1994841,0.26221039742414587,Medio
1993242,0.4173279685765271,Medio
1994835,0.10631803374613223,Baixo
1994845,0.07140045838272761,Baixo
1994847,0.15248549298083547,Baixo
1994852,0.12473478032078684,Baixo
1993217,0.4042179190919633,Medio
1994799,0.17551812496714664,Baixo
1994858,0.23288583197439977,Medio
1994854,0.073615697387419,Baixo
1994493,0.08003164622356918,Baixo
1994870,0.06946996264901302,Baixo
1994868,0.10922336398420301,Baixo
1994802,0.15111659820617698,Baixo
1994849,0.1705534942847429,Baixo
1994895,0.2823935493570168,Medio
1994686,0.11128976353469652,Baixo
1994878,0.23381342175464231,Medio
1992462,0.3574548109477491,Medio
1994893,0.14463798603004263,Baixo
1994884,0.06020965104483482,Baixo
1994896,0.5308939709164644,Alto
1994902,0.193279179877271,Baixo
1977326,0.5560995373049503,Alto
1990482,0.258958992806784,Medio
1990648,0.22074398888288596,Medio
1990728,0.4018776132606304,Medio
1994850,0.3429852759292424,Medio
1994919,0.09867642573035695,Baixo
1994887,0.23998431894109715,Medio
1993424,0.24420571882009823,Medio
1994804,0.16381895439586977,Baixo
1994865,0.1476404682336529,Baixo
1994898,0.4659416123626418,Alto
1994940,0.12458464318102341,Baixo
1994568,0.1398097561859036,Baixo
1994623,0.46062909628237686,Alto
1994941,0.20480317203082413,Medio
1994950,0.13329910633974856,Baixo
1992854,0.37489088059540715,Medio
1994816,0.25642944760466135,Medio
1994889,0.08808395928547083,Baixo
1994938,0.4593245724716046,Alto
1994925,0.5608054938888186,Alto
1994783,0.12600210137888307,Baixo
1994961,0.239404919011458,Medio
1974575,0.3827491422377764,Medio
1994904,0.15843917569068772,Baixo
1994945,0.3897139732621075,Medio
1994954,0.2592195641693686,Medio
1810252,0.25450993159551244,Medio
1994929,0.3727701424667194,Medio
1994946,0.26088193978394386,Medio
1994970,0.1494422471659952,Baixo
1991297,0.12463582699334004,Baixo
1994975,0.23435422184139204,Medio
1994668,0.22722199322918707,Medio
1991149,0.17077132865881753,Baixo
1990870,0.14907567639656272,Baixo
1991028,0.36197399706699007,Medio
1994113,0.06734812662932865,Baixo
1994989,0.7064330193070122,Critico
1988945,0.44570559312353575,Medio
1994735,0.26974115503119683,Medio
1994976,0.06275769779632494,Baixo
1966680,0.16068973595633101,Baixo
1981094,0.4067866091461335,Medio
1992445,0.38053023946714326,Medio
1994996,0.18402335978239823,Baixo
1980135,0.4542247049344577,Alto
1987380,0.3465225638267808,Medio
1995018,0.5548914520475,Alto
1983216,0.34993343471375676,Medio
1995015,0.1855053989202111,Baixo
1993478,0.35765526152275107,Medio
1994990,0.040828319857063804,Baixo
1995021,0.322519398646321,Medio
1995006,0.10155410924718321,Baixo
1995017,0.2808043049686049,Medio
1990069,0.26994296507621846,Medio
1995026,0.28096628161842624,Medio
1668204,0.21953806083943317,Medio
1989821,0.193450661412692,Baixo
1993070,0.12489379489733957,Baixo
1995035,0.1612581170340312,Baixo
1992015,0.19893822617466433,Baixo
1995037,0.277691771086022,Medio
1995053,0.2721449430156549,Medio
1995055,0.6069818963479766,Alto
1940364,0.4254651422893134,Medio
1991286,0.05920227752347971,Baixo
1989516,0.12461395192571212,Baixo
1995039,0.012916036994872917,Baixo
1995002,0.26481321920848666,Medio
1991396,0.20132649794602273,Medio
1994848,0.27543387727381047,Medio
1973195,0.13851533902994217,Baixo
1995073,0.5243670272729224,Alto
1994977,0.19414983122120003,Baixo
1995059,0.25535213076720786,Medio
1994776,0.38304408065807327,Medio
1994903,0.29166340672160973,Medio
1992072,0.2877617438384801,Medio
1995067,0.7029232277787298,Critico
1994571,0.32521509012457883,Medio
1995070,0.2007841856057598,Medio
1989047,0.1328249021646151,Baixo
1995095,0.06558931145327253,Baixo
1983822,0.15638184820333048,Baixo
1995050,0.26734116583784506,Medio
1953308,0.12878149104505,Baixo
1995097,0.3157009599925288,Medio
1995096,0.22257451020848107,Medio
1992434,0.40492761153747553,Medio
1994323,0.0875949308848224,Baixo
1993779,0.42927283321638093,Medio
1983776,0.22200249296336827,Medio
1994417,0.16971988407161043,Baixo
1995094,0.14981222894883128,Baixo
1991625,0.30630030338443864,Medio
1995098,0.33667579060196884,Medio
1993789,0.1915301506044529,Baixo
1995109,0.08922181605302076,Baixo
1992955,0.20140764219029847,Medio
1995126,0.42981739308909306,Medio
1995125,0.12275292476504589,Baixo
1578937,0.3900355418613548,Medio
1994187,0.1305783624692174,Baixo
1995148,0.1640945256549957,Baixo
1978702,0.25800594377629094,Medio
1986338,0.14809137963194674,Baixo
1995156,0.15211461588187739,Baixo
1993456,0.5315915893208876,Alto
1925864,0.1878992189419586,Baixo
1992888,0.15205386511277838,Baixo
1984448,0.18716486779087768,Baixo
1933843,0.48543021286876714,Alto
1995164,0.35095007844563053,Medio
984222,0.18844755060918789,Baixo
1995121,0.1241610081590303,Baixo
1995168,0.11782650340252436,Baixo
1995166,0.38978203220615654,Medio
1995174,0.41622099433602155,Medio
1995169,0.2154072889023541,Medio
1995140,0.07493132109087527,Baixo
1995188,0.03371847920068256,Baixo
1995193,0.42512032383559023,Medio
1995158,0.013467242925379532,Baixo
1991262,0.3654875910311613,Medio
1995189,0.24093284112999466,Medio
1995110,0.11891411434910759,Baixo
1992164,0.174473606672307,Baixo
1995177,0.050900997275117904,Baixo
1995216,0.11207993085367268,Baixo
1995220,0.33978070574780167,Medio
1995078,0.10669487006555162,Baixo
1995154,0.6135614089586467,Alto
1994991,0.3141329145235371,Medio
1984540,0.33951476392252494,Medio
1988844,0.242744194052157,Medio
1995105,0.29244768089576273,Medio
1994670,0.1471514165641139,Baixo
1995118,0.08454856560982134,Baixo
1992675,0.05272314462416109,Baixo
1988972,0.2435682412782412,Medio
1995191,0.18446448604701327,Baixo
1975571,0.3128116784021937,Medio
1995232,0.19515097524102443,Baixo
1995225,0.09192372708769131,Baixo
1995243,0.36681941396953094,Medio
1994913,0.32020821157847507,Medio
1977663,0.10872500179516925,Baixo
1995046,0.1898850442508274,Baixo
1995252,0.24424770595363932,Medio
1995228,0.1922198853292422,Baixo
1993156,0.36730734072589627,Medio
1995114,0.35761064419775923,Medio
1995280,0.10837869835857418,Baixo
1995275,0.09228977145979442,Baixo
1975917,0.07652925878167578,Baixo
1987038,0.08128217965085364,Baixo
1995251,0.09660311871497562,Baixo
1991402,0.5534251261211323,Alto
1995310,0.37830186587446546,Medio
1991472,0.1902816006580738,Baixo
1992640,0.09963269339869706,Baixo
1995287,0.13706834090602482,Baixo
1995304,0.20952800045092126,Medio
1995321,0.08248107441634576,Baixo
1933953,0.20520412202988825,Medio
1995115,0.10500029160154584,Baixo
1995270,0.3719068622340178,Medio
1993640,0.2867895837740573,Medio
1992961,0.4182850667373716,Medio
1995312,0.6416449395338535,Alto
1995277,0.22294478226763542,Medio
1995256,0.2547393648017299,Medio
1995293,0.11900548591788107,Baixo
1995298,0.220057897158327,Medio
1995160,0.29541328605209766,Medio
1994349,0.18728670587826218,Baixo
1995316,0.11101128297529367,Baixo
1995332,0.06544508082322978,Baixo
1982153,0.22606042707507812,Medio
1995102,0.033548893579746046,Baixo
1995327,0.18847989684149252,Baixo
1731856,0.3042056585041219,Medio
1995060,0.3013360523354139,Medio
1995368,0.4187742545319506,Medio
1995308,0.2423327405061432,Medio
1995290,0.2236831611084312,Medio
1995375,0.2755865496921521,Medio
1995198,0.03919111910856923,Baixo
1995261,0.048783990543494506,Baixo
1995348,0.03249773768616159,Baixo
1995370,0.3183899791559637,Medio
1995390,0.23879361953264752,Medio
1995336,0.27216440939067016,Medio
1991121,0.20275340838301054,Medio
1995394,0.3430135947975507,Medio
1993475,0.2581467533433569,Medio
1995351,0.05713307574179178,Baixo
1994958,0.3757443271075489,Medio
1995402,0.4303039407460875,Medio
1994969,0.17547315863393512,Baixo
1995382,0.25510690959190807,Medio
1995269,0.07338095329180164,Baixo
1995405,0.2631673515995728,Medio
1995397,0.23373736215914392,Medio
1995404,0.26241743640673343,Medio
1994844,0.12429499753204558,Baixo
1994459,0.3825123048469268,Medio
1995401,0.2840481448922168,Medio
1995384,0.23023788670854275,Medio
1995307,0.39720739444634257,Medio
1995314,0.2649800073342498,Medio
1995413,0.28557003127209446,Medio
1995423,0.4333046050459205,Medio
1995400,0.1892780601679234,Baixo
1995341,0.13356256309405878,Baixo
1992095,0.1963066388156462,Baixo
1995439,0.1607828048161107,Baixo
1993348,0.28478938619556454,Medio
1995337,0.19709241105963593,Baixo
1995194,0.23145173657086932,Medio
1991299,0.3548513899924738,Medio
1995456,0.3562674799142502,Medio
1951043,0.06276376869743408,Baixo
1995450,0.07265032794061321,Baixo
1995437,0.08423657591193646,Baixo
1995408,0.2726127559879048,Medio
1995449,0.15958252515988247,Baixo
1995446,0.1450540104508545,Baixo
1995463,0.36896705105825467,Medio
1994630,0.30604349458195135,Medio
1978704,0.42444550773537915,Medio
1995477,0.12888054383642703,Baixo
1984069,0.12925427302358763,Baixo
1995482,0.2575126441540159,Medio
1991261,0.27493195972841805,Medio
1994994,0.07985192396943597,Baixo
1995484,0.08798145359053003,Baixo
1995487,0.0674258252021129,Baixo
1995499,0.5373645369185324,Alto
1979493,0.20846131277935542,Medio
1995219,0.17898850280030937,Baixo
1992885,0.35060532943576955,Medio
1995481,0.38857121200829914,Medio
1995509,0.18664012078932474,Baixo
1995520,0.2845321788415705,Medio
1995492,0.48380894546619035,Alto
1993638,0.44331303149744694,Medio
1995512,0.3550002631930351,Medio
1989556,0.033246192949932425,Baixo
1995523,0.15757200918538325,Baixo
1995521,0.11448839165898864,Baixo
1991866,0.40903152619875965,Medio
1995288,0.390696281373104,Medio
1995496,0.4201760065781243,Medio
1995551,0.11596351298939699,Baixo
1995548,0.19635258465657596,Baixo
1995498,0.36365981351789595,Medio
1992401,0.19848053704827323,Baixo
1995559,0.14583083725963059,Baixo
1990918,0.4936041372294165,Alto
1995562,0.12994382619694178,Baixo
1991442,0.2362971223912858,Medio
1993063,0.2485702456697979,Medio
1995575,0.3177762140732069,Medio
1995407,0.13897803465217912,Baixo
1992802,0.23717770253314335,Medio
1994590,0.48351453417651064,Alto
1995596,0.0533892258890515,Baixo
1987489,0.31718768937644365,Medio
1995600,0.283847826254577,Medio
1994986,0.27651524280179923,Medio
1994480,0.43429530407572275,Medio
1995609,0.2512606489297193,Medio
1991392,0.22670912684603658,Medio
1994518,0.19350146015849778,Baixo
1644820,0.28395724944074213,Medio
1995626,0.258508092904881,Medio
1995627,0.041490952976175104,Baixo
1995624,0.07254571493398712,Baixo
1752273,0.06346743642338296,Baixo
1951459,0.16719397108941841,Baixo
1977556,0.12691909442057567,Baixo
1995315,0.07829954667807251,Baixo
1993796,0.23774798209623899,Medio
1995474,0.3719121921068142,Medio
1995641,0.3357768898325477,Medio
1995442,0.16980092328419963,Baixo
1995642,0.07025434279359309,Baixo
1993926,0.29068393147299376,Medio
1995648,0.14571852554426595,Baixo
1972619,0.27168909646273787,Medio
1986746,0.13667517852122943,Baixo
1995621,0.16240221481779615,Baixo
1974156,0.14091208233075123,Baixo
1967764,0.20790211204519968,Medio
1995613,0.21621346389973556,Medio
1995660,0.1685205955882915,Baixo
1991638,0.119660192569584,Baixo
1995322,0.22336027564670702,Medio
1896655,0.3007149562390492,Medio
1994546,0.21077457850654518,Medio
1988228,0.029881868731039537,Baixo
1995265,0.46624592215600275,Alto
1995003,0.11476270570584324,Baixo
1979483,0.21909486651724816,Medio
1995682,0.15178550214663705,Baixo
1992635,0.2018714260625215,Medio
1994296,0.15669485359496124,Baixo
1995649,0.0741247523112258,Baixo
1995587,0.1532900574383353,Baixo
1995678,0.14003755076483362,Baixo
1986465,0.09552239798556217,Baixo
1983831,0.18159040172083357,Baixo
1975076,0.4147181512319662,Medio
1992689,0.21207117144307713,Medio
1992223,0.31753760019712957,Medio
1993912,0.34738023103782384,Medio
1992597,0.21113907887575856,Medio
1831752,0.2781313196717378,Medio
1994575,0.1961464899206106,Baixo
1993260,0.26561131350638023,Medio
1941673,0.06547983651570487,Baixo
1995711,0.2883741959859309,Medio
1958910,0.28743470722786674,Medio
1995707,0.182859207707463,Baixo
1988685,0.2879194323307768,Medio
1973218,0.1960472594010301,Baixo
1995717,0.3962660641692175,Medio
1995708,0.11020374363683257,Baixo
1394632,0.36645111285368603,Medio
1995720,0.09267017557360585,Baixo
1009752,0.2888969045336593,Medio
1995730,0.17569653109716302,Baixo
1995733,0.14278750449822417,Baixo
1944954,0.13933825696110508,Baixo
1989249,0.45153980243518294,Alto
1993454,0.22745667243647952,Medio
1993771,0.29347306366425185,Medio
1986997,0.13642104093908447,Baixo
1992895,0.408472551970823,Medio
1993507,0.4075938517272303,Medio
1995731,0.18998566746705364,Baixo
1995763,0.21317349981721306,Medio
1995162,0.20407113401324115,Medio
1995736,0.09359399804931534,Baixo
1994260,0.5970710980256958,Alto
1995751,0.31458124440072227,Medio
1995234,0.13703437228760373,Baixo
1990739,0.21372064620580583,Medio
1993776,0.13771460856580958,Baixo
1981709,0.17612043638439118,Baixo
1988189,0.259807538249631,Medio
1995775,0.2970961773109124,Medio
1994351,0.04257287830591347,Baixo
1995788,0.19846737375398854,Baixo
1995787,0.33753282149550257,Medio
1974289,0.23107050537325877,Medio
1995790,0.16104688453618438,Baixo
1995718,0.16010375595978435,Baixo
1995769,0.12375998917764976,Baixo
1995802,0.3590006038640539,Medio
1992133,0.31498387849611625,Medio
1994099,0.43087553511257565,Medio
1995806,0.16579553552775875,Baixo
1995760,0.15613815438451217,Baixo
1995099,0.08167446916972665,Baixo
1995812,0.1973174120286773,Baixo
1987352,0.24874720583475057,Medio
1990945,0.23824898861704996,Medio
1995816,0.22093852009489726,Medio
1995383,0.41590058998964236,Medio
1995827,0.2406747839382201,Medio
1959305,0.4163900717611662,Medio
1953230,0.35398718357491044,Medio
1995821,0.1573556283641015,Baixo
1995745,0.06424211290359902,Baixo
1992631,0.4339609693514698,Medio
1995832,0.4932067090052605,Alto
1969741,0.4936046570430884,Alto
1717706,0.3328299036095937,Medio
1988206,0.11228588108570266,Baixo
1990832,0.15530216127514337,Baixo
1995813,0.1929604589673876,Baixo
1995837,0.5201693294596776,Alto
1995856,0.13854352875524206,Baixo
1995622,0.09186062508147821,Baixo
1995672,0.2647638363439144,Medio
1958956,0.4799345913115235,Alto
1985402,0.11304917936828685,Baixo
1995859,0.23780177086097745,Medio
1978899,0.29280247594926023,Medio
1910864,0.4200546905360132,Medio
1995871,0.3178392384837416,Medio
1993297,0.36597981947126507,Medio
1995873,0.1934690934691323,Baixo
1995874,0.06495190780449736,Baixo
1995867,0.25599118040346236,Medio
1995875,0.03326868090275159,Baixo
1994742,0.05647628675649183,Baixo
1990416,0.2527546083713679,Medio
1995883,0.01380282790181494,Baixo
1994399,0.4641247675941267,Alto
1995879,0.08041309707682179,Baixo
1995890,0.33726050334839636,Medio
1995465,0.12250761203138079,Baixo
1995893,0.1861129797345846,Baixo
1975169,0.2548028094824439,Medio
1974403,0.11472702501982215,Baixo
1988740,0.19110905136599773,Baixo
1995885,0.18302642793996077,Baixo
1995896,0.13616371759203633,Baixo
1991900,0.39486553503147426,Medio
1995150,0.19682786074615222,Baixo
1995870,0.14355951360870522,Baixo
1994276,0.08888231980452004,Baixo
1995415,0.24094423238510193,Medio
1995852,0.08492006245833797,Baixo
1994254,0.4466978930969222,Medio
1995902,0.20079546596701273,Medio
1995908,0.11579531779164332,Baixo
1995911,0.2085002335636252,Medio
1995399,0.05195456725592489,Baixo
1995912,0.19034036372034296,Baixo
1990511,0.06230438755148383,Baixo
1995746,0.37802804822902575,Medio
1993150,0.295397551501599,Medio
1973683,0.24004584444630198,Medio
1975933,0.06723824740765881,Baixo
1975089,0.5852821434286639,Alto
1995930,0.18116290453178266,Baixo
1994944,0.3076150651424386,Medio
1987397,0.49731234942955094,Alto
1985902,0.44267204455500136,Medio
1995834,0.12742409975926702,Baixo
1991086,0.28010002573472786,Medio
1995931,0.09848940214409597,Baixo
1995380,0.21560747426972401,Medio
1995900,0.44922786839780954,Medio
1993376,0.214555532116801,Medio
1995940,0.25734549608460205,Medio
1995656,0.10115914448624017,Baixo
1993508,0.23701230727984976,Medio
1993712,0.22262647892897905,Medio
1992906,0.2026740257546411,Medio
1995915,0.26435617705474673,Medio
1995946,0.28945829376839166,Medio
1995913,0.12074434594191305,Baixo
1986814,0.29573910417121135,Medio
1995843,0.11670674568429992,Baixo
1995945,0.19855342939572473,Baixo
1995948,0.4638045776429112,Alto
1995957,0.19382201282273182,Baixo
1959941,0.29301135632733755,Medio
1974587,0.368401423666186,Medio
1995934,0.5466364950843993,Alto
1995917,0.2839100460906954,Medio
1994643,0.3856624764483568,Medio
1993863,0.20523628932803953,Medio
1994401,0.0966514629227094,Baixo
1762983,0.18757667565598446,Baixo
1977642,0.30595783806305904,Medio
1995972,0.23322365157896247,Medio
1995679,0.2690315720559974,Medio
1995975,0.15642149467020477,Baixo
1966488,0.2638358029306256,Medio
1973177,0.20819769950547512,Medio
1995964,0.16123393897442342,Baixo
1995991,0.5759378958605481,Alto
1995928,0.2812844426738857,Medio
1982725,0.14715700353247327,Baixo
1996010,0.1832455550603728,Baixo
1995515,0.27883450359053996,Medio
1950037,0.3346964157105417,Medio
1995997,0.36658182408795004,Medio
1995965,0.3820487317744529,Medio
1993448,0.4057962381222317,Medio
1995916,0.3810324988146096,Medio
1991557,0.501026810972239,Alto
1982187,0.13924301430728797,Baixo
1995406,0.46658744644410477,Alto
1995979,0.159882939414302,Baixo
1988766,0.4569324034639127,Alto
1989218,0.24018262903687168,Medio
1996027,0.15769104123070743,Baixo
1993554,0.1920161623760711,Baixo
1994358,0.08568324353412297,Baixo
1079402,0.19746164162641763,Baixo
1994106,0.3537450651718052,Medio
1996012,0.24587891506066467,Medio
1996035,0.12228144962624775,Baixo
972186,0.37449571176567814,Medio
1996030,0.17438089822325506,Baixo
1996052,0.23115867888492686,Medio
1996037,0.07791761428681478,Baixo
1984729,0.2068536891549336,Medio
1996047,0.07285430856656333,Baixo
1995149,0.1788673020244048,Baixo
1996043,0.09135617552558657,Baixo
1661158,0.15148656012793044,Baixo
1996066,0.12220701658177602,Baixo
1996060,0.35131441047489015,Medio
1996067,0.16903974373157354,Baixo
1996055,0.20581022470481894,Medio
1996044,0.4486675076154124,Medio
1996022,0.413240874821534,Medio
1995359,0.35791360572784514,Medio
1993159,0.1923640782561001,Baixo
1996053,0.11851380854977996,Baixo
1995876,0.20539215112804407,Medio
1995861,0.03505046052962663,Baixo
1992381,0.4995463667164709,Alto
1994365,0.11837353909225773,Baixo
1995825,0.5410985724337602,Alto
1994993,0.05214761851205092,Baixo
1993421,0.19957751870500406,Baixo
1995782,0.22162278037888597,Medio
1995898,0.2495083602534149,Medio
1995320,0.1540941493226711,Baixo
1994361,0.28979539535165993,Medio
1996062,0.2451360062259829,Medio
1995752,0.21669538768160895,Medio
1996085,0.33854297922150894,Medio
1995884,0.12944573449758265,Baixo
1993187,0.08765420304053835,Baixo
1995851,0.26922852577296436,Medio
1996077,0.38849227845372697,Medio
1968172,0.47844998616092405,Alto
1992440,0.16391410408901338,Baixo
1996088,0.2445044475240738,Medio
1989252,0.1264226285875966,Baixo
1996093,0.24650107799227117,Medio
1996076,0.15550219802429677,Baixo
1995527,0.24975887755993428,Medio
1996048,0.4169604865987357,Medio
1985442,0.12562890334997356,Baixo
1995410,0.18746850320112196,Baixo
1994071,0.23179145500445117,Medio
1554627,0.3774508361914505,Medio
1994824,0.1381175296708665,Baixo
1996112,0.1564369745684234,Baixo
1936161,0.09304941608245018,Baixo
1996123,0.11760570686528272,Baixo
1996108,0.11894126309516996,Baixo
1996099,0.13957292405233754,Baixo
1960746,0.5653255275180908,Alto
1984909,0.06037270715030824,Baixo
1996135,0.14342601765813445,Baixo
1996122,0.17510368549800195,Baixo
1992899,0.1053325634079201,Baixo
1996142,0.683230970727161,Alto
1996120,0.23224244797099786,Medio
1995303,0.33361006178188096,Medio
1961840,0.19139907325597322,Baixo
1995671,0.21465403498801983,Medio
1996115,0.34635733670354224,Medio
1996095,0.5641372198648233,Alto
1992441,0.2709759167255007,Medio
1996111,0.391568912994107,Medio
1996149,0.08990765184342879,Baixo
1373536,0.043485615230373746,Baixo
1991064,0.211533387233169,Medio
1996158,0.12131700505096976,Baixo
1979704,0.14281750890979025,Baixo
1995082,0.2447439709015937,Medio
1995947,0.2886318530066458,Medio
1996147,0.08667422441738165,Baixo
1996165,0.2984106411298636,Medio
1995982,0.22873719055566558,Medio
1995941,0.5172850769429403,Alto
1993857,0.19347935602819916,Baixo
1996181,0.3738644135989892,Medio
1973764,0.42195209171081255,Medio
1996109,0.0496917070435735,Baixo
1996073,0.41389132544491863,Medio
1996145,0.10663387575081666,Baixo
1996039,0.42550440010652013,Medio
1996152,0.25276899136324144,Medio
1996168,0.051281674507052205,Baixo
1996185,0.1440206164785106,Baixo
1975943,0.35662488352328436,Medio
1996179,0.0985872002126199,Baixo
1996173,0.4542915749221264,Alto
1996194,0.15456674433453202,Baixo
1996203,0.17803051171355333,Baixo
1995676,0.3708191974265361,Medio
1990942,0.3417587116878918,Medio
1993764,0.3402055695387381,Medio
1996017,0.11146382762195929,Baixo
1987155,0.17453004482678725,Baixo
1996190,0.2017004611001882,Medio
1553694,0.10802658355750612,Baixo
1995357,0.23160096465258703,Medio
1995952,0.6799946964117373,Alto
1996189,0.15603306150955695,Baixo
1996110,0.1826719736254574,Baixo
1996223,0.16731548047970296,Baixo
1996213,0.35219135513345823,Medio
1987906,0.22594544770950492,Medio
1996199,0.40040648686138064,Medio
1990974,0.20088998493584778,Medio
1991464,0.18467912535724276,Baixo
1996193,0.08303316029922359,Baixo
1996249,0.13595744836737736,Baixo
1996084,0.12733628500341673,Baixo
1996183,0.1914852968880918,Baixo
1996205,0.06541347832500198,Baixo
1996261,0.15596182220457291,Baixo
1996265,0.2358936186470115,Medio
1949939,0.13060898653263128,Baixo
1996285,0.12965034400230907,Baixo
1996286,0.2580527864748039,Medio
1993460,0.4874129858913247,Alto
1993003,0.39763155678374185,Medio
1993811,0.32254599478434715,Medio
1996297,0.13462677723756444,Baixo
1990949,0.322119094500547,Medio
1996172,0.18177716100044156,Baixo
1993759,0.1732740881677453,Baixo
1991226,0.15393914496545388,Baixo
1996292,0.3081256308963493,Medio
1996248,0.19957953491489772,Baixo
1990340,0.0986694067158508,Baixo
1993735,0.2580838444411019,Medio
1996306,0.33070474432059493,Medio
1992379,0.12491643968854964,Baixo
1996191,0.28968092191808725,Medio
1941654,0.2253928001829078,Medio
1996308,0.34000168865360575,Medio
1974119,0.4499985383604199,Medio
1996316,0.16023644995983238,Baixo
1936262,0.29876723931225446,Medio
1995052,0.3465797297776212,Medio
1996332,0.07543518117328757,Baixo
1996315,0.23578639989871925,Medio
1986555,0.19713404682243463,Baixo
1994278,0.4939322333885936,Alto
1996133,0.08617428642871326,Baixo
1995786,0.21023183144128638,Medio
1972370,0.44155829700773847,Medio
1996339,0.14859318980472958,Baixo
1996347,0.124928416737532,Baixo
1996355,0.35212010284966466,Medio
1987482,0.15742702780543844,Baixo
1996242,0.16366719301597382,Baixo
1996277,0.3156868640008042,Medio
1980914,0.13263125362838235,Baixo
1996345,0.24711264900205587,Medio
1996235,0.3146968491552346,Medio
1996063,0.10536435624272764,Baixo
1995705,0.27335136136252436,Medio
1986720,0.14725217490389736,Baixo
1994109,0.08296466542702666,Baixo
1991760,0.23673773549376717,Medio
1996351,0.014078109593857531,Baixo
1994693,0.30832509587502865,Medio
1996051,0.16778505707221533,Baixo
1996208,0.13198938266271618,Baixo
1989311,0.06989981958113785,Baixo
842032,0.10122103725201839,Baixo
1995511,0.1985597285161952,Baixo
1996357,0.04460212752950038,Baixo
1977123,0.36926544528785654,Medio
1996359,0.16375273240574464,Baixo
1987175,0.14213893628243482,Baixo
1996378,0.21563759793748571,Medio
1965252,0.23245883556255456,Medio
1996325,0.20269231309961516,Medio
1996247,0.08210079270048139,Baixo
1995981,0.14946291692382827,Baixo
1995869,0.24751945405480044,Medio
1996383,0.48813506188564765,Alto
1996385,0.12344365578774369,Baixo
1994435,0.12910508455162414,Baixo
1995389,0.11981962416589083,Baixo
1996376,0.2017400857246537,Medio
1996372,0.49112403938353383,Alto
1988722,0.3324456626361268,Medio
1996388,0.28786316451416377,Medio
1996404,0.3421657359179509,Medio
1823222,0.2231098602382793,Medio
1974644,0.061568681576939066,Baixo
1991606,0.19185309994155364,Baixo
1995445,0.33373557566416134,Medio
1996381,0.17620029587289718,Baixo
1996395,0.0933745199599136,Baixo
1996405,0.21016698342192278,Medio
1983703,0.4732509086409095,Alto
1974803,0.3206729576861002,Medio
1992869,0.27165422708293274,Medio
1996407,0.11852509931835982,Baixo
1861816,0.2621002562092328,Medio
1994935,0.10440511129238421,Baixo
1995886,0.1130702327889386,Baixo
1996417,0.18866291862158674,Baixo
1996403,0.19282695760768656,Baixo
1996431,0.3275010044891838,Medio
1996432,0.3851092862661339,Medio
1973129,0.3301264743134616,Medio
1996439,0.23736773591591215,Medio
1996421,0.27706550089729853,Medio
1995933,0.1893853740019142,Baixo
1996436,0.13906158231897964,Baixo
1996448,0.446266727696281,Medio
1996430,0.5112602587751937,Alto
1996437,0.09186571709581146,Baixo
1996445,0.07609819142066096,Baixo
1994008,0.20373959451585402,Medio
1996447,0.4113604859184993,Medio
1996450,0.2061831576374529,Medio
1996453,0.47235989186397115,Alto
1996456,0.5879379709204461,Alto
1995392,0.301130260068287,Medio
1996446,0.1188341823553964,Baixo
1996196,0.34777325317591207,Medio
1996271,0.17414873374872372,Baixo
1996086,0.4857277178387479,Alto
1996406,0.10616814555795888,Baixo
1990391,0.2905319949865426,Medio
1994042,0.1556146130135693,Baixo
1996346,0.08610829750424194,Baixo
1996444,0.11147658565665931,Baixo
1971385,0.20007562355809266,Medio
1996467,0.2665560407779754,Medio
1996195,0.2507559835635257,Medio
1996455,0.49319529985444943,Alto
1996461,0.1156749978374872,Baixo
1994701,0.13339383632963206,Baixo
1965894,0.48768010231345726,Alto
1996305,0.3347451451998116,Medio
1996484,0.08171043066405094,Baixo
1996489,0.2568474497925172,Medio
1981832,0.09213353271886875,Baixo
1994542,0.1804889719024819,Baixo
1994973,0.6550354418979906,Alto
1974925,0.4429777227459578,Medio
1994149,0.29026501484870126,Medio
1996127,0.26006289915279385,Medio
1996502,0.1151456075222481,Baixo
1996506,0.44445924107604956,Medio
1990256,0.05599900159265561,Baixo
1927834,0.38821626476018395,Medio
1996503,0.4368686591098083,Medio
1996492,0.24078918711922714,Medio
1996483,0.15121551320114668,Baixo
1995329,0.18165252656842473,Baixo
1995866,0.28133637921881255,Medio
1995376,0.3473389708363306,Medio
1996523,0.2370291898836117,Medio
1996459,0.08620590203738242,Baixo
1967391,0.4727443606834397,Alto
1996500,0.3984045522823718,Medio
1982646,0.24585596725158287,Medio
1994494,0.13931116753273418,Baixo
1989164,0.2322924544487139,Medio
1982395,0.3110331367357867,Medio
1973412,0.5359889016125893,Alto
1996222,0.3954036936330834,Medio
1996511,0.27114701170258115,Medio
1996513,0.18608525152210734,Baixo
1995630,0.09646778293032152,Baixo
1990473,0.3711665930490689,Medio
1996458,0.13635497781814993,Baixo
1996510,0.34183112836897844,Medio
1996336,0.17869355820369942,Baixo
1996526,0.013595505775745148,Baixo
1949038,0.0696423798698451,Baixo
1988338,0.36581397007045224,Medio
1996561,0.15815066387954102,Baixo
1996564,0.23222267633657176,Medio
1977592,0.3516560078401017,Medio
1996559,0.09636828253189249,Baixo
1996566,0.34118875417817773,Medio
1996380,0.16699646759237227,Baixo
1996326,0.19015856895792227,Baixo
1990374,0.15173301750323065,Baixo
1992278,0.2809594375553131,Medio
1972767,0.1551838962375675,Baixo
1996560,0.23970876198249358,Medio
1974880,0.17643576562557137,Baixo
1960965,0.2888683470557658,Medio
1994811,0.20521670965687128,Medio
1996081,0.33005319509215575,Medio
1981840,0.44024439466078014,Medio
1994894,0.2195672472107795,Medio
1996565,0.24505686252642042,Medio
1992236,0.5034971004872163,Alto
1996408,0.1723762688688366,Baixo
1996600,0.41977398940050614,Medio
1995585,0.4297688181727047,Medio
1996596,0.1228522935543992,Baixo
1996604,0.09465924673335098,Baixo
1996001,0.22573512363376574,Medio
1995985,0.23108390318818015,Medio
1996608,0.11844436854198111,Baixo
1996632,0.43279319933343474,Medio
1996553,0.13044093120937522,Baixo
1996333,0.3879399080174909,Medio
1996529,0.3910231359493473,Medio
1954236,0.21656648042464618,Medio
1996586,0.4577297724749843,Alto
1990838,0.17555219871677283,Baixo
1996614,0.10385001095470366,Baixo
1996625,0.21124868173351927,Medio
1996457,0.3724881697872537,Medio
1989094,0.5566104899546428,Alto
1996616,0.16744032522332652,Baixo
1994478,0.31169429400625215,Medio
1996613,0.11070276268323245,Baixo
1989625,0.4328198292806276,Medio
1996649,0.19961620123306265,Baixo
1968422,0.21495271204289,Medio
1996619,0.13960203658910586,Baixo
1996116,0.4011531985528924,Medio
1996644,0.37156507577319003,Medio
1996648,0.576068452094571,Alto
1996662,0.3985639686501318,Medio
1991055,0.2827716543512132,Medio
1981160,0.39318694588314573,Medio
1996664,0.2226501422691156,Medio
1995510,0.18174267243415626,Baixo
1980083,0.27372075838344767,Medio
1996665,0.08517153347512306,Baixo
1996658,0.09810160931971491,Baixo
1996646,0.03362819334968775,Baixo
1993949,0.27712053154648647,Medio
1996621,0.09156287953567353,Baixo
1961627,0.3773230807444911,Medio
1996686,0.13768378725949548,Baixo
1996188,0.23585548511620597,Medio
1963060,0.1801645830122831,Baixo
1993731,0.30746694922664985,Medio
1996102,0.16554573305169903,Baixo
1996668,0.1723200369763461,Baixo
1996674,0.19653763847939518,Baixo
1996681,0.17286399819902154,Baixo
1996273,0.11392652631805206,Baixo
1994161,0.013399398123518624,Baixo
1996690,0.21889057111459587,Medio
1996301,0.3372975868678222,Medio
1996669,0.32570875434577345,Medio
1996474,0.14384663872377063,Baixo
1996387,0.09352883090185583,Baixo
1996688,0.13191740764436555,Baixo
1996236,0.11509724165690109,Baixo
1996234,0.30539185699281585,Medio
1984370,0.3163796178973484,Medio
1985247,0.1831576811907327,Baixo
1996687,0.24516786319645303,Medio
1994512,0.17385728864813235,Baixo
1996656,0.13760229054132653,Baixo
1957854,0.2538247384708167,Medio
1996689,0.11905540181532892,Baixo
1996428,0.1307914116768691,Baixo
1996700,0.12958482296060192,Baixo
1928683,0.2577996107858081,Medio
1994130,0.42389405101063543,Medio
1995323,0.25357916752523657,Medio
1982334,0.13849436619969735,Baixo
1993364,0.1163945445803284,Baixo
1989072,0.42344514073937545,Medio
1959625,0.3711732468126777,Medio
1989180,0.19746182773867915,Baixo
1996711,0.12553160030266736,Baixo
1996713,0.1585837424498516,Baixo
1980777,0.0880922396105637,Baixo
1996601,0.25345992537147966,Medio
1996702,0.1360148128724859,Baixo
1996707,0.2182960428787065,Medio
1996633,0.11840271749682665,Baixo
1994147,0.2676548774633033,Medio
1996557,0.41506462130804456,Medio
1996716,0.24070771574291536,Medio
1974502,0.10198058252710694,Baixo
1992292,0.15397074914612166,Baixo
1990979,0.16466100606604153,Baixo
1994803,0.16106795092553028,Baixo
1996733,0.038132235210003355,Baixo
1990302,0.37788193135485026,Medio
1996732,0.4949326177933814,Alto
1996580,0.15462754180921062,Baixo
1990834,0.14229215690759242,Baixo
1996719,0.3995969378876618,Medio
1996748,0.31614346482468797,Medio
1996740,0.10255495993403622,Baixo
1996757,0.08595371364761341,Baixo
1961488,0.2253180916356168,Medio
1995311,0.43029145570496125,Medio
1258036,0.42973747797954764,Medio
1995381,0.23731087240201645,Medio
1996401,0.05189675695699336,Baixo
1987016,0.11192545837759077,Baixo
1994979,0.14803401716093145,Baixo
1996754,0.07667803019268174,Baixo
1996777,0.29775316897045506,Medio
1996554,0.10496117929209522,Baixo
1991781,0.1411671089560799,Baixo
1986127,0.07683699142592942,Baixo
1977615,0.10577936641415922,Baixo
1996692,0.09657451841623031,Baixo
1977179,0.10401772976974828,Baixo
1990527,0.1660098344988227,Baixo
1973941,0.5589785962009256,Alto
1973286,0.2762226452020664,Medio
1996031,0.6697093464206284,Alto
1996630,0.16743085529325338,Baixo
1996755,0.2229865167738687,Medio
1996728,0.25561385770793005,Medio
1858929,0.37562977484098037,Medio
1996735,0.04731495133797755,Baixo
1974205,0.35639117653104624,Medio
1996767,0.10237666835331655,Baixo
1996742,0.22712126468261554,Medio
1996756,0.03515940681448755,Baixo
1996753,0.18294001620758046,Baixo
1996749,0.2025433288366557,Medio
1996769,0.33599994057068844,Medio
1996752,0.3805481624367336,Medio
1996768,0.44510903958019166,Medio
1951965,0.16428348532253667,Baixo
1996629,0.303493044964094,Medio
1996709,0.7010896800992098,Critico
1996747,0.11553208384289346,Baixo
1996771,0.30100326819877815,Medio
1996775,0.32543833968416064,Medio
1996781,0.2664158243136512,Medio
1295996,0.044243082782832496,Baixo
1996706,0.07966778357473829,Baixo
1993971,0.17477569932601475,Baixo
1996766,0.1648658330868942,Baixo
1996786,0.2650849330971719,Medio
1996792,0.2282300033369308,Medio
1996784,0.2579149575256173,Medio
1986913,0.17302830600301047,Baixo
1953718,0.4904525109231854,Alto
1966421,0.635983107686195,Alto
1995385,0.26710527040405796,Medio
1995422,0.40403064543892525,Medio
1996795,0.41539364473543855,Medio
1989090,0.09251369699411681,Baixo
1996790,0.2105662518938058,Medio
1990114,0.23681615285281893,Medio
1996682,0.1405631757319495,Baixo
1996808,0.1223435959310226,Baixo
1995365,0.4464615455462308,Medio
1996794,0.5298642611701995,Alto
1996802,0.2367596382609475,Medio
1995248,0.2385356800323019,Medio
1996801,0.05902431184455611,Baixo
1995962,0.3857847307964738,Medio
1744334,0.1335673830980136,Baixo
1996820,0.28406073745367083,Medio
1996804,0.2700729534675117,Medio
1996810,0.34334693663774424,Medio
1996809,0.15332864774086416,Baixo
1978536,0.11622501337462966,Baixo
1996825,0.16897454136874884,Baixo
1996819,0.06733794466920381,Baixo
1994780,0.32132418877745,Medio
1991102,0.04535557542983933,Baixo
1996824,0.31151313098024547,Medio
1927103,0.41034404988682055,Medio
1996829,0.2761452108122925,Medio
1976291,0.169061445772385,Baixo
1947170,0.3159908201191416,Medio
1984624,0.3766876414126185,Medio
1996787,0.19228990408931212,Baixo
1813771,0.45868639189303295,Alto
1996833,0.39021191282623535,Medio
1996818,0.06869661223070703,Baixo
1996831,0.44685478280686425,Medio
1996226,0.22607422756694362,Medio
1973591,0.3725111672285784,Medio
1996485,0.2421926235897561,Medio
1995100,0.7088941919694342,Critico
1994065,0.2469934390330664,Medio
1995728,0.21700187685321778,Medio
1981271,0.17038802710063194,Baixo
1977608,0.13792929589258104,Baixo
1996582,0.06691456453082231,Baixo
1996817,0.4359657348537453,Medio
1981958,0.11160592139308839,Baixo
1943219,0.5128609760135059,Alto
1996782,0.19868276661726622,Baixo
1996849,0.13277469905713757,Baixo
1993581,0.12546017304990636,Baixo
1996857,0.3797097270563948,Medio
1996866,0.18310871595298484,Baixo
1994758,0.31389198362423865,Medio
1982044,0.4051344505819613,Medio
1996002,0.1259280122075765,Baixo
1995571,0.2555562502424533,Medio
1996045,0.40110407744031273,Medio
1993291,0.09625600027985294,Baixo
1996729,0.38057073572673045,Medio
1996860,0.1048809251626341,Baixo
1996788,0.08702750787776745,Baixo
1975397,0.3984958130854072,Medio
1954381,0.4355030768313036,Medio
1986653,0.11647823514665719,Baixo
1995207,0.08691838192174463,Baixo
1993667,0.14225572794356406,Baixo
1982998,0.29365815182821836,Medio
1996811,0.25849204012397925,Medio
1986219,0.20823260289786386,Medio
1993201,0.35889757802679184,Medio
1996884,0.20002048066501238,Medio
1996879,0.3598005979967644,Medio
1996885,0.3510660255955549,Medio
1766622,0.23699506545810564,Medio
1996888,0.3943431361783888,Medio
1996875,0.11548578449429436,Baixo
1990157,0.18136258863488167,Baixo
1996872,0.11760102557493127,Baixo
1996869,0.3805793048698816,Medio
1996877,0.5757385333034948,Alto
1996873,0.11816077347743296,Baixo
1996900,0.08052505479171411,Baixo
1996891,0.20434396608524502,Medio
1988909,0.22529996131375032,Medio
1996907,0.08534336931718438,Baixo
1978410,0.37149859548782405,Medio
1852969,0.1348633907859045,Baixo
1981148,0.09146513671260628,Baixo
1996863,0.034408834629588186,Baixo
1986433,0.27201392864176355,Medio
1806667,0.10677748772818464,Baixo
1996911,0.15717293146331637,Baixo
1747704,0.24690711370478177,Medio
1996915,0.44344302850850725,Medio
1996916,0.12010243698367003,Baixo
1996906,0.19035778698462485,Baixo
1996910,0.20523941770043186,Medio
1993966,0.04486916825768881,Baixo
1996945,0.11785407399049803,Baixo
1977304,0.08175033897681341,Baixo
1996929,0.11145990951761783,Baixo
1996932,0.3096099145983327,Medio
1996949,0.2828885228913224,Medio
1996920,0.23495488000868037,Medio
1996927,0.05245245090265689,Baixo
1996936,0.093896545754595,Baixo
1996947,0.4083005040171382,Medio
1996952,0.06467542727655211,Baixo
1996946,0.1762383329077537,Baixo
1969252,0.3672656259729796,Medio
1986607,0.16556131166697177,Baixo
1994093,0.09355164411010349,Baixo
1996944,0.4515072469047534,Alto
1996890,0.09653070954318199,Baixo
1996934,0.27518763929491813,Medio
1996924,0.09532977446191696,Baixo
1996948,0.3186231542273577,Medio
1996940,0.14763614183792884,Baixo
1996933,0.37148883001564487,Medio
1996926,0.06748447555366688,Baixo
1994817,0.17532723980416046,Baixo
1989622,0.20894141344666337,Medio
1996041,0.16943706971164813,Baixo
1974607,0.3270198839156024,Medio
1985886,0.3218388427160897,Medio
1996954,0.41531595076197,Medio
1996931,0.08787890848193618,Baixo
1996666,0.1888613227079014,Baixo
1996964,0.1627709625676595,Baixo
1996973,0.14411466701117318,Baixo
1996870,0.208543182011,Medio
1993755,0.13238493932912757,Baixo
1993853,0.17803784345955756,Baixo
1777088,0.3196073678875364,Medio
1976896,0.23606224286196892,Medio
1996841,0.19470872856469046,Baixo
1996844,0.06672341322567919,Baixo
1076399,0.2704806699230297,Medio
1976430,0.07719043937987306,Baixo
1991763,0.15814585006630447,Baixo
1996918,0.19331979066407506,Baixo
1994644,0.09756807970176505,Baixo
1983638,0.34029922492770115,Medio
1996622,0.29820832922452734,Medio
1964130,0.536288708305845,Alto
1974189,0.33268881274159967,Medio
1996987,0.1959508713038178,Baixo
1996806,0.08650444979982516,Baixo
1995994,0.10945159692368961,Baixo
1997005,0.06922822139225107,Baixo
1995715,0.06901228172505862,Baixo
1996717,0.3910558084135835,Medio
1996904,0.2999334585706066,Medio
1996845,0.3443332572875461,Medio
1954593,0.32015128557088635,Medio
1996992,0.11055261722048125,Baixo
1975699,0.17835868865461257,Baixo
1997001,0.03946400350979163,Baixo
1996994,0.2520568686388615,Medio
1996909,0.08036758502012573,Baixo
1991211,0.033496569264804245,Baixo
1996999,0.1728302793016821,Baixo
1997011,0.1102206673092026,Baixo
1997017,0.09946036689549258,Baixo
1991023,0.342002976562333,Medio
1996991,0.08229010184139404,Baixo
1983080,0.12757482218799912,Baixo
1981466,0.1525665711775475,Baixo
1997006,0.32155801682255325,Medio
1997008,0.04615570326087883,Baixo
1992338,0.38937482179409777,Medio
1995460,0.24032705702499219,Medio
1997010,0.44416880651645424,Medio
1961724,0.20759566459840095,Medio
1997032,0.19702180778727943,Baixo
1991143,0.4203509913244632,Medio
1995347,0.4390619741175717,Medio
1996207,0.15192299134284637,Baixo
1994840,0.4057748838573312,Medio
1996881,0.09465412079328972,Baixo
1997022,0.4631412543810463,Alto
1996902,0.08125548106792817,Baixo
1996361,0.09377742803672055,Baixo
1989012,0.23738077790374645,Medio
1996759,0.21899568713277526,Medio
1997013,0.038814914493472595,Baixo
1996985,0.3543669272564662,Medio
1996025,0.09383911933426273,Baixo
1997041,0.18813679754127519,Baixo
1982653,0.23170122711672292,Medio
1985268,0.36388201492060696,Medio
1979801,0.22834186643715468,Medio
1997052,0.055541607019947044,Baixo
1996984,0.21626437211274774,Medio
1986300,0.5164208265241256,Alto
1997024,0.1512635135184553,Baixo
1996930,0.29022177647413877,Medio
1948004,0.18025440397610992,Baixo
1996515,0.2948359584430448,Medio
1996054,0.3349630351790163,Medio
1997028,0.14464188902602945,Baixo
1974336,0.21511737394668226,Medio
1997049,0.12234570753562991,Baixo
1997043,0.31284178079339164,Medio
1995850,0.3841410776103797,Medio
1995970,0.18425848292255081,Baixo
1973976,0.16855078786911493,Baixo
1997058,0.16417868347340536,Baixo
1997066,0.10004850098735232,Baixo
1977416,0.06109980651992485,Baixo
1995428,0.1587844957350195,Baixo
1997057,0.4491714358176176,Medio
1972515,0.25678908637572945,Medio
1995379,0.3684655057840643,Medio
1978726,0.29467314450493076,Medio
1993345,0.22937740689371675,Medio
1997047,0.3885969695426851,Medio
1967327,0.2574777080164237,Medio
1996842,0.4370153587080656,Medio
1997084,0.2010228865874053,Medio
1995281,0.10913090602071353,Baixo
1997068,0.2000502401064221,Medio
1997034,0.19835197044211295,Baixo
1986809,0.25708579917058033,Medio
1990821,0.13292350370483133,Baixo
1991124,0.29261226806262786,Medio
1997030,0.18958028661680457,Baixo
1997051,0.11858846529024442,Baixo
1997090,0.1705804663605502,Baixo
1997085,0.08727846777295974,Baixo
1572719,0.46368515812051464,Alto
1993089,0.38534085324059536,Medio
1994877,0.0600175915409791,Baixo
1997076,0.134913389834965,Baixo
1989652,0.08899589060530153,Baixo
1995543,0.229454794193093,Medio
1985052,0.2437203404707977,Medio
1997102,0.147578117041345,Baixo
1996377,0.42051518963714707,Medio
1997094,0.11809920187843638,Baixo
1995561,0.2858198053117072,Medio
1997114,0.14066380331830283,Baixo
1997095,0.1063639920998279,Baixo
1996998,0.27535274892215217,Medio
1062157,0.16529567274868506,Baixo
1997116,0.42893349647014195,Medio
1996479,0.13078056161001864,Baixo
1994633,0.23864566499470863,Medio
1997072,0.2207892963090338,Medio
1996675,0.480531225340275,Alto
1996776,0.20475979060216684,Medio
1996965,0.39830257796221374,Medio
1990455,0.27917704673182436,Medio
1996153,0.341988346665,Medio
1994705,0.25197450834589613,Medio
1997126,0.38576188717316096,Medio
1992618,0.06500762028894277,Baixo
1997103,0.20044077348849815,Medio
1997132,0.14550850205247629,Baixo
1997134,0.13165058312957922,Baixo
1653213,0.14690055931710813,Baixo
1997128,0.19195245335472264,Baixo
1997130,0.11653510888288478,Baixo
1997142,0.1449791088856074,Baixo
1997137,0.1983330036865349,Baixo
1996317,0.12033537269696144,Baixo
1997122,0.0870767625172438,Baixo
1991980,0.19628899590328117,Baixo
1997148,0.5253175807088803,Alto
1994156,0.09333341331000446,Baixo
1997157,0.2590938839164034,Medio
1980986,0.1776846813915281,Baixo
1926716,0.14757054895839694,Baixo
1997139,0.38278999425508076,Medio
1962887,0.2744889372729458,Medio
1965472,0.11962518551341858,Baixo
1997145,0.32995393143637886,Medio
1954850,0.40736624051411136,Medio
1974688,0.39376331159851163,Medio
1997182,0.35381313164383865,Medio
1997180,0.06721147263781255,Baixo
1822747,0.33330598943481227,Medio
1997152,0.1817839962331482,Baixo
1995267,0.05382882574076558,Baixo
1996951,0.13229006313110714,Baixo
1996708,0.12979961059106224,Baixo
1997192,0.19979652031113648,Baixo
1986144,0.2639940313552762,Medio
1997174,0.13713590889062346,Baixo
1997183,0.3977074667045487,Medio
1997198,0.2263885461687044,Medio
1997195,0.458926924086119,Alto
1997193,0.32550236344165406,Medio
1997104,0.28319559264597843,Medio
1997186,0.17621615545975716,Baixo
1997179,0.3575747732493983,Medio
1985053,0.22771558521189444,Medio
1997197,0.04403755728787108,Baixo
1996552,0.3788118033036423,Medio
1997173,0.1235815779367663,Baixo
1996961,0.2536977792327474,Medio
1997210,0.07440944210927997,Baixo
1864955,0.47710536253812996,Alto
1997205,0.10331329917504153,Baixo
1997138,0.25588221140931106,Medio
1997201,0.31177177971404935,Medio
1997097,0.21186242450432535,Medio
1997222,0.14046560845377523,Baixo
1992376,0.2036224409379717,Medio
1997108,0.2072917750914668,Medio
1996034,0.25617888472542366,Medio
1992115,0.22805174956654936,Medio
1996280,0.15890060367477718,Baixo
1997127,0.15838393984703286,Baixo
1997225,0.35314114979454825,Medio
1996993,0.0958825010468023,Baixo
1994709,0.12241581001623014,Baixo
1995592,0.26974722042300736,Medio
1997236,0.33558449844762933,Medio
1997211,0.43109665057143337,Medio
1978553,0.252250655708378,Medio
1979563,0.07574273301418163,Baixo
1997233,0.31432524396377065,Medio
1995517,0.34465231308503197,Medio
1997156,0.17790577600313542,Baixo
1973803,0.11600964495257123,Baixo
1986874,0.48384718772414326,Alto
1997252,0.015972692324052542,Baixo
301277,0.38251958180718737,Medio
1992283,0.2061773092253995,Medio
1990444,0.13251382563621047,Baixo
1997244,0.0871022356977154,Baixo
1997124,0.10434206098694977,Baixo
1997260,0.16354795037844874,Baixo
1997234,0.3379051247516048,Medio
1997238,0.23763349665814001,Medio
1995353,0.14721132936717554,Baixo
1997039,0.09710895403928403,Baixo
1996212,0.13434811099391117,Baixo
1997275,0.20191431874496965,Medio
1997251,0.196885173828963,Baixo
1992136,0.1335877079483545,Baixo
1997087,0.28817225938652036,Medio
1986569,0.2408060932929307,Medio
1997110,0.06031568295299353,Baixo
1984842,0.14346044311866504,Baixo
1997202,0.16033369647251722,Baixo
1997246,0.14081937681179277,Baixo
1992486,0.19176826222096047,Baixo
1997151,0.23870876101583546,Medio
1997172,0.26929066695617676,Medio
1995161,0.18326341909541466,Baixo
1997155,0.3452013573555595,Medio
1997093,0.3358413239704738,Medio
1950350,0.6832008856722182,Alto
1997256,0.37933291974219585,Medio
1996986,0.12098821319607553,Baixo
1995616,0.17870088894859817,Baixo
1997033,0.20154512857350756,Medio
1997310,0.24476464627007216,Medio
1992695,0.5806203909760576,Alto
1995480,0.49919908223196496,Alto
1997283,0.13101468144005068,Baixo
1997293,0.07940225207199057,Baixo
1991831,0.02975081448463378,Baixo
1997003,0.1309638202929641,Baixo
1997298,0.22074178285980353,Medio
1997295,0.2709816442845513,Medio
1987098,0.18741563591583393,Baixo
1994778,0.2601598332318913,Medio
1997309,0.28064809294858994,Medio
1996164,0.29826403899397347,Medio
1997286,0.3708877032918324,Medio
1997304,0.28889047224865405,Medio
1997320,0.3556292724417164,Medio
1993162,0.2210021468995081,Medio
1995910,0.13075439508921355,Baixo
1997327,0.36844538627377704,Medio
1993329,0.4051480305026977,Medio
1997263,0.048245560754843105,Baixo
1997329,0.35450624769386585,Medio
1997269,0.30113136651835143,Medio
1997316,0.13939458418220715,Baixo
1980387,0.1630994991682966,Baixo
1997277,0.3351129322842062,Medio
1990674,0.16435585218371762,Baixo
1990603,0.1297033777357476,Baixo
1988302,0.6081507360820447,Alto
1994730,0.10940493463936807,Baixo
1992924,0.21422467125772401,Medio
1993909,0.20846177281888548,Medio
1995418,0.17898486701128435,Baixo
1990513,0.2610648996184489,Medio
1986574,0.05502262437425269,Baixo
1997348,0.3132342570896074,Medio
466590,0.12184666598393264,Baixo
1974305,0.3080111193167469,Medio
1997354,0.33143415329854264,Medio
1980274,0.21270432981101312,Medio
1997349,0.21800757377851662,Medio
1997353,0.30756740335967275,Medio
1997317,0.2493823268001321,Medio
1997362,0.41751882103123844,Medio
1997341,0.34539977434246416,Medio
1988498,0.1137889637722235,Baixo
1081428,0.15317864524543506,Baixo
1997372,0.1847868678814941,Baixo
1974398,0.20386047739933427,Medio
1997092,0.1622427320471057,Baixo
1997374,0.22402709847504845,Medio
1997382,0.10734413641143259,Baixo
1965544,0.15993195931556684,Baixo
690725,0.08666132938329853,Baixo
1997394,0.09014941651561982,Baixo
1969545,0.2330782187384734,Medio
1996412,0.35620660195893095,Medio
1993932,0.2633818307911467,Medio
1997154,0.21411645557675035,Medio
1974811,0.21919932930627412,Medio
1990295,0.07632899734924546,Baixo
1996606,0.11568568738250407,Baixo
1997417,0.25813889110610055,Medio
1996901,0.25434750411473767,Medio
1997423,0.21286284737581632,Medio
1997420,0.17613955673715753,Baixo
1995388,0.1291181604257765,Baixo
1608130,0.2667817418629099,Medio
1997411,0.6661591904585636,Alto
1980197,0.10613195150830244,Baixo
1997430,0.06941066556897461,Baixo
1995854,0.11924854291355844,Baixo
1972795,0.3496152162197494,Medio
1992511,0.30608304959817245,Medio
1997185,0.388992464168265,Medio
1997123,0.2388062700186948,Medio
472357,0.384489175254306,Medio
1997432,0.4695705617756099,Alto
1997367,0.16198593410479767,Baixo
1997402,0.3842697745018476,Medio
1995306,0.5371177697452549,Alto
1997459,0.2618551354877506,Medio
1995989,0.1340417131662402,Baixo
1997166,0.32610176318146394,Medio
1996673,0.10256735831042788,Baixo
1965148,0.008724166400839138,Baixo
1997484,0.638553196476166,Alto
1988111,0.10635121231560675,Baixo
1939563,0.3386681485582419,Medio
1997490,0.26157720627014586,Medio
1997494,0.32627790176482474,Medio
1997485,0.1028155125108692,Baixo
1997483,0.09269904662387422,Baixo
1997507,0.08643989336525515,Baixo
1995844,0.2657503859075634,Medio
1993641,0.24213014131174176,Medio
1997503,0.10073085648842416,Baixo
1997506,0.1996810886672746,Baixo
1997514,0.08884127749176692,Baixo
1995008,0.11339267888741592,Baixo
1997515,0.17375763523251872,Baixo
1997500,0.1563650650223266,Baixo
1976563,0.22732829506060578,Medio
1997486,0.13730141243472643,Baixo
1997261,0.08571092885802933,Baixo
1997525,0.09557146951619265,Baixo
1996935,0.15683479325568458,Baixo
1997532,0.10036133673700759,Baixo
1997527,0.10850521924025897,Baixo
1997521,0.3862084291432737,Medio
1985815,0.20321930336894584,Medio
1997217,0.48400898591798985,Alto
1996435,0.3381748139298607,Medio
1464423,0.06376240100475361,Baixo
1997539,0.4656523506121554,Alto
1997543,0.08282917022180224,Baixo
1997544,0.05326514451419565,Baixo
1997550,0.4091849438677155,Medio
1997540,0.14988915141424058,Baixo
1996807,0.33757180671685166,Medio
1993209,0.4029442394667586,Medio
1984215,0.3377008805920153,Medio
1997555,0.5124345871276061,Alto
1997481,0.21198068956031166,Medio
1997561,0.05345120232879057,Baixo
1997551,0.3085797960409432,Medio
1997562,0.4112520494932936,Medio
1997453,0.05406916020762368,Baixo
1997558,0.1609663182935443,Baixo
1997554,0.37008547596399904,Medio
1997574,0.140882095081249,Baixo
1997566,0.022435893685160076,Baixo
1997578,0.08986175405695337,Baixo
1997569,0.18636705739539755,Baixo
1690866,0.4956552269769166,Alto
1968247,0.15800714342979744,Baixo
1997576,0.2638416960815643,Medio
1997538,0.2395562914786644,Medio
1995058,0.04172717923452067,Baixo
1995824,0.08706168650699253,Baixo
1855267,0.08108385010396012,Baixo
1997568,0.3796815233061462,Medio
1984852,0.1794123273002591,Baixo
1997591,0.23756888187083708,Medio
1997469,0.043544955460781236,Baixo
1997575,0.11032724827496086,Baixo
1997595,0.276937202531095,Medio
1997599,0.0662109134076913,Baixo
1997612,0.04359311406136553,Baixo
1997609,0.4464217575778513,Medio
1997614,0.0813836430441761,Baixo
1997605,0.10810293502354526,Baixo
1997610,0.03754749170527951,Baixo
1997616,0.08667335975406826,Baixo
1854654,0.10353783664353682,Baixo
1997542,0.11421277232061719,Baixo
1997171,0.2826152674400273,Medio
1997162,0.44832412167200975,Medio
1997631,0.08765353726106716,Baixo
1997630,0.051246030350383956,Baixo
1979787,0.283533415398228,Medio
1839979,0.08448223994410319,Baixo
1990249,0.22359228791136934,Medio
1980526,0.41306180482095817,Medio
1997121,0.4583070918102606,Alto
1997651,0.2513361829833522,Medio
1997140,0.11919636708877629,Baixo
1997656,0.13683917770961548,Baixo
1997663,0.10915740274222575,Baixo
1997652,0.06070569165596278,Baixo
1997655,0.4295865513100666,Medio
1939230,0.26937806609773,Medio
1995995,0.10479121932679929,Baixo
1997215,0.22083681928090199,Medio
1997666,0.17026346700611067,Baixo
1997474,0.35286229812069647,Medio
1993392,0.20201778073858273,Medio
1997623,0.09114611433392611,Baixo
1997678,0.259915441144742,Medio
1997679,0.32398129184539165,Medio
1997673,0.2931335435864411,Medio
1994403,0.26546169751898846,Medio
1972741,0.4571884506397342,Alto
1997691,0.10121578491210086,Baixo
1997696,0.08231440840525994,Baixo
1985214,0.3617302146364209,Medio
1989981,0.029408430622013496,Baixo
1997705,0.17818185752570534,Baixo
1997683,0.10292093446595327,Baixo
1997608,0.16438842223473765,Baixo
1997704,0.4951951983685124,Alto
1997712,0.12103079115044185,Baixo
1997670,0.3848350088013531,Medio
1778386,0.32133925895683974,Medio
1997706,0.20558297607503126,Medio
1997723,0.2424304554249316,Medio
1997722,0.05438931625996921,Baixo
1997331,0.07271958186661169,Baixo
1997725,0.14999984444869233,Baixo
1995131,0.10763901876950731,Baixo
1997720,0.05453363061138624,Baixo
1995960,0.4197495731741784,Medio
1997728,0.23193849019784646,Medio
1990236,0.17276679706005085,Baixo
1997516,0.05143056361422487,Baixo
1997716,0.32051591766265874,Medio
1997735,0.3226073001532577,Medio
1997743,0.22267069982005455,Medio
1997428,0.1789341696291354,Baixo
1997726,0.4202027913625095,Medio
1933193,0.3136375174560775,Medio
1995792,0.1377813593095793,Baixo
1997732,0.1427546037187626,Baixo
1968995,0.121515648668607,Baixo
1997040,0.2574909732058479,Medio
1997744,0.13677006471803418,Baixo
1997752,0.41549492028751006,Medio
1997677,0.0904381515790682,Baixo
1997730,0.04038224638198569,Baixo
1997303,0.0526203330929044,Baixo
1997724,0.13989653040829406,Baixo
1987405,0.04398794260727988,Baixo
1996959,0.48481394640327197,Alto
1997687,0.22186528955046467,Medio
1997755,0.1566851638289026,Baixo
1775530,0.18409115969345835,Baixo
1997778,0.3471997734049408,Medio
1992536,0.34873465237769324,Medio
1997698,0.06343349915230621,Baixo
1988535,0.11449322447050499,Baixo
1997213,0.12763649087860807,Baixo
1997719,0.29900693194998845,Medio
1997761,0.07595093682248294,Baixo
1996451,0.20567160757909286,Medio
1673738,0.47876956239590956,Alto
1996424,0.43417072656853845,Medio
1991094,0.2844356328442414,Medio
1997791,0.1843190149995102,Baixo
1997797,0.42277299511719835,Medio
1997547,0.024902491571168205,Baixo
1932550,0.30423918115735016,Medio
1997799,0.33129907422723304,Medio
1995905,0.5183454643099872,Alto
1995089,0.08419627811517287,Baixo
1948555,0.20047343386364577,Medio
1997809,0.4998367715850095,Alto
1997776,0.30947618042864333,Medio
1997826,0.22350455501474215,Medio
1994788,0.1490940577524566,Baixo
1995044,0.3372638380011299,Medio
1997839,0.16721653778805792,Baixo
1997643,0.28942470978715157,Medio
1997845,0.5852396725584913,Alto
1997885,0.19990905030407793,Baixo
1997934,0.4117953792042616,Medio
1998046,0.29448935009370375,Medio
1997731,0.33551997639110714,Medio
1997872,0.2295256653129214,Medio
1997863,0.3886660179664456,Medio
1997919,0.20746001783985848,Medio
1997866,0.47546254873943683,Alto
1997887,0.19729421222117044,Baixo
1997857,0.3927105873774872,Medio
1998076,0.24906736470639876,Medio
1997873,0.20195953408901482,Medio
1997986,0.4402001270882527,Medio
1997967,0.23537097366815551,Medio
1997935,0.25717410576632543,Medio
1997920,0.302147076890496,Medio
1997951,0.2442175975172271,Medio
1997886,0.15367450951963949,Baixo
1997899,0.06678889413900507,Baixo
1998054,0.23256667145496457,Medio
1998017,0.17677777747588724,Baixo
1997911,0.41221300053938387,Medio
1997989,0.41897106911817245,Medio
1997884,0.378657751970643,Medio
1997877,0.33969148747475203,Medio
1998148,0.14239181912083745,Baixo
1997983,0.13601761364935544,Baixo
1997915,0.027328137868830267,Baixo
1998002,0.4451000688495873,Medio
1998061,0.2558598816529267,Medio
1998073,0.19304915405676698,Baixo
1997869,0.07673688402914776,Baixo
1997985,0.1747154410105641,Baixo
1997932,0.16379902829419732,Baixo
1997897,0.23413012576286985,Medio
1997956,0.5075607191642526,Alto
1997903,0.048813593094990546,Baixo
1998034,0.3306990897334668,Medio
1997977,0.515266322198582,Alto
1997946,0.04367094477753503,Baixo
1998029,0.14331616133179656,Baixo
1997937,0.2495060303970557,Medio
1997900,0.38987669822611754,Medio
1998009,0.16319306646945025,Baixo
1998096,0.17765224110098277,Baixo
1998003,0.0048007931606445665,Baixo
1997913,0.1513662912191588,Baixo
1997954,0.28034910772791594,Medio
1998108,0.31811384346389393,Medio
1997928,0.16278625650393758,Baixo
1998000,0.061278182014247756,Baixo
1998026,0.19772580567290654,Baixo
1998173,0.24374175960328198,Medio
1997874,0.45410326693486897,Alto
1997878,0.13946602188620227,Baixo
1998042,0.12578163857845975,Baixo
1997992,0.3801074888376873,Medio
1997849,0.13946030650865024,Baixo
1998067,0.06911009105083223,Baixo
1998006,0.030108588553569265,Baixo
1997971,0.678371556194543,Alto
1998106,0.18293606604246612,Baixo
1997910,0.10091916037839398,Baixo
1997922,0.14184852206469195,Baixo
1997924,0.31065088869277085,Medio
1998117,0.18205570668299287,Baixo
1997929,0.07062912569541877,Baixo
1998161,0.07967556458425615,Baixo
1998134,0.11926264714541908,Baixo
1998189,0.2852530889258782,Medio
1998085,0.3384615824097545,Medio
1997879,0.2431201779581718,Medio
1997904,0.16768177191284403,Baixo
1997916,0.5077069848353484,Alto
1998083,0.008883709978359088,Baixo
1998194,0.13305517549563015,Baixo
1997847,0.41514155680947595,Medio
1997999,0.2317546576546832,Medio
1998139,0.2964083297633884,Medio
1997153,0.22434658488321346,Medio
1998240,0.11818997910350074,Baixo
1998235,0.24450247418420204,Medio
1997939,0.08090302271017003,Baixo
1998037,0.21044798805422063,Medio
1998156,0.19674613123316578,Baixo
1997875,0.16716754978110324,Baixo
1997880,0.19245777486607668,Baixo
1998129,0.07419194984843976,Baixo
1997973,0.3106350077847563,Medio
1997926,0.17203736873945616,Baixo
1997993,0.13689301423903566,Baixo
1997970,0.09448254098119133,Baixo
1997906,0.15786287085917192,Baixo
1997960,0.27090072107560453,Medio
1997965,0.5463496225686061,Alto
1998221,0.22077056144650703,Medio
1997893,0.21210019349819356,Medio
1998222,0.261870311699207,Medio
1998130,0.11882092263648673,Baixo
1998175,0.010967538354027405,Baixo
1997835,0.21424555662914502,Medio
1998181,0.2949100365813594,Medio
1998306,0.28682541952506785,Medio
1998321,0.38995878608458373,Medio
1998162,0.3534020456247963,Medio
1998112,0.2139421385688833,Medio
1998060,0.18954509807182188,Baixo
1998059,0.5146786010493163,Alto
1998186,0.03624489120709608,Baixo
1997871,0.28682719435960047,Medio
1998153,0.09045596541436808,Baixo
1998128,0.226749943847207,Medio
1998295,0.10918913671381053,Baixo
1997912,0.3275117095213031,Medio
1998246,0.24321089894785874,Medio
1998149,0.5084428281669093,Alto
1998091,0.3008512209482222,Medio
1998142,0.3862121260652804,Medio
1998090,0.20128683418994364,Medio
1997644,0.35127253063530267,Medio
1998010,0.21285217616296095,Medio
1998337,0.20242081663200218,Medio
1998330,0.2079724419085762,Medio
1997848,0.2959025829620156,Medio
1998266,0.06091983424092882,Baixo
1998315,0.23125451039485606,Medio
1998308,0.10090632855646477,Baixo
1998326,0.13389357821455725,Baixo
1998258,0.3733693911322523,Medio
1998265,0.05036947135762679,Baixo
1998127,0.21261182658471578,Medio
1998191,0.2445740390501862,Medio
1998125,0.21007988892428472,Medio
1998270,0.11656412233938324,Baixo
1997995,0.3997371173774496,Medio
1997914,0.4382679999175926,Medio
1997918,0.08073515842973539,Baixo
1998223,0.05724027032132539,Baixo
1998205,0.07863794947507,Baixo
1998437,0.08293846170113454,Baixo
1998347,0.4129759351910558,Medio
1998341,0.0892974294558132,Baixo
1998056,0.25697094540445364,Medio
1998368,0.0522945808646219,Baixo
1998396,0.12152377172494859,Baixo
1998151,0.1424619842271966,Baixo
1998229,0.004130471596664006,Baixo
1998040,0.20095193439703424,Medio
1998310,0.4853017454707944,Alto
1997955,0.11931547860893783,Baixo
1998225,0.16638704506642987,Baixo
1998259,0.1722833819552338,Baixo
1998051,0.15457977023257546,Baixo
1998324,0.17173381521284828,Baixo
1998303,0.07803572628659396,Baixo
1998327,0.10819565191288569,Baixo
1998336,0.13118557346098186,Baixo
1998359,0.25576995239913336,Medio
1998158,0.09090284913286772,Baixo
1998207,0.1805336459029391,Baixo
1998237,0.1540980907037022,Baixo
1998395,0.17558291697506037,Baixo
1998394,0.2805147828058889,Medio
1998366,0.11541234451510092,Baixo
1998301,0.3635572309261516,Medio
1998318,0.06137677668532518,Baixo
1998038,0.09194612205046825,Baixo
1998287,0.4493410243954418,Medio
1998234,0.16219371096204985,Baixo
1974754,0.16768906883337614,Baixo
1998220,0.005350050897610734,Baixo
1998254,0.2161671327052648,Medio
1998424,0.04829260081384269,Baixo
1997860,0.030427992408058907,Baixo
1997865,0.21748231159884454,Medio
1998249,0.06840942521700458,Baixo
1998356,0.2855549585539341,Medio
1998388,0.06124234541753013,Baixo
1998209,0.2295852078344989,Medio
1997974,0.4033271151983511,Medio
1998346,0.04761699922362049,Baixo
1998111,0.32096705791068386,Medio
1998340,0.09724032264303502,Baixo
1998213,0.17975792489746784,Baixo
1998429,0.22581176813707177,Medio
1998534,0.2661707272377328,Medio
1998260,0.27296449257787636,Medio
1998296,0.1669569869578871,Baixo
1998275,0.16555160612253045,Baixo
1998289,0.21946033374119717,Medio
1998495,0.42116974067912655,Medio
1998387,0.14363763078840697,Baixo
1998305,0.18552972066090667,Baixo
1998004,0.33700926409490556,Medio
1998491,0.21713339848106064,Medio
1997950,0.0478231332565385,Baixo
1998370,0.18585191232213708,Baixo
1997908,0.25882706822965057,Medio
1998378,0.14147876367996629,Baixo
1998206,0.03907259516356345,Baixo
1998261,0.18575531062309267,Baixo
1998164,0.43806584214158045,Medio
1998464,0.13042297272493192,Baixo
1998468,0.24501321724766378,Medio
1998540,0.22788104962452832,Medio
1998280,0.13381360828774994,Baixo
1998304,0.3339683397266796,Medio
1998521,0.23761159798077117,Medio
1998445,0.057021766970997284,Baixo
1998236,0.04561181309691022,Baixo
1998373,0.06814437560199837,Baixo
1998192,0.21622634433755503,Medio
1998465,0.12982419976926102,Baixo
1998558,0.07162515030240975,Baixo
1998377,0.17059617565562402,Baixo
1998099,0.13433619732708732,Baixo
1998126,0.17911259339155,Baixo
1998198,0.06608591132006406,Baixo
1998420,0.03387638361356311,Baixo
1998523,0.08924384062766395,Baixo
1992946,0.39909267367275725,Medio
1997972,0.14660718295431943,Baixo
1998476,0.2717644033866866,Medio
1998484,0.1324887653677363,Baixo
1998488,0.2699899982603082,Medio
1998490,0.13663829844893174,Baixo
1996216,0.14594059786395402,Baixo
1998436,0.010969004425783935,Baixo
1998419,0.23210277201074317,Medio
1998351,0.4107489865627372,Medio
1998338,0.19836588500874527,Baixo
1998066,0.19846139079420966,Baixo
1998568,0.5603487168116728,Alto
1998516,0.24109561987607322,Medio
1998463,0.025617881616261343,Baixo
1998458,0.1971777013237708,Baixo
1998088,0.08508043918182064,Baixo
1998461,0.3435611769493848,Medio
1998470,0.16536914537238806,Baixo
1997830,0.08771218189388581,Baixo
1998152,0.13899212702379998,Baixo
1998581,0.13919370465715528,Baixo
1998317,0.033564275913265634,Baixo
1998401,0.13412119378875767,Baixo
1998473,0.02997700868486716,Baixo
1998103,0.08440985667751479,Baixo
1998453,0.23452604374964078,Medio
1997959,0.17564509270968928,Baixo
1998406,0.0338711023040187,Baixo
1998294,0.1286843364778603,Baixo
1998433,0.07221584753621157,Baixo
1998459,0.34212472351296586,Medio
1998579,0.06318397493285284,Baixo
1992786,0.03632464519990338,Baixo
1998567,0.06985977395767055,Baixo
1998057,0.17691137957591413,Baixo
1998075,0.03494919389732674,Baixo
1998104,0.1822212516608903,Baixo
1998506,0.04914615382066386,Baixo
1998165,0.024353159831060813,Baixo
1998602,0.05191584751422966,Baixo
1998598,0.1634156253985813,Baixo
1998502,0.0588275229617732,Baixo
1998565,0.14127637056023723,Baixo
1998389,0.1215219696557316,Baixo
1998592,0.2072502883849282,Medio
1998627,0.34006453372181067,Medio
1998538,0.3903921629813239,Medio
1998426,0.26927960004234497,Medio
1998616,0.10249013244630532,Baixo
1998580,0.22145115060163192,Medio
1998177,0.16420512243112464,Baixo
1998576,0.18656064688382298,Baixo
1998390,0.08969953503713445,Baixo
1997987,0.1068437487973199,Baixo
1998542,0.20888623818165677,Medio
1998537,0.1614413379323362,Baixo
1998589,0.03023698269734419,Baixo
1998543,0.24929625319252324,Medio
1998363,0.05313759842440156,Baixo
1998455,0.01321511788102365,Baixo
1998176,0.35622073570568813,Medio
1998651,0.1487492453111768,Baixo
1998252,0.09803459725333094,Baixo
1998615,0.08484520995396787,Baixo
1998660,0.12276098540927463,Baixo
1998145,0.17430667198815156,Baixo
1998219,0.10497268838174134,Baixo
1998664,0.6076996715312388,Alto
1998566,0.16267588838266572,Baixo
1998381,0.09533389565778143,Baixo
1998486,0.09614902102474905,Baixo
1998245,0.3455314948591844,Medio
1998643,0.4324023799276052,Medio
1998586,0.2220804021982325,Medio
1998624,0.045995510698166514,Baixo
1998274,0.19595919769052864,Baixo
1998593,0.349301985127397,Medio
1998619,0.11890427743846349,Baixo
1998269,0.3592718317419717,Medio
1998533,0.12185337246543876,Baixo
1998638,0.1762235515590586,Baixo
1998685,0.4592202054465426,Alto
1998439,0.3636485425281335,Medio
1998690,0.34157403959083704,Medio
1998573,0.4220927150227746,Medio
1998648,0.14172520697693447,Baixo
1998454,0.25415071513974546,Medio
1998646,0.24741689319365318,Medio
1998193,0.5082285715959564,Alto
1998649,0.02535375951124362,Baixo
1998603,0.0820552426322143,Baixo
1998309,0.1196681344556262,Baixo
1998380,0.17962937315979347,Baixo
1998590,0.040342782330611636,Baixo
1998417,0.11031547448128777,Baixo
1998621,0.2751023502966631,Medio
1998166,0.35928086437761175,Medio
1998498,0.1237922168008786,Baixo
1997923,0.20682864760482692,Medio
1998634,0.04330629123341004,Baixo
1998497,0.010145779242725418,Baixo
1998358,0.17386120124438434,Baixo
1998072,0.2636075839545241,Medio
1998163,0.4100638525764722,Medio
1998682,0.09738854738139209,Baixo
1998663,0.08220406197616292,Baixo
1998689,0.047786197574039416,Baixo
1998719,0.07242994303962308,Baixo
1998361,0.3096345344688276,Medio
1998729,0.3917946701830732,Medio
1998702,0.12473853448351362,Baixo
1998118,0.2946748768027955,Medio
1998683,0.0891540422391398,Baixo
1998700,0.12971074608663496,Baixo
1998642,0.3505373543462048,Medio
1997975,0.27715572736442035,Medio
1998311,0.13533983054903323,Baixo
1998658,0.06049061318242766,Baixo
1998449,0.2960182688300934,Medio
1998084,0.10806797564338516,Baixo
1997991,0.05354572128276232,Baixo
1998554,0.22292884369317062,Medio
1998365,0.2242418481818802,Medio
1998697,0.1685042740529908,Baixo
1998684,0.2045525185629738,Medio
1998070,0.28398696009314656,Medio
1998504,0.0737562538411036,Baixo
1998478,0.14456808788037218,Baixo
1998644,0.4500467254463395,Alto
1998027,0.27616711014645023,Medio
1998572,0.06416595245677235,Baixo
1998786,0.22986415829010862,Medio
1998746,0.3178566730517191,Medio
1998631,0.1289288519621532,Baixo
1998782,0.07359924108427651,Baixo
1998620,0.23925774214987522,Medio
1998200,0.15079882195641606,Baixo
1998628,0.49728590533773614,Alto
1997953,0.2855216021657271,Medio
1998792,0.13157599329872627,Baixo
1998776,0.11588760143689229,Baixo
1998485,0.18065793666228477,Baixo
1998722,0.018212975832498805,Baixo
1997852,0.18127913132039244,Baixo
1998763,0.13675992397417872,Baixo
1998798,0.2287266020056842,Medio
1997949,0.10044110255096744,Baixo
1998519,0.06497634653538134,Baixo
1998423,0.3679598323393444,Medio
1998727,0.02332763720314951,Baixo
1998743,0.00819922344719373,Baixo
1998100,0.24525471095141047,Medio
1998740,0.2767303611360352,Medio
1997831,0.25287747574908487,Medio
1998587,0.06434096773020576,Baixo
1998825,0.1926239481297209,Baixo
1998107,0.1292233914257072,Baixo
1998703,0.30272518186867153,Medio
1998854,0.5028579757892712,Alto
1998777,0.31045041805424783,Medio
1998253,0.12622911697309366,Baixo
1998641,0.12537900308691932,Baixo
1998750,0.10481443920903215,Baixo
1998674,0.45487837578214624,Alto
1998800,0.300902567555911,Medio
1998093,0.10588813211172743,Baixo
1998796,0.18257260912440584,Baixo
1998789,0.0401296697848415,Baixo
1998475,0.027940613443769653,Baixo
1998865,0.06606040754424149,Baixo
1998756,0.22199474180837203,Medio
1998849,0.04251683394746381,Baixo
1998842,0.24234026534694553,Medio
1998564,0.06724906148217455,Baixo
1998852,0.23805427146872427,Medio
1997840,0.3345722518349595,Medio
1998813,0.166408010706175,Baixo
1998050,0.0966188998588673,Baixo
1998855,0.1612877083663074,Baixo
1998653,0.40035248944838586,Medio
1998655,0.1684488757288006,Baixo
1998859,0.4119000123902327,Medio
1998745,0.3381018816250336,Medio
1998288,0.056100751511880924,Baixo
1998873,0.31198298184342177,Medio
1998474,0.210338848082624,Medio
1998738,0.11968117838177596,Baixo
1998766,0.11032402518986552,Baixo
1998559,0.44140493973935496,Medio
1998058,0.22961080161828518,Medio
1998876,0.20132339812329686,Medio
1998613,0.21127911113762773,Medio
1998671,0.33986387424821807,Medio
1998834,0.1962725170165596,Baixo
1998839,0.25880003374983773,Medio
1998879,0.11748710318624916,Baixo
1998890,0.4160716699263062,Medio
1998885,0.38962362911312926,Medio
1998805,0.45230852432439994,Alto
1998906,0.2030113886282046,Medio
1998894,0.17385457351462155,Baixo
1998846,0.1479206164876998,Baixo
1998343,0.0974480831862515,Baixo
1998715,0.4098226896669769,Medio
1998875,0.06095891285630583,Baixo
1998811,0.36600405475446274,Medio
1998904,0.2484415843565689,Medio
1998933,0.022333759588100667,Baixo
1998808,0.044517201053626984,Baixo
1998936,0.2795388996937859,Medio
1998121,0.08478812261268749,Baixo
1993437,0.1401538897827608,Baixo
1998910,0.24956167728321524,Medio
1998451,0.08197451860265265,Baixo
1998758,0.2392676753087298,Medio
1998884,0.31115795856474643,Medio
1998979,0.1444777761063921,Baixo
1998781,0.3841330723339849,Medio
1998893,0.0619312810253935,Baixo
1998955,0.2615494374546503,Medio
1998921,0.05485661754735137,Baixo
1998927,0.12548088010996145,Baixo
1998956,0.18066312058948755,Baixo
1998932,0.3230997758446337,Medio
1998935,0.325589015629021,Medio
1998920,0.13582627990251753,Baixo
1998964,0.17788711740983607,Baixo
1998958,0.12931311859852818,Baixo
1998023,0.5732721205097128,Alto
1998959,0.13323195114525638,Baixo
1998872,0.31657388629302863,Medio
1998835,0.4065667213992473,Medio
1998981,0.1327048302022036,Baixo
1998199,0.1960027541898742,Baixo
1998968,0.520971417514124,Alto
1998965,0.22358243885368256,Medio
1997895,0.2860052824231978,Medio
1977158,0.15324544785188557,Baixo
1998997,0.13349383309382676,Baixo
1998494,0.11191839717741014,Baixo
1998908,0.23625451994985067,Medio
1998101,0.12389531003197647,Baixo
1998724,0.21799126788183376,Medio
1998973,0.13886011299061204,Baixo
1999014,0.15563133972580553,Baixo
1998982,0.48713510072687527,Alto
1999027,0.02306516966242421,Baixo
1998868,0.13108730648842584,Baixo
1998332,0.32772815440721437,Medio
1998962,0.08203142704944735,Baixo
1998898,0.44951968325969816,Medio
1998924,0.3310590728144179,Medio
1999044,0.4609665177819303,Alto
1998874,0.09487593907865774,Baixo
1998278,0.2785805500521414,Medio
1999000,0.38221683419070235,Medio
1999046,0.05520887337692124,Baixo
1999042,0.2384346022768943,Medio
1999066,0.2323632960705621,Medio
1999054,0.29331926701738253,Medio
1998951,0.13103020845855423,Baixo
1999049,0.2081069211526423,Medio
1999058,0.05089315485568272,Baixo
1998025,0.2864923403451332,Medio
1999029,0.2838811573723213,Medio
1998599,0.303030759702372,Medio
1999031,0.4415709579899934,Medio
1998993,0.3222321694086809,Medio
1994939,0.49029410173916077,Alto
1999084,0.3066784557386037,Medio
1999065,0.18815791868855844,Baixo
1999003,0.03848023222847675,Baixo
1999063,0.2554718930884742,Medio
1999079,0.17575087046933244,Baixo
1998882,0.11934592772427603,Baixo
1999030,0.12125047318448776,Baixo
1998784,0.17619841728794958,Baixo
1999096,0.40102158773603896,Medio
1998751,0.01848857142463871,Baixo
1998339,0.4458134529433819,Medio
1999091,0.018405029694862865,Baixo
1999080,0.6240820624660425,Alto
1999005,0.33224273472897725,Medio
1998771,0.41736411507855414,Medio
1999071,0.32483517345493357,Medio
1999106,0.3979313343881392,Medio
1998089,0.2959934825040794,Medio
1998397,0.07703138400201104,Baixo
1999078,0.3597194320315831,Medio
1999134,0.35910920919827366,Medio
1999089,0.13707449020366233,Baixo
1999114,0.10018176590677187,Baixo
1999112,0.09887319928175303,Baixo
1998858,0.17689955505450652,Baixo
1998116,0.3531635337142872,Medio
1999107,0.010010265987459844,Baixo
1999136,0.13916839959610552,Baixo
1999095,0.09811403899324003,Baixo
1999133,0.10363278746189138,Baixo
1998529,0.08017501065258321,Baixo
1999158,0.3217214216702162,Medio
1999143,0.15000130481964852,Baixo
1997282,0.201466537078077,Medio
1998639,0.18833354801935134,Baixo
1999138,0.21235808778338894,Medio
1999153,0.16182207435104254,Baixo
1998948,0.2661277031460415,Medio
1999166,0.32742034760416067,Medio
1999180,0.03380454746595168,Baixo
1999137,0.28738767113694047,Medio
1970281,0.2073609934662233,Medio
1999144,0.024151736481030337,Baixo
1999156,0.6311770415114557,Alto
1999162,0.059280002762145984,Baixo
1998980,0.2073833128721622,Medio
1999185,0.30262100525245944,Medio
1998334,0.12141863534128197,Baixo
1992812,0.14240190669970576,Baixo
1999169,0.052162517465191294,Baixo
1999165,0.14546152232347534,Baixo
1998698,0.1307380714719941,Baixo
1999172,0.0667034336822054,Baixo
1999086,0.4532751179463075,Alto
1999183,0.24896839264315687,Medio
1998561,0.4106102360765838,Medio
1998578,0.19863244086463042,Baixo
1998990,0.2159784427463111,Medio
1999173,0.06030162854664612,Baixo
1999103,0.42590048215462484,Medio
1998941,0.10287134582818734,Baixo
1998974,0.11684826422135017,Baixo
1999141,0.036448339661257385,Baixo
1918927,0.24683713909150082,Medio
1995845,0.24778435921881822,Medio
1998178,0.4009047050098997,Medio
1999213,0.24873635888814336,Medio
1996215,0.28544310813134405,Medio
1999192,0.08573078303774928,Baixo
1999202,0.048200731854020434,Baixo
1999215,0.13016351520287964,Baixo
1997964,0.13192165803882053,Baixo
1999210,0.0863124843456254,Baixo
1999226,0.15966842121253605,Baixo
1998954,0.49967727340985774,Alto
1999241,0.10592252089180741,Baixo
1999196,0.1735024156208759,Baixo
1998335,0.4060512685443991,Medio
1999033,0.09411471642463103,Baixo
1999004,0.2312731485604511,Medio
1999187,0.1507864337943952,Baixo
1999239,0.5035801240277814,Alto
1999238,0.08044245472238724,Baixo
1999237,0.2075483630024545,Medio
1999198,0.037591755110890024,Baixo
1941205,0.36541576942438875,Medio
1998773,0.1728810545123766,Baixo
1999253,0.19184114921581752,Baixo
1973861,0.2513950131379253,Medio
1999175,0.20844145045861093,Medio
1999235,0.1945634086714987,Baixo
1999119,0.08277468918873687,Baixo
1999276,0.5065964910721767,Alto
1999233,0.03384860882136904,Baixo
1978548,0.04480136700959924,Baixo
1999195,0.34401049524794863,Medio
1999053,0.0690964663477296,Baixo
1998150,0.6170540647649074,Alto
1999272,0.1708266153551412,Baixo
1999256,0.05843174504214033,Baixo
1999278,0.12653289501440085,Baixo
1999264,0.39969054005606963,Medio
1999284,0.2852513153371957,Medio
1999222,0.06986550692920114,Baixo
1999291,0.12147782176728135,Baixo
1999039,0.5057472004253201,Alto
1994806,0.15660413759106903,Baixo
1999290,0.4410458449682892,Medio
1999309,0.08439765770568176,Baixo
1999302,0.11774184959361228,Baixo
1998597,0.23514102228713418,Medio
1999301,0.28852145156432474,Medio
1976785,0.14022840530958366,Baixo
1999319,0.035517603589748835,Baixo
1999088,0.12214784351812993,Baixo
1998182,0.2207073144830634,Medio
1994075,0.5852265886640373,Alto
1999324,0.03843215329249251,Baixo
1998717,0.28178524501890545,Medio
1990285,0.30820153574180853,Medio
1998938,0.2343330953656944,Medio
1999348,0.1690613797648979,Baixo
1998720,0.2945455467780621,Medio
1999351,0.36236488657744403,Medio
1999333,0.06102108908149725,Baixo
1999094,0.01049255177646318,Baixo
1999340,0.37509664924297115,Medio
1999363,0.17045203694670064,Baixo
1998992,0.17161826589946194,Baixo
1999352,0.2855658695387742,Medio
1999350,0.2741110003484722,Medio
1999368,0.14165509399299828,Baixo
1999321,0.1624897583699505,Baixo
1999011,0.37312820130425856,Medio
1999328,0.30786773680315765,Medio
1999036,0.14551446409729676,Baixo
1999369,0.07749167952103561,Baixo
1981739,0.32308250894563173,Medio
1999268,0.5010004804952976,Alto
1999371,0.0886121515118433,Baixo
1997368,0.3841388399107927,Medio
1997676,0.07912391242329736,Baixo
1994909,0.06919662419252838,Baixo
1999380,0.3301158474029541,Medio
1999386,0.02100667231638399,Baixo
1999312,0.36340328871949334,Medio
1999411,0.10223334520272316,Baixo
1998812,0.114046273255639,Baixo
1999408,0.4316461790281133,Medio
1993601,0.18336509365761564,Baixo
1999420,0.056931100804566696,Baixo
1999394,0.09260983057672596,Baixo
1999404,0.1141899268670072,Baixo
1980320,0.31017745977188826,Medio
1999375,0.0925973523786213,Baixo
1999378,0.09153433666371408,Baixo
1999285,0.3030856807942955,Medio
1999327,0.16255985602946174,Baixo
1999376,0.3344998760349587,Medio
1999432,0.2530291103483153,Medio
1999431,0.05438802349257206,Baixo
1999424,0.2750960928055715,Medio
1999438,0.11616623061462597,Baixo
1999262,0.3370547792791709,Medio
1999442,0.13953908978012058,Baixo
1982506,0.3634644607911877,Medio
1999443,0.16094251784885136,Baixo
1998883,0.01157114858197731,Baixo
1999425,0.45093902348105486,Alto
1999332,0.07242815400852785,Baixo
1999457,0.14078680322163414,Baixo
1999452,0.028753466045191325,Baixo
1998975,0.23545106324879922,Medio
1999446,0.0323279308930031,Baixo
1999430,0.06545294525044584,Baixo
1999451,0.3446554005371105,Medio
1999398,0.34322103218939404,Medio
1996805,0.07033459424305896,Baixo
1999201,0.06689452983711575,Baixo
1999366,0.028274029131832266,Baixo
1999466,0.1667921006303501,Baixo
1999454,0.37701671877830256,Medio
1999472,0.2284207991161082,Medio
1999469,0.2788250696406153,Medio
1998462,0.2400806004105799,Medio
1999145,0.33795372837356275,Medio
1996069,0.15453074822700566,Baixo
1999471,0.2522455453269174,Medio
1999468,0.1643209820477181,Baixo
1999435,0.09312489179637637,Baixo
1999498,0.07237293661514715,Baixo
1999450,0.1698658315208052,Baixo
1972692,0.08478674034123562,Baixo
1999392,0.21732091973169182,Medio
1999497,0.05093507609830578,Baixo
1984943,0.09141593746906286,Baixo
1999379,0.13888468795841644,Baixo
1999475,0.0985996184714499,Baixo
1999504,0.4246582032116438,Medio
1999525,0.3125584689963949,Medio
1999529,0.18032282754440115,Baixo
1999523,0.14682623394953254,Baixo
1999538,0.14089488569903716,Baixo
1999537,0.10417959421660244,Baixo
1999521,0.05190152509528934,Baixo
1973257,0.27400978578408436,Medio
1998466,0.17298873651559898,Baixo
1999547,0.07727004923458569,Baixo
1967888,0.23007139713885844,Medio
1999552,0.20546000276106657,Medio
1999546,0.2036948731764868,Medio
1997523,0.373505940331697,Medio
1999072,0.4024261882456726,Medio
1998905,0.11296194449671666,Baixo
1999519,0.3159335154404454,Medio
1999557,0.13027090611127745,Baixo
1996480,0.23465706403676262,Medio
1998187,0.2657095120242889,Medio
1999534,0.12740104994526846,Baixo
1997031,0.0849900324098513,Baixo
1999563,0.04979037323450312,Baixo
1997223,0.08983462024333208,Baixo
1999566,0.21492505484426147,Medio
1998907,0.3273409056778922,Medio
1996680,0.31109329487873283,Medio
1999362,0.21352748462618917,Medio
1999573,0.07139130831443698,Baixo
1964366,0.2733550689029991,Medio
1999409,0.2666167875795146,Medio
1999564,0.0892243723734867,Baixo
1999583,0.1652149261355483,Baixo
1999593,0.11420045189994826,Baixo
1999599,0.20775206573845922,Medio
1999588,0.08758829643349672,Baixo
1999604,0.4075158998163306,Medio
1990941,0.1413564354111108,Baixo
1999611,0.3635309578243753,Medio
1251702,0.1955261164883922,Baixo
1999609,0.2003673474914677,Medio
1999610,0.26739546358485605,Medio
1996880,0.10920711194554243,Baixo
1999612,0.2548468505428237,Medio
1975208,0.16884975271978286,Baixo
1999603,0.1259245815186004,Baixo
1968957,0.38719684776071633,Medio
1999473,0.32615656530268955,Medio
1999601,0.08092082250055274,Baixo
1999606,0.29421101980333403,Medio
1999500,0.14849279256571235,Baixo
1999638,0.4075784142378704,Medio
1997308,0.13124472667272405,Baixo
1981518,0.19296416344396142,Baixo
1999629,0.1804012186123012,Baixo
1999613,0.19926649631465837,Baixo
1999649,0.14978982465068252,Baixo
1999022,0.22528025646546915,Medio
1999646,0.14817838178373383,Baixo
1999632,0.1899381330448615,Baixo
1998972,0.20679088947900676,Medio
1999656,0.2317123760291948,Medio
1992709,0.1217785431243059,Baixo
844676,0.31849799198136036,Medio
1999151,0.2803809532621249,Medio
1999633,0.1171339677196703,Baixo
1999664,0.3141063358636571,Medio
1992684,0.033504209174297854,Baixo
1999666,0.07020568916581692,Baixo
1993656,0.3518082642502085,Medio
1999670,0.14423574181321888,Baixo
1999663,0.12588985317792753,Baixo
1999600,0.03269682212808928,Baixo
1999674,0.09957956492135689,Baixo
1995604,0.2163250597746974,Medio
567082,0.2986674829778913,Medio
1999681,0.24519610147462428,Medio
1999687,0.37329611293417875,Medio
1999676,0.1810358938876982,Baixo
1999704,0.2242276790127032,Medio
1999667,0.2464863084015733,Medio
1997513,0.320187692216105,Medio
1999712,0.3635746203816939,Medio
1999706,0.2863672888686341,Medio
1960658,0.298768941406585,Medio
1999298,0.23002785520631944,Medio
1985954,0.5017112504799955,Alto
1999289,0.27480891477503216,Medio
1984054,0.3831996571200668,Medio
1999718,0.052876227919778106,Baixo
1999727,0.1892032951250412,Baixo
1999723,0.37772327717612614,Medio
1999728,0.19512757855849572,Baixo
1995183,0.1538008734447791,Baixo
1944949,0.21516589550748746,Medio
1994906,0.06807308026564558,Baixo
1999427,0.1119917050485416,Baixo
1999732,0.09312298720774641,Baixo
1999735,0.3407299570861634,Medio
1999729,0.15521743212979958,Baixo
1999556,0.2974860036707646,Medio
1996438,0.05903422133098518,Baixo
1998362,0.2780393950354408,Medio
1996611,0.31408466945231966,Medio
1999722,0.13753129035149342,Baixo
1985454,0.48936525437829237,Alto
1999744,0.17281969618350124,Baixo
1990275,0.373794695056334,Medio
1999764,0.3272396236517295,Medio
1999769,0.1889661625452983,Baixo
1999784,0.24245046102829595,Medio
1999786,0.046618990893917855,Baixo
1999793,0.10191986657342489,Baixo
1999789,0.13643404890854374,Baixo
1999223,0.3272429086040284,Medio
1999802,0.3439829549371779,Medio
1999739,0.5557726690628249,Alto
1999589,0.07512880382640892,Baixo
1994987,0.18188514988341536,Baixo
1999806,0.27914987472712355,Medio
1966064,0.06436612341195125,Baixo
1299329,0.028466609715273934,Baixo
1999814,0.28645229155640006,Medio
1999833,0.3573132667611516,Medio
1901007,0.3455438267062584,Medio
1999829,0.19199393659572625,Baixo
1999832,0.3174930460513631,Medio
1999730,0.047594361438043783,Baixo
1999846,0.2371291311535678,Medio
1994311,0.4293960494556721,Medio
1999831,0.4652846312028486,Alto
1999851,0.08545691140010589,Baixo
1999852,0.08117992888274661,Baixo
1997753,0.19317420664015492,Baixo
1997219,0.273466331714283,Medio
1999858,0.13955351477008934,Baixo
1999840,0.19671555828077822,Baixo
1997742,0.3760504010700098,Medio
1963619,0.15084358847351226,Baixo
1999850,0.09104999155711727,Baixo
1995555,0.1319627636910801,Baixo
1999855,0.1111178547427518,Baixo
1921158,0.07667980892944141,Baixo
1995796,0.12386753883297266,Baixo
1999867,0.29907987887619114,Medio
1999871,0.4822350985853249,Alto
1992567,0.0521143023780273,Baixo
1999865,0.13889281626727357,Baixo
1999668,0.18225244931963525,Baixo
1999824,0.1839570387959859,Baixo
1999880,0.46263528191776004,Alto
1999883,0.14128815762860128,Baixo
1999847,0.06692832145264593,Baixo
1999890,0.19877682073439545,Baixo
1999893,0.12823865477874954,Baixo
1999885,0.28493739857801836,Medio
1999870,0.35102626327095904,Medio
1999881,0.042253429551946324,Baixo
1999872,0.2914022746353531,Medio
1999869,0.1279629686064458,Baixo
1973851,0.3673834624422704,Medio
1133705,0.2646994032648782,Medio
1999899,0.20408093924801196,Medio
1999124,0.18455864244576875,Baixo
1989542,0.14717266795210626,Baixo
1995608,0.059021022718640584,Baixo
1999914,0.06101963757971564,Baixo
1970721,0.10506324667540472,Baixo
1997504,0.08322208199655724,Baixo
1984188,0.184384393340412,Baixo
1999932,0.14424450423779614,Baixo
1999931,0.33205383225482415,Medio
1984111,0.1452250301665751,Baixo
1999954,0.33229955633640873,Medio
1997632,0.11096565611116958,Baixo
1730692,0.18615727659582923,Baixo
1999959,0.21983135842510645,Medio
1999962,0.4074859430368333,Medio
1995369,0.2008724068716755,Medio
1998007,0.25674776958808837,Medio
1998431,0.4510572944356987,Alto
1999957,0.13451653987276305,Baixo
1997589,0.4259935880651992,Medio
1998350,0.026614375205449268,Baixo
1999969,0.03431939174702003,Baixo
1999973,0.19942936891787438,Baixo
1999985,0.2805587225024678,Medio
1999631,0.0298936905514192,Baixo
1992201,0.15480028002958565,Baixo
1999989,0.26709375622716275,Medio
1993915,0.36757062572525995,Medio
1999994,0.16902995721386424,Baixo
1997738,0.1478520316703451,Baixo
1999997,0.05122993926462225,Baixo
1998583,0.33349629702265665,Medio
2000010,0.22855164163996744,Medio
1864748,0.3281476057186342,Medio
2000016,0.31899915012583274,Medio
1997029,0.07526603974515683,Baixo
2000032,0.08995341915267316,Baixo
2000035,0.21863631253180293,Medio
2000041,0.14020898989659494,Baixo
1997602,0.273760533484932,Medio
2000047,0.1253293492741955,Baixo
2000040,0.5277826954688313,Alto
1991173,0.3957230335464291,Medio
2000058,0.15813682793890138,Baixo
1998989,0.45469212412657856,Alto
1995795,0.14193939067605804,Baixo
1947237,0.22633968265563262,Medio
2000075,0.25883214081988754,Medio
2000078,0.05359964193614584,Baixo
1999267,0.7469889569652202,Critico
1933091,0.10354459140852659,Baixo
1996871,0.1299387672386385,Baixo
2000086,0.2080746354878437,Medio
2000085,0.5786656766504206,Alto
2000090,0.5147025712767124,Alto
1998914,0.09789974183227612,Baixo
2000061,0.24127587547783552,Medio
2000093,0.04933702573184797,Baixo
1963794,0.1968994116977452,Baixo
2000096,0.3305597311021868,Medio
2000017,0.15372373471000275,Baixo
2000052,0.3537124945523069,Medio
2000095,0.2424049917666826,Medio
2000108,0.1961733842984419,Baixo
2000118,0.3196875792172117,Medio
2000121,0.19541778032495105,Baixo
2000125,0.09491480224706753,Baixo
1999304,0.22437907536074475,Medio
2000123,0.22394042201217404,Medio
2000050,0.13938121959599886,Baixo
1998922,0.2701001699002454,Medio
2000112,0.5763027096680241,Alto
2000138,0.11878066772102432,Baixo
2000134,0.4674573134988373,Alto
2000044,0.16368831745632903,Baixo
1994795,0.18679643484345632,Baixo
2000155,0.4939992862872868,Alto
2000147,0.03459928769553098,Baixo
2000158,0.024170753612656352,Baixo
1994013,0.12898503402059572,Baixo
2000145,0.3243221888479399,Medio
1997021,0.3261754978375809,Medio
1987459,0.2583230967947558,Medio
1999996,0.20950039697066108,Medio
1999791,0.19794285856294566,Baixo
2000171,0.04336107935097805,Baixo
2000179,0.1984343312417524,Baixo
2000169,0.18275456030749299,Baixo
1997833,0.13344285878811016,Baixo
1997925,0.6098225701388232,Alto
2000185,0.16785629640238295,Baixo
1998047,0.16068171337678105,Baixo
2000063,0.2218203621533323,Medio
1995958,0.08395375574565139,Baixo
1997796,0.24203782222159542,Medio
1975057,0.19897297143500364,Baixo
2000092,0.4407412881134898,Medio
2000224,0.5404191206066287,Alto
1991706,0.18894544873446073,Baixo
2000210,0.05773722148040524,Baixo
1998748,0.3057449644045071,Medio
2000231,0.3871797938143118,Medio
2000232,0.33287928894059354,Medio
2000220,0.3992383830379067,Medio
1999211,0.20429198535752283,Medio
2000234,0.06851405563826585,Baixo
1998828,0.10900380362251771,Baixo
2000241,0.012119112808019658,Baixo
2000195,0.053089719768037676,Baixo
2000242,0.16425934880670298,Baixo
1624573,0.2855373992538401,Medio
2000023,0.25293822973131674,Medio
2000239,0.27870931973278806,Medio
2000244,0.34996465324340315,Medio
1999908,0.3241029829176565,Medio
1997254,0.25908412782728857,Medio
2000256,0.05211015112587366,Baixo
2000262,0.27277051038024325,Medio
2000277,0.21986066271044355,Medio
1999910,0.20381765319751036,Medio
2000184,0.18717402182608656,Baixo
2000260,0.19936905083250855,Baixo
2000276,0.4463804524922015,Medio
1998984,0.21983121177469095,Medio
2000284,0.19411927979750457,Baixo
2000046,0.13732499507052345,Baixo
2000289,0.21631987667483352,Medio
1999715,0.24581908388831775,Medio
2000290,0.09977490328200493,Baixo
1981882,0.31114177068046894,Medio
1972255,0.2953040894330293,Medio
2000302,0.33812839581854587,Medio
1990695,0.06898824155045277,Baixo
2000048,0.13506869556460652,Baixo
2000326,0.5490407122128473,Alto
2000067,0.19813140522672756,Baixo
1997844,0.18611181129567236,Baixo
2000305,0.180027841899939,Baixo
1997580,0.2991850921865443,Medio
2000343,0.3057726092220054,Medio
2000153,0.4236468621321851,Medio
2000356,0.15433100990360557,Baixo
1948058,0.4789161845293434,Alto
2000349,0.08711732160566034,Baixo
2000352,0.008588549101770558,Baixo
2000359,0.11876523270800489,Baixo
1994566,0.15668868429686025,Baixo
2000355,0.3347067829207152,Medio
2000376,0.31593387243496396,Medio
1998550,0.15415247955957528,Baixo
2000391,0.2357803589686695,Medio
2000384,0.18724415482404075,Baixo
1997497,0.13771988449094952,Baixo
1948328,0.257246534124996,Medio
1990059,0.2878555627770654,Medio
2000409,0.5647096380515676,Alto
2000408,0.10927745868332422,Baixo
2000405,0.0107966643091415,Baixo
2000413,0.27742215756979627,Medio
2000412,0.22697506870024886,Medio
2000364,0.21259449418066736,Medio
2000416,0.04198469579800429,Baixo
2000430,0.2299465696862211,Medio
2000415,0.523748052341201,Alto
2000424,0.3404212401309128,Medio
2000465,0.35977090917048293,Medio
1996463,0.173783516775625,Baixo
1998325,0.1312799023993023,Baixo
2000486,0.09671969930397227,Baixo
1997807,0.2379319848959566,Medio
1986444,0.29542068851161446,Medio
2000272,0.07758634737644379,Baixo
2000458,0.12140734072106941,Baixo
2000495,0.21913829126915033,Medio
2000481,0.09818225691827857,Baixo
2000498,0.3145520116403716,Medio
1999835,0.05471176679523337,Baixo
1669573,0.14025936295360023,Baixo
1993718,0.17118180002136701,Baixo
2000511,0.12890838937667626,Baixo
1997654,0.2079536905728835,Medio
2000523,0.2829063058148585,Medio
1993328,0.17536401859245415,Baixo
1992186,0.25803584478523817,Medio
2000530,0.3181089533312672,Medio
2000515,0.33667583332387474,Medio
2000518,0.08784988031597711,Baixo
2000538,0.15785655828261688,Baixo
1999075,0.4384217423841616,Medio
2000542,0.2218330022435177,Medio
1997803,0.25158315494517175,Medio
1999113,0.345073229776817,Medio
1998741,0.10780055562913318,Baixo
1995077,0.1496433608500714,Baixo
1998120,0.1612898967172366,Baixo
2000454,0.26988295646995786,Medio
2000468,0.12684589733645366,Baixo
2000560,0.1246467035381156,Baixo
2000555,0.07879397419030512,Baixo
1991749,0.12738984106085535,Baixo
1997787,0.17818574190212352,Baixo
1994530,0.2728145776414045,Medio
2000557,0.1862404295884473,Baixo
2000564,0.31654517406116006,Medio
1996420,0.024251831231491015,Baixo
1997361,0.24270047134689968,Medio
1994283,0.2959377761948019,Medio
2000570,0.5041721103172986,Alto
1999747,0.3152620105612609,Medio
1998272,0.18087878923172127,Baixo
1999317,0.18366021285777978,Baixo
1998196,0.2133982159331923,Medio
2000583,0.3771048529262126,Medio
2000582,0.18211692897609197,Baixo
2000591,0.13433337880369203,Baixo
1996813,0.25912509108943094,Medio
1998928,0.34277296925571776,Medio
1950732,0.400586643843624,Medio
1999448,0.1665249650513963,Baixo
1999826,0.13799948308376925,Baixo
2000532,0.12041226001588305,Baixo
2000604,0.05000193212239757,Baixo
2000473,0.1399249013738669,Baixo
1997850,0.2123007555903408,Medio
2000301,0.17815374437065362,Baixo
2000201,0.2427395222849086,Medio
2000597,0.22519275714850598,Medio
1368989,0.27635057525011103,Medio
2000627,0.48846357921451355,Alto
1995663,0.4056017746514165,Medio
1997466,0.20770275568292834,Medio
1998428,0.11954646999023144,Baixo
2000625,0.30939886204678163,Medio
1993193,0.3239102588773699,Medio
1991013,0.07897039579753631,Baixo
2000586,0.043765166332322594,Baixo
2000573,0.06675936306684037,Baixo
685661,0.3941821727798834,Medio
2000644,0.08052881457241189,Baixo
2000631,0.03634774923759792,Baixo
2000645,0.23484476340394228,Medio
1999269,0.3132231649454753,Medio
1999111,0.07516550853092024,Baixo
2000649,0.26045395209923133,Medio
2000648,0.1925018164452893,Baixo
2000652,0.1393618573437022,Baixo
1999709,0.11615262343704677,Baixo
2000657,0.2575307060068948,Medio
2000655,0.06950147658944526,Baixo
1998657,0.21750411056608596,Medio
1973104,0.465809167775997,Alto
2000665,0.10961975116182113,Baixo
2000666,0.36852158678201796,Medio
2000662,0.27441052513788017,Medio
2000682,0.13650096125132435,Baixo
1999514,0.3790660056867666,Medio
1999619,0.3990831967285419,Medio
1988086,0.15177165627260028,Baixo
2000212,0.19910511274855497,Baixo
2000680,0.1370435936361981,Baixo
1985929,0.10899188321193679,Baixo
2000673,0.20655567388075835,Medio
2000683,0.15264754192249566,Baixo
1984922,0.0898089269745042,Baixo
2000703,0.16436932283600567,Baixo
1998247,0.40409284921926153,Medio
1977157,0.13875147763813073,Baixo
1995319,0.044302856303158444,Baixo
2000716,0.25111823584912024,Medio
2000723,0.33494424674431167,Medio
1993538,0.2243078316465157,Medio
2000719,0.3198123351995047,Medio
2000727,0.3828107023319085,Medio
2000740,0.10121997277514935,Baixo
2000730,0.12466468060351801,Baixo
2000729,0.23074638470493788,Medio
2000746,0.38609232440669045,Medio
2000752,0.20643690335283152,Medio
1997477,0.2609097262310639,Medio
2000038,0.26073544640367846,Medio
2000763,0.16317045942733252,Baixo
2000757,0.17573577269525306,Baixo
2000749,0.4266271929986726,Medio
1999372,0.3863340012616086,Medio
2000769,0.040536399698441715,Baixo
2000777,0.31520148506377565,Medio
2000775,0.08705460148223026,Baixo
2000774,0.4497761438713327,Medio
1999785,0.2464992771392786,Medio
2000744,0.07337217865550398,Baixo
2000782,0.3364656205217707,Medio
2000767,0.13041828658186155,Baixo
1998399,0.310369688635556,Medio
2000788,0.15038124965869343,Baixo
1986975,0.5348500791510453,Alto
2000791,0.2512984419621192,Medio
2000779,0.35469449176691886,Medio
2000006,0.2717524246930412,Medio
1986296,0.044383489607543576,Baixo
1998319,0.05529625446863619,Baixo
1998963,0.21418517698203873,Medio
1996577,0.07001896121609805,Baixo
1999057,0.10034441095442082,Baixo
1997944,0.4480089813343676,Medio
1998286,0.17527336621521092,Baixo
1990388,0.1445920716504728,Baixo
1998511,0.44895081639153184,Medio
2000797,0.22116336099246958,Medio
2000814,0.1809513580529561,Baixo
1999099,0.06557929719562867,Baixo
1999696,0.275142798035902,Medio
1984732,0.10678005054136679,Baixo
2000792,0.22462411598006532,Medio
1999117,0.1363086663486462,Baixo
2000838,0.2748365838994762,Medio
2000798,0.03498044322558898,Baixo
2000844,0.04855048499335703,Baixo
2000822,0.524363698981033,Alto
2000864,0.0674306694958496,Baixo
2000828,0.10797518069428023,Baixo
2000853,0.23816630152627796,Medio
1999055,0.20463517073507703,Medio
684696,0.15942791207078005,Baixo
2000079,0.06289739259574202,Baixo
2000867,0.20609431968568295,Medio
1993200,0.20219937337013544,Medio
2000872,0.2180550668593179,Medio
2000884,0.10348462319368523,Baixo
2000891,0.06240673027101633,Baixo
1997199,0.0455339348153674,Baixo
1992914,0.2475266768797672,Medio
2000866,0.274992204466455,Medio
2000901,0.15169389043129589,Baixo
1998071,0.15692252369245238,Baixo
1982167,0.10112296607320305,Baixo
2000839,0.41768951760689976,Medio
2000869,0.16007222816881211,Baixo
2000856,0.05875487011595403,Baixo
2000908,0.25655664202801814,Medio
1989570,0.07648528467075068,Baixo
2000921,0.07292411012652977,Baixo
1970161,0.05846772801188544,Baixo
2000936,0.6407356106091094,Alto
2000932,0.23139163689571512,Medio
2000939,0.10959878963016521,Baixo
1990031,0.4110845389269057,Medio
2000938,0.13006201576230872,Baixo
1999953,0.1585379867501216,Baixo
1981196,0.3460712894849928,Medio
1999194,0.393054199302839,Medio
1999121,0.10651333406585131,Baixo
2000948,0.43897479474542933,Medio
2000922,0.06414510026607752,Baixo
2000975,0.2879571469420017,Medio
2000946,0.1989047725157401,Baixo
2000986,0.3226856451468011,Medio
1991645,0.2002303158584832,Medio
1999795,0.14503753291498506,Baixo
2000987,0.2918345733318628,Medio
2000977,0.23574449158446922,Medio
2000988,0.007788763693566619,Baixo
1998393,0.017396339046746062,Baixo
1991737,0.227951114765576,Medio
2000958,0.20441992307460002,Medio
1999323,0.1577418853835566,Baixo
2000992,0.5725715851113563,Alto
2000973,0.1836233130261078,Baixo
1990263,0.2284565040199058,Medio
2001013,0.05476527764652246,Baixo
1962466,0.21497029772634907,Medio
1999627,0.20802168120491754,Medio
1997709,0.4150849502355773,Medio
1996972,0.3157412448469317,Medio
1992365,0.4216595855637982,Medio
2001020,0.08987489605937997,Baixo
2000311,0.11692485340397334,Baixo
1997779,0.1618667222501958,Baixo
2000263,0.2042182047249727,Medio
1999385,0.12956595605230414,Baixo
1998978,0.46652941230163075,Alto
1995540,0.22054655124759773,Medio
1994907,0.08382362229867994,Baixo
1997727,0.09422857887197437,Baixo
2001017,0.2268034954378139,Medio
1997734,0.12029874023397782,Baixo
1999467,0.25846029119102565,Medio
1999841,0.047806453395799246,Baixo
1997938,0.3634411045286817,Medio
1998536,0.23963972596364427,Medio
1998421,0.08742329205843717,Baixo
1997714,0.21458584716037213,Medio
1976438,0.13021418644415286,Baixo
1997189,0.04412850901542989,Baixo
1999160,0.5762710967078786,Alto
2000327,0.2630247641673431,Medio
1999002,0.3169072326876321,Medio
1999719,0.36738953568636945,Medio
1998033,0.06680920096605913,Baixo
1999580,0.04973751436206534,Baixo
2000997,0.12794640666792984,Baixo
1980712,0.07568691137192843,Baixo
1997537,0.19675285581446753,Baixo
1863673,0.513793624550984,Alto
1996579,0.42891968549406007,Medio
1998942,0.3440009015043138,Medio
1979884,0.2568255984956349,Medio
1995889,0.19707960200535396,Baixo
2000768,0.24724339428019415,Medio
1999854,0.5196898123349378,Alto
1999266,0.07510365410832205,Baixo
1995567,0.21188162040358505,Medio
1995476,0.36194323508679876,Medio
2001031,0.10881396383363068,Baixo
2001030,0.17795759796162555,Baixo
2001024,0.25036260357541024,Medio
2001033,0.2436828673328304,Medio
2001005,0.2014146595058849,Medio
2001034,0.25183799145813557,Medio
2001044,0.40186603576866575,Medio
1999093,0.3563919954333704,Medio
1999308,0.11906133763501028,Baixo
1948374,0.3781135562581535,Medio
1997133,0.11434378032569442,Baixo
1979157,0.19446333455930231,Baixo
2001048,0.1460146313891771,Baixo
1977555,0.038428656803358156,Baixo
1998374,0.2215947589010018,Medio
2001025,0.10686817298038323,Baixo
1914070,0.23610360447728004,Medio
1982040,0.1319627822386666,Baixo
2001066,0.3260358361721421,Medio
2001055,0.1553334715349166,Baixo
2001068,0.056419495507969014,Baixo
2001062,0.4504585601577719,Alto
2000773,0.1953544785947001,Baixo
2001037,0.26234292780402224,Medio
2001067,0.3044690031602006,Medio
2001060,0.35340412933468995,Medio
1991048,0.23867938573145706,Medio
2000720,0.13811047260827963,Baixo
2001046,0.16359255530767,Baixo
1669041,0.35585932754336524,Medio
1997556,0.16467840792148267,Baixo
2001089,0.11378184200504021,Baixo
2001086,0.08320980220310487,Baixo
2000334,0.12275529565389023,Baixo
2001079,0.11049210694909004,Baixo
1992068,0.16099835074747365,Baixo
1993275,0.04906079462860481,Baixo
2001101,0.2795376511352856,Medio
1993436,0.2514868136027186,Medio
2001106,0.3507161984945956,Medio
2001107,0.22096283744195325,Medio
2001102,0.07334338078027272,Baixo
1998687,0.22612996540505328,Medio
1999682,0.2909811182894693,Medio
1967261,0.5049137494906157,Alto
1975390,0.15926205249480987,Baixo
1998238,0.09282021377891107,Baixo
1999365,0.08933284017043064,Baixo
1999190,0.4039585290373706,Medio
1998731,0.21558292761784884,Medio
1996288,0.1930387670590654,Baixo
1997319,0.3350733734949219,Medio
1995490,0.18821050749358156,Baixo
1999445,0.3192594894258514,Medio
1998146,0.4679309741574664,Alto
2001126,0.24540429704091146,Medio
1999344,0.5733223607842776,Alto
1997855,0.23395018503327278,Medio
1998512,0.4903462338880878,Alto
1996758,0.19402237650802218,Baixo
1998141,0.1186788022973816,Baixo
1997864,0.1820226314314473,Baixo
2000803,0.24762247832353948,Medio
1992783,0.293217116719152,Medio
2001057,0.1735003438776004,Baixo
1997941,0.2586836891351136,Medio
1995980,0.1256982806968919,Baixo
2001136,0.2747551946727348,Medio
2001123,0.29590737484910756,Medio
2001140,0.22233895428737208,Medio
1999306,0.14479120451915392,Baixo
1683978,0.09253237709112457,Baixo
2001073,0.1481569444752823,Baixo
2001146,0.09429076166099547,Baixo
2000446,0.1181643915069688,Baixo
1942924,0.24202167362116597,Medio
2000423,0.1958299006267603,Baixo
2001161,0.09349558269348666,Baixo
2001026,0.2469500019586487,Medio
2001157,0.42594950960431066,Medio
2001121,0.2920598566386844,Medio
1992771,0.2945122451478584,Medio
1998251,0.13510990747864948,Baixo
1998215,0.23067198174170497,Medio
2001183,0.3086684272625955,Medio
1998513,0.17885178081969327,Baixo
2000816,0.22679518310209412,Medio
2001185,0.13592561680220064,Baixo
2000963,0.33757528676948945,Medio
2001197,0.41964784858213755,Medio
2001186,0.4115114932502215,Medio
1987200,0.34067895491383376,Medio
2001129,0.5080303907702434,Alto
1997239,0.1741986594132258,Baixo
2001193,0.18633147377802894,Baixo
2000150,0.29997537297469246,Medio
1997415,0.25866800629467906,Medio
2001214,0.1675279607776055,Baixo
2001149,0.2833327599929725,Medio
2001222,0.22923481963831063,Medio
1994862,0.29818522448666795,Medio
1990987,0.19217407103152592,Baixo
2001177,0.21688864927950524,Medio
1994255,0.20474928573219167,Medio
1993778,0.12173958596600276,Baixo
1999963,0.15838818955420553,Baixo
1994943,0.09278463392389903,Baixo
1997669,0.3497447907202329,Medio
1998787,0.25123648447987645,Medio
2001105,0.059320105263440635,Baixo
1997773,0.08796010144061704,Baixo
1997684,0.28443478692908136,Medio
1973875,0.20842401752920833,Medio
2000243,0.1342274687652312,Baixo
1973131,0.29839847444870976,Medio
2000863,0.23568740668755608,Medio
1999575,0.1927377302795823,Baixo
1998086,0.17988471398289244,Baixo
2000197,0.17790699318406566,Baixo
2000497,0.12537499465218702,Baixo
1045885,0.18297861588488007,Baixo
1990508,0.31983069561844774,Medio
2001075,0.35005984309861743,Medio
1998452,0.012902424876238348,Baixo
1999778,0.19873472996586156,Baixo
2001233,0.16869968772140334,Baixo
2001235,0.09081072397926922,Baixo
1999877,0.10274968050133385,Baixo
1110078,0.47746919607754784,Alto
2000937,0.09618105320913521,Baixo
1999801,0.2000632490399922,Medio
1670654,0.15985960181074121,Baixo
2001150,0.13350050947619654,Baixo
2001242,0.09669587944825356,Baixo
2001241,0.24695965749811102,Medio
2001168,0.2706410654618993,Medio
2001219,0.2883947834230099,Medio
2001095,0.14819516164701604,Baixo
1430493,0.521431306611356,Alto
2001094,0.17572877070131673,Baixo
2001167,0.13542203373864822,Baixo
2001252,0.23020121896824766,Medio
2001263,0.2790852791756108,Medio
2001265,0.08773678195086367,Baixo
1984934,0.12154475597672265,Baixo
1996399,0.06725336182818337,Baixo
2001264,0.08488466219151496,Baixo
2001270,0.35885130121760594,Medio
1999909,0.21800205901690226,Medio
2000488,0.3333194377430318,Medio
2001247,0.35582726692841365,Medio
2001276,0.4498759880829035,Medio
2001293,0.16246476835362578,Baixo
2001225,0.16719808556001786,Baixo
2001291,0.1858382072686934,Baixo
2001297,0.22903022433827633,Medio
2001198,0.26215289441106354,Medio
2001305,0.2923975492154051,Medio
2001306,0.12534433408071674,Baixo
1942604,0.3292776672324723,Medio
2001103,0.25332253861965354,Medio
2000843,0.1032504879023093,Baixo
2001262,0.20236110068295474,Medio
2001326,0.20553552838941397,Medio
2000559,0.14070188412871573,Baixo
2001156,0.1767492596750907,Baixo
2000438,0.6261703455263239,Alto
2001325,0.07281981112917776,Baixo
2001330,0.34650990167880336,Medio
1936556,0.1766964766428974,Baixo
2000467,0.359407922140426,Medio
2001345,0.15945567198126875,Baixo
1995387,0.12752612416492645,Baixo
1992705,0.41721096110583283,Medio
1994492,0.33220619884087843,Medio
2001337,0.15094029167345485,Baixo
1668664,0.08506812424838961,Baixo
2000925,0.2065872894565598,Medio
1999152,0.15781992646470905,Baixo
2001349,0.2435307106627564,Medio
1988664,0.24740576798347336,Medio
2000114,0.3582379302864036,Medio
2001179,0.28361121137427925,Medio
2001130,0.08827776304552576,Baixo
2001137,0.10350557352010478,Baixo
2001145,0.2267275263741608,Medio
1133366,0.38893014814516513,Medio
2001341,0.29259651434347334,Medio
2000144,0.13645912767309293,Baixo
2000516,0.010099012340523723,Baixo
2001316,0.030661594383042147,Baixo
2001006,0.4065220195909879,Medio
2001357,0.33282592152404344,Medio
2000070,0.10841555593907803,Baixo
1993802,0.23158980602997842,Medio
2001374,0.3387544255076837,Medio
2001353,0.5447708727909735,Alto
2001249,0.1950610571613072,Baixo
2001226,0.4960558945629549,Alto
2001356,0.25004947601537925,Medio
2001366,0.18734680770949438,Baixo
2001338,0.15366793793057598,Baixo
2000766,0.2478105140195099,Medio
2001358,0.321901320201029,Medio
1994565,0.18488168088879825,Baixo
1993407,0.07408583064951214,Baixo
2000930,0.2513364959332775,Medio
2001310,0.2637037076004611,Medio
1997603,0.08265446127444816,Baixo
1988569,0.14885895205727168,Baixo
2001388,0.2203165926264046,Medio
2001382,0.09070956612254587,Baixo
1781022,0.14659900535769566,Baixo
1995713,0.15543478675493871,Baixo
1997088,0.2936693765167152,Medio
2001396,0.18988921497348418,Baixo
1992814,0.12871282675806434,Baixo
2001393,0.20809586529489593,Medio
1973996,0.24593143759200492,Medio
2001384,0.49871371947403137,Alto
2001380,0.09709653667418194,Baixo
1967945,0.43720179479765914,Medio
1989543,0.4003904386910699,Medio
1974047,0.2645626174553966,Medio
2001402,0.17353728790327405,Baixo
1978786,0.27950837520856125,Medio
1986904,0.37006925755022924,Medio
2001409,0.07525680837317683,Baixo
2001204,0.12712162570337243,Baixo
2001411,0.19836628847310694,Baixo
1998804,0.5117748056530033,Alto
2001370,0.16647669098560505,Baixo
2001414,0.017173171396394477,Baixo
2001422,0.2508856601930708,Medio
2001427,0.1258035095683183,Baixo
2001292,0.26531049391564426,Medio
1997419,0.3578244749810944,Medio
1997231,0.33955779156559424,Medio
2001418,0.1523607508887174,Baixo
2001430,0.04056755130206606,Baixo
2001421,0.13675790723761266,Baixo
2001398,0.2533663155197957,Medio
2001441,0.28555563586143823,Medio
2001365,0.06729493923117233,Baixo
1974629,0.31265449072103685,Medio
2001436,0.1803901231410268,Baixo
2000784,0.22530658821628993,Medio
2001444,0.3299786541538613,Medio
1988373,0.11870747857028822,Baixo
2000611,0.31240283624220894,Medio
2001439,0.6268503660735404,Alto
2000630,0.12852797516522518,Baixo
2001385,0.2805662217726536,Medio
2000504,0.09132567360530096,Baixo
2000561,0.11097794587584367,Baixo
2001455,0.32407452079754123,Medio
1994061,0.45166032203620493,Alto
1999421,0.29401763733367403,Medio
2000379,0.3193517300224758,Medio
1936734,0.1308087878011379,Baixo
1944387,0.07030132428690236,Baixo
2001464,0.32072701108031476,Medio
2000947,0.36385974962804896,Medio
1999297,0.09764540412161511,Baixo
2001450,0.2952053806728225,Medio
2001461,0.34496940164492657,Medio
2001400,0.3880911554739644,Medio
2001476,0.4656666764374405,Alto
2001468,0.34692074570195014,Medio
2000870,0.5839769701859795,Alto
2001401,0.08668607909864197,Baixo
2001480,0.14319403351337026,Baixo
1926632,0.4156960719484471,Medio
2001488,0.1260942593848491,Baixo
2001340,0.33448151424680855,Medio
2001466,0.32803741047716833,Medio
2001478,0.2388665184530508,Medio
1995951,0.1731790700864761,Baixo
2001443,0.18716171124897335,Baixo
2001518,0.19748307417484137,Baixo
2001336,0.3579032143452662,Medio
1989551,0.13855748297187537,Baixo
2001479,0.5001570488300557,Alto
2001532,0.1550365722990585,Baixo
2001533,0.08903671007662309,Baixo
2001200,0.01763447824318825,Baixo
1981195,0.12959551294512023,Baixo
1999164,0.40378841178061564,Medio
2001449,0.16022198551699318,Baixo
2000148,0.268859194570645,Medio
2001280,0.1071023715689359,Baixo
2001419,0.22664289471574584,Medio
1995800,0.22682601944218247,Medio
2001561,0.1321141274462446,Baixo
2001555,0.1044452161044628,Baixo
2001570,0.3503889135374687,Medio
1995803,0.2814373952315267,Medio
2001567,0.04378345982515698,Baixo
2001576,0.16824764192895703,Baixo
2001524,0.4117049101497659,Medio
1995977,0.20415739688053086,Medio
2001564,0.23288829908421868,Medio
2001560,0.4219335804037268,Medio
2000033,0.256376418315189,Medio
2001584,0.10181285949793345,Baixo
1973370,0.18954420879352873,Baixo
1996353,0.3509960181427704,Medio
1973299,0.3481149188808732,Medio
1998880,0.24476167177894728,Medio
2000733,0.3257863501127502,Medio
2001589,0.24706983890782008,Medio
1999804,0.4090245034911798,Medio
2000602,0.20249572176251784,Medio
1999543,0.1409923343684455,Baixo
2001351,0.3552465319901159,Medio
2001588,0.3753899086506503,Medio
1997214,0.1654453326175692,Baixo
1982325,0.3511722861419794,Medio
1998847,0.10270937486628631,Baixo
1995756,0.12678979682334035,Baixo
2001573,0.2625437911860847,Medio
2001607,0.21948133146212248,Medio
2001601,0.15588268987681167,Baixo
1425317,0.1356542004113877,Baixo
2000984,0.163175927126321,Baixo
1999766,0.19645402403786336,Baixo
2001496,0.26946936677713607,Medio
2001445,0.12355770751983193,Baixo
1971803,0.3187377032688487,Medio
1979711,0.3411077172045669,Medio
2001621,0.212733416763363,Medio
2001494,0.21459347763542633,Medio
2001527,0.463914663064816,Alto
1991179,0.43131600055415664,Medio
2001344,0.30836727481019055,Medio
2001229,0.16374300922402912,Baixo
1994820,0.5565868370677384,Alto
2001472,0.32255147711652715,Medio
2001622,0.13127930445409874,Baixo
2001635,0.430671222639498,Medio
2001230,0.42390127429397945,Medio
2001629,0.2765996347237838,Medio
1976528,0.32217074382968586,Medio
2001628,0.4137557921116591,Medio
2001597,0.47531027713427587,Alto
1999691,0.22596447225761085,Medio
2001638,0.14979238541292772,Baixo
2001542,0.49055400053258,Alto
2001633,0.17915974442338942,Baixo
2001290,0.15193804429410948,Baixo
2001279,0.27822675557164744,Medio
1999265,0.38162029153596044,Medio
1999698,0.1920156903015756,Baixo
2001659,0.08989284910711386,Baixo
2001656,0.30598662802807153,Medio
1998911,0.256599994486881,Medio
1995929,0.12432754789649077,Baixo
2000696,0.2664836763306127,Medio
1640042,0.16468508046205452,Baixo
2001675,0.1479190788082456,Baixo
2001661,0.6842319566889953,Alto
2001665,0.3759871660970141,Medio
2001684,0.30189177101264725,Medio
2001674,0.4028142705590529,Medio
2001690,0.24110407389943642,Medio
2001673,0.14231720481186583,Baixo
2001616,0.2094839095302144,Medio
2001668,0.2043167683405258,Medio
2001686,0.37433388374701354,Medio
2001688,0.13361218549624276,Baixo
1979019,0.46108218023124964,Alto
2001693,0.12930954291159308,Baixo
2001687,0.36634365338394476,Medio
1989298,0.15574287918524155,Baixo
2001642,0.34017162735340956,Medio
2001682,0.13850073388822118,Baixo
2000660,0.07012222935161783,Baixo
2001698,0.2198068768296569,Medio
2001643,0.3658321105189173,Medio
1998052,0.18625334094274815,Baixo
1996903,0.2589848122991509,Medio
1940608,0.26512015412640333,Medio
1998527,0.4014132160918422,Medio
2001599,0.0694815967823496,Baixo
1982620,0.2660030904014184,Medio
2001485,0.2432502087810547,Medio
1994502,0.2785948380096505,Medio
2001717,0.21459803657820242,Medio
2000892,0.3141212148705371,Medio
2001714,0.36667386499322013,Medio
1999357,0.15521728771860668,Baixo
2001708,0.2522792356284274,Medio
2001716,0.1888445485457529,Baixo
2000080,0.4003597942585806,Medio
2000808,0.37195984754539274,Medio
1727703,0.39434806017020557,Medio
2001720,0.28838312790517656,Medio
1987952,0.18889578498605114,Baixo
2001670,0.3038710842381082,Medio
